[
  {
    "username": "nursarah24",
    "followingArtist": "Sandra Riley Tang",
    "country_code": "NP",
    "country": "Nepal"
  },
  {
    "username": "Acou5tic",
    "followingArtist": "Sandra Riley Tang",
    "country_code": "CN",
    "country": "China"
  },
  {
    "username": "queenfathin",
    "followingArtist": "Sandra Riley Tang",
    "country_code": "US",
    "country": "USA"
  },
  {
    "username": "apatriciasilva_",
    "followingArtist": "Sandra Riley Tang",
    "country_code": "PT",
    "country": "Portugal"
  },
  {
    "username": "JaiWaetford",
    "followingArtist": "Sandra Riley Tang",
    "country_code": "AU",
    "country": "Australia"
  },
  {
    "username": "sykesxnutella",
    "followingArtist": "Sandra Riley Tang",
    "country_code": "US",
    "country": "USA"
  },
  {
    "username": "breesteinbronn",
    "followingArtist": "Sandra Riley Tang",
    "country_code": "US",
    "country": "USA"
  },
  {
    "username": "rachelkhoo_",
    "followingArtist": "Sandra Riley Tang",
    "country_code": "TD",
    "country": "Chad"
  },
  {
    "username": "huienxneo",
    "followingArtist": "Sandra Riley Tang",
    "country_code": "BJ",
    "country": "Benin"
  },
  {
    "username": "CanaCarrena",
    "followingArtist": "Sandra Riley Tang",
    "country_code": "IT",
    "country": "Italy"
  },
  {
    "username": "nuralifahputri5",
    "followingArtist": "Sandra Riley Tang",
    "country_code": "KR",
    "country": "South Korea"
  },
  {
    "username": "lovelierie",
    "followingArtist": "Sandra Riley Tang",
    "country_code": "US",
    "country": "USA"
  },
  {
    "username": "austerym",
    "followingArtist": "Sandra Riley Tang",
    "country_code": "MY",
    "country": "Malaysia"
  },
  {
    "username": "nanduto",
    "followingArtist": "Sandra Riley Tang",
    "country_code": "ID",
    "country": "Indonesia"
  },
  {
    "username": "mxnxmnx",
    "followingArtist": "Sandra Riley Tang",
    "country_code": "MY",
    "country": "Malaysia"
  },
  {
    "username": "GabbieXBands96",
    "followingArtist": "Sandra Riley Tang",
    "country_code": "PH",
    "country": "Philippines"
  },
  {
    "username": "szecheng97",
    "followingArtist": "Sandra Riley Tang",
    "country_code": "NO",
    "country": "Norway"
  },
  {
    "username": "AshleySWorthy",
    "followingArtist": "Sandra Riley Tang",
    "country_code": "US",
    "country": "USA"
  },
  {
    "username": "ayreslili01",
    "followingArtist": "Sandra Riley Tang",
    "country_code": "BR",
    "country": "Brazil"
  },
  {
    "username": "lazyishlorie",
    "followingArtist": "Sandra Riley Tang",
    "country_code": "PH",
    "country": "Philippines"
  },
  {
    "username": "iamgracehoran09",
    "followingArtist": "Sandra Riley Tang",
    "country_code": "PK",
    "country": "Pakistan"
  },
  {
    "username": "ndrtmnghoul",
    "followingArtist": "Sandra Riley Tang",
    "country_code": "FR",
    "country": "France"
  },
  {
    "username": "yulaferma",
    "followingArtist": "Sandra Riley Tang",
    "country_code": "US",
    "country": "USA"
  },
  {
    "username": "DCEzikhil",
    "followingArtist": "Sandra Riley Tang",
    "country_code": "US",
    "country": "USA"
  },
  {
    "username": "spwr_",
    "followingArtist": "Sandra Riley Tang",
    "country_code": "SE",
    "country": "Sweden"
  },
  {
    "username": "Nichoolashan",
    "followingArtist": "Sandra Riley Tang",
    "country_code": "US",
    "country": "USA"
  },
  {
    "username": "KhaizuranKamzan",
    "followingArtist": "Sandra Riley Tang",
    "country_code": "UK",
    "country": "United Kingdom"
  },
  {
    "username": "anthonyfoongg",
    "followingArtist": "Sandra Riley Tang",
    "country_code": "ID",
    "country": "Indonesia"
  },
  {
    "username": "DenyseWong",
    "followingArtist": "Sandra Riley Tang",
    "country_code": "AU",
    "country": "Australia"
  },
  {
    "username": "uhnamused",
    "followingArtist": "Sandra Riley Tang",
    "country_code": "NO",
    "country": "Norway"
  },
  {
    "username": "eunice_jx",
    "followingArtist": "Sandra Riley Tang",
    "country_code": "MY",
    "country": "Malaysia"
  },
  {
    "username": "HI_IM_MEAGAN",
    "followingArtist": "Sandra Riley Tang",
    "country_code": "TD",
    "country": "Chad"
  },
  {
    "username": "OtoughcookieO",
    "followingArtist": "Sandra Riley Tang",
    "country_code": "DE",
    "country": "Germany"
  },
  {
    "username": "wilsontorrez",
    "followingArtist": "Sandra Riley Tang",
    "country_code": "ES",
    "country": "Spain"
  },
  {
    "username": "belongtopy",
    "followingArtist": "Sandra Riley Tang",
    "country_code": "MY",
    "country": "Malaysia"
  },
  {
    "username": "fathnazir",
    "followingArtist": "Sandra Riley Tang",
    "country_code": "UK",
    "country": "United Kingdom"
  },
  {
    "username": "petruskwan",
    "followingArtist": "Sandra Riley Tang",
    "country_code": "AU",
    "country": "Australia"
  },
  {
    "username": "jiek01_",
    "followingArtist": "Sandra Riley Tang",
    "country_code": "ID",
    "country": "Indonesia"
  },
  {
    "username": "marthuynh",
    "followingArtist": "Sandra Riley Tang",
    "country_code": "UK",
    "country": "United Kingdom"
  },
  {
    "username": "TheSamWillowsPH",
    "followingArtist": "Sandra Riley Tang",
    "country_code": "US",
    "country": "USA"
  },
  {
    "username": "prem_prem99",
    "followingArtist": "Sandra Riley Tang",
    "country_code": "AU",
    "country": "Australia"
  },
  {
    "username": "Imkysha",
    "followingArtist": "Sandra Riley Tang",
    "country_code": "MY",
    "country": "Malaysia"
  },
  {
    "username": "LRVegitoBlue",
    "followingArtist": "Sandra Riley Tang",
    "country_code": "US",
    "country": "USA"
  },
  {
    "username": "chenargote",
    "followingArtist": "Sandra Riley Tang",
    "country_code": "ID",
    "country": "Indonesia"
  },
  {
    "username": "JaymeSaiki",
    "followingArtist": "Sandra Riley Tang",
    "country_code": "US",
    "country": "USA"
  },
  {
    "username": "Amirul_Barkath",
    "followingArtist": "Sandra Riley Tang",
    "country_code": "AU",
    "country": "Australia"
  },
  {
    "username": "rockarthead",
    "followingArtist": "Sandra Riley Tang",
    "country_code": "IN",
    "country": "India"
  },
  {
    "username": "vaLarryia",
    "followingArtist": "Sandra Riley Tang",
    "country_code": "IT",
    "country": "Italy"
  },
  {
    "username": "amandaalferarob",
    "followingArtist": "Sandra Riley Tang",
    "country_code": "MY",
    "country": "Malaysia"
  },
  {
    "username": "vtraymundo",
    "followingArtist": "Sandra Riley Tang",
    "country_code": "PH",
    "country": "Philippines"
  },
  {
    "username": "LazyLikeHoy",
    "followingArtist": "Sandra Riley Tang",
    "country_code": "US",
    "country": "USA"
  },
  {
    "username": "irfnsuhmi",
    "followingArtist": "Sandra Riley Tang",
    "country_code": "NP",
    "country": "Nepal"
  },
  {
    "username": "wyhuangofficial",
    "followingArtist": "Sandra Riley Tang",
    "country_code": "US",
    "country": "USA"
  },
  {
    "username": "JaedonTan",
    "followingArtist": "Sandra Riley Tang",
    "country_code": "ID",
    "country": "Indonesia"
  },
  {
    "username": "mukeisdope",
    "followingArtist": "Sandra Riley Tang",
    "country_code": "PH",
    "country": "Philippines"
  },
  {
    "username": "yvonne918",
    "followingArtist": "Sandra Riley Tang",
    "country_code": "ID",
    "country": "Indonesia"
  },
  {
    "username": "eivanne",
    "followingArtist": "Sandra Riley Tang",
    "country_code": "MY",
    "country": "Malaysia"
  },
  {
    "username": "_Raychealll",
    "followingArtist": "Sandra Riley Tang",
    "country_code": "CH",
    "country": "Switzerland"
  },
  {
    "username": "vanchongj",
    "followingArtist": "Sandra Riley Tang",
    "country_code": "US",
    "country": "USA"
  },
  {
    "username": "janny_tam",
    "followingArtist": "Sandra Riley Tang",
    "country_code": "CA",
    "country": "Canada"
  },
  {
    "username": "AditiGot7",
    "followingArtist": "Sandra Riley Tang",
    "country_code": "SE",
    "country": "Sweden"
  },
  {
    "username": "ahannyyy",
    "followingArtist": "Sandra Riley Tang",
    "country_code": "ID",
    "country": "Indonesia"
  },
  {
    "username": "AndyMerrilees88",
    "followingArtist": "Sandra Riley Tang",
    "country_code": "DK",
    "country": "Denmark"
  },
  {
    "username": "suuqweeweehoo",
    "followingArtist": "Sandra Riley Tang",
    "country_code": "MY",
    "country": "Malaysia"
  },
  {
    "username": "CarolynYishien",
    "followingArtist": "Sandra Riley Tang",
    "country_code": "MY",
    "country": "Malaysia"
  },
  {
    "username": "SonrasiaW",
    "followingArtist": "Sandra Riley Tang",
    "country_code": "MY",
    "country": "Malaysia"
  },
  {
    "username": "vna_text",
    "followingArtist": "Sandra Riley Tang",
    "country_code": "FR",
    "country": "France"
  },
  {
    "username": "TelegenicApp",
    "followingArtist": "Sandra Riley Tang",
    "country_code": "US",
    "country": "USA"
  },
  {
    "username": "desmondysc",
    "followingArtist": "Sandra Riley Tang",
    "country_code": "KR",
    "country": "South Korea"
  },
  {
    "username": "officialitsjean",
    "followingArtist": "Sandra Riley Tang",
    "country_code": "CH",
    "country": "Switzerland"
  },
  {
    "username": "gwenwoowenqing",
    "followingArtist": "Sandra Riley Tang",
    "country_code": "FR",
    "country": "France"
  },
  {
    "username": "ArrFazila",
    "followingArtist": "Sandra Riley Tang",
    "country_code": "JO",
    "country": "Jordan"
  },
  {
    "username": "ederrlieambat",
    "followingArtist": "Sandra Riley Tang",
    "country_code": "PH",
    "country": "Philippines"
  },
  {
    "username": "Mr_Hohh",
    "followingArtist": "Sandra Riley Tang",
    "country_code": "ID",
    "country": "Indonesia"
  },
  {
    "username": "MougYougHau",
    "followingArtist": "Sandra Riley Tang",
    "country_code": "US",
    "country": "USA"
  },
  {
    "username": "clairelung",
    "followingArtist": "Sandra Riley Tang",
    "country_code": "AU",
    "country": "Australia"
  },
  {
    "username": "akixxxvalles",
    "followingArtist": "Sandra Riley Tang",
    "country_code": "US",
    "country": "USA"
  },
  {
    "username": "allnsbr",
    "followingArtist": "Sandra Riley Tang",
    "country_code": "ID",
    "country": "Indonesia"
  },
  {
    "username": "RentakSejuta",
    "followingArtist": "Sandra Riley Tang",
    "country_code": "ID",
    "country": "Indonesia"
  },
  {
    "username": "_Krysssss",
    "followingArtist": "Sandra Riley Tang",
    "country_code": "US",
    "country": "USA"
  },
  {
    "username": "EmyNg",
    "followingArtist": "Sandra Riley Tang",
    "country_code": "BR",
    "country": "Brazil"
  },
  {
    "username": "Melarmic_",
    "followingArtist": "Sandra Riley Tang",
    "country_code": "BR",
    "country": "Brazil"
  },
  {
    "username": "amirafrande",
    "followingArtist": "Sandra Riley Tang",
    "country_code": "CA",
    "country": "Canada"
  },
  {
    "username": "Clsj__",
    "followingArtist": "Sandra Riley Tang",
    "country_code": "US",
    "country": "USA"
  },
  {
    "username": "ABoyz00",
    "followingArtist": "Sandra Riley Tang",
    "country_code": "JP",
    "country": "Japan"
  },
  {
    "username": "nicoleuchida",
    "followingArtist": "Sandra Riley Tang",
    "country_code": "US",
    "country": "USA"
  },
  {
    "username": "jacobhodgson",
    "followingArtist": "Sandra Riley Tang",
    "country_code": "US",
    "country": "USA"
  },
  {
    "username": "tiffanybahar",
    "followingArtist": "Sandra Riley Tang",
    "country_code": "ID",
    "country": "Indonesia"
  },
  {
    "username": "derpziq",
    "followingArtist": "Sandra Riley Tang",
    "country_code": "US",
    "country": "USA"
  },
  {
    "username": "iadelyn",
    "followingArtist": "Sandra Riley Tang",
    "country_code": "DK",
    "country": "Denmark"
  },
  {
    "username": "FatinAniqah",
    "followingArtist": "Sandra Riley Tang",
    "country_code": "IN",
    "country": "India"
  },
  {
    "username": "LMinSi",
    "followingArtist": "Sandra Riley Tang",
    "country_code": "HU",
    "country": "Hungary"
  },
  {
    "username": "rizadwirachma",
    "followingArtist": "Sandra Riley Tang",
    "country_code": "KR",
    "country": "South Korea"
  },
  {
    "username": "paolopnd",
    "followingArtist": "Sandra Riley Tang",
    "country_code": "LY",
    "country": "Libya"
  },
  {
    "username": "FlawlessVintage",
    "followingArtist": "Sandra Riley Tang",
    "country_code": "SI",
    "country": "Slovenia"
  },
  {
    "username": "youthsg",
    "followingArtist": "Sandra Riley Tang",
    "country_code": "US",
    "country": "USA"
  },
  {
    "username": "igobyluu",
    "followingArtist": "Sandra Riley Tang",
    "country_code": "US",
    "country": "USA"
  },
  {
    "username": "JustinRiray",
    "followingArtist": "Sandra Riley Tang",
    "country_code": "US",
    "country": "USA"
  },
  {
    "username": "nggeokeng",
    "followingArtist": "Sandra Riley Tang",
    "country_code": "NP",
    "country": "Nepal"
  },
  {
    "username": "ChrisCaggs",
    "followingArtist": "Sandra Riley Tang",
    "country_code": "AU",
    "country": "Australia"
  },
  {
    "username": "Nsyafinaah",
    "followingArtist": "Sandra Riley Tang",
    "country_code": "FR",
    "country": "France"
  },
  {
    "username": "shufflinghemmo",
    "followingArtist": "Sandra Riley Tang",
    "country_code": "BR",
    "country": "Brazil"
  },
  {
    "username": "callmep3arl",
    "followingArtist": "Sandra Riley Tang",
    "country_code": "ID",
    "country": "Indonesia"
  },
  {
    "username": "neeeric",
    "followingArtist": "Sandra Riley Tang",
    "country_code": "ID",
    "country": "Indonesia"
  },
  {
    "username": "iheartbeyond5_",
    "followingArtist": "Sandra Riley Tang",
    "country_code": "IT",
    "country": "Italy"
  },
  {
    "username": "sunsetommox",
    "followingArtist": "Sandra Riley Tang",
    "country_code": "HT",
    "country": "Haiti"
  },
  {
    "username": "sarveenchester",
    "followingArtist": "Sandra Riley Tang",
    "country_code": "UK",
    "country": "United Kingdom"
  },
  {
    "username": "hiimmarccoloma1",
    "followingArtist": "Sandra Riley Tang",
    "country_code": "US",
    "country": "USA"
  },
  {
    "username": "Ivantan22",
    "followingArtist": "Sandra Riley Tang",
    "country_code": "ID",
    "country": "Indonesia"
  },
  {
    "username": "dah_mati_",
    "followingArtist": "Sandra Riley Tang",
    "country_code": "US",
    "country": "USA"
  },
  {
    "username": "LuckyyPonyo",
    "followingArtist": "Sandra Riley Tang",
    "country_code": "MW",
    "country": "Malawi"
  },
  {
    "username": "EliciaCheah",
    "followingArtist": "Sandra Riley Tang",
    "country_code": "AU",
    "country": "Australia"
  },
  {
    "username": "nikimuliade",
    "followingArtist": "Sandra Riley Tang",
    "country_code": "ES",
    "country": "Spain"
  },
  {
    "username": "zahra_malikha",
    "followingArtist": "Sandra Riley Tang",
    "country_code": "ID",
    "country": "Indonesia"
  },
  {
    "username": "elainewl520",
    "followingArtist": "Sandra Riley Tang",
    "country_code": "MY",
    "country": "Malaysia"
  },
  {
    "username": "_queenxdana_",
    "followingArtist": "Sandra Riley Tang",
    "country_code": "US",
    "country": "USA"
  },
  {
    "username": "candy_lalaland",
    "followingArtist": "Sandra Riley Tang",
    "country_code": "NL",
    "country": "Netherlands"
  },
  {
    "username": "Kevin22666460",
    "followingArtist": "Sandra Riley Tang",
    "country_code": "ID",
    "country": "Indonesia"
  },
  {
    "username": "nurynjazlynar8",
    "followingArtist": "Sandra Riley Tang",
    "country_code": "MY",
    "country": "Malaysia"
  },
  {
    "username": "NoHoMMA",
    "followingArtist": "Sandra Riley Tang",
    "country_code": "NG",
    "country": "Nigeria"
  },
  {
    "username": "JumpIntoLimbo",
    "followingArtist": "Sandra Riley Tang",
    "country_code": "US",
    "country": "USA"
  },
  {
    "username": "rupashree_",
    "followingArtist": "Sandra Riley Tang",
    "country_code": "SI",
    "country": "Slovenia"
  },
  {
    "username": "JessSobey10",
    "followingArtist": "Sandra Riley Tang",
    "country_code": "US",
    "country": "USA"
  },
  {
    "username": "ParmyFletcher",
    "followingArtist": "Sandra Riley Tang",
    "country_code": "US",
    "country": "USA"
  },
  {
    "username": "jjiaxuann",
    "followingArtist": "Sandra Riley Tang",
    "country_code": "AL",
    "country": "Albania"
  },
  {
    "username": "poyo_senget",
    "followingArtist": "Sandra Riley Tang",
    "country_code": "MY",
    "country": "Malaysia"
  },
  {
    "username": "HuiSheanTan",
    "followingArtist": "Sandra Riley Tang",
    "country_code": "ID",
    "country": "Indonesia"
  },
  {
    "username": "wongyleo",
    "followingArtist": "Sandra Riley Tang",
    "country_code": "US",
    "country": "USA"
  },
  {
    "username": "matteouk1",
    "followingArtist": "Sandra Riley Tang",
    "country_code": "UK",
    "country": "United Kingdom"
  },
  {
    "username": "SamuelFrancis95",
    "followingArtist": "Sandra Riley Tang",
    "country_code": "US",
    "country": "USA"
  },
  {
    "username": "WAT_EBER",
    "followingArtist": "Sandra Riley Tang",
    "country_code": "GB",
    "country": "England"
  },
  {
    "username": "dmingthing",
    "followingArtist": "Sandra Riley Tang",
    "country_code": "ID",
    "country": "Indonesia"
  },
  {
    "username": "Promoti0n1",
    "followingArtist": "Sandra Riley Tang",
    "country_code": "NG",
    "country": "Nigeria"
  },
  {
    "username": "suicidalmellow",
    "followingArtist": "Sandra Riley Tang",
    "country_code": "FR",
    "country": "France"
  },
  {
    "username": "tbhdxphne",
    "followingArtist": "Sandra Riley Tang",
    "country_code": "US",
    "country": "USA"
  },
  {
    "username": "kerium00",
    "followingArtist": "Sandra Riley Tang",
    "country_code": "US",
    "country": "USA"
  },
  {
    "username": "thexinhuileo",
    "followingArtist": "Sandra Riley Tang",
    "country_code": "US",
    "country": "USA"
  },
  {
    "username": "marvinjs",
    "followingArtist": "Sandra Riley Tang",
    "country_code": "US",
    "country": "USA"
  },
  {
    "username": "ArdiwirraA",
    "followingArtist": "Sandra Riley Tang",
    "country_code": "NP",
    "country": "Nepal"
  },
  {
    "username": "folieaeyeliner",
    "followingArtist": "Sandra Riley Tang",
    "country_code": "AL",
    "country": "Albania"
  },
  {
    "username": "skelet0nwar",
    "followingArtist": "Sandra Riley Tang",
    "country_code": "US",
    "country": "USA"
  },
  {
    "username": "_MelissaTan_",
    "followingArtist": "Sandra Riley Tang",
    "country_code": "SI",
    "country": "Slovenia"
  },
  {
    "username": "sammmhuiling",
    "followingArtist": "Sandra Riley Tang",
    "country_code": "MY",
    "country": "Malaysia"
  },
  {
    "username": "apanduh_",
    "followingArtist": "Sandra Riley Tang",
    "country_code": "US",
    "country": "USA"
  },
  {
    "username": "banamdoo_",
    "followingArtist": "Sandra Riley Tang",
    "country_code": "US",
    "country": "USA"
  },
  {
    "username": "muhamma43156530",
    "followingArtist": "Sandra Riley Tang",
    "country_code": "NG",
    "country": "Nigeria"
  },
  {
    "username": "ladidadidot",
    "followingArtist": "Sandra Riley Tang",
    "country_code": "US",
    "country": "USA"
  },
  {
    "username": "lynettenicole",
    "followingArtist": "Sandra Riley Tang",
    "country_code": "AU",
    "country": "Australia"
  },
  {
    "username": "nictts",
    "followingArtist": "Sandra Riley Tang",
    "country_code": "US",
    "country": "USA"
  },
  {
    "username": "SonyMusicMY",
    "followingArtist": "Sandra Riley Tang",
    "country_code": "ID",
    "country": "Indonesia"
  },
  {
    "username": "afifdanielrusli",
    "followingArtist": "Sandra Riley Tang",
    "country_code": "MY",
    "country": "Malaysia"
  },
  {
    "username": "DeverapalliNeha",
    "followingArtist": "Sandra Riley Tang",
    "country_code": "AU",
    "country": "Australia"
  },
  {
    "username": "p3dophilejj",
    "followingArtist": "Sandra Riley Tang",
    "country_code": "FR",
    "country": "France"
  },
  {
    "username": "NavyaRavindran",
    "followingArtist": "Sandra Riley Tang",
    "country_code": "US",
    "country": "USA"
  },
  {
    "username": "osnapitzgaara",
    "followingArtist": "Sandra Riley Tang",
    "country_code": "JO",
    "country": "Jordan"
  },
  {
    "username": "leinad_y",
    "followingArtist": "Sandra Riley Tang",
    "country_code": "US",
    "country": "USA"
  },
  {
    "username": "jdckw",
    "followingArtist": "Sandra Riley Tang",
    "country_code": "CA",
    "country": "Canada"
  },
  {
    "username": "nmadhu2k3",
    "followingArtist": "Sandra Riley Tang",
    "country_code": "US",
    "country": "USA"
  },
  {
    "username": "bryanteeeeoo",
    "followingArtist": "Sandra Riley Tang",
    "country_code": "US",
    "country": "USA"
  },
  {
    "username": "nrlhanis",
    "followingArtist": "Sandra Riley Tang",
    "country_code": "US",
    "country": "USA"
  },
  {
    "username": "_pxterpan",
    "followingArtist": "Sandra Riley Tang",
    "country_code": "SI",
    "country": "Slovenia"
  },
  {
    "username": "VeraciaH",
    "followingArtist": "Sandra Riley Tang",
    "country_code": "FR",
    "country": "France"
  },
  {
    "username": "michellelohys",
    "followingArtist": "Sandra Riley Tang",
    "country_code": "MY",
    "country": "Malaysia"
  },
  {
    "username": "tiffanydharaa",
    "followingArtist": "Sandra Riley Tang",
    "country_code": "ID",
    "country": "Indonesia"
  },
  {
    "username": "tresa_qlh",
    "followingArtist": "Sandra Riley Tang",
    "country_code": "MR",
    "country": "Mauritania"
  },
  {
    "username": "KnightsForever_",
    "followingArtist": "Sandra Riley Tang",
    "country_code": "UK",
    "country": "United Kingdom"
  },
  {
    "username": "ryeisstyles",
    "followingArtist": "Sandra Riley Tang",
    "country_code": "GB",
    "country": "England"
  },
  {
    "username": "rarapr",
    "followingArtist": "Sandra Riley Tang",
    "country_code": "AU",
    "country": "Australia"
  },
  {
    "username": "graceyyyann",
    "followingArtist": "Sandra Riley Tang",
    "country_code": "US",
    "country": "USA"
  },
  {
    "username": "neekloh",
    "followingArtist": "Sandra Riley Tang",
    "country_code": "US",
    "country": "USA"
  },
  {
    "username": "ohsnapitzjoanna",
    "followingArtist": "Sandra Riley Tang",
    "country_code": "PH",
    "country": "Philippines"
  },
  {
    "username": "kdotjinsg",
    "followingArtist": "Sandra Riley Tang",
    "country_code": "PH",
    "country": "Philippines"
  },
  {
    "username": "KennethMCZap",
    "followingArtist": "Sandra Riley Tang",
    "country_code": "US",
    "country": "USA"
  },
  {
    "username": "leewenzz",
    "followingArtist": "Sandra Riley Tang",
    "country_code": "US",
    "country": "USA"
  },
  {
    "username": "timlmh",
    "followingArtist": "Sandra Riley Tang",
    "country_code": "BR",
    "country": "Brazil"
  },
  {
    "username": "eyeleenwee",
    "followingArtist": "Sandra Riley Tang",
    "country_code": "NL",
    "country": "Netherlands"
  },
  {
    "username": "i_m_awesome",
    "followingArtist": "Sandra Riley Tang",
    "country_code": "JP",
    "country": "Japan"
  },
  {
    "username": "jesseizetheday",
    "followingArtist": "Sandra Riley Tang",
    "country_code": "AU",
    "country": "Australia"
  },
  {
    "username": "writersammie",
    "followingArtist": "Sandra Riley Tang",
    "country_code": "CA",
    "country": "Canada"
  },
  {
    "username": "JoanneMaceThong",
    "followingArtist": "Sandra Riley Tang",
    "country_code": "ID",
    "country": "Indonesia"
  },
  {
    "username": "daisyydianaa",
    "followingArtist": "Sandra Riley Tang",
    "country_code": "NG",
    "country": "Nigeria"
  },
  {
    "username": "hooikl",
    "followingArtist": "Sandra Riley Tang",
    "country_code": "ID",
    "country": "Indonesia"
  },
  {
    "username": "SidsPubs",
    "followingArtist": "Sandra Riley Tang",
    "country_code": "ID",
    "country": "Indonesia"
  },
  {
    "username": "t_skyedave",
    "followingArtist": "Sandra Riley Tang",
    "country_code": "PH",
    "country": "Philippines"
  },
  {
    "username": "bryanstar420",
    "followingArtist": "Sandra Riley Tang",
    "country_code": "US",
    "country": "USA"
  },
  {
    "username": "dddawnieee",
    "followingArtist": "Sandra Riley Tang",
    "country_code": "FR",
    "country": "France"
  },
  {
    "username": "MinYoungtalking",
    "followingArtist": "Sandra Riley Tang",
    "country_code": "MY",
    "country": "Malaysia"
  },
  {
    "username": "TheBannedSG",
    "followingArtist": "Sandra Riley Tang",
    "country_code": "BR",
    "country": "Brazil"
  },
  {
    "username": "veevarding",
    "followingArtist": "Sandra Riley Tang",
    "country_code": "MY",
    "country": "Malaysia"
  },
  {
    "username": "cf7144a19cc648e",
    "followingArtist": "Sandra Riley Tang",
    "country_code": "ID",
    "country": "Indonesia"
  },
  {
    "username": "nyahncaht",
    "followingArtist": "Sandra Riley Tang",
    "country_code": "NP",
    "country": "Nepal"
  },
  {
    "username": "_JayVee30",
    "followingArtist": "Sandra Riley Tang",
    "country_code": "PH",
    "country": "Philippines"
  },
  {
    "username": "imfairlyluke",
    "followingArtist": "Sandra Riley Tang",
    "country_code": "FR",
    "country": "France"
  },
  {
    "username": "VananM",
    "followingArtist": "Sandra Riley Tang",
    "country_code": "FR",
    "country": "France"
  },
  {
    "username": "tiwitiwww",
    "followingArtist": "Sandra Riley Tang",
    "country_code": "ID",
    "country": "Indonesia"
  },
  {
    "username": "redamancth",
    "followingArtist": "Sandra Riley Tang",
    "country_code": "IN",
    "country": "India"
  },
  {
    "username": "hairinana",
    "followingArtist": "Sandra Riley Tang",
    "country_code": "US",
    "country": "USA"
  },
  {
    "username": "_alfieyah",
    "followingArtist": "Sandra Riley Tang",
    "country_code": "UK",
    "country": "United Kingdom"
  },
  {
    "username": "_YuyutY",
    "followingArtist": "Sandra Riley Tang",
    "country_code": "US",
    "country": "USA"
  },
  {
    "username": "iichibawawarto",
    "followingArtist": "Sandra Riley Tang",
    "country_code": "US",
    "country": "USA"
  },
  {
    "username": "g_eraldine",
    "followingArtist": "Sandra Riley Tang",
    "country_code": "US",
    "country": "USA"
  },
  {
    "username": "shin2410x",
    "followingArtist": "Sandra Riley Tang",
    "country_code": "AU",
    "country": "Australia"
  },
  {
    "username": "Reubenfoong",
    "followingArtist": "Sandra Riley Tang",
    "country_code": "UK",
    "country": "United Kingdom"
  },
  {
    "username": "iamharrietjean",
    "followingArtist": "Sandra Riley Tang",
    "country_code": "UK",
    "country": "United Kingdom"
  },
  {
    "username": "dedycha76528004",
    "followingArtist": "Sandra Riley Tang",
    "country_code": "ID",
    "country": "Indonesia"
  },
  {
    "username": "Jibthe510",
    "followingArtist": "Sandra Riley Tang",
    "country_code": "BJ",
    "country": "Benin"
  },
  {
    "username": "michellecchong",
    "followingArtist": "Sandra Riley Tang",
    "country_code": "UK",
    "country": "United Kingdom"
  },
  {
    "username": "FathinAmiraZ",
    "followingArtist": "Sandra Riley Tang",
    "country_code": "BR",
    "country": "Brazil"
  },
  {
    "username": "rainbowprickles",
    "followingArtist": "Sandra Riley Tang",
    "country_code": "US",
    "country": "USA"
  },
  {
    "username": "zaperjo",
    "followingArtist": "Sandra Riley Tang",
    "country_code": "ID",
    "country": "Indonesia"
  },
  {
    "username": "CreativeLabs",
    "followingArtist": "Sandra Riley Tang",
    "country_code": "US",
    "country": "USA"
  },
  {
    "username": "min_woo08",
    "followingArtist": "Sandra Riley Tang",
    "country_code": "MY",
    "country": "Malaysia"
  },
  {
    "username": "kevinalexandk",
    "followingArtist": "Sandra Riley Tang",
    "country_code": "ID",
    "country": "Indonesia"
  },
  {
    "username": "dreamsoverload",
    "followingArtist": "Sandra Riley Tang",
    "country_code": "US",
    "country": "USA"
  },
  {
    "username": "RacerFaisal",
    "followingArtist": "Sandra Riley Tang",
    "country_code": "UK",
    "country": "United Kingdom"
  },
  {
    "username": "thenorshamir",
    "followingArtist": "Sandra Riley Tang",
    "country_code": "AU",
    "country": "Australia"
  },
  {
    "username": "RizkyRimohro",
    "followingArtist": "Sandra Riley Tang",
    "country_code": "ID",
    "country": "Indonesia"
  },
  {
    "username": "tiffchang7",
    "followingArtist": "Sandra Riley Tang",
    "country_code": "US",
    "country": "USA"
  },
  {
    "username": "racylim",
    "followingArtist": "Sandra Riley Tang",
    "country_code": "BR",
    "country": "Brazil"
  },
  {
    "username": "iamwilliamfoong",
    "followingArtist": "Sandra Riley Tang",
    "country_code": "MY",
    "country": "Malaysia"
  },
  {
    "username": "_xinggg",
    "followingArtist": "Sandra Riley Tang",
    "country_code": "AU",
    "country": "Australia"
  },
  {
    "username": "ycrd_",
    "followingArtist": "Sandra Riley Tang",
    "country_code": "ID",
    "country": "Indonesia"
  },
  {
    "username": "iirfan_ali",
    "followingArtist": "Sandra Riley Tang",
    "country_code": "ID",
    "country": "Indonesia"
  },
  {
    "username": "sashhhhhhhhhhh",
    "followingArtist": "Sandra Riley Tang",
    "country_code": "IN",
    "country": "India"
  },
  {
    "username": "deenasethh",
    "followingArtist": "Sandra Riley Tang",
    "country_code": "US",
    "country": "USA"
  },
  {
    "username": "gjysays",
    "followingArtist": "Sandra Riley Tang",
    "country_code": "ID",
    "country": "Indonesia"
  },
  {
    "username": "cxndyflaws",
    "followingArtist": "Sandra Riley Tang",
    "country_code": "SE",
    "country": "Sweden"
  },
  {
    "username": "StinaBee20",
    "followingArtist": "Sandra Riley Tang",
    "country_code": "BR",
    "country": "Brazil"
  },
  {
    "username": "xiiaocuby",
    "followingArtist": "Sandra Riley Tang",
    "country_code": "FR",
    "country": "France"
  },
  {
    "username": "exniceho",
    "followingArtist": "Sandra Riley Tang",
    "country_code": "SI",
    "country": "Slovenia"
  },
  {
    "username": "martincorben",
    "followingArtist": "Sandra Riley Tang",
    "country_code": "AU",
    "country": "Australia"
  },
  {
    "username": "xojessicaanosxo",
    "followingArtist": "Sandra Riley Tang",
    "country_code": "NG",
    "country": "Nigeria"
  },
  {
    "username": "CruzerJx",
    "followingArtist": "Sandra Riley Tang",
    "country_code": "US",
    "country": "USA"
  },
  {
    "username": "maaaduuuriii",
    "followingArtist": "Sandra Riley Tang",
    "country_code": "PG",
    "country": "Papua New Guinea"
  },
  {
    "username": "SleepTightSeoul",
    "followingArtist": "Sandra Riley Tang",
    "country_code": "AU",
    "country": "Australia"
  },
  {
    "username": "_relapsada",
    "followingArtist": "Sandra Riley Tang",
    "country_code": "US",
    "country": "USA"
  },
  {
    "username": "joelbruce",
    "followingArtist": "Sandra Riley Tang",
    "country_code": "AU",
    "country": "Australia"
  },
  {
    "username": "mrb0mbastic127",
    "followingArtist": "Sandra Riley Tang",
    "country_code": "KR",
    "country": "South Korea"
  },
  {
    "username": "chai_fong96",
    "followingArtist": "Sandra Riley Tang",
    "country_code": "FR",
    "country": "France"
  },
  {
    "username": "SGSpeaksNow21",
    "followingArtist": "Sandra Riley Tang",
    "country_code": "PH",
    "country": "Philippines"
  },
  {
    "username": "twaimziana",
    "followingArtist": "Sandra Riley Tang",
    "country_code": "CA",
    "country": "Canada"
  },
  {
    "username": "nelsontwh_",
    "followingArtist": "Sandra Riley Tang",
    "country_code": "US",
    "country": "USA"
  },
  {
    "username": "jacxspeed",
    "followingArtist": "Sandra Riley Tang",
    "country_code": "ID",
    "country": "Indonesia"
  },
  {
    "username": "MixMastaKing",
    "followingArtist": "Sandra Riley Tang",
    "country_code": "NG",
    "country": "Nigeria"
  },
  {
    "username": "MuizSheafi",
    "followingArtist": "Sandra Riley Tang",
    "country_code": "UA",
    "country": "Ukraine"
  },
  {
    "username": "akramenho",
    "followingArtist": "Sandra Riley Tang",
    "country_code": "IN",
    "country": "India"
  },
  {
    "username": "bellaneeey",
    "followingArtist": "Sandra Riley Tang",
    "country_code": "MY",
    "country": "Malaysia"
  },
  {
    "username": "joyzels",
    "followingArtist": "Sandra Riley Tang",
    "country_code": "BJ",
    "country": "Benin"
  },
  {
    "username": "Nicholas1997SG",
    "followingArtist": "Sandra Riley Tang",
    "country_code": "US",
    "country": "USA"
  },
  {
    "username": "theshai",
    "followingArtist": "Sandra Riley Tang",
    "country_code": "UK",
    "country": "United Kingdom"
  },
  {
    "username": "azizah_roon",
    "followingArtist": "Sandra Riley Tang",
    "country_code": "ID",
    "country": "Indonesia"
  },
  {
    "username": "lukaszkapanows1",
    "followingArtist": "Sandra Riley Tang",
    "country_code": "ID",
    "country": "Indonesia"
  },
  {
    "username": "rvinsonofficial",
    "followingArtist": "Sandra Riley Tang",
    "country_code": "CA",
    "country": "Canada"
  },
  {
    "username": "helleneci",
    "followingArtist": "Sandra Riley Tang",
    "country_code": "ID",
    "country": "Indonesia"
  },
  {
    "username": "jayceepeekay",
    "followingArtist": "Sandra Riley Tang",
    "country_code": "ID",
    "country": "Indonesia"
  },
  {
    "username": "Pjxal",
    "followingArtist": "Sandra Riley Tang",
    "country_code": "US",
    "country": "USA"
  },
  {
    "username": "ArifMaarif87",
    "followingArtist": "Sandra Riley Tang",
    "country_code": "ID",
    "country": "Indonesia"
  },
  {
    "username": "MriaAmoxicillin",
    "followingArtist": "Sandra Riley Tang",
    "country_code": "PH",
    "country": "Philippines"
  },
  {
    "username": "theshowoff20",
    "followingArtist": "Sandra Riley Tang",
    "country_code": "US",
    "country": "USA"
  },
  {
    "username": "Angelo_Mikha",
    "followingArtist": "Sandra Riley Tang",
    "country_code": "ID",
    "country": "Indonesia"
  },
  {
    "username": "kylinlew",
    "followingArtist": "Sandra Riley Tang",
    "country_code": "FR",
    "country": "France"
  },
  {
    "username": "khaekarem",
    "followingArtist": "Sandra Riley Tang",
    "country_code": "IN",
    "country": "India"
  },
  {
    "username": "minggxuannn",
    "followingArtist": "Sandra Riley Tang",
    "country_code": "US",
    "country": "USA"
  },
  {
    "username": "carcrashparty",
    "followingArtist": "Sandra Riley Tang",
    "country_code": "PG",
    "country": "Papua New Guinea"
  },
  {
    "username": "ZswimAcademy",
    "followingArtist": "Sandra Riley Tang",
    "country_code": "US",
    "country": "USA"
  },
  {
    "username": "kathmeeep",
    "followingArtist": "Sandra Riley Tang",
    "country_code": "SI",
    "country": "Slovenia"
  },
  {
    "username": "cabreracorinnee",
    "followingArtist": "Sandra Riley Tang",
    "country_code": "US",
    "country": "USA"
  },
  {
    "username": "juliewunder",
    "followingArtist": "Sandra Riley Tang",
    "country_code": "US",
    "country": "USA"
  },
  {
    "username": "wormiesintub",
    "followingArtist": "Sandra Riley Tang",
    "country_code": "AU",
    "country": "Australia"
  },
  {
    "username": "kohsoniakoh",
    "followingArtist": "Sandra Riley Tang",
    "country_code": "US",
    "country": "USA"
  },
  {
    "username": "audreyliting",
    "followingArtist": "Sandra Riley Tang",
    "country_code": "SI",
    "country": "Slovenia"
  },
  {
    "username": "benchan13",
    "followingArtist": "Sandra Riley Tang",
    "country_code": "BR",
    "country": "Brazil"
  },
  {
    "username": "jibdossantos",
    "followingArtist": "Sandra Riley Tang",
    "country_code": "US",
    "country": "USA"
  },
  {
    "username": "BVladDaniel",
    "followingArtist": "Sandra Riley Tang",
    "country_code": "UK",
    "country": "United Kingdom"
  },
  {
    "username": "ellylinli",
    "followingArtist": "Sandra Riley Tang",
    "country_code": "MY",
    "country": "Malaysia"
  },
  {
    "username": "R081283179519",
    "followingArtist": "Sandra Riley Tang",
    "country_code": "ID",
    "country": "Indonesia"
  },
  {
    "username": "dxlyst",
    "followingArtist": "Sandra Riley Tang",
    "country_code": "US",
    "country": "USA"
  },
  {
    "username": "Kathckw",
    "followingArtist": "Sandra Riley Tang",
    "country_code": "UK",
    "country": "United Kingdom"
  },
  {
    "username": "Jenjoytweets",
    "followingArtist": "Sandra Riley Tang",
    "country_code": "GB",
    "country": "England"
  },
  {
    "username": "seraowns",
    "followingArtist": "Sandra Riley Tang",
    "country_code": "US",
    "country": "USA"
  },
  {
    "username": "jaihiu",
    "followingArtist": "Sandra Riley Tang",
    "country_code": "US",
    "country": "USA"
  },
  {
    "username": "azhary97",
    "followingArtist": "Sandra Riley Tang",
    "country_code": "US",
    "country": "USA"
  },
  {
    "username": "nigel_elijah",
    "followingArtist": "Sandra Riley Tang",
    "country_code": "US",
    "country": "USA"
  },
  {
    "username": "leonasuperwoman",
    "followingArtist": "Sandra Riley Tang",
    "country_code": "AU",
    "country": "Australia"
  },
  {
    "username": "fearlessmango",
    "followingArtist": "Sandra Riley Tang",
    "country_code": "KH",
    "country": "Cambodia"
  },
  {
    "username": "FarisahMaikaWay",
    "followingArtist": "Sandra Riley Tang",
    "country_code": "FR",
    "country": "France"
  },
  {
    "username": "NicholasNyy",
    "followingArtist": "Sandra Riley Tang",
    "country_code": "MY",
    "country": "Malaysia"
  },
  {
    "username": "chancy2296",
    "followingArtist": "Sandra Riley Tang",
    "country_code": "US",
    "country": "USA"
  },
  {
    "username": "4f8890e3b740455",
    "followingArtist": "Sandra Riley Tang",
    "country_code": "IN",
    "country": "India"
  },
  {
    "username": "rxch_0105",
    "followingArtist": "Sandra Riley Tang",
    "country_code": "US",
    "country": "USA"
  },
  {
    "username": "eddtan1",
    "followingArtist": "Sandra Riley Tang",
    "country_code": "US",
    "country": "USA"
  },
  {
    "username": "lest3r89",
    "followingArtist": "Sandra Riley Tang",
    "country_code": "MY",
    "country": "Malaysia"
  },
  {
    "username": "trishthepoo",
    "followingArtist": "Sandra Riley Tang",
    "country_code": "BR",
    "country": "Brazil"
  },
  {
    "username": "soshinfinite",
    "followingArtist": "Sandra Riley Tang",
    "country_code": "FR",
    "country": "France"
  },
  {
    "username": "ninaismail_",
    "followingArtist": "Sandra Riley Tang",
    "country_code": "SI",
    "country": "Slovenia"
  },
  {
    "username": "kish_kebab",
    "followingArtist": "Sandra Riley Tang",
    "country_code": "US",
    "country": "USA"
  },
  {
    "username": "kayclaraaa",
    "followingArtist": "Sandra Riley Tang",
    "country_code": "US",
    "country": "USA"
  },
  {
    "username": "elsamickayla",
    "followingArtist": "Sandra Riley Tang",
    "country_code": "RU",
    "country": "Russia"
  },
  {
    "username": "cherniemei",
    "followingArtist": "Sandra Riley Tang",
    "country_code": "MY",
    "country": "Malaysia"
  },
  {
    "username": "xxix_iv",
    "followingArtist": "Sandra Riley Tang",
    "country_code": "FR",
    "country": "France"
  },
  {
    "username": "ReyEuns",
    "followingArtist": "Sandra Riley Tang",
    "country_code": "NO",
    "country": "Norway"
  },
  {
    "username": "zincookie",
    "followingArtist": "Sandra Riley Tang",
    "country_code": "US",
    "country": "USA"
  },
  {
    "username": "alisonchiak",
    "followingArtist": "Sandra Riley Tang",
    "country_code": "AU",
    "country": "Australia"
  },
  {
    "username": "rigolax21",
    "followingArtist": "Sandra Riley Tang",
    "country_code": "DE",
    "country": "Germany"
  },
  {
    "username": "xsiobhankhoox",
    "followingArtist": "Sandra Riley Tang",
    "country_code": "US",
    "country": "USA"
  },
  {
    "username": "Josefwong_",
    "followingArtist": "Sandra Riley Tang",
    "country_code": "CO",
    "country": "Colombia"
  },
  {
    "username": "Kariseah_",
    "followingArtist": "Sandra Riley Tang",
    "country_code": "FR",
    "country": "France"
  },
  {
    "username": "amour_decru",
    "followingArtist": "Sandra Riley Tang",
    "country_code": "US",
    "country": "USA"
  },
  {
    "username": "PaulDPatron",
    "followingArtist": "Sandra Riley Tang",
    "country_code": "DK",
    "country": "Denmark"
  },
  {
    "username": "Ezechiella",
    "followingArtist": "Sandra Riley Tang",
    "country_code": "ID",
    "country": "Indonesia"
  },
  {
    "username": "Andi_Akbar17",
    "followingArtist": "Sandra Riley Tang",
    "country_code": "ID",
    "country": "Indonesia"
  },
  {
    "username": "faithbunnyyy",
    "followingArtist": "Sandra Riley Tang",
    "country_code": "ID",
    "country": "Indonesia"
  },
  {
    "username": "meghamohan",
    "followingArtist": "Sandra Riley Tang",
    "country_code": "UK",
    "country": "United Kingdom"
  },
  {
    "username": "Kuchiki_Fazlie",
    "followingArtist": "Sandra Riley Tang",
    "country_code": "FR",
    "country": "France"
  },
  {
    "username": "ahmadbadawi666",
    "followingArtist": "Sandra Riley Tang",
    "country_code": "ID",
    "country": "Indonesia"
  },
  {
    "username": "TubexTom",
    "followingArtist": "Sandra Riley Tang",
    "country_code": "TH",
    "country": "Thailand"
  },
  {
    "username": "Lukena_5SOS",
    "followingArtist": "Sandra Riley Tang",
    "country_code": "AU",
    "country": "Australia"
  },
  {
    "username": "cindyqnguyen",
    "followingArtist": "Sandra Riley Tang",
    "country_code": "US",
    "country": "USA"
  },
  {
    "username": "Remremjs",
    "followingArtist": "Sandra Riley Tang",
    "country_code": "US",
    "country": "USA"
  },
  {
    "username": "OngRiana",
    "followingArtist": "Sandra Riley Tang",
    "country_code": "US",
    "country": "USA"
  },
  {
    "username": "alchaplinsky",
    "followingArtist": "Sandra Riley Tang",
    "country_code": "UG",
    "country": "Uganda"
  },
  {
    "username": "Zheng_0819",
    "followingArtist": "Sandra Riley Tang",
    "country_code": "BJ",
    "country": "Benin"
  },
  {
    "username": "fanxychild18",
    "followingArtist": "Sandra Riley Tang",
    "country_code": "US",
    "country": "USA"
  },
  {
    "username": "natalieecookie",
    "followingArtist": "Sandra Riley Tang",
    "country_code": "AU",
    "country": "Australia"
  },
  {
    "username": "shenmarl",
    "followingArtist": "Sandra Riley Tang",
    "country_code": "PH",
    "country": "Philippines"
  },
  {
    "username": "LovelyRios",
    "followingArtist": "Sandra Riley Tang",
    "country_code": "US",
    "country": "USA"
  },
  {
    "username": "MELBEEEEEEEEN",
    "followingArtist": "Sandra Riley Tang",
    "country_code": "FI",
    "country": "Finland"
  },
  {
    "username": "amyrulxhafyz",
    "followingArtist": "Sandra Riley Tang",
    "country_code": "BJ",
    "country": "Benin"
  },
  {
    "username": "Oszkid",
    "followingArtist": "Sandra Riley Tang",
    "country_code": "FR",
    "country": "France"
  },
  {
    "username": "Putonurswagger",
    "followingArtist": "Sandra Riley Tang",
    "country_code": "GF",
    "country": "French Guiana"
  },
  {
    "username": "JackieraAstley",
    "followingArtist": "Sandra Riley Tang",
    "country_code": "PH",
    "country": "Philippines"
  },
  {
    "username": "kes1981",
    "followingArtist": "Sandra Riley Tang",
    "country_code": "GB",
    "country": "England"
  },
  {
    "username": "KlipschSEAsia",
    "followingArtist": "Sandra Riley Tang",
    "country_code": "BR",
    "country": "Brazil"
  },
  {
    "username": "Sengetkaki",
    "followingArtist": "Sandra Riley Tang",
    "country_code": "ES",
    "country": "Spain"
  },
  {
    "username": "a_Esquisse",
    "followingArtist": "Sandra Riley Tang",
    "country_code": "US",
    "country": "USA"
  },
  {
    "username": "LindenFurnell",
    "followingArtist": "Sandra Riley Tang",
    "country_code": "AU",
    "country": "Australia"
  },
  {
    "username": "changelightbulb",
    "followingArtist": "Sandra Riley Tang",
    "country_code": "IN",
    "country": "India"
  },
  {
    "username": "HarshiniKalaih",
    "followingArtist": "Sandra Riley Tang",
    "country_code": "CN",
    "country": "China"
  },
  {
    "username": "justsendr",
    "followingArtist": "Sandra Riley Tang",
    "country_code": "CA",
    "country": "Canada"
  },
  {
    "username": "SophiaCrystalNg",
    "followingArtist": "Sandra Riley Tang",
    "country_code": "SI",
    "country": "Slovenia"
  },
  {
    "username": "krypt_el",
    "followingArtist": "Sandra Riley Tang",
    "country_code": "US",
    "country": "USA"
  },
  {
    "username": "ahmad_penguinz",
    "followingArtist": "Sandra Riley Tang",
    "country_code": "US",
    "country": "USA"
  },
  {
    "username": "sharonyyyang09",
    "followingArtist": "Sandra Riley Tang",
    "country_code": "GB",
    "country": "England"
  },
  {
    "username": "_LovinMusic_",
    "followingArtist": "Sandra Riley Tang",
    "country_code": "ES",
    "country": "Spain"
  },
  {
    "username": "mermaidsiti",
    "followingArtist": "Sandra Riley Tang",
    "country_code": "SI",
    "country": "Slovenia"
  },
  {
    "username": "deemontalbo",
    "followingArtist": "Sandra Riley Tang",
    "country_code": "SI",
    "country": "Slovenia"
  },
  {
    "username": "Kesterrrrrr_",
    "followingArtist": "Sandra Riley Tang",
    "country_code": "FR",
    "country": "France"
  },
  {
    "username": "AminRosnah",
    "followingArtist": "Sandra Riley Tang",
    "country_code": "NP",
    "country": "Nepal"
  },
  {
    "username": "Alliphants",
    "followingArtist": "Sandra Riley Tang",
    "country_code": "US",
    "country": "USA"
  },
  {
    "username": "LahellaWSheinaf",
    "followingArtist": "Sandra Riley Tang",
    "country_code": "ID",
    "country": "Indonesia"
  },
  {
    "username": "asmawati1955",
    "followingArtist": "Sandra Riley Tang",
    "country_code": "ID",
    "country": "Indonesia"
  },
  {
    "username": "ah_durian",
    "followingArtist": "Sandra Riley Tang",
    "country_code": "CA",
    "country": "Canada"
  },
  {
    "username": "rajaking217",
    "followingArtist": "Sandra Riley Tang",
    "country_code": "US",
    "country": "USA"
  },
  {
    "username": "yehuda_davidson",
    "followingArtist": "Sandra Riley Tang",
    "country_code": "ID",
    "country": "Indonesia"
  },
  {
    "username": "Khiem22Le",
    "followingArtist": "Sandra Riley Tang",
    "country_code": "US",
    "country": "USA"
  },
  {
    "username": "josemerslfc",
    "followingArtist": "Sandra Riley Tang",
    "country_code": "US",
    "country": "USA"
  },
  {
    "username": "hasny_nur",
    "followingArtist": "Sandra Riley Tang",
    "country_code": "US",
    "country": "USA"
  },
  {
    "username": "redscapes",
    "followingArtist": "Sandra Riley Tang",
    "country_code": "PH",
    "country": "Philippines"
  },
  {
    "username": "Dshorlynch",
    "followingArtist": "Sandra Riley Tang",
    "country_code": "ES",
    "country": "Spain"
  },
  {
    "username": "sarrahhearts_",
    "followingArtist": "Sandra Riley Tang",
    "country_code": "US",
    "country": "USA"
  },
  {
    "username": "Nathanathan_",
    "followingArtist": "Sandra Riley Tang",
    "country_code": "CA",
    "country": "Canada"
  },
  {
    "username": "321fame",
    "followingArtist": "Sandra Riley Tang",
    "country_code": "CA",
    "country": "Canada"
  }
]