[
  {
    "username": "forevermattd",
    "followingArtist": "Leslie Osborne",
    "country_code": "LV",
    "country": "Latvia"
  },
  {
    "username": "Budjurra1",
    "followingArtist": "Leslie Osborne",
    "country_code": "BR",
    "country": "Brazil"
  },
  {
    "username": "didabliu14",
    "followingArtist": "Leslie Osborne",
    "country_code": "PL",
    "country": "Poland"
  },
  {
    "username": "dedi9595",
    "followingArtist": "Leslie Osborne",
    "country_code": "IN",
    "country": "India"
  },
  {
    "username": "JVRDark1707",
    "followingArtist": "Leslie Osborne",
    "country_code": "US",
    "country": "USA"
  },
  {
    "username": "GianB20",
    "followingArtist": "Leslie Osborne",
    "country_code": "UY",
    "country": "Uruguay"
  },
  {
    "username": "Heni25870325",
    "followingArtist": "Leslie Osborne",
    "country_code": "HU",
    "country": "Hungary"
  },
  {
    "username": "Ernesto13502730",
    "followingArtist": "Leslie Osborne",
    "country_code": "US",
    "country": "USA"
  },
  {
    "username": "KhacHonza",
    "followingArtist": "Leslie Osborne",
    "country_code": "CZ",
    "country": "Czech Republic"
  },
  {
    "username": "Marcelo49960859",
    "followingArtist": "Leslie Osborne",
    "country_code": "UY",
    "country": "Uruguay"
  },
  {
    "username": "BenjaminKonu",
    "followingArtist": "Leslie Osborne",
    "country_code": "GH",
    "country": "Ghana"
  },
  {
    "username": "Sjurinic69",
    "followingArtist": "Leslie Osborne",
    "country_code": "US",
    "country": "USA"
  },
  {
    "username": "AnsahRegnald",
    "followingArtist": "Leslie Osborne",
    "country_code": "GH",
    "country": "Ghana"
  },
  {
    "username": "villahenry7",
    "followingArtist": "Leslie Osborne",
    "country_code": "US",
    "country": "USA"
  },
  {
    "username": "Christo79180428",
    "followingArtist": "Leslie Osborne",
    "country_code": "US",
    "country": "USA"
  },
  {
    "username": "ArielaCruz00",
    "followingArtist": "Leslie Osborne",
    "country_code": "PT",
    "country": "Portugal"
  },
  {
    "username": "lucasignaciofs",
    "followingArtist": "Leslie Osborne",
    "country_code": "CL",
    "country": "Chile"
  },
  {
    "username": "bren17_03",
    "followingArtist": "Leslie Osborne",
    "country_code": "CR",
    "country": "Costa Rica"
  },
  {
    "username": "Tey_Sengdeuane",
    "followingArtist": "Leslie Osborne",
    "country_code": "LA",
    "country": "Laos"
  },
  {
    "username": "jimdoc21",
    "followingArtist": "Leslie Osborne",
    "country_code": "IE",
    "country": "Ireland"
  },
  {
    "username": "saddamuw1",
    "followingArtist": "Leslie Osborne",
    "country_code": "BD",
    "country": "Bangladesh"
  },
  {
    "username": "marcel1825",
    "followingArtist": "Leslie Osborne",
    "country_code": "US",
    "country": "USA"
  },
  {
    "username": "Alfredogupin",
    "followingArtist": "Leslie Osborne",
    "country_code": "CR",
    "country": "Costa Rica"
  },
  {
    "username": "JeicobRJ",
    "followingArtist": "Leslie Osborne",
    "country_code": "CO",
    "country": "Colombia"
  },
  {
    "username": "meghanmeenan",
    "followingArtist": "Leslie Osborne",
    "country_code": "US",
    "country": "USA"
  },
  {
    "username": "Gabimoha",
    "followingArtist": "Leslie Osborne",
    "country_code": "US",
    "country": "USA"
  },
  {
    "username": "XoMayaTheBeeXo",
    "followingArtist": "Leslie Osborne",
    "country_code": "US",
    "country": "USA"
  },
  {
    "username": "Srta_Lucero23",
    "followingArtist": "Leslie Osborne",
    "country_code": "EC",
    "country": "Ecuador"
  },
  {
    "username": "Luis_M_Elder",
    "followingArtist": "Leslie Osborne",
    "country_code": "NG",
    "country": "Nigeria"
  },
  {
    "username": "don_flyson",
    "followingArtist": "Leslie Osborne",
    "country_code": "CL",
    "country": "Chile"
  },
  {
    "username": "CaiaiaS",
    "followingArtist": "Leslie Osborne",
    "country_code": "AO",
    "country": "Angola"
  },
  {
    "username": "cris10koala",
    "followingArtist": "Leslie Osborne",
    "country_code": "PL",
    "country": "Poland"
  },
  {
    "username": "its_itza",
    "followingArtist": "Leslie Osborne",
    "country_code": "US",
    "country": "USA"
  },
  {
    "username": "Antonio5634",
    "followingArtist": "Leslie Osborne",
    "country_code": "TZ",
    "country": "Tanzania"
  },
  {
    "username": "YahirPlascenci2",
    "followingArtist": "Leslie Osborne",
    "country_code": "US",
    "country": "USA"
  },
  {
    "username": "AdmaDiaz",
    "followingArtist": "Leslie Osborne",
    "country_code": "GA",
    "country": "Gabon"
  },
  {
    "username": "shanto3twt",
    "followingArtist": "Leslie Osborne",
    "country_code": "BD",
    "country": "Bangladesh"
  },
  {
    "username": "LeanzaHunt",
    "followingArtist": "Leslie Osborne",
    "country_code": "US",
    "country": "USA"
  },
  {
    "username": "JP220522",
    "followingArtist": "Leslie Osborne",
    "country_code": "US",
    "country": "USA"
  },
  {
    "username": "KHALIDG48220562",
    "followingArtist": "Leslie Osborne",
    "country_code": "PK",
    "country": "Pakistan"
  },
  {
    "username": "alielicosesay",
    "followingArtist": "Leslie Osborne",
    "country_code": "DE",
    "country": "Germany"
  },
  {
    "username": "ThapaliyaPt",
    "followingArtist": "Leslie Osborne",
    "country_code": "NP",
    "country": "Nepal"
  },
  {
    "username": "FiradKok68",
    "followingArtist": "Leslie Osborne",
    "country_code": "IR",
    "country": "Iran"
  },
  {
    "username": "shauna_harrison",
    "followingArtist": "Leslie Osborne",
    "country_code": "CA",
    "country": "Canada"
  },
  {
    "username": "petermwakilasa9",
    "followingArtist": "Leslie Osborne",
    "country_code": "TZ",
    "country": "Tanzania"
  },
  {
    "username": "MohamediLikulu1",
    "followingArtist": "Leslie Osborne",
    "country_code": "TZ",
    "country": "Tanzania"
  },
  {
    "username": "luchoCorrales23",
    "followingArtist": "Leslie Osborne",
    "country_code": "CR",
    "country": "Costa Rica"
  },
  {
    "username": "Isaias00434135",
    "followingArtist": "Leslie Osborne",
    "country_code": "CO",
    "country": "Colombia"
  },
  {
    "username": "billythor1989",
    "followingArtist": "Leslie Osborne",
    "country_code": "CA",
    "country": "Canada"
  },
  {
    "username": "rich4ever14",
    "followingArtist": "Leslie Osborne",
    "country_code": "US",
    "country": "USA"
  },
  {
    "username": "FAsasey",
    "followingArtist": "Leslie Osborne",
    "country_code": "GH",
    "country": "Ghana"
  },
  {
    "username": "tayloRobert17",
    "followingArtist": "Leslie Osborne",
    "country_code": "US",
    "country": "USA"
  },
  {
    "username": "zianihamada157",
    "followingArtist": "Leslie Osborne",
    "country_code": "DZ",
    "country": "Algeria"
  },
  {
    "username": "RiotRSL",
    "followingArtist": "Leslie Osborne",
    "country_code": "JO",
    "country": "Jordan"
  },
  {
    "username": "JeanFundi3",
    "followingArtist": "Leslie Osborne",
    "country_code": "CD",
    "country": "Democratic Republic of Congo"
  },
  {
    "username": "pdro77777",
    "followingArtist": "Leslie Osborne",
    "country_code": "CL",
    "country": "Chile"
  },
  {
    "username": "tietz_peter",
    "followingArtist": "Leslie Osborne",
    "country_code": "FI",
    "country": "Finland"
  },
  {
    "username": "balanirupam33",
    "followingArtist": "Leslie Osborne",
    "country_code": "BD",
    "country": "Bangladesh"
  },
  {
    "username": "JamesMoukengue",
    "followingArtist": "Leslie Osborne",
    "country_code": "CG",
    "country": "Congo"
  },
  {
    "username": "Hasan91995155",
    "followingArtist": "Leslie Osborne",
    "country_code": "US",
    "country": "USA"
  },
  {
    "username": "HlayisekaMaswa1",
    "followingArtist": "Leslie Osborne",
    "country_code": "BJ",
    "country": "Benin"
  },
  {
    "username": "Dawoodlartey",
    "followingArtist": "Leslie Osborne",
    "country_code": "UG",
    "country": "Uganda"
  },
  {
    "username": "KingSanito3",
    "followingArtist": "Leslie Osborne",
    "country_code": "GH",
    "country": "Ghana"
  },
  {
    "username": "Bryan503xD1",
    "followingArtist": "Leslie Osborne",
    "country_code": "IT",
    "country": "Italy"
  },
  {
    "username": "waziri000011",
    "followingArtist": "Leslie Osborne",
    "country_code": "TZ",
    "country": "Tanzania"
  },
  {
    "username": "elahe_hzn",
    "followingArtist": "Leslie Osborne",
    "country_code": "IR",
    "country": "Iran"
  },
  {
    "username": "KalengaAllan",
    "followingArtist": "Leslie Osborne",
    "country_code": "ZM",
    "country": "Zambia"
  },
  {
    "username": "Mile61077055",
    "followingArtist": "Leslie Osborne",
    "country_code": "RS",
    "country": "Serbia"
  },
  {
    "username": "ShedrackLuoga",
    "followingArtist": "Leslie Osborne",
    "country_code": "TZ",
    "country": "Tanzania"
  },
  {
    "username": "RikYan2230",
    "followingArtist": "Leslie Osborne",
    "country_code": "ES",
    "country": "Spain"
  },
  {
    "username": "eddien35",
    "followingArtist": "Leslie Osborne",
    "country_code": "US",
    "country": "USA"
  },
  {
    "username": "kjp0712",
    "followingArtist": "Leslie Osborne",
    "country_code": "GB",
    "country": "UK"
  },
  {
    "username": "Mari_Mari9999",
    "followingArtist": "Leslie Osborne",
    "country_code": "US",
    "country": "USA"
  },
  {
    "username": "nhockett",
    "followingArtist": "Leslie Osborne",
    "country_code": "US",
    "country": "USA"
  },
  {
    "username": "MoiraJMarshall",
    "followingArtist": "Leslie Osborne",
    "country_code": "CA",
    "country": "Canada"
  },
  {
    "username": "CommeyMatthew",
    "followingArtist": "Leslie Osborne",
    "country_code": "GH",
    "country": "Ghana"
  },
  {
    "username": "wtfalexisssss",
    "followingArtist": "Leslie Osborne",
    "country_code": "UK",
    "country": "United Kingdom"
  },
  {
    "username": "USWNTgalaxy",
    "followingArtist": "Leslie Osborne",
    "country_code": "US",
    "country": "USA"
  },
  {
    "username": "richardfarley",
    "followingArtist": "Leslie Osborne",
    "country_code": "US",
    "country": "USA"
  },
  {
    "username": "AlexTivichi",
    "followingArtist": "Leslie Osborne",
    "country_code": "GR",
    "country": "Greece"
  },
  {
    "username": "KamupiraT",
    "followingArtist": "Leslie Osborne",
    "country_code": "ZW",
    "country": "Zimbabwe"
  },
  {
    "username": "NezverM",
    "followingArtist": "Leslie Osborne",
    "country_code": "US",
    "country": "USA"
  },
  {
    "username": "hsv2012",
    "followingArtist": "Leslie Osborne",
    "country_code": "DE",
    "country": "Germany"
  },
  {
    "username": "KBedjaka",
    "followingArtist": "Leslie Osborne",
    "country_code": "TG",
    "country": "Togo"
  },
  {
    "username": "lagrow_amanda",
    "followingArtist": "Leslie Osborne",
    "country_code": "US",
    "country": "USA"
  },
  {
    "username": "Javiera62380972",
    "followingArtist": "Leslie Osborne",
    "country_code": "CL",
    "country": "Chile"
  },
  {
    "username": "LabarcaUrzua",
    "followingArtist": "Leslie Osborne",
    "country_code": "CL",
    "country": "Chile"
  },
  {
    "username": "lin_lin18062946",
    "followingArtist": "Leslie Osborne",
    "country_code": "LA",
    "country": "Laos"
  },
  {
    "username": "HistoriaOdry",
    "followingArtist": "Leslie Osborne",
    "country_code": "PL",
    "country": "Poland"
  },
  {
    "username": "RBrojek",
    "followingArtist": "Leslie Osborne",
    "country_code": "PL",
    "country": "Poland"
  },
  {
    "username": "daangii",
    "followingArtist": "Leslie Osborne",
    "country_code": "MN",
    "country": "Mongolia"
  },
  {
    "username": "squist118",
    "followingArtist": "Leslie Osborne",
    "country_code": "US",
    "country": "USA"
  },
  {
    "username": "andresye987",
    "followingArtist": "Leslie Osborne",
    "country_code": "US",
    "country": "USA"
  },
  {
    "username": "lomasloko12",
    "followingArtist": "Leslie Osborne",
    "country_code": "US",
    "country": "USA"
  },
  {
    "username": "romibarboza19",
    "followingArtist": "Leslie Osborne",
    "country_code": "UY",
    "country": "Uruguay"
  },
  {
    "username": "AlexisEnca",
    "followingArtist": "Leslie Osborne",
    "country_code": "CL",
    "country": "Chile"
  },
  {
    "username": "Awabbx",
    "followingArtist": "Leslie Osborne",
    "country_code": "OM",
    "country": "Oman"
  },
  {
    "username": "sanch14issabell",
    "followingArtist": "Leslie Osborne",
    "country_code": "IR",
    "country": "Iran"
  },
  {
    "username": "nyuma_julius",
    "followingArtist": "Leslie Osborne",
    "country_code": "UG",
    "country": "Uganda"
  },
  {
    "username": "DanielMicha2",
    "followingArtist": "Leslie Osborne",
    "country_code": "TZ",
    "country": "Tanzania"
  },
  {
    "username": "CurtiusMacmill1",
    "followingArtist": "Leslie Osborne",
    "country_code": "TZ",
    "country": "Tanzania"
  },
  {
    "username": "Sebaas010",
    "followingArtist": "Leslie Osborne",
    "country_code": "PY",
    "country": "Paraguay"
  },
  {
    "username": "noe_ayala1999",
    "followingArtist": "Leslie Osborne",
    "country_code": "SV",
    "country": "El Salvador"
  },
  {
    "username": "Football0985",
    "followingArtist": "Leslie Osborne",
    "country_code": "US",
    "country": "USA"
  },
  {
    "username": "Rodrigo16987495",
    "followingArtist": "Leslie Osborne",
    "country_code": "CL",
    "country": "Chile"
  },
  {
    "username": "KashifR67579338",
    "followingArtist": "Leslie Osborne",
    "country_code": "PK",
    "country": "Pakistan"
  },
  {
    "username": "phamdai85",
    "followingArtist": "Leslie Osborne",
    "country_code": "ES",
    "country": "Spain"
  },
  {
    "username": "ozunaperro",
    "followingArtist": "Leslie Osborne",
    "country_code": "US",
    "country": "USA"
  },
  {
    "username": "pipepalacio1126",
    "followingArtist": "Leslie Osborne",
    "country_code": "CL",
    "country": "Chile"
  },
  {
    "username": "Eduardo08788541",
    "followingArtist": "Leslie Osborne",
    "country_code": "US",
    "country": "USA"
  },
  {
    "username": "Angelicazunigac",
    "followingArtist": "Leslie Osborne",
    "country_code": "PT",
    "country": "Portugal"
  },
  {
    "username": "Esteban92772776",
    "followingArtist": "Leslie Osborne",
    "country_code": "NG",
    "country": "Nigeria"
  },
  {
    "username": "qveenxxbailey",
    "followingArtist": "Leslie Osborne",
    "country_code": "US",
    "country": "USA"
  },
  {
    "username": "SherryTabb",
    "followingArtist": "Leslie Osborne",
    "country_code": "US",
    "country": "USA"
  },
  {
    "username": "JimBobv2",
    "followingArtist": "Leslie Osborne",
    "country_code": "US",
    "country": "USA"
  },
  {
    "username": "JorgeCa27298618",
    "followingArtist": "Leslie Osborne",
    "country_code": "IR",
    "country": "Iran"
  },
  {
    "username": "K_LA_McKay",
    "followingArtist": "Leslie Osborne",
    "country_code": "US",
    "country": "USA"
  },
  {
    "username": "WailBerrais",
    "followingArtist": "Leslie Osborne",
    "country_code": "DZ",
    "country": "Algeria"
  },
  {
    "username": "william_dalen",
    "followingArtist": "Leslie Osborne",
    "country_code": "GB",
    "country": "UK"
  },
  {
    "username": "johnmwakisulu",
    "followingArtist": "Leslie Osborne",
    "country_code": "TZ",
    "country": "Tanzania"
  },
  {
    "username": "yacine_47j",
    "followingArtist": "Leslie Osborne",
    "country_code": "DZ",
    "country": "Algeria"
  },
  {
    "username": "kishacampins",
    "followingArtist": "Leslie Osborne",
    "country_code": "ES",
    "country": "Spain"
  },
  {
    "username": "kuhtoo_kuhtoo7",
    "followingArtist": "Leslie Osborne",
    "country_code": "US",
    "country": "USA"
  },
  {
    "username": "kristina_stipic",
    "followingArtist": "Leslie Osborne",
    "country_code": "HR",
    "country": "Croatia"
  },
  {
    "username": "brayanv67914290",
    "followingArtist": "Leslie Osborne",
    "country_code": "US",
    "country": "USA"
  },
  {
    "username": "Marcelriver1",
    "followingArtist": "Leslie Osborne",
    "country_code": "EC",
    "country": "Ecuador"
  },
  {
    "username": "scurry141",
    "followingArtist": "Leslie Osborne",
    "country_code": "US",
    "country": "USA"
  },
  {
    "username": "riqui_don",
    "followingArtist": "Leslie Osborne",
    "country_code": "VU",
    "country": "Vanuatu"
  },
  {
    "username": "Mouhammed_ZR",
    "followingArtist": "Leslie Osborne",
    "country_code": "IT",
    "country": "Italy"
  },
  {
    "username": "chilanga_cosmas",
    "followingArtist": "Leslie Osborne",
    "country_code": "TZ",
    "country": "Tanzania"
  },
  {
    "username": "MohammadAmanSa1",
    "followingArtist": "Leslie Osborne",
    "country_code": "PK",
    "country": "Pakistan"
  },
  {
    "username": "Ghamstine",
    "followingArtist": "Leslie Osborne",
    "country_code": "BW",
    "country": "Botswana"
  },
  {
    "username": "chiponde_julius",
    "followingArtist": "Leslie Osborne",
    "country_code": "TZ",
    "country": "Tanzania"
  },
  {
    "username": "Ximenauc1",
    "followingArtist": "Leslie Osborne",
    "country_code": "CL",
    "country": "Chile"
  },
  {
    "username": "ProstPublishing",
    "followingArtist": "Leslie Osborne",
    "country_code": "US",
    "country": "USA"
  },
  {
    "username": "EdquielF",
    "followingArtist": "Leslie Osborne",
    "country_code": "IR",
    "country": "Iran"
  },
  {
    "username": "BaffoAsare",
    "followingArtist": "Leslie Osborne",
    "country_code": "GH",
    "country": "Ghana"
  },
  {
    "username": "sammi_andersson",
    "followingArtist": "Leslie Osborne",
    "country_code": "SE",
    "country": "Sweden"
  },
  {
    "username": "locbanhbaoo",
    "followingArtist": "Leslie Osborne",
    "country_code": "ES",
    "country": "Spain"
  },
  {
    "username": "9r8i5l3d6i",
    "followingArtist": "Leslie Osborne",
    "country_code": "ES",
    "country": "Spain"
  },
  {
    "username": "AdamTraor3",
    "followingArtist": "Leslie Osborne",
    "country_code": "CG",
    "country": "Congo"
  },
  {
    "username": "zCrossXxX",
    "followingArtist": "Leslie Osborne",
    "country_code": "GH",
    "country": "Ghana"
  },
  {
    "username": "ManxelOssndon",
    "followingArtist": "Leslie Osborne",
    "country_code": "CL",
    "country": "Chile"
  },
  {
    "username": "luizcruz2345",
    "followingArtist": "Leslie Osborne",
    "country_code": "BR",
    "country": "Brazil"
  },
  {
    "username": "keithraven_11",
    "followingArtist": "Leslie Osborne",
    "country_code": "PH",
    "country": "Philippines"
  },
  {
    "username": "LuisaEspinola8",
    "followingArtist": "Leslie Osborne",
    "country_code": "US",
    "country": "USA"
  },
  {
    "username": "BumpingBall",
    "followingArtist": "Leslie Osborne",
    "country_code": "US",
    "country": "USA"
  },
  {
    "username": "lobostart2016",
    "followingArtist": "Leslie Osborne",
    "country_code": "EC",
    "country": "Ecuador"
  },
  {
    "username": "iDumbfaggot",
    "followingArtist": "Leslie Osborne",
    "country_code": "US",
    "country": "USA"
  },
  {
    "username": "JumaSelf",
    "followingArtist": "Leslie Osborne",
    "country_code": "TZ",
    "country": "Tanzania"
  },
  {
    "username": "FoobzEvents",
    "followingArtist": "Leslie Osborne",
    "country_code": "CA",
    "country": "Canada"
  },
  {
    "username": "redbham",
    "followingArtist": "Leslie Osborne",
    "country_code": "GB",
    "country": "UK"
  },
  {
    "username": "BonifaceJuma8",
    "followingArtist": "Leslie Osborne",
    "country_code": "TZ",
    "country": "Tanzania"
  },
  {
    "username": "Khatibumnguo2",
    "followingArtist": "Leslie Osborne",
    "country_code": "TZ",
    "country": "Tanzania"
  },
  {
    "username": "JessiRodri9",
    "followingArtist": "Leslie Osborne",
    "country_code": "US",
    "country": "USA"
  },
  {
    "username": "ryanshanks",
    "followingArtist": "Leslie Osborne",
    "country_code": "US",
    "country": "USA"
  },
  {
    "username": "Allaba11",
    "followingArtist": "Leslie Osborne",
    "country_code": "FR",
    "country": "France"
  },
  {
    "username": "bau_salinas18",
    "followingArtist": "Leslie Osborne",
    "country_code": "US",
    "country": "USA"
  },
  {
    "username": "romansoldier826",
    "followingArtist": "Leslie Osborne",
    "country_code": "US",
    "country": "USA"
  },
  {
    "username": "LuisPer41333257",
    "followingArtist": "Leslie Osborne",
    "country_code": "CL",
    "country": "Chile"
  },
  {
    "username": "JorgeZa71962072",
    "followingArtist": "Leslie Osborne",
    "country_code": "EC",
    "country": "Ecuador"
  },
  {
    "username": "Roller71991051",
    "followingArtist": "Leslie Osborne",
    "country_code": "PT",
    "country": "Portugal"
  },
  {
    "username": "alextuquer11",
    "followingArtist": "Leslie Osborne",
    "country_code": "US",
    "country": "USA"
  },
  {
    "username": "Garc1al30",
    "followingArtist": "Leslie Osborne",
    "country_code": "CO",
    "country": "Colombia"
  },
  {
    "username": "cristian1520019",
    "followingArtist": "Leslie Osborne",
    "country_code": "UY",
    "country": "Uruguay"
  },
  {
    "username": "JusufiFerdi",
    "followingArtist": "Leslie Osborne",
    "country_code": "US",
    "country": "USA"
  },
  {
    "username": "VLGallo",
    "followingArtist": "Leslie Osborne",
    "country_code": "US",
    "country": "USA"
  },
  {
    "username": "GMbhutto8",
    "followingArtist": "Leslie Osborne",
    "country_code": "PK",
    "country": "Pakistan"
  },
  {
    "username": "charles80012861",
    "followingArtist": "Leslie Osborne",
    "country_code": "ZW",
    "country": "Zimbabwe"
  },
  {
    "username": "C95603865Rachel",
    "followingArtist": "Leslie Osborne",
    "country_code": "US",
    "country": "USA"
  },
  {
    "username": "Lucy80164071",
    "followingArtist": "Leslie Osborne",
    "country_code": "UY",
    "country": "Uruguay"
  },
  {
    "username": "zaaman_aden",
    "followingArtist": "Leslie Osborne",
    "country_code": "CA",
    "country": "Canada"
  },
  {
    "username": "BarceDara",
    "followingArtist": "Leslie Osborne",
    "country_code": "US",
    "country": "USA"
  },
  {
    "username": "Aguus_Cubilla03",
    "followingArtist": "Leslie Osborne",
    "country_code": "US",
    "country": "USA"
  },
  {
    "username": "MuhammadNafeel7",
    "followingArtist": "Leslie Osborne",
    "country_code": "ID",
    "country": "Indonesia"
  },
  {
    "username": "JumpmanMarre",
    "followingArtist": "Leslie Osborne",
    "country_code": "SE",
    "country": "Sweden"
  },
  {
    "username": "SalinaKeren",
    "followingArtist": "Leslie Osborne",
    "country_code": "IR",
    "country": "Iran"
  },
  {
    "username": "tavitreeskin",
    "followingArtist": "Leslie Osborne",
    "country_code": "CA",
    "country": "Canada"
  },
  {
    "username": "henry_puyestewa",
    "followingArtist": "Leslie Osborne",
    "country_code": "MX",
    "country": "Mexico"
  },
  {
    "username": "Tifanny_Bisset",
    "followingArtist": "Leslie Osborne",
    "country_code": "PT",
    "country": "Portugal"
  },
  {
    "username": "tamlinh0808",
    "followingArtist": "Leslie Osborne",
    "country_code": "US",
    "country": "USA"
  },
  {
    "username": "eerojuho",
    "followingArtist": "Leslie Osborne",
    "country_code": "FI",
    "country": "Finland"
  },
  {
    "username": "UTZw9RVDllte69a",
    "followingArtist": "Leslie Osborne",
    "country_code": "US",
    "country": "USA"
  },
  {
    "username": "cmbadilla18",
    "followingArtist": "Leslie Osborne",
    "country_code": "US",
    "country": "USA"
  },
  {
    "username": "pedrom1203",
    "followingArtist": "Leslie Osborne",
    "country_code": "CO",
    "country": "Colombia"
  },
  {
    "username": "RobErtYTPRO",
    "followingArtist": "Leslie Osborne",
    "country_code": "CO",
    "country": "Colombia"
  },
  {
    "username": "juanra_cueva",
    "followingArtist": "Leslie Osborne",
    "country_code": "US",
    "country": "USA"
  },
  {
    "username": "LilSidzo",
    "followingArtist": "Leslie Osborne",
    "country_code": "US",
    "country": "USA"
  },
  {
    "username": "ChristianGonc15",
    "followingArtist": "Leslie Osborne",
    "country_code": "PY",
    "country": "Paraguay"
  },
  {
    "username": "nperera00",
    "followingArtist": "Leslie Osborne",
    "country_code": "NG",
    "country": "Nigeria"
  },
  {
    "username": "CBumass",
    "followingArtist": "Leslie Osborne",
    "country_code": "IE",
    "country": "Ireland"
  },
  {
    "username": "geovanny_zurita",
    "followingArtist": "Leslie Osborne",
    "country_code": "EC",
    "country": "Ecuador"
  },
  {
    "username": "rinaeidi_sawaki",
    "followingArtist": "Leslie Osborne",
    "country_code": "ID",
    "country": "Indonesia"
  },
  {
    "username": "Papi_AleXx_",
    "followingArtist": "Leslie Osborne",
    "country_code": "US",
    "country": "USA"
  },
  {
    "username": "jjbarajas781",
    "followingArtist": "Leslie Osborne",
    "country_code": "US",
    "country": "USA"
  },
  {
    "username": "YaniiMichea",
    "followingArtist": "Leslie Osborne",
    "country_code": "CL",
    "country": "Chile"
  },
  {
    "username": "MahboobMaken",
    "followingArtist": "Leslie Osborne",
    "country_code": "PK",
    "country": "Pakistan"
  },
  {
    "username": "ShusterSandoval",
    "followingArtist": "Leslie Osborne",
    "country_code": "US",
    "country": "USA"
  },
  {
    "username": "joaco660",
    "followingArtist": "Leslie Osborne",
    "country_code": "EC",
    "country": "Ecuador"
  },
  {
    "username": "Edu_zatan_90",
    "followingArtist": "Leslie Osborne",
    "country_code": "IT",
    "country": "Italy"
  },
  {
    "username": "kpengnibo",
    "followingArtist": "Leslie Osborne",
    "country_code": "US",
    "country": "USA"
  },
  {
    "username": "abheetaz",
    "followingArtist": "Leslie Osborne",
    "country_code": "NP",
    "country": "Nepal"
  },
  {
    "username": "Noblejadon",
    "followingArtist": "Leslie Osborne",
    "country_code": "NG",
    "country": "Nigeria"
  },
  {
    "username": "BigWagoner",
    "followingArtist": "Leslie Osborne",
    "country_code": "US",
    "country": "USA"
  },
  {
    "username": "phiri_12",
    "followingArtist": "Leslie Osborne",
    "country_code": "AU",
    "country": "Australia"
  },
  {
    "username": "Tamy9328",
    "followingArtist": "Leslie Osborne",
    "country_code": "EC",
    "country": "Ecuador"
  },
  {
    "username": "ivansoto9012",
    "followingArtist": "Leslie Osborne",
    "country_code": "CO",
    "country": "Colombia"
  },
  {
    "username": "ViewFromPitch",
    "followingArtist": "Leslie Osborne",
    "country_code": "US",
    "country": "USA"
  },
  {
    "username": "soccerstaramber",
    "followingArtist": "Leslie Osborne",
    "country_code": "CA",
    "country": "Canada"
  },
  {
    "username": "Ouattaranouho14",
    "followingArtist": "Leslie Osborne",
    "country_code": "CI",
    "country": "Cote D'Ivoire"
  },
  {
    "username": "mdinsun3",
    "followingArtist": "Leslie Osborne",
    "country_code": "BD",
    "country": "Bangladesh"
  },
  {
    "username": "mikel21796",
    "followingArtist": "Leslie Osborne",
    "country_code": "US",
    "country": "USA"
  },
  {
    "username": "kanatbestobe",
    "followingArtist": "Leslie Osborne",
    "country_code": "KZ",
    "country": "Kazakhstan"
  },
  {
    "username": "_glorijak_____",
    "followingArtist": "Leslie Osborne",
    "country_code": "HU",
    "country": "Hungary"
  },
  {
    "username": "mato_nowak",
    "followingArtist": "Leslie Osborne",
    "country_code": "US",
    "country": "USA"
  },
  {
    "username": "andrzej_czop",
    "followingArtist": "Leslie Osborne",
    "country_code": "PL",
    "country": "Poland"
  },
  {
    "username": "pinuzzugalante",
    "followingArtist": "Leslie Osborne",
    "country_code": "US",
    "country": "USA"
  },
  {
    "username": "LagoTroncoso",
    "followingArtist": "Leslie Osborne",
    "country_code": "CL",
    "country": "Chile"
  },
  {
    "username": "BriggitteMin",
    "followingArtist": "Leslie Osborne",
    "country_code": "EC",
    "country": "Ecuador"
  },
  {
    "username": "ing_bajana",
    "followingArtist": "Leslie Osborne",
    "country_code": "EC",
    "country": "Ecuador"
  },
  {
    "username": "Adolfoangelo10",
    "followingArtist": "Leslie Osborne",
    "country_code": "US",
    "country": "USA"
  },
  {
    "username": "javiergzz85",
    "followingArtist": "Leslie Osborne",
    "country_code": "US",
    "country": "USA"
  },
  {
    "username": "mrbaloniman",
    "followingArtist": "Leslie Osborne",
    "country_code": "US",
    "country": "USA"
  },
  {
    "username": "fernandoCRO5",
    "followingArtist": "Leslie Osborne",
    "country_code": "US",
    "country": "USA"
  },
  {
    "username": "AsadAsifMughal",
    "followingArtist": "Leslie Osborne",
    "country_code": "PK",
    "country": "Pakistan"
  },
  {
    "username": "WinterTF2",
    "followingArtist": "Leslie Osborne",
    "country_code": "US",
    "country": "USA"
  },
  {
    "username": "collins_twene",
    "followingArtist": "Leslie Osborne",
    "country_code": "GH",
    "country": "Ghana"
  },
  {
    "username": "mianusm39808365",
    "followingArtist": "Leslie Osborne",
    "country_code": "PK",
    "country": "Pakistan"
  },
  {
    "username": "m_T0o0TA",
    "followingArtist": "Leslie Osborne",
    "country_code": "CN",
    "country": "China"
  },
  {
    "username": "zubeli_kibanda",
    "followingArtist": "Leslie Osborne",
    "country_code": "TZ",
    "country": "Tanzania"
  },
  {
    "username": "MarceloNexar",
    "followingArtist": "Leslie Osborne",
    "country_code": "EC",
    "country": "Ecuador"
  },
  {
    "username": "nkolo_edgard",
    "followingArtist": "Leslie Osborne",
    "country_code": "CM",
    "country": "Cameroon"
  },
  {
    "username": "ArielLeandroag7",
    "followingArtist": "Leslie Osborne",
    "country_code": "CL",
    "country": "Chile"
  },
  {
    "username": "vectorky",
    "followingArtist": "Leslie Osborne",
    "country_code": "PL",
    "country": "Poland"
  },
  {
    "username": "zeroual_sami",
    "followingArtist": "Leslie Osborne",
    "country_code": "FR",
    "country": "France"
  },
  {
    "username": "kanyfernande",
    "followingArtist": "Leslie Osborne",
    "country_code": "DE",
    "country": "Germany"
  },
  {
    "username": "wizeiland95",
    "followingArtist": "Leslie Osborne",
    "country_code": "FI",
    "country": "Finland"
  },
  {
    "username": "muhammadaliyev7",
    "followingArtist": "Leslie Osborne",
    "country_code": "AZ",
    "country": "Azerbaijan"
  },
  {
    "username": "shawbojasm41",
    "followingArtist": "Leslie Osborne",
    "country_code": "JP",
    "country": "Japan"
  },
  {
    "username": "m_zelazny",
    "followingArtist": "Leslie Osborne",
    "country_code": "AU",
    "country": "Australia"
  },
  {
    "username": "RossAndrew352",
    "followingArtist": "Leslie Osborne",
    "country_code": "MA",
    "country": "Morocco"
  },
  {
    "username": "19741977a",
    "followingArtist": "Leslie Osborne",
    "country_code": "CO",
    "country": "Colombia"
  },
  {
    "username": "Carolina8137998",
    "followingArtist": "Leslie Osborne",
    "country_code": "CO",
    "country": "Colombia"
  },
  {
    "username": "chloesoccer09",
    "followingArtist": "Leslie Osborne",
    "country_code": "US",
    "country": "USA"
  },
  {
    "username": "mirekpiotrowic1",
    "followingArtist": "Leslie Osborne",
    "country_code": "PL",
    "country": "Poland"
  },
  {
    "username": "OliverAcquah2",
    "followingArtist": "Leslie Osborne",
    "country_code": "GH",
    "country": "Ghana"
  },
  {
    "username": "DarwinMoreiraB1",
    "followingArtist": "Leslie Osborne",
    "country_code": "NG",
    "country": "Nigeria"
  },
  {
    "username": "mohamedbaaziz9",
    "followingArtist": "Leslie Osborne",
    "country_code": "DZ",
    "country": "Algeria"
  },
  {
    "username": "ZJuzkow",
    "followingArtist": "Leslie Osborne",
    "country_code": "PL",
    "country": "Poland"
  },
  {
    "username": "f3rn_22",
    "followingArtist": "Leslie Osborne",
    "country_code": "US",
    "country": "USA"
  },
  {
    "username": "felfliannaba",
    "followingArtist": "Leslie Osborne",
    "country_code": "DZ",
    "country": "Algeria"
  },
  {
    "username": "sahiludhay3",
    "followingArtist": "Leslie Osborne",
    "country_code": "US",
    "country": "USA"
  },
  {
    "username": "NewdayMedia_JSC",
    "followingArtist": "Leslie Osborne",
    "country_code": "VN",
    "country": "Viet Nam"
  },
  {
    "username": "Fer_jprr27",
    "followingArtist": "Leslie Osborne",
    "country_code": "CL",
    "country": "Chile"
  },
  {
    "username": "ashar_shameer_",
    "followingArtist": "Leslie Osborne",
    "country_code": "QA",
    "country": "Qatar"
  },
  {
    "username": "yeni1710",
    "followingArtist": "Leslie Osborne",
    "country_code": "UY",
    "country": "Uruguay"
  },
  {
    "username": "KiinoaSnacks",
    "followingArtist": "Leslie Osborne",
    "country_code": "NL",
    "country": "Netherlands"
  },
  {
    "username": "adybec",
    "followingArtist": "Leslie Osborne",
    "country_code": "US",
    "country": "USA"
  },
  {
    "username": "Arielpantoja12",
    "followingArtist": "Leslie Osborne",
    "country_code": "NI",
    "country": "Nicaragua"
  },
  {
    "username": "Lyadda_Victor",
    "followingArtist": "Leslie Osborne",
    "country_code": "UG",
    "country": "Uganda"
  },
  {
    "username": "akwadhwa26",
    "followingArtist": "Leslie Osborne",
    "country_code": "PK",
    "country": "Pakistan"
  },
  {
    "username": "LacyNewman02",
    "followingArtist": "Leslie Osborne",
    "country_code": "US",
    "country": "USA"
  },
  {
    "username": "tatumjade11",
    "followingArtist": "Leslie Osborne",
    "country_code": "BR",
    "country": "Brazil"
  },
  {
    "username": "mf_is_me",
    "followingArtist": "Leslie Osborne",
    "country_code": "GB",
    "country": "UK"
  },
  {
    "username": "debs_sofs",
    "followingArtist": "Leslie Osborne",
    "country_code": "AE",
    "country": "United Arab Emirates"
  },
  {
    "username": "pabloespartano1",
    "followingArtist": "Leslie Osborne",
    "country_code": "US",
    "country": "USA"
  },
  {
    "username": "Courtstar413",
    "followingArtist": "Leslie Osborne",
    "country_code": "US",
    "country": "USA"
  },
  {
    "username": "LAScores",
    "followingArtist": "Leslie Osborne",
    "country_code": "NG",
    "country": "Nigeria"
  },
  {
    "username": "_Babe_Ruthless_",
    "followingArtist": "Leslie Osborne",
    "country_code": "US",
    "country": "USA"
  },
  {
    "username": "thedgorden1",
    "followingArtist": "Leslie Osborne",
    "country_code": "Wisconsin St",
    "country": "Wisconsin St"
  },
  {
    "username": "madaboutgames6",
    "followingArtist": "Leslie Osborne",
    "country_code": "Wisconsin St",
    "country": "Wisconsin St"
  },
  {
    "username": "ImToddChristian",
    "followingArtist": "Leslie Osborne",
    "country_code": "NG",
    "country": "Nigeria"
  },
  {
    "username": "Brendan58556111",
    "followingArtist": "Leslie Osborne",
    "country_code": "US",
    "country": "USA"
  },
  {
    "username": "melissanne71",
    "followingArtist": "Leslie Osborne",
    "country_code": "US",
    "country": "USA"
  },
  {
    "username": "deansoccerilife",
    "followingArtist": "Leslie Osborne",
    "country_code": "US",
    "country": "USA"
  },
  {
    "username": "ChrisCaggs",
    "followingArtist": "Leslie Osborne",
    "country_code": "AU",
    "country": "Australia"
  },
  {
    "username": "paigeweb_t",
    "followingArtist": "Leslie Osborne",
    "country_code": "California City Blvd",
    "country": "California City Blvd"
  },
  {
    "username": "ayyeeKatrina",
    "followingArtist": "Leslie Osborne",
    "country_code": "US",
    "country": "USA"
  },
  {
    "username": "AsimHitachi",
    "followingArtist": "Leslie Osborne",
    "country_code": "US",
    "country": "USA"
  },
  {
    "username": "JohnGomezlll",
    "followingArtist": "Leslie Osborne",
    "country_code": "US",
    "country": "USA"
  },
  {
    "username": "Gracethompson06",
    "followingArtist": "Leslie Osborne",
    "country_code": "US",
    "country": "USA"
  },
  {
    "username": "EdithAlexander0",
    "followingArtist": "Leslie Osborne",
    "country_code": "US",
    "country": "USA"
  },
  {
    "username": "AgnesBriefs",
    "followingArtist": "Leslie Osborne",
    "country_code": "US",
    "country": "USA"
  },
  {
    "username": "407_520",
    "followingArtist": "Leslie Osborne",
    "country_code": "US",
    "country": "USA"
  },
  {
    "username": "kickboxaj",
    "followingArtist": "Leslie Osborne",
    "country_code": "NG",
    "country": "Nigeria"
  },
  {
    "username": "LeoLawrence94",
    "followingArtist": "Leslie Osborne",
    "country_code": "US",
    "country": "USA"
  },
  {
    "username": "Pahooter44",
    "followingArtist": "Leslie Osborne",
    "country_code": "US",
    "country": "USA"
  },
  {
    "username": "worldsfirstnew",
    "followingArtist": "Leslie Osborne",
    "country_code": "IN",
    "country": "India"
  },
  {
    "username": "HenriettaMarc12",
    "followingArtist": "Leslie Osborne",
    "country_code": "US",
    "country": "USA"
  },
  {
    "username": "ObviDigital",
    "followingArtist": "Leslie Osborne",
    "country_code": "US",
    "country": "USA"
  },
  {
    "username": "itisalex_",
    "followingArtist": "Leslie Osborne",
    "country_code": "US",
    "country": "USA"
  },
  {
    "username": "baseballfam247",
    "followingArtist": "Leslie Osborne",
    "country_code": "US",
    "country": "USA"
  },
  {
    "username": "joshsteimle",
    "followingArtist": "Leslie Osborne",
    "country_code": "CN",
    "country": "China"
  },
  {
    "username": "SymmetricBrows",
    "followingArtist": "Leslie Osborne",
    "country_code": "US",
    "country": "USA"
  },
  {
    "username": "Albaaaa",
    "followingArtist": "Leslie Osborne",
    "country_code": "US",
    "country": "USA"
  },
  {
    "username": "kamaluddin2u",
    "followingArtist": "Leslie Osborne",
    "country_code": "BD",
    "country": "Bangladesh"
  },
  {
    "username": "ywjktrading",
    "followingArtist": "Leslie Osborne",
    "country_code": "CN",
    "country": "China"
  },
  {
    "username": "forzatc1",
    "followingArtist": "Leslie Osborne",
    "country_code": "US",
    "country": "USA"
  },
  {
    "username": "emilyzapata7914",
    "followingArtist": "Leslie Osborne",
    "country_code": "US",
    "country": "USA"
  },
  {
    "username": "KDhemar",
    "followingArtist": "Leslie Osborne",
    "country_code": "UG",
    "country": "Uganda"
  },
  {
    "username": "Be_Brllnt",
    "followingArtist": "Leslie Osborne",
    "country_code": "US",
    "country": "USA"
  },
  {
    "username": "BlakeWollenberg",
    "followingArtist": "Leslie Osborne",
    "country_code": "US",
    "country": "USA"
  },
  {
    "username": "IamApolloSeven",
    "followingArtist": "Leslie Osborne",
    "country_code": "US",
    "country": "USA"
  },
  {
    "username": "bkardon",
    "followingArtist": "Leslie Osborne",
    "country_code": "US",
    "country": "USA"
  },
  {
    "username": "Luisandreyvarg3",
    "followingArtist": "Leslie Osborne",
    "country_code": "US",
    "country": "USA"
  },
  {
    "username": "UnleadedDC",
    "followingArtist": "Leslie Osborne",
    "country_code": "US",
    "country": "USA"
  },
  {
    "username": "stangvalentin",
    "followingArtist": "Leslie Osborne",
    "country_code": "MX",
    "country": "Mexico"
  },
  {
    "username": "DevanteIrby1",
    "followingArtist": "Leslie Osborne",
    "country_code": "US",
    "country": "USA"
  },
  {
    "username": "LuckyMacaulay",
    "followingArtist": "Leslie Osborne",
    "country_code": "NG",
    "country": "Nigeria"
  },
  {
    "username": "JohnDB48",
    "followingArtist": "Leslie Osborne",
    "country_code": "US",
    "country": "USA"
  },
  {
    "username": "kula_erin",
    "followingArtist": "Leslie Osborne",
    "country_code": "US",
    "country": "USA"
  },
  {
    "username": "Ajsmyth1010",
    "followingArtist": "Leslie Osborne",
    "country_code": "IT",
    "country": "Italy"
  },
  {
    "username": "tuckertalksalot",
    "followingArtist": "Leslie Osborne",
    "country_code": "TH",
    "country": "Thailand"
  },
  {
    "username": "PumpThatFitness",
    "followingArtist": "Leslie Osborne",
    "country_code": "BJ",
    "country": "Benin"
  },
  {
    "username": "super_merc14",
    "followingArtist": "Leslie Osborne",
    "country_code": "US",
    "country": "USA"
  },
  {
    "username": "pam_nuttall",
    "followingArtist": "Leslie Osborne",
    "country_code": "US",
    "country": "USA"
  },
  {
    "username": "Aerobaticpanda",
    "followingArtist": "Leslie Osborne",
    "country_code": "US",
    "country": "USA"
  },
  {
    "username": "InfinetMotor",
    "followingArtist": "Leslie Osborne",
    "country_code": "US",
    "country": "USA"
  },
  {
    "username": "ghettotvdvd",
    "followingArtist": "Leslie Osborne",
    "country_code": "US",
    "country": "USA"
  },
  {
    "username": "navidooo",
    "followingArtist": "Leslie Osborne",
    "country_code": "AU",
    "country": "Australia"
  },
  {
    "username": "DGBH111",
    "followingArtist": "Leslie Osborne",
    "country_code": "CH",
    "country": "Switzerland"
  },
  {
    "username": "mikenrex",
    "followingArtist": "Leslie Osborne",
    "country_code": "US",
    "country": "USA"
  },
  {
    "username": "_amandacardenas",
    "followingArtist": "Leslie Osborne",
    "country_code": "NG",
    "country": "Nigeria"
  },
  {
    "username": "wheresselfie",
    "followingArtist": "Leslie Osborne",
    "country_code": "US",
    "country": "USA"
  },
  {
    "username": "terrywhite10",
    "followingArtist": "Leslie Osborne",
    "country_code": "CM",
    "country": "Cameroon"
  },
  {
    "username": "douglasmday",
    "followingArtist": "Leslie Osborne",
    "country_code": "US",
    "country": "USA"
  },
  {
    "username": "shennessey44",
    "followingArtist": "Leslie Osborne",
    "country_code": "US",
    "country": "USA"
  },
  {
    "username": "ianrhollis",
    "followingArtist": "Leslie Osborne",
    "country_code": "US",
    "country": "USA"
  },
  {
    "username": "AbidalEricson",
    "followingArtist": "Leslie Osborne",
    "country_code": "CL",
    "country": "Chile"
  },
  {
    "username": "Jessiilocc",
    "followingArtist": "Leslie Osborne",
    "country_code": "US",
    "country": "USA"
  },
  {
    "username": "chrisanglin2",
    "followingArtist": "Leslie Osborne",
    "country_code": "US",
    "country": "USA"
  },
  {
    "username": "BassoHannah",
    "followingArtist": "Leslie Osborne",
    "country_code": "US",
    "country": "USA"
  },
  {
    "username": "t_shaw55",
    "followingArtist": "Leslie Osborne",
    "country_code": "UK",
    "country": "United Kingdom"
  },
  {
    "username": "dfitzknowsbest",
    "followingArtist": "Leslie Osborne",
    "country_code": "NG",
    "country": "Nigeria"
  },
  {
    "username": "curtismaximous",
    "followingArtist": "Leslie Osborne",
    "country_code": "US",
    "country": "USA"
  },
  {
    "username": "LeahWyatt2023",
    "followingArtist": "Leslie Osborne",
    "country_code": "US",
    "country": "USA"
  },
  {
    "username": "Bagwell26546501",
    "followingArtist": "Leslie Osborne",
    "country_code": "GB",
    "country": "UK"
  },
  {
    "username": "AleetaOzurumba",
    "followingArtist": "Leslie Osborne",
    "country_code": "US",
    "country": "USA"
  },
  {
    "username": "shaas234",
    "followingArtist": "Leslie Osborne",
    "country_code": "US",
    "country": "USA"
  },
  {
    "username": "YSRTEMP2",
    "followingArtist": "Leslie Osborne",
    "country_code": "NG",
    "country": "Nigeria"
  },
  {
    "username": "rhirhi8",
    "followingArtist": "Leslie Osborne",
    "country_code": "CA",
    "country": "Canada"
  },
  {
    "username": "soccerjunky_98",
    "followingArtist": "Leslie Osborne",
    "country_code": "CN",
    "country": "China"
  },
  {
    "username": "Mohamed_mehrz",
    "followingArtist": "Leslie Osborne",
    "country_code": "DZ",
    "country": "Algeria"
  },
  {
    "username": "Optimum_Water",
    "followingArtist": "Leslie Osborne",
    "country_code": "US",
    "country": "USA"
  },
  {
    "username": "dogtrainer444",
    "followingArtist": "Leslie Osborne",
    "country_code": "US",
    "country": "USA"
  },
  {
    "username": "AlexSeelig",
    "followingArtist": "Leslie Osborne",
    "country_code": "NG",
    "country": "Nigeria"
  },
  {
    "username": "BeckaTj",
    "followingArtist": "Leslie Osborne",
    "country_code": "IR",
    "country": "Iran"
  },
  {
    "username": "bobiraknight",
    "followingArtist": "Leslie Osborne",
    "country_code": "GH",
    "country": "Ghana"
  },
  {
    "username": "nicolacer",
    "followingArtist": "Leslie Osborne",
    "country_code": "ES",
    "country": "Spain"
  },
  {
    "username": "tae_waves",
    "followingArtist": "Leslie Osborne",
    "country_code": "US",
    "country": "USA"
  },
  {
    "username": "scscasey279",
    "followingArtist": "Leslie Osborne",
    "country_code": "US",
    "country": "USA"
  },
  {
    "username": "axelluisorozco",
    "followingArtist": "Leslie Osborne",
    "country_code": "NL",
    "country": "Netherlands"
  },
  {
    "username": "daveski88",
    "followingArtist": "Leslie Osborne",
    "country_code": "US",
    "country": "USA"
  },
  {
    "username": "ValeriaCoronaV5",
    "followingArtist": "Leslie Osborne",
    "country_code": "MX",
    "country": "Mexico"
  },
  {
    "username": "mtawirghi",
    "followingArtist": "Leslie Osborne",
    "country_code": "LY",
    "country": "Libya"
  },
  {
    "username": "Idislikelobster",
    "followingArtist": "Leslie Osborne",
    "country_code": "US",
    "country": "USA"
  },
  {
    "username": "Toni_Gangsta",
    "followingArtist": "Leslie Osborne",
    "country_code": "US",
    "country": "USA"
  },
  {
    "username": "Freekickforgood",
    "followingArtist": "Leslie Osborne",
    "country_code": "NZ",
    "country": "New Zealand"
  },
  {
    "username": "boy_maher",
    "followingArtist": "Leslie Osborne",
    "country_code": "GB",
    "country": "UK"
  },
  {
    "username": "DenoglaFilms",
    "followingArtist": "Leslie Osborne",
    "country_code": "UK",
    "country": "United Kingdom"
  },
  {
    "username": "ProfilePasser",
    "followingArtist": "Leslie Osborne",
    "country_code": "US",
    "country": "USA"
  },
  {
    "username": "veryllily",
    "followingArtist": "Leslie Osborne",
    "country_code": "UK",
    "country": "United Kingdom"
  },
  {
    "username": "KylieB60092238",
    "followingArtist": "Leslie Osborne",
    "country_code": "US",
    "country": "USA"
  },
  {
    "username": "anneschulzecook",
    "followingArtist": "Leslie Osborne",
    "country_code": "US",
    "country": "USA"
  },
  {
    "username": "JooRibe86933208",
    "followingArtist": "Leslie Osborne",
    "country_code": "AO",
    "country": "Angola"
  },
  {
    "username": "MeganCurry1813",
    "followingArtist": "Leslie Osborne",
    "country_code": "US",
    "country": "USA"
  },
  {
    "username": "ATorres092083",
    "followingArtist": "Leslie Osborne",
    "country_code": "US",
    "country": "USA"
  },
  {
    "username": "mahaderony",
    "followingArtist": "Leslie Osborne",
    "country_code": "BD",
    "country": "Bangladesh"
  },
  {
    "username": "acamonsr",
    "followingArtist": "Leslie Osborne",
    "country_code": "US",
    "country": "USA"
  },
  {
    "username": "yo3lla",
    "followingArtist": "Leslie Osborne",
    "country_code": "US",
    "country": "USA"
  },
  {
    "username": "serradj_ali",
    "followingArtist": "Leslie Osborne",
    "country_code": "US",
    "country": "USA"
  },
  {
    "username": "EverElfilosofo",
    "followingArtist": "Leslie Osborne",
    "country_code": "US",
    "country": "USA"
  },
  {
    "username": "Fredeemed33",
    "followingArtist": "Leslie Osborne",
    "country_code": "PL",
    "country": "Poland"
  },
  {
    "username": "ZadenLopez20",
    "followingArtist": "Leslie Osborne",
    "country_code": "US",
    "country": "USA"
  },
  {
    "username": "gameraki123",
    "followingArtist": "Leslie Osborne",
    "country_code": "US",
    "country": "USA"
  },
  {
    "username": "ArturoEnciso6",
    "followingArtist": "Leslie Osborne",
    "country_code": "AR",
    "country": "Argentina"
  },
  {
    "username": "aoonsafdar",
    "followingArtist": "Leslie Osborne",
    "country_code": "AE",
    "country": "United Arab Emirates"
  },
  {
    "username": "kateymarie",
    "followingArtist": "Leslie Osborne",
    "country_code": "US",
    "country": "USA"
  },
  {
    "username": "thedigworld",
    "followingArtist": "Leslie Osborne",
    "country_code": "NG",
    "country": "Nigeria"
  },
  {
    "username": "JosephLWarrenJW",
    "followingArtist": "Leslie Osborne",
    "country_code": "NG",
    "country": "Nigeria"
  },
  {
    "username": "VillaCapriPizza",
    "followingArtist": "Leslie Osborne",
    "country_code": "US",
    "country": "USA"
  },
  {
    "username": "mylslaenana",
    "followingArtist": "Leslie Osborne",
    "country_code": "IR",
    "country": "Iran"
  },
  {
    "username": "MentalmentRicos",
    "followingArtist": "Leslie Osborne",
    "country_code": "CO",
    "country": "Colombia"
  },
  {
    "username": "chantalpriya",
    "followingArtist": "Leslie Osborne",
    "country_code": "US",
    "country": "USA"
  },
  {
    "username": "SnodgrassLaura",
    "followingArtist": "Leslie Osborne",
    "country_code": "US",
    "country": "USA"
  },
  {
    "username": "brucearthur10",
    "followingArtist": "Leslie Osborne",
    "country_code": "GH",
    "country": "Ghana"
  },
  {
    "username": "reytico03",
    "followingArtist": "Leslie Osborne",
    "country_code": "US",
    "country": "USA"
  },
  {
    "username": "btack85",
    "followingArtist": "Leslie Osborne",
    "country_code": "US",
    "country": "USA"
  },
  {
    "username": "dilu18219",
    "followingArtist": "Leslie Osborne",
    "country_code": "AE",
    "country": "United Arab Emirates"
  },
  {
    "username": "AlexNotTrit",
    "followingArtist": "Leslie Osborne",
    "country_code": "California City Blvd",
    "country": "California City Blvd"
  },
  {
    "username": "sambita39",
    "followingArtist": "Leslie Osborne",
    "country_code": "EC",
    "country": "Ecuador"
  },
  {
    "username": "MaddieOFarrell",
    "followingArtist": "Leslie Osborne",
    "country_code": "US",
    "country": "USA"
  },
  {
    "username": "NotHopeSolo",
    "followingArtist": "Leslie Osborne",
    "country_code": "US",
    "country": "USA"
  },
  {
    "username": "danala30",
    "followingArtist": "Leslie Osborne",
    "country_code": "US",
    "country": "USA"
  },
  {
    "username": "Pft98",
    "followingArtist": "Leslie Osborne",
    "country_code": "US",
    "country": "USA"
  },
  {
    "username": "smashross",
    "followingArtist": "Leslie Osborne",
    "country_code": "US",
    "country": "USA"
  },
  {
    "username": "michelegiacobbe",
    "followingArtist": "Leslie Osborne",
    "country_code": "US",
    "country": "USA"
  },
  {
    "username": "pipagamar13",
    "followingArtist": "Leslie Osborne",
    "country_code": "CL",
    "country": "Chile"
  },
  {
    "username": "PabloNunezElPe1",
    "followingArtist": "Leslie Osborne",
    "country_code": "US",
    "country": "USA"
  },
  {
    "username": "EmmaHumphries6",
    "followingArtist": "Leslie Osborne",
    "country_code": "CA",
    "country": "Canada"
  },
  {
    "username": "michael_davis98",
    "followingArtist": "Leslie Osborne",
    "country_code": "US",
    "country": "USA"
  },
  {
    "username": "JGarcia093",
    "followingArtist": "Leslie Osborne",
    "country_code": "US",
    "country": "USA"
  },
  {
    "username": "jazzyrenee1980",
    "followingArtist": "Leslie Osborne",
    "country_code": "US",
    "country": "USA"
  },
  {
    "username": "Shinola",
    "followingArtist": "Leslie Osborne",
    "country_code": "US",
    "country": "USA"
  },
  {
    "username": "eltiellorrac",
    "followingArtist": "Leslie Osborne",
    "country_code": "US",
    "country": "USA"
  },
  {
    "username": "uhhhmidk",
    "followingArtist": "Leslie Osborne",
    "country_code": "US",
    "country": "USA"
  },
  {
    "username": "ShizzbB",
    "followingArtist": "Leslie Osborne",
    "country_code": "US",
    "country": "USA"
  },
  {
    "username": "mhdmoeena123",
    "followingArtist": "Leslie Osborne",
    "country_code": "US",
    "country": "USA"
  },
  {
    "username": "MandaLeighP13",
    "followingArtist": "Leslie Osborne",
    "country_code": "US",
    "country": "USA"
  },
  {
    "username": "bazzatomo",
    "followingArtist": "Leslie Osborne",
    "country_code": "GB",
    "country": "UK"
  },
  {
    "username": "PersieMarian",
    "followingArtist": "Leslie Osborne",
    "country_code": "NG",
    "country": "Nigeria"
  },
  {
    "username": "Wes10Harper",
    "followingArtist": "Leslie Osborne",
    "country_code": "US",
    "country": "USA"
  },
  {
    "username": "olivialynnfahey",
    "followingArtist": "Leslie Osborne",
    "country_code": "US",
    "country": "USA"
  },
  {
    "username": "ernest_orantes",
    "followingArtist": "Leslie Osborne",
    "country_code": "US",
    "country": "USA"
  },
  {
    "username": "MerwinAlexandra",
    "followingArtist": "Leslie Osborne",
    "country_code": "US",
    "country": "USA"
  },
  {
    "username": "JWS112",
    "followingArtist": "Leslie Osborne",
    "country_code": "US",
    "country": "USA"
  },
  {
    "username": "CSUSM_WSoc",
    "followingArtist": "Leslie Osborne",
    "country_code": "US",
    "country": "USA"
  },
  {
    "username": "indra71011",
    "followingArtist": "Leslie Osborne",
    "country_code": "ID",
    "country": "Indonesia"
  },
  {
    "username": "MokoteKarabo",
    "followingArtist": "Leslie Osborne",
    "country_code": "BW",
    "country": "Botswana"
  },
  {
    "username": "paden_ante",
    "followingArtist": "Leslie Osborne",
    "country_code": "HR",
    "country": "Croatia"
  },
  {
    "username": "petro_janos",
    "followingArtist": "Leslie Osborne",
    "country_code": "BY",
    "country": "Belarus"
  },
  {
    "username": "soiyadi",
    "followingArtist": "Leslie Osborne",
    "country_code": "FR",
    "country": "France"
  },
  {
    "username": "mwyckham",
    "followingArtist": "Leslie Osborne",
    "country_code": "JM",
    "country": "Jamaica"
  },
  {
    "username": "PCA_BayArea",
    "followingArtist": "Leslie Osborne",
    "country_code": "US",
    "country": "USA"
  },
  {
    "username": "TheTrueChloBear",
    "followingArtist": "Leslie Osborne",
    "country_code": "US",
    "country": "USA"
  },
  {
    "username": "Elsnopolis",
    "followingArtist": "Leslie Osborne",
    "country_code": "US",
    "country": "USA"
  },
  {
    "username": "kl_geerling20",
    "followingArtist": "Leslie Osborne",
    "country_code": "US",
    "country": "USA"
  },
  {
    "username": "GerardoMenende3",
    "followingArtist": "Leslie Osborne",
    "country_code": "ES",
    "country": "Spain"
  },
  {
    "username": "CrabbyGabtree",
    "followingArtist": "Leslie Osborne",
    "country_code": "MR",
    "country": "Mauritania"
  },
  {
    "username": "KBear_Larson",
    "followingArtist": "Leslie Osborne",
    "country_code": "US",
    "country": "USA"
  },
  {
    "username": "ORYouthSoccer",
    "followingArtist": "Leslie Osborne",
    "country_code": "US",
    "country": "USA"
  },
  {
    "username": "KingHos_gh",
    "followingArtist": "Leslie Osborne",
    "country_code": "GH",
    "country": "Ghana"
  },
  {
    "username": "jvcsur4",
    "followingArtist": "Leslie Osborne",
    "country_code": "US",
    "country": "USA"
  },
  {
    "username": "mandi_ringo",
    "followingArtist": "Leslie Osborne",
    "country_code": "US",
    "country": "USA"
  },
  {
    "username": "kvaliaahvilip",
    "followingArtist": "Leslie Osborne",
    "country_code": "US",
    "country": "USA"
  },
  {
    "username": "arelixmiranda",
    "followingArtist": "Leslie Osborne",
    "country_code": "US",
    "country": "USA"
  },
  {
    "username": "dj_kayswag",
    "followingArtist": "Leslie Osborne",
    "country_code": "US",
    "country": "USA"
  },
  {
    "username": "KrisEvans12345",
    "followingArtist": "Leslie Osborne",
    "country_code": "US",
    "country": "USA"
  },
  {
    "username": "vladymm",
    "followingArtist": "Leslie Osborne",
    "country_code": "US",
    "country": "USA"
  },
  {
    "username": "MorgantownFC",
    "followingArtist": "Leslie Osborne",
    "country_code": "GB",
    "country": "UK"
  },
  {
    "username": "soccertee1",
    "followingArtist": "Leslie Osborne",
    "country_code": "US",
    "country": "USA"
  },
  {
    "username": "coachdanmanson",
    "followingArtist": "Leslie Osborne",
    "country_code": "US",
    "country": "USA"
  },
  {
    "username": "CristianArgilio",
    "followingArtist": "Leslie Osborne",
    "country_code": "US",
    "country": "USA"
  },
  {
    "username": "TooMuchGun",
    "followingArtist": "Leslie Osborne",
    "country_code": "US",
    "country": "USA"
  },
  {
    "username": "VISHALP71666673",
    "followingArtist": "Leslie Osborne",
    "country_code": "AZ",
    "country": "Azerbaijan"
  },
  {
    "username": "AdoTheBig",
    "followingArtist": "Leslie Osborne",
    "country_code": "BA",
    "country": "Bosnia and Herzegovina"
  },
  {
    "username": "ClaireRishe",
    "followingArtist": "Leslie Osborne",
    "country_code": "US",
    "country": "USA"
  },
  {
    "username": "mtnstoodstrong",
    "followingArtist": "Leslie Osborne",
    "country_code": "US",
    "country": "USA"
  },
  {
    "username": "weisseb",
    "followingArtist": "Leslie Osborne",
    "country_code": "US",
    "country": "USA"
  },
  {
    "username": "CarlosA42144414",
    "followingArtist": "Leslie Osborne",
    "country_code": "SV",
    "country": "El Salvador"
  },
  {
    "username": "KaelaSouthwick",
    "followingArtist": "Leslie Osborne",
    "country_code": "US",
    "country": "USA"
  },
  {
    "username": "UltraViolet",
    "followingArtist": "Leslie Osborne",
    "country_code": "US",
    "country": "USA"
  },
  {
    "username": "cammcecil",
    "followingArtist": "Leslie Osborne",
    "country_code": "KZ",
    "country": "Kazakhstan"
  },
  {
    "username": "iamfujimura",
    "followingArtist": "Leslie Osborne",
    "country_code": "US",
    "country": "USA"
  },
  {
    "username": "dasjoshua",
    "followingArtist": "Leslie Osborne",
    "country_code": "US",
    "country": "USA"
  },
  {
    "username": "Travis_Hll15",
    "followingArtist": "Leslie Osborne",
    "country_code": "US",
    "country": "USA"
  },
  {
    "username": "FakeAM13",
    "followingArtist": "Leslie Osborne",
    "country_code": "US",
    "country": "USA"
  },
  {
    "username": "hugolcasillas10",
    "followingArtist": "Leslie Osborne",
    "country_code": "California City Blvd",
    "country": "California City Blvd"
  },
  {
    "username": "Stephen70680504",
    "followingArtist": "Leslie Osborne",
    "country_code": "UK",
    "country": "United Kingdom"
  },
  {
    "username": "cinnamonkriegs",
    "followingArtist": "Leslie Osborne",
    "country_code": "ES",
    "country": "Spain"
  },
  {
    "username": "andrea300716",
    "followingArtist": "Leslie Osborne",
    "country_code": "FR",
    "country": "France"
  },
  {
    "username": "lzap02",
    "followingArtist": "Leslie Osborne",
    "country_code": "US",
    "country": "USA"
  },
  {
    "username": "Mostafa04688259",
    "followingArtist": "Leslie Osborne",
    "country_code": "SE",
    "country": "Sweden"
  },
  {
    "username": "DustinDierkes",
    "followingArtist": "Leslie Osborne",
    "country_code": "US",
    "country": "USA"
  },
  {
    "username": "weselka_leon",
    "followingArtist": "Leslie Osborne",
    "country_code": "AT",
    "country": "Austria"
  },
  {
    "username": "Miketheanimal51",
    "followingArtist": "Leslie Osborne",
    "country_code": "US",
    "country": "USA"
  },
  {
    "username": "fahimrifat8991",
    "followingArtist": "Leslie Osborne",
    "country_code": "BD",
    "country": "Bangladesh"
  },
  {
    "username": "MatiasE13313",
    "followingArtist": "Leslie Osborne",
    "country_code": "US",
    "country": "USA"
  },
  {
    "username": "wilburz14",
    "followingArtist": "Leslie Osborne",
    "country_code": "US",
    "country": "USA"
  },
  {
    "username": "FelipeB92655871",
    "followingArtist": "Leslie Osborne",
    "country_code": "CL",
    "country": "Chile"
  },
  {
    "username": "anyesa63",
    "followingArtist": "Leslie Osborne",
    "country_code": "AU",
    "country": "Australia"
  },
  {
    "username": "dlhowk",
    "followingArtist": "Leslie Osborne",
    "country_code": "US",
    "country": "USA"
  },
  {
    "username": "KBriandt",
    "followingArtist": "Leslie Osborne",
    "country_code": "GH",
    "country": "Ghana"
  },
  {
    "username": "scottpil74",
    "followingArtist": "Leslie Osborne",
    "country_code": "GB",
    "country": "UK"
  },
  {
    "username": "Citizen_303",
    "followingArtist": "Leslie Osborne",
    "country_code": "US",
    "country": "USA"
  },
  {
    "username": "TthePenguin",
    "followingArtist": "Leslie Osborne",
    "country_code": "UK",
    "country": "United Kingdom"
  },
  {
    "username": "DJ4LYFDevils",
    "followingArtist": "Leslie Osborne",
    "country_code": "UK",
    "country": "United Kingdom"
  },
  {
    "username": "mayaleim",
    "followingArtist": "Leslie Osborne",
    "country_code": "US",
    "country": "USA"
  },
  {
    "username": "DocLorencio",
    "followingArtist": "Leslie Osborne",
    "country_code": "US",
    "country": "USA"
  },
  {
    "username": "SoliduEugen",
    "followingArtist": "Leslie Osborne",
    "country_code": "GR",
    "country": "Greece"
  },
  {
    "username": "DivaChama",
    "followingArtist": "Leslie Osborne",
    "country_code": "NL",
    "country": "Netherlands"
  },
  {
    "username": "harounoac",
    "followingArtist": "Leslie Osborne",
    "country_code": "AU",
    "country": "Australia"
  },
  {
    "username": "50niwgenp",
    "followingArtist": "Leslie Osborne",
    "country_code": "GB",
    "country": "UK"
  },
  {
    "username": "EVLWC",
    "followingArtist": "Leslie Osborne",
    "country_code": "US",
    "country": "USA"
  },
  {
    "username": "craigdowney151",
    "followingArtist": "Leslie Osborne",
    "country_code": "IE",
    "country": "Ireland"
  },
  {
    "username": "lupita_saber_61",
    "followingArtist": "Leslie Osborne",
    "country_code": "US",
    "country": "USA"
  },
  {
    "username": "allydiego40mail",
    "followingArtist": "Leslie Osborne",
    "country_code": "TZ",
    "country": "Tanzania"
  },
  {
    "username": "AshtonCantrell",
    "followingArtist": "Leslie Osborne",
    "country_code": "US",
    "country": "USA"
  },
  {
    "username": "andy_medinita",
    "followingArtist": "Leslie Osborne",
    "country_code": "PY",
    "country": "Paraguay"
  },
  {
    "username": "brayanmanguay",
    "followingArtist": "Leslie Osborne",
    "country_code": "EC",
    "country": "Ecuador"
  },
  {
    "username": "WynnJacqui",
    "followingArtist": "Leslie Osborne",
    "country_code": "US",
    "country": "USA"
  },
  {
    "username": "AnthonySakount1",
    "followingArtist": "Leslie Osborne",
    "country_code": "US",
    "country": "USA"
  },
  {
    "username": "nash95_fk",
    "followingArtist": "Leslie Osborne",
    "country_code": "TZ",
    "country": "Tanzania"
  },
  {
    "username": "MubinRuha",
    "followingArtist": "Leslie Osborne",
    "country_code": "US",
    "country": "USA"
  },
  {
    "username": "burd06jaimee",
    "followingArtist": "Leslie Osborne",
    "country_code": "US",
    "country": "USA"
  },
  {
    "username": "Dusa3164",
    "followingArtist": "Leslie Osborne",
    "country_code": "US",
    "country": "USA"
  },
  {
    "username": "Valentine_Leyva",
    "followingArtist": "Leslie Osborne",
    "country_code": "US",
    "country": "USA"
  },
  {
    "username": "cameronjdavis11",
    "followingArtist": "Leslie Osborne",
    "country_code": "US",
    "country": "USA"
  },
  {
    "username": "afifteen",
    "followingArtist": "Leslie Osborne",
    "country_code": "US",
    "country": "USA"
  },
  {
    "username": "WoSoSteph",
    "followingArtist": "Leslie Osborne",
    "country_code": "NG",
    "country": "Nigeria"
  },
  {
    "username": "greenalex17",
    "followingArtist": "Leslie Osborne",
    "country_code": "US",
    "country": "USA"
  },
  {
    "username": "rkoser",
    "followingArtist": "Leslie Osborne",
    "country_code": "US",
    "country": "USA"
  },
  {
    "username": "APopesu",
    "followingArtist": "Leslie Osborne",
    "country_code": "GR",
    "country": "Greece"
  },
  {
    "username": "friarhall",
    "followingArtist": "Leslie Osborne",
    "country_code": "US",
    "country": "USA"
  },
  {
    "username": "OSullivanDenise",
    "followingArtist": "Leslie Osborne",
    "country_code": "US",
    "country": "USA"
  },
  {
    "username": "KarimKa13721172",
    "followingArtist": "Leslie Osborne",
    "country_code": "DZ",
    "country": "Algeria"
  },
  {
    "username": "md_girls_soccer",
    "followingArtist": "Leslie Osborne",
    "country_code": "IT",
    "country": "Italy"
  },
  {
    "username": "hasanov_dilovar",
    "followingArtist": "Leslie Osborne",
    "country_code": "TJ",
    "country": "Tajikistan"
  },
  {
    "username": "CarolynnEng",
    "followingArtist": "Leslie Osborne",
    "country_code": "CA",
    "country": "Canada"
  },
  {
    "username": "lelandk15",
    "followingArtist": "Leslie Osborne",
    "country_code": "BJ",
    "country": "Benin"
  },
  {
    "username": "ApplePodcasts",
    "followingArtist": "Leslie Osborne",
    "country_code": "US",
    "country": "USA"
  },
  {
    "username": "Stret20",
    "followingArtist": "Leslie Osborne",
    "country_code": "US",
    "country": "USA"
  },
  {
    "username": "vision_soccer",
    "followingArtist": "Leslie Osborne",
    "country_code": "US",
    "country": "USA"
  },
  {
    "username": "sjval68",
    "followingArtist": "Leslie Osborne",
    "country_code": "US",
    "country": "USA"
  },
  {
    "username": "Nomisha30476508",
    "followingArtist": "Leslie Osborne",
    "country_code": "PK",
    "country": "Pakistan"
  },
  {
    "username": "DunnCharlie042",
    "followingArtist": "Leslie Osborne",
    "country_code": "SE",
    "country": "Sweden"
  },
  {
    "username": "CashbackI",
    "followingArtist": "Leslie Osborne",
    "country_code": "IN",
    "country": "India"
  },
  {
    "username": "YecenyMazarieg1",
    "followingArtist": "Leslie Osborne",
    "country_code": "Nebraska St",
    "country": "Nebraska St"
  },
  {
    "username": "David74622426",
    "followingArtist": "Leslie Osborne",
    "country_code": "NA",
    "country": "Namibia"
  },
  {
    "username": "AWasiqsaleh",
    "followingArtist": "Leslie Osborne",
    "country_code": "AF",
    "country": "Afghanistan"
  },
  {
    "username": "5uswnt1118",
    "followingArtist": "Leslie Osborne",
    "country_code": "DE",
    "country": "Germany"
  },
  {
    "username": "maverick_awards",
    "followingArtist": "Leslie Osborne",
    "country_code": "US",
    "country": "USA"
  },
  {
    "username": "KaitBakk",
    "followingArtist": "Leslie Osborne",
    "country_code": "US",
    "country": "USA"
  },
  {
    "username": "OvidiuPopp",
    "followingArtist": "Leslie Osborne",
    "country_code": "GR",
    "country": "Greece"
  },
  {
    "username": "vpofthebeach",
    "followingArtist": "Leslie Osborne",
    "country_code": "US",
    "country": "USA"
  },
  {
    "username": "033475a81b78422",
    "followingArtist": "Leslie Osborne",
    "country_code": "MU",
    "country": "Mauritius"
  },
  {
    "username": "JamilethTorres8",
    "followingArtist": "Leslie Osborne",
    "country_code": "US",
    "country": "USA"
  },
  {
    "username": "icemankurt",
    "followingArtist": "Leslie Osborne",
    "country_code": "US",
    "country": "USA"
  },
  {
    "username": "womensportsfilm",
    "followingArtist": "Leslie Osborne",
    "country_code": "US",
    "country": "USA"
  },
  {
    "username": "Lemiah7",
    "followingArtist": "Leslie Osborne",
    "country_code": "US",
    "country": "USA"
  },
  {
    "username": "igor_papovic",
    "followingArtist": "Leslie Osborne",
    "country_code": "US",
    "country": "USA"
  },
  {
    "username": "TayeDiggs",
    "followingArtist": "Leslie Osborne",
    "country_code": "NG",
    "country": "Nigeria"
  },
  {
    "username": "Alenrajpoot",
    "followingArtist": "Leslie Osborne",
    "country_code": "PK",
    "country": "Pakistan"
  },
  {
    "username": "Jussara59912016",
    "followingArtist": "Leslie Osborne",
    "country_code": "BR",
    "country": "Brazil"
  },
  {
    "username": "LucasBjerkudd",
    "followingArtist": "Leslie Osborne",
    "country_code": "NO",
    "country": "Norway"
  },
  {
    "username": "WolfSad16",
    "followingArtist": "Leslie Osborne",
    "country_code": "DZ",
    "country": "Algeria"
  },
  {
    "username": "shav_malik",
    "followingArtist": "Leslie Osborne",
    "country_code": "ID",
    "country": "Indonesia"
  },
  {
    "username": "Anlons13",
    "followingArtist": "Leslie Osborne",
    "country_code": "US",
    "country": "USA"
  },
  {
    "username": "pilipalko",
    "followingArtist": "Leslie Osborne",
    "country_code": "RO",
    "country": "Romania"
  },
  {
    "username": "cristina_jara22",
    "followingArtist": "Leslie Osborne",
    "country_code": "US",
    "country": "USA"
  },
  {
    "username": "chloenash21",
    "followingArtist": "Leslie Osborne",
    "country_code": "US",
    "country": "USA"
  },
  {
    "username": "XxAries_ChickxX",
    "followingArtist": "Leslie Osborne",
    "country_code": "US",
    "country": "USA"
  },
  {
    "username": "MA19hockey",
    "followingArtist": "Leslie Osborne",
    "country_code": "US",
    "country": "USA"
  },
  {
    "username": "Johanna__54",
    "followingArtist": "Leslie Osborne",
    "country_code": "US",
    "country": "USA"
  },
  {
    "username": "Erin_M992",
    "followingArtist": "Leslie Osborne",
    "country_code": "GH",
    "country": "Ghana"
  },
  {
    "username": "ashlynharrisgk",
    "followingArtist": "Leslie Osborne",
    "country_code": "US",
    "country": "USA"
  },
  {
    "username": "NowDeportes",
    "followingArtist": "Leslie Osborne",
    "country_code": "US",
    "country": "USA"
  },
  {
    "username": "ACPORTLAND",
    "followingArtist": "Leslie Osborne",
    "country_code": "US",
    "country": "USA"
  },
  {
    "username": "lover10161221",
    "followingArtist": "Leslie Osborne",
    "country_code": "GB",
    "country": "UK"
  },
  {
    "username": "Sarah398743391",
    "followingArtist": "Leslie Osborne",
    "country_code": "US",
    "country": "USA"
  },
  {
    "username": "SheilaRockstar",
    "followingArtist": "Leslie Osborne",
    "country_code": "US",
    "country": "USA"
  },
  {
    "username": "Samir78772483",
    "followingArtist": "Leslie Osborne",
    "country_code": "UA",
    "country": "Ukraine"
  },
  {
    "username": "Tracky_Hughes",
    "followingArtist": "Leslie Osborne",
    "country_code": "IT",
    "country": "Italy"
  },
  {
    "username": "FashionCoach16",
    "followingArtist": "Leslie Osborne",
    "country_code": "US",
    "country": "USA"
  },
  {
    "username": "HermioneJean5",
    "followingArtist": "Leslie Osborne",
    "country_code": "US",
    "country": "USA"
  },
  {
    "username": "wolf_ignacio23",
    "followingArtist": "Leslie Osborne",
    "country_code": "CL",
    "country": "Chile"
  },
  {
    "username": "druben00",
    "followingArtist": "Leslie Osborne",
    "country_code": "GB",
    "country": "UK"
  },
  {
    "username": "wcdavis59",
    "followingArtist": "Leslie Osborne",
    "country_code": "US",
    "country": "USA"
  },
  {
    "username": "Moneyballzs",
    "followingArtist": "Leslie Osborne",
    "country_code": "US",
    "country": "USA"
  },
  {
    "username": "Diplomatnatal",
    "followingArtist": "Leslie Osborne",
    "country_code": "SN",
    "country": "Senegal"
  },
  {
    "username": "On_Sides_",
    "followingArtist": "Leslie Osborne",
    "country_code": "US",
    "country": "USA"
  },
  {
    "username": "Solari3Solari",
    "followingArtist": "Leslie Osborne",
    "country_code": "CL",
    "country": "Chile"
  },
  {
    "username": "efrainlopez289",
    "followingArtist": "Leslie Osborne",
    "country_code": "US",
    "country": "USA"
  },
  {
    "username": "MonicaR39123507",
    "followingArtist": "Leslie Osborne",
    "country_code": "US",
    "country": "USA"
  },
  {
    "username": "alramirezUSA",
    "followingArtist": "Leslie Osborne",
    "country_code": "IT",
    "country": "Italy"
  },
  {
    "username": "pnzavrd1776",
    "followingArtist": "Leslie Osborne",
    "country_code": "US",
    "country": "USA"
  },
  {
    "username": "Marcelo_Clark54",
    "followingArtist": "Leslie Osborne",
    "country_code": "CL",
    "country": "Chile"
  },
  {
    "username": "MyDoctorSteve",
    "followingArtist": "Leslie Osborne",
    "country_code": "US",
    "country": "USA"
  },
  {
    "username": "dannyvsdanny",
    "followingArtist": "Leslie Osborne",
    "country_code": "CA",
    "country": "Canada"
  },
  {
    "username": "TotenoPE",
    "followingArtist": "Leslie Osborne",
    "country_code": "US",
    "country": "USA"
  },
  {
    "username": "joriverdog",
    "followingArtist": "Leslie Osborne",
    "country_code": "US",
    "country": "USA"
  },
  {
    "username": "tripmclean",
    "followingArtist": "Leslie Osborne",
    "country_code": "US",
    "country": "USA"
  },
  {
    "username": "MaikerJostonx",
    "followingArtist": "Leslie Osborne",
    "country_code": "US",
    "country": "USA"
  },
  {
    "username": "georgelweather",
    "followingArtist": "Leslie Osborne",
    "country_code": "US",
    "country": "USA"
  },
  {
    "username": "IanChase007",
    "followingArtist": "Leslie Osborne",
    "country_code": "IT",
    "country": "Italy"
  },
  {
    "username": "jacquecoustea",
    "followingArtist": "Leslie Osborne",
    "country_code": "NG",
    "country": "Nigeria"
  },
  {
    "username": "666Gianotti",
    "followingArtist": "Leslie Osborne",
    "country_code": "UY",
    "country": "Uruguay"
  },
  {
    "username": "erfruhling",
    "followingArtist": "Leslie Osborne",
    "country_code": "CA",
    "country": "Canada"
  },
  {
    "username": "AlieuSKamara7",
    "followingArtist": "Leslie Osborne",
    "country_code": "US",
    "country": "USA"
  },
  {
    "username": "iheartage",
    "followingArtist": "Leslie Osborne",
    "country_code": "CA",
    "country": "Canada"
  },
  {
    "username": "KNichols22788",
    "followingArtist": "Leslie Osborne",
    "country_code": "US",
    "country": "USA"
  },
  {
    "username": "wolfgaming10",
    "followingArtist": "Leslie Osborne",
    "country_code": "US",
    "country": "USA"
  },
  {
    "username": "KCCLLC",
    "followingArtist": "Leslie Osborne",
    "country_code": "US",
    "country": "USA"
  },
  {
    "username": "FairPlay4Girls",
    "followingArtist": "Leslie Osborne",
    "country_code": "US",
    "country": "USA"
  },
  {
    "username": "Elktracks79Hill",
    "followingArtist": "Leslie Osborne",
    "country_code": "US",
    "country": "USA"
  },
  {
    "username": "GillianNorton17",
    "followingArtist": "Leslie Osborne",
    "country_code": "US",
    "country": "USA"
  },
  {
    "username": "carlithosjr2000",
    "followingArtist": "Leslie Osborne",
    "country_code": "EC",
    "country": "Ecuador"
  },
  {
    "username": "tommybender",
    "followingArtist": "Leslie Osborne",
    "country_code": "US",
    "country": "USA"
  },
  {
    "username": "JonBMorris",
    "followingArtist": "Leslie Osborne",
    "country_code": "US",
    "country": "USA"
  },
  {
    "username": "Lucysartorius1",
    "followingArtist": "Leslie Osborne",
    "country_code": "US",
    "country": "USA"
  },
  {
    "username": "zhonghanweii",
    "followingArtist": "Leslie Osborne",
    "country_code": "US",
    "country": "USA"
  },
  {
    "username": "RobQ1978",
    "followingArtist": "Leslie Osborne",
    "country_code": "US",
    "country": "USA"
  },
  {
    "username": "scottg74",
    "followingArtist": "Leslie Osborne",
    "country_code": "US",
    "country": "USA"
  },
  {
    "username": "hrvoje_skelin",
    "followingArtist": "Leslie Osborne",
    "country_code": "PL",
    "country": "Poland"
  },
  {
    "username": "VictorMarinez2",
    "followingArtist": "Leslie Osborne",
    "country_code": "MX",
    "country": "Mexico"
  },
  {
    "username": "Leo2medo",
    "followingArtist": "Leslie Osborne",
    "country_code": "DE",
    "country": "Germany"
  },
  {
    "username": "KlaudiaTrzmiel1",
    "followingArtist": "Leslie Osborne",
    "country_code": "PL",
    "country": "Poland"
  },
  {
    "username": "mhealth1",
    "followingArtist": "Leslie Osborne",
    "country_code": "US",
    "country": "USA"
  },
  {
    "username": "thirdmarshall",
    "followingArtist": "Leslie Osborne",
    "country_code": "NL",
    "country": "Netherlands"
  },
  {
    "username": "glenncole1660",
    "followingArtist": "Leslie Osborne",
    "country_code": "US",
    "country": "USA"
  },
  {
    "username": "hope_uswnt",
    "followingArtist": "Leslie Osborne",
    "country_code": "California City Blvd",
    "country": "California City Blvd"
  },
  {
    "username": "hasli85",
    "followingArtist": "Leslie Osborne",
    "country_code": "US",
    "country": "USA"
  },
  {
    "username": "olivia_bogaczyk",
    "followingArtist": "Leslie Osborne",
    "country_code": "US",
    "country": "USA"
  },
  {
    "username": "FLUVIPUSA",
    "followingArtist": "Leslie Osborne",
    "country_code": "US",
    "country": "USA"
  },
  {
    "username": "centaur_gsoccer",
    "followingArtist": "Leslie Osborne",
    "country_code": "CA",
    "country": "Canada"
  },
  {
    "username": "gws1959",
    "followingArtist": "Leslie Osborne",
    "country_code": "US",
    "country": "USA"
  },
  {
    "username": "ericashow56",
    "followingArtist": "Leslie Osborne",
    "country_code": "US",
    "country": "USA"
  },
  {
    "username": "PhilippeMENDES1",
    "followingArtist": "Leslie Osborne",
    "country_code": "FR",
    "country": "France"
  },
  {
    "username": "mediaglobalvisi",
    "followingArtist": "Leslie Osborne",
    "country_code": "US",
    "country": "USA"
  },
  {
    "username": "rudymty16",
    "followingArtist": "Leslie Osborne",
    "country_code": "MX",
    "country": "Mexico"
  },
  {
    "username": "AllyotisAlly",
    "followingArtist": "Leslie Osborne",
    "country_code": "UK",
    "country": "United Kingdom"
  },
  {
    "username": "seestacyrun262",
    "followingArtist": "Leslie Osborne",
    "country_code": "Pennsylvania Furnace Rd",
    "country": "Pennsylvania Furnace Rd"
  },
  {
    "username": "MishikoBigbos",
    "followingArtist": "Leslie Osborne",
    "country_code": "US",
    "country": "USA"
  },
  {
    "username": "AshrafulFahim4",
    "followingArtist": "Leslie Osborne",
    "country_code": "BD",
    "country": "Bangladesh"
  },
  {
    "username": "SteveLion90s",
    "followingArtist": "Leslie Osborne",
    "country_code": "ES",
    "country": "Spain"
  },
  {
    "username": "AshleyNelson_87",
    "followingArtist": "Leslie Osborne",
    "country_code": "N Oklahoma",
    "country": "N Oklahoma"
  },
  {
    "username": "leelufchurdus",
    "followingArtist": "Leslie Osborne",
    "country_code": "UK",
    "country": "United Kingdom"
  },
  {
    "username": "Forston10",
    "followingArtist": "Leslie Osborne",
    "country_code": "NG",
    "country": "Nigeria"
  },
  {
    "username": "niangenibet",
    "followingArtist": "Leslie Osborne",
    "country_code": "MX",
    "country": "Mexico"
  },
  {
    "username": "tguyfrancois",
    "followingArtist": "Leslie Osborne",
    "country_code": "US",
    "country": "USA"
  },
  {
    "username": "GmezRamn1",
    "followingArtist": "Leslie Osborne",
    "country_code": "AR",
    "country": "Argentina"
  },
  {
    "username": "Basharat_47",
    "followingArtist": "Leslie Osborne",
    "country_code": "PK",
    "country": "Pakistan"
  },
  {
    "username": "DominicSimons",
    "followingArtist": "Leslie Osborne",
    "country_code": "US",
    "country": "USA"
  },
  {
    "username": "teichem",
    "followingArtist": "Leslie Osborne",
    "country_code": "US",
    "country": "USA"
  },
  {
    "username": "RafaelFenickson",
    "followingArtist": "Leslie Osborne",
    "country_code": "DO",
    "country": "Dominican Republic"
  },
  {
    "username": "xayal1996",
    "followingArtist": "Leslie Osborne",
    "country_code": "US",
    "country": "USA"
  },
  {
    "username": "MonSoeMoe2",
    "followingArtist": "Leslie Osborne",
    "country_code": "MM",
    "country": "Myanmar"
  },
  {
    "username": "FDUMSOC",
    "followingArtist": "Leslie Osborne",
    "country_code": "US",
    "country": "USA"
  },
  {
    "username": "felipsoto_14",
    "followingArtist": "Leslie Osborne",
    "country_code": "CL",
    "country": "Chile"
  },
  {
    "username": "umarfarooq6403",
    "followingArtist": "Leslie Osborne",
    "country_code": "UK",
    "country": "United Kingdom"
  },
  {
    "username": "ms_mountaineer",
    "followingArtist": "Leslie Osborne",
    "country_code": "US",
    "country": "USA"
  },
  {
    "username": "ifeellikekdot",
    "followingArtist": "Leslie Osborne",
    "country_code": "US",
    "country": "USA"
  },
  {
    "username": "nima_fc",
    "followingArtist": "Leslie Osborne",
    "country_code": "GH",
    "country": "Ghana"
  },
  {
    "username": "AZDUB1",
    "followingArtist": "Leslie Osborne",
    "country_code": "UG",
    "country": "Uganda"
  },
  {
    "username": "chawinocoritas",
    "followingArtist": "Leslie Osborne",
    "country_code": "CO",
    "country": "Colombia"
  },
  {
    "username": "rap_inked",
    "followingArtist": "Leslie Osborne",
    "country_code": "CL",
    "country": "Chile"
  },
  {
    "username": "samantha7108",
    "followingArtist": "Leslie Osborne",
    "country_code": "US",
    "country": "USA"
  },
  {
    "username": "womensagencyuk",
    "followingArtist": "Leslie Osborne",
    "country_code": "UK",
    "country": "United Kingdom"
  },
  {
    "username": "Messi4life100",
    "followingArtist": "Leslie Osborne",
    "country_code": "US",
    "country": "USA"
  },
  {
    "username": "Jonatha01749931",
    "followingArtist": "Leslie Osborne",
    "country_code": "PT",
    "country": "Portugal"
  },
  {
    "username": "PickvitaminStar",
    "followingArtist": "Leslie Osborne",
    "country_code": "US",
    "country": "USA"
  },
  {
    "username": "ameth57",
    "followingArtist": "Leslie Osborne",
    "country_code": "IR",
    "country": "Iran"
  },
  {
    "username": "ArturoMeji4",
    "followingArtist": "Leslie Osborne",
    "country_code": "CO",
    "country": "Colombia"
  },
  {
    "username": "cballzsee",
    "followingArtist": "Leslie Osborne",
    "country_code": "US",
    "country": "USA"
  },
  {
    "username": "PGAPlyer",
    "followingArtist": "Leslie Osborne",
    "country_code": "US",
    "country": "USA"
  },
  {
    "username": "jennife26684746",
    "followingArtist": "Leslie Osborne",
    "country_code": "US",
    "country": "USA"
  },
  {
    "username": "fengyunxiang",
    "followingArtist": "Leslie Osborne",
    "country_code": "US",
    "country": "USA"
  },
  {
    "username": "jasonUGAMES",
    "followingArtist": "Leslie Osborne",
    "country_code": "N Oklahoma",
    "country": "N Oklahoma"
  },
  {
    "username": "bootsapp",
    "followingArtist": "Leslie Osborne",
    "country_code": "AU",
    "country": "Australia"
  },
  {
    "username": "shernandez2342",
    "followingArtist": "Leslie Osborne",
    "country_code": "US",
    "country": "USA"
  },
  {
    "username": "hsaluja",
    "followingArtist": "Leslie Osborne",
    "country_code": "US",
    "country": "USA"
  },
  {
    "username": "ReyanaJohnson",
    "followingArtist": "Leslie Osborne",
    "country_code": "NC",
    "country": "New Caledonia"
  },
  {
    "username": "CarlosP41604497",
    "followingArtist": "Leslie Osborne",
    "country_code": "EC",
    "country": "Ecuador"
  },
  {
    "username": "TyBatiste",
    "followingArtist": "Leslie Osborne",
    "country_code": "US",
    "country": "USA"
  },
  {
    "username": "SleepRate",
    "followingArtist": "Leslie Osborne",
    "country_code": "US",
    "country": "USA"
  }
]