[
  {
    "username": "ManuelCecchett2",
    "followingArtist": "Gianluigi Buffon",
    "country_code": "IT",
    "country": "Italy"
  },
  {
    "username": "marpbn",
    "followingArtist": "Gianluigi Buffon",
    "country_code": "ID",
    "country": "Indonesia"
  },
  {
    "username": "Demis15555053",
    "followingArtist": "Gianluigi Buffon",
    "country_code": "IT",
    "country": "Italy"
  },
  {
    "username": "RashadAly7",
    "followingArtist": "Gianluigi Buffon",
    "country_code": "IT",
    "country": "Italy"
  },
  {
    "username": "tomas_botton",
    "followingArtist": "Gianluigi Buffon",
    "country_code": "IT",
    "country": "Italy"
  },
  {
    "username": "FilippoGarca1",
    "followingArtist": "Gianluigi Buffon",
    "country_code": "ES",
    "country": "Spain"
  },
  {
    "username": "SeeraneComfort",
    "followingArtist": "Gianluigi Buffon",
    "country_code": "AU",
    "country": "Australia"
  },
  {
    "username": "AngelloVZ30",
    "followingArtist": "Gianluigi Buffon",
    "country_code": "MX",
    "country": "Mexico"
  },
  {
    "username": "ccastellovirgi1",
    "followingArtist": "Gianluigi Buffon",
    "country_code": "IT",
    "country": "Italy"
  },
  {
    "username": "Xd6SWc7t2FJI8zj",
    "followingArtist": "Gianluigi Buffon",
    "country_code": "BE",
    "country": "Belgium"
  },
  {
    "username": "Loictssk",
    "followingArtist": "Gianluigi Buffon",
    "country_code": "FR",
    "country": "France"
  },
  {
    "username": "vanroo14",
    "followingArtist": "Gianluigi Buffon",
    "country_code": "GH",
    "country": "Ghana"
  },
  {
    "username": "Abubaka57263604",
    "followingArtist": "Gianluigi Buffon",
    "country_code": "NG",
    "country": "Nigeria"
  },
  {
    "username": "Mdmonir91501249",
    "followingArtist": "Gianluigi Buffon",
    "country_code": "BD",
    "country": "Bangladesh"
  },
  {
    "username": "LabibLashab",
    "followingArtist": "Gianluigi Buffon",
    "country_code": "DZ",
    "country": "Algeria"
  },
  {
    "username": "AlexandreDajon",
    "followingArtist": "Gianluigi Buffon",
    "country_code": "FR",
    "country": "France"
  },
  {
    "username": "micah94042268",
    "followingArtist": "Gianluigi Buffon",
    "country_code": "TZ",
    "country": "Tanzania"
  },
  {
    "username": "Takura96346562",
    "followingArtist": "Gianluigi Buffon",
    "country_code": "ZW",
    "country": "Zimbabwe"
  },
  {
    "username": "Carlos53652636",
    "followingArtist": "Gianluigi Buffon",
    "country_code": "MX",
    "country": "Mexico"
  },
  {
    "username": "NexssBkfetao",
    "followingArtist": "Gianluigi Buffon",
    "country_code": "BR",
    "country": "Brazil"
  },
  {
    "username": "Tomas01061792",
    "followingArtist": "Gianluigi Buffon",
    "country_code": "US",
    "country": "USA"
  },
  {
    "username": "superdupskup",
    "followingArtist": "Gianluigi Buffon",
    "country_code": "ES",
    "country": "Spain"
  },
  {
    "username": "ADMIREMEandU",
    "followingArtist": "Gianluigi Buffon",
    "country_code": "NG",
    "country": "Nigeria"
  },
  {
    "username": "juandisotomayor",
    "followingArtist": "Gianluigi Buffon",
    "country_code": "PE",
    "country": "Peru"
  },
  {
    "username": "deMacedoHugo",
    "followingArtist": "Gianluigi Buffon",
    "country_code": "FR",
    "country": "France"
  },
  {
    "username": "DaniloS09371070",
    "followingArtist": "Gianluigi Buffon",
    "country_code": "BR",
    "country": "Brazil"
  },
  {
    "username": "ThiagoCeballos2",
    "followingArtist": "Gianluigi Buffon",
    "country_code": "CO",
    "country": "Colombia"
  },
  {
    "username": "KssbSivabala",
    "followingArtist": "Gianluigi Buffon",
    "country_code": "IN",
    "country": "India"
  },
  {
    "username": "LiebGY",
    "followingArtist": "Gianluigi Buffon",
    "country_code": "CM",
    "country": "Cameroon"
  },
  {
    "username": "Alexjon53788626",
    "followingArtist": "Gianluigi Buffon",
    "country_code": "US",
    "country": "USA"
  },
  {
    "username": "primov91",
    "followingArtist": "Gianluigi Buffon",
    "country_code": "MX",
    "country": "Mexico"
  },
  {
    "username": "CarlosTejedaJr3",
    "followingArtist": "Gianluigi Buffon",
    "country_code": "US",
    "country": "USA"
  },
  {
    "username": "ZabdielSanchez3",
    "followingArtist": "Gianluigi Buffon",
    "country_code": "FR",
    "country": "France"
  },
  {
    "username": "KPsg38",
    "followingArtist": "Gianluigi Buffon",
    "country_code": "FR",
    "country": "France"
  },
  {
    "username": "Lucia77425476",
    "followingArtist": "Gianluigi Buffon",
    "country_code": "IT",
    "country": "Italy"
  },
  {
    "username": "1NormandBreton",
    "followingArtist": "Gianluigi Buffon",
    "country_code": "FR",
    "country": "France"
  },
  {
    "username": "dominihurtado",
    "followingArtist": "Gianluigi Buffon",
    "country_code": "BR",
    "country": "Brazil"
  },
  {
    "username": "JonathanRadix",
    "followingArtist": "Gianluigi Buffon",
    "country_code": "FR",
    "country": "France"
  },
  {
    "username": "camilo94074904",
    "followingArtist": "Gianluigi Buffon",
    "country_code": "IR",
    "country": "Iran"
  },
  {
    "username": "_MatiasAngulo",
    "followingArtist": "Gianluigi Buffon",
    "country_code": "BR",
    "country": "Brazil"
  },
  {
    "username": "StarTGHNG1",
    "followingArtist": "Gianluigi Buffon",
    "country_code": "GH",
    "country": "Ghana"
  },
  {
    "username": "tinotendamabo",
    "followingArtist": "Gianluigi Buffon",
    "country_code": "ZW",
    "country": "Zimbabwe"
  },
  {
    "username": "ednaldofreitas",
    "followingArtist": "Gianluigi Buffon",
    "country_code": "IT",
    "country": "Italy"
  },
  {
    "username": "tohid_ayubi",
    "followingArtist": "Gianluigi Buffon",
    "country_code": "CH",
    "country": "Switzerland"
  },
  {
    "username": "Babacarfy",
    "followingArtist": "Gianluigi Buffon",
    "country_code": "SN",
    "country": "Senegal"
  },
  {
    "username": "mo7amd17ibrahem",
    "followingArtist": "Gianluigi Buffon",
    "country_code": "EG",
    "country": "Egypt"
  },
  {
    "username": "AlassaneEress",
    "followingArtist": "Gianluigi Buffon",
    "country_code": "ar",
    "country": "Argentina"
  },
  {
    "username": "gueyeabd",
    "followingArtist": "Gianluigi Buffon",
    "country_code": "FR",
    "country": "France"
  },
  {
    "username": "birahima_sacko",
    "followingArtist": "Gianluigi Buffon",
    "country_code": "ML",
    "country": "Mali"
  },
  {
    "username": "Balogun19648909",
    "followingArtist": "Gianluigi Buffon",
    "country_code": "NG",
    "country": "Nigeria"
  },
  {
    "username": "LisaDEGARDIN",
    "followingArtist": "Gianluigi Buffon",
    "country_code": "FR",
    "country": "France"
  },
  {
    "username": "oualife",
    "followingArtist": "Gianluigi Buffon",
    "country_code": "FR",
    "country": "France"
  },
  {
    "username": "AndohGabino",
    "followingArtist": "Gianluigi Buffon",
    "country_code": "HR",
    "country": "Hrvatska"
  },
  {
    "username": "ThatEvilBoy",
    "followingArtist": "Gianluigi Buffon",
    "country_code": "NG",
    "country": "Nigeria"
  },
  {
    "username": "lenavnwhs",
    "followingArtist": "Gianluigi Buffon",
    "country_code": "DE",
    "country": "Germany"
  },
  {
    "username": "Akmalehh1",
    "followingArtist": "Gianluigi Buffon",
    "country_code": "FR",
    "country": "France"
  },
  {
    "username": "YaYYa088",
    "followingArtist": "Gianluigi Buffon",
    "country_code": "DZ",
    "country": "Algeria"
  },
  {
    "username": "achilleleclerc1",
    "followingArtist": "Gianluigi Buffon",
    "country_code": "FR",
    "country": "France"
  },
  {
    "username": "Theo_AJAuxerre",
    "followingArtist": "Gianluigi Buffon",
    "country_code": "FR",
    "country": "France"
  },
  {
    "username": "DaviLeal0005",
    "followingArtist": "Gianluigi Buffon",
    "country_code": "MZ",
    "country": "Mozambique"
  },
  {
    "username": "FrankCawth",
    "followingArtist": "Gianluigi Buffon",
    "country_code": "UK",
    "country": "United Kingdom"
  },
  {
    "username": "MARKOVICFitness",
    "followingArtist": "Gianluigi Buffon",
    "country_code": "HR",
    "country": "Hrvatska"
  },
  {
    "username": "MagFusionSports",
    "followingArtist": "Gianluigi Buffon",
    "country_code": "FR",
    "country": "France"
  },
  {
    "username": "Sandouxdoux86",
    "followingArtist": "Gianluigi Buffon",
    "country_code": "US",
    "country": "USA"
  },
  {
    "username": "mohamedlamine_",
    "followingArtist": "Gianluigi Buffon",
    "country_code": "CM",
    "country": "Cameroon"
  },
  {
    "username": "MrsAwaad",
    "followingArtist": "Gianluigi Buffon",
    "country_code": "EG",
    "country": "Egypt"
  },
  {
    "username": "razzo1",
    "followingArtist": "Gianluigi Buffon",
    "country_code": "UK",
    "country": "United Kingdom"
  },
  {
    "username": "Mbobasiimwe",
    "followingArtist": "Gianluigi Buffon",
    "country_code": "UG",
    "country": "Uganda"
  },
  {
    "username": "ilarioruz",
    "followingArtist": "Gianluigi Buffon",
    "country_code": "IT",
    "country": "Italy"
  },
  {
    "username": "AdjemiSami",
    "followingArtist": "Gianluigi Buffon",
    "country_code": "FR",
    "country": "France"
  },
  {
    "username": "BenjaminAR5",
    "followingArtist": "Gianluigi Buffon",
    "country_code": "NL",
    "country": "Netherlands"
  },
  {
    "username": "EslamHeesham",
    "followingArtist": "Gianluigi Buffon",
    "country_code": "EG",
    "country": "Egypt"
  },
  {
    "username": "lordsilverskull",
    "followingArtist": "Gianluigi Buffon",
    "country_code": "UK",
    "country": "United Kingdom"
  },
  {
    "username": "Richardsonaust3",
    "followingArtist": "Gianluigi Buffon",
    "country_code": "GH",
    "country": "Ghana"
  },
  {
    "username": "SphesihleBrian3",
    "followingArtist": "Gianluigi Buffon",
    "country_code": "ZA",
    "country": "South Africa"
  },
  {
    "username": "Ghido14Aro",
    "followingArtist": "Gianluigi Buffon",
    "country_code": "IT",
    "country": "Italy"
  },
  {
    "username": "nelson_kgaogelo",
    "followingArtist": "Gianluigi Buffon",
    "country_code": "ZA",
    "country": "South Africa"
  },
  {
    "username": "Gerardo26408744",
    "followingArtist": "Gianluigi Buffon",
    "country_code": "MX",
    "country": "Mexico"
  },
  {
    "username": "DanTipo",
    "followingArtist": "Gianluigi Buffon",
    "country_code": "IT",
    "country": "Italy"
  },
  {
    "username": "aledib987654321",
    "followingArtist": "Gianluigi Buffon",
    "country_code": "IT",
    "country": "Italy"
  },
  {
    "username": "UgumK",
    "followingArtist": "Gianluigi Buffon",
    "country_code": "NG",
    "country": "Nigeria"
  },
  {
    "username": "pikai_arnold",
    "followingArtist": "Gianluigi Buffon",
    "country_code": "ZW",
    "country": "Zimbabwe"
  },
  {
    "username": "SethMosanefi",
    "followingArtist": "Gianluigi Buffon",
    "country_code": "IR",
    "country": "Iran"
  },
  {
    "username": "EnockHappyNkru1",
    "followingArtist": "Gianluigi Buffon",
    "country_code": "GH",
    "country": "Ghana"
  },
  {
    "username": "Zingi_Mazingi",
    "followingArtist": "Gianluigi Buffon",
    "country_code": "ZA",
    "country": "South Africa"
  },
  {
    "username": "vals2gi",
    "followingArtist": "Gianluigi Buffon",
    "country_code": "IT",
    "country": "Italy"
  },
  {
    "username": "JARodMar",
    "followingArtist": "Gianluigi Buffon",
    "country_code": "ES",
    "country": "Spain"
  },
  {
    "username": "DFattay",
    "followingArtist": "Gianluigi Buffon",
    "country_code": "GH",
    "country": "Ghana"
  },
  {
    "username": "jamiumohd23",
    "followingArtist": "Gianluigi Buffon",
    "country_code": "NG",
    "country": "Nigeria"
  },
  {
    "username": "eboateng966",
    "followingArtist": "Gianluigi Buffon",
    "country_code": "GH",
    "country": "Ghana"
  },
  {
    "username": "Fafa12397969",
    "followingArtist": "Gianluigi Buffon",
    "country_code": "GM",
    "country": "Gambia"
  },
  {
    "username": "GiorgioGardens",
    "followingArtist": "Gianluigi Buffon",
    "country_code": "NL",
    "country": "Netherlands"
  },
  {
    "username": "Cmaxii101",
    "followingArtist": "Gianluigi Buffon",
    "country_code": "EC",
    "country": "Ecuador"
  },
  {
    "username": "Abdukhdier",
    "followingArtist": "Gianluigi Buffon",
    "country_code": "JO",
    "country": "Jordan"
  },
  {
    "username": "Hesham11578989",
    "followingArtist": "Gianluigi Buffon",
    "country_code": "EG",
    "country": "Egypt"
  },
  {
    "username": "Chiars0",
    "followingArtist": "Gianluigi Buffon",
    "country_code": "IT",
    "country": "Italy"
  },
  {
    "username": "Micky30150330",
    "followingArtist": "Gianluigi Buffon",
    "country_code": "IT",
    "country": "Italy"
  },
  {
    "username": "OubahMeryem",
    "followingArtist": "Gianluigi Buffon",
    "country_code": "FR",
    "country": "France"
  },
  {
    "username": "MyobhoziM",
    "followingArtist": "Gianluigi Buffon",
    "country_code": "TZ",
    "country": "Tanzania"
  },
  {
    "username": "PetrValenta5",
    "followingArtist": "Gianluigi Buffon",
    "country_code": "CZ",
    "country": "Czech Republic"
  },
  {
    "username": "Eric79228939",
    "followingArtist": "Gianluigi Buffon",
    "country_code": "IT",
    "country": "Italy"
  },
  {
    "username": "TiaSanjaya6",
    "followingArtist": "Gianluigi Buffon",
    "country_code": "ID",
    "country": "Indonesia"
  },
  {
    "username": "AwalUmar9",
    "followingArtist": "Gianluigi Buffon",
    "country_code": "NG",
    "country": "Nigeria"
  },
  {
    "username": "faluCarbonera",
    "followingArtist": "Gianluigi Buffon",
    "country_code": "US",
    "country": "USA"
  },
  {
    "username": "OmarMag84194180",
    "followingArtist": "Gianluigi Buffon",
    "country_code": "EG",
    "country": "Egypt"
  },
  {
    "username": "JoseLRamirez9",
    "followingArtist": "Gianluigi Buffon",
    "country_code": "PE",
    "country": "Peru"
  },
  {
    "username": "bentrovic",
    "followingArtist": "Gianluigi Buffon",
    "country_code": "CD",
    "country": "Democratic Republic of Congo"
  },
  {
    "username": "MansourSAMB16",
    "followingArtist": "Gianluigi Buffon",
    "country_code": "SN",
    "country": "Senegal"
  },
  {
    "username": "MaloPourchau",
    "followingArtist": "Gianluigi Buffon",
    "country_code": "FR",
    "country": "France"
  },
  {
    "username": "mohamme40049959",
    "followingArtist": "Gianluigi Buffon",
    "country_code": "JO",
    "country": "Jordan"
  },
  {
    "username": "koneissouf13",
    "followingArtist": "Gianluigi Buffon",
    "country_code": "CI",
    "country": "Ivory Coast"
  },
  {
    "username": "FreshnelT",
    "followingArtist": "Gianluigi Buffon",
    "country_code": "BJ",
    "country": "Benin"
  },
  {
    "username": "IamStarguestOff",
    "followingArtist": "Gianluigi Buffon",
    "country_code": "FR",
    "country": "France"
  },
  {
    "username": "hotshopdirect",
    "followingArtist": "Gianluigi Buffon",
    "country_code": "US",
    "country": "USA"
  },
  {
    "username": "Akshay89901627",
    "followingArtist": "Gianluigi Buffon",
    "country_code": "UK",
    "country": "United Kingdom"
  },
  {
    "username": "Abolarinwaolai1",
    "followingArtist": "Gianluigi Buffon",
    "country_code": "NG",
    "country": "Nigeria"
  },
  {
    "username": "jkdenton99",
    "followingArtist": "Gianluigi Buffon",
    "country_code": "UK",
    "country": "United Kingdom"
  },
  {
    "username": "Chopix95",
    "followingArtist": "Gianluigi Buffon",
    "country_code": "PE",
    "country": "Peru"
  },
  {
    "username": "imran12bukhari",
    "followingArtist": "Gianluigi Buffon",
    "country_code": "BD",
    "country": "Bangladesh"
  },
  {
    "username": "LamineF80726582",
    "followingArtist": "Gianluigi Buffon",
    "country_code": "IT",
    "country": "Italy"
  },
  {
    "username": "Monaferroviario",
    "followingArtist": "Gianluigi Buffon",
    "country_code": "IT",
    "country": "Italy"
  },
  {
    "username": "victorCroiss",
    "followingArtist": "Gianluigi Buffon",
    "country_code": "US",
    "country": "USA"
  },
  {
    "username": "BARSELONISTA1",
    "followingArtist": "Gianluigi Buffon",
    "country_code": "FR",
    "country": "France"
  },
  {
    "username": "Abgold14",
    "followingArtist": "Gianluigi Buffon",
    "country_code": "NG",
    "country": "Nigeria"
  },
  {
    "username": "KabirQu66329756",
    "followingArtist": "Gianluigi Buffon",
    "country_code": "PK",
    "country": "Pakistan"
  },
  {
    "username": "ManuelKen3",
    "followingArtist": "Gianluigi Buffon",
    "country_code": "GH",
    "country": "Ghana"
  },
  {
    "username": "SShgeirr",
    "followingArtist": "Gianluigi Buffon",
    "country_code": "JO",
    "country": "Jordan"
  },
  {
    "username": "JibrilBah3",
    "followingArtist": "Gianluigi Buffon",
    "country_code": "GN",
    "country": "Guinea"
  },
  {
    "username": "r50693048",
    "followingArtist": "Gianluigi Buffon",
    "country_code": "ET",
    "country": "Ethiopia"
  },
  {
    "username": "PapilloLouis",
    "followingArtist": "Gianluigi Buffon",
    "country_code": "UK",
    "country": "United Kingdom"
  },
  {
    "username": "uzonduakawi",
    "followingArtist": "Gianluigi Buffon",
    "country_code": "NG",
    "country": "Nigeria"
  },
  {
    "username": "Frances64367492",
    "followingArtist": "Gianluigi Buffon",
    "country_code": "IT",
    "country": "Italy"
  },
  {
    "username": "Mostafa67225604",
    "followingArtist": "Gianluigi Buffon",
    "country_code": "EG",
    "country": "Egypt"
  },
  {
    "username": "NhlanhlaSolats1",
    "followingArtist": "Gianluigi Buffon",
    "country_code": "ZA",
    "country": "South Africa"
  },
  {
    "username": "ceccopao",
    "followingArtist": "Gianluigi Buffon",
    "country_code": "US",
    "country": "USA"
  },
  {
    "username": "mobie_loche",
    "followingArtist": "Gianluigi Buffon",
    "country_code": "CG",
    "country": "Congo"
  },
  {
    "username": "squekyheeley",
    "followingArtist": "Gianluigi Buffon",
    "country_code": "UK",
    "country": "United Kingdom"
  },
  {
    "username": "KhaldaNissa",
    "followingArtist": "Gianluigi Buffon",
    "country_code": "ID",
    "country": "Indonesia"
  },
  {
    "username": "pepeyo1231",
    "followingArtist": "Gianluigi Buffon",
    "country_code": "MX",
    "country": "Mexico"
  },
  {
    "username": "Fernand25509826",
    "followingArtist": "Gianluigi Buffon",
    "country_code": "CO",
    "country": "Colombia"
  },
  {
    "username": "Leandro94801999",
    "followingArtist": "Gianluigi Buffon",
    "country_code": "PH",
    "country": "Philippines"
  },
  {
    "username": "i_moe91",
    "followingArtist": "Gianluigi Buffon",
    "country_code": "SA",
    "country": "Saudi Arabia"
  },
  {
    "username": "JoseLuisUribeF",
    "followingArtist": "Gianluigi Buffon",
    "country_code": "PE",
    "country": "Peru"
  },
  {
    "username": "PragueRaptors",
    "followingArtist": "Gianluigi Buffon",
    "country_code": "CZ",
    "country": "Czech Republic"
  },
  {
    "username": "Abdirah87125681",
    "followingArtist": "Gianluigi Buffon",
    "country_code": "KE",
    "country": "Kenya"
  },
  {
    "username": "sukhmanlopo10",
    "followingArtist": "Gianluigi Buffon",
    "country_code": "PK",
    "country": "Pakistan"
  },
  {
    "username": "AdamAbdoulbass2",
    "followingArtist": "Gianluigi Buffon",
    "country_code": "BJ",
    "country": "Benin"
  },
  {
    "username": "PercivalMahwaya",
    "followingArtist": "Gianluigi Buffon",
    "country_code": "ZW",
    "country": "Zimbabwe"
  },
  {
    "username": "Zouzzou_05",
    "followingArtist": "Gianluigi Buffon",
    "country_code": "US",
    "country": "USA"
  },
  {
    "username": "BianLegenda",
    "followingArtist": "Gianluigi Buffon",
    "country_code": "ID",
    "country": "Indonesia"
  },
  {
    "username": "NdoArthur",
    "followingArtist": "Gianluigi Buffon",
    "country_code": "CM",
    "country": "Cameroon"
  },
  {
    "username": "Everton91866341",
    "followingArtist": "Gianluigi Buffon",
    "country_code": "FR",
    "country": "France"
  },
  {
    "username": "osmanmertekneci",
    "followingArtist": "Gianluigi Buffon",
    "country_code": "TR",
    "country": "Turkey"
  },
  {
    "username": "javier_urgiles",
    "followingArtist": "Gianluigi Buffon",
    "country_code": "EC",
    "country": "Ecuador"
  },
  {
    "username": "BrenoOl00532548",
    "followingArtist": "Gianluigi Buffon",
    "country_code": "BR",
    "country": "Brazil"
  },
  {
    "username": "Mahmoud_Reyo",
    "followingArtist": "Gianluigi Buffon",
    "country_code": "EG",
    "country": "Egypt"
  },
  {
    "username": "Berktwt",
    "followingArtist": "Gianluigi Buffon",
    "country_code": "TR",
    "country": "Turkey"
  },
  {
    "username": "Denner04989838",
    "followingArtist": "Gianluigi Buffon",
    "country_code": "BR",
    "country": "Brazil"
  },
  {
    "username": "Jordan_Hall1996",
    "followingArtist": "Gianluigi Buffon",
    "country_code": "UK",
    "country": "United Kingdom"
  },
  {
    "username": "hamadaniiii",
    "followingArtist": "Gianluigi Buffon",
    "country_code": "AU",
    "country": "Australia"
  },
  {
    "username": "RickyFerreyra",
    "followingArtist": "Gianluigi Buffon",
    "country_code": "IT",
    "country": "Italy"
  },
  {
    "username": "ItaloNa01912789",
    "followingArtist": "Gianluigi Buffon",
    "country_code": "BR",
    "country": "Brazil"
  },
  {
    "username": "Francis23644589",
    "followingArtist": "Gianluigi Buffon",
    "country_code": "CL",
    "country": "Chile"
  },
  {
    "username": "LucasLa99674230",
    "followingArtist": "Gianluigi Buffon",
    "country_code": "RU",
    "country": "Russian Federation"
  },
  {
    "username": "HaqSulthan",
    "followingArtist": "Gianluigi Buffon",
    "country_code": "ID",
    "country": "Indonesia"
  },
  {
    "username": "Harchitchamuah",
    "followingArtist": "Gianluigi Buffon",
    "country_code": "IN",
    "country": "India"
  },
  {
    "username": "Free_mafreeza",
    "followingArtist": "Gianluigi Buffon",
    "country_code": "ZA",
    "country": "South Africa"
  },
  {
    "username": "KleberCorreia7",
    "followingArtist": "Gianluigi Buffon",
    "country_code": "BR",
    "country": "Brazil"
  },
  {
    "username": "hilalronal93",
    "followingArtist": "Gianluigi Buffon",
    "country_code": "ID",
    "country": "Indonesia"
  },
  {
    "username": "BurkishBubbyj",
    "followingArtist": "Gianluigi Buffon",
    "country_code": "NG",
    "country": "Nigeria"
  },
  {
    "username": "NicolsG01621120",
    "followingArtist": "Gianluigi Buffon",
    "country_code": "AR",
    "country": "Argentina"
  },
  {
    "username": "EjDeathbycrush4",
    "followingArtist": "Gianluigi Buffon",
    "country_code": "AM",
    "country": "Armenia"
  },
  {
    "username": "Elizondoo11",
    "followingArtist": "Gianluigi Buffon",
    "country_code": "PT",
    "country": "Portugal"
  },
  {
    "username": "uppi_cl",
    "followingArtist": "Gianluigi Buffon",
    "country_code": "MX",
    "country": "Mexico"
  },
  {
    "username": "Tomas__faria10",
    "followingArtist": "Gianluigi Buffon",
    "country_code": "PT",
    "country": "Portugal"
  },
  {
    "username": "CuongHuyNg",
    "followingArtist": "Gianluigi Buffon",
    "country_code": "ES",
    "country": "Spain"
  },
  {
    "username": "Pedro69306910",
    "followingArtist": "Gianluigi Buffon",
    "country_code": "BR",
    "country": "Brazil"
  },
  {
    "username": "AlessandroBedi9",
    "followingArtist": "Gianluigi Buffon",
    "country_code": "IT",
    "country": "Italy"
  },
  {
    "username": "Abdimalik102",
    "followingArtist": "Gianluigi Buffon",
    "country_code": "SE",
    "country": "Sweden"
  },
  {
    "username": "DialloElhadjYe4",
    "followingArtist": "Gianluigi Buffon",
    "country_code": "DE",
    "country": "Germany"
  },
  {
    "username": "AdeosunOlanrew9",
    "followingArtist": "Gianluigi Buffon",
    "country_code": "NG",
    "country": "Nigeria"
  },
  {
    "username": "Riccardoyaya1",
    "followingArtist": "Gianluigi Buffon",
    "country_code": "UK",
    "country": "United Kingdom"
  },
  {
    "username": "Mario56856173",
    "followingArtist": "Gianluigi Buffon",
    "country_code": "IT",
    "country": "Italy"
  },
  {
    "username": "oyestephen",
    "followingArtist": "Gianluigi Buffon",
    "country_code": "NG",
    "country": "Nigeria"
  },
  {
    "username": "HaoudaniH",
    "followingArtist": "Gianluigi Buffon",
    "country_code": "FR",
    "country": "France"
  },
  {
    "username": "Jonas43619537",
    "followingArtist": "Gianluigi Buffon",
    "country_code": "US",
    "country": "USA"
  },
  {
    "username": "Gonzal022",
    "followingArtist": "Gianluigi Buffon",
    "country_code": "CL",
    "country": "Chile"
  },
  {
    "username": "Iwujames11",
    "followingArtist": "Gianluigi Buffon",
    "country_code": "NG",
    "country": "Nigeria"
  },
  {
    "username": "dbefff",
    "followingArtist": "Gianluigi Buffon",
    "country_code": "US",
    "country": "USA"
  },
  {
    "username": "Giada89993141",
    "followingArtist": "Gianluigi Buffon",
    "country_code": "IT",
    "country": "Italy"
  },
  {
    "username": "TomField57413",
    "followingArtist": "Gianluigi Buffon",
    "country_code": "DE",
    "country": "Germany"
  },
  {
    "username": "FilardiPas",
    "followingArtist": "Gianluigi Buffon",
    "country_code": "IT",
    "country": "Italy"
  },
  {
    "username": "iam_Hitmaker",
    "followingArtist": "Gianluigi Buffon",
    "country_code": "NG",
    "country": "Nigeria"
  },
  {
    "username": "yogiandr4",
    "followingArtist": "Gianluigi Buffon",
    "country_code": "IN",
    "country": "India"
  },
  {
    "username": "NamwanjaPeter",
    "followingArtist": "Gianluigi Buffon",
    "country_code": "UG",
    "country": "Uganda"
  },
  {
    "username": "adioquazeem1",
    "followingArtist": "Gianluigi Buffon",
    "country_code": "NG",
    "country": "Nigeria"
  },
  {
    "username": "FabriziTommaso",
    "followingArtist": "Gianluigi Buffon",
    "country_code": "IT",
    "country": "Italy"
  },
  {
    "username": "NaliBenjiClaFra",
    "followingArtist": "Gianluigi Buffon",
    "country_code": "IT",
    "country": "Italy"
  },
  {
    "username": "itsd0do",
    "followingArtist": "Gianluigi Buffon",
    "country_code": "IT",
    "country": "Italy"
  },
  {
    "username": "oettam_93",
    "followingArtist": "Gianluigi Buffon",
    "country_code": "PT",
    "country": "Portugal"
  },
  {
    "username": "kwadwo83215465",
    "followingArtist": "Gianluigi Buffon",
    "country_code": "GH",
    "country": "Ghana"
  },
  {
    "username": "Ademmaxamed1",
    "followingArtist": "Gianluigi Buffon",
    "country_code": "UK",
    "country": "United Kingdom"
  },
  {
    "username": "andresbc_99",
    "followingArtist": "Gianluigi Buffon",
    "country_code": "CR",
    "country": "Costa Rica"
  },
  {
    "username": "EliudeElias",
    "followingArtist": "Gianluigi Buffon",
    "country_code": "BR",
    "country": "Brazil"
  },
  {
    "username": "ChecaAnderson",
    "followingArtist": "Gianluigi Buffon",
    "country_code": "EC",
    "country": "Ecuador"
  },
  {
    "username": "MatiasAlmanza",
    "followingArtist": "Gianluigi Buffon",
    "country_code": "NG",
    "country": "Nigeria"
  },
  {
    "username": "elisexo__",
    "followingArtist": "Gianluigi Buffon",
    "country_code": "US",
    "country": "USA"
  },
  {
    "username": "Fanathi4",
    "followingArtist": "Gianluigi Buffon",
    "country_code": "ZA",
    "country": "South Africa"
  },
  {
    "username": "Wag3161",
    "followingArtist": "Gianluigi Buffon",
    "country_code": "US",
    "country": "USA"
  },
  {
    "username": "Jidadboys",
    "followingArtist": "Gianluigi Buffon",
    "country_code": "IN",
    "country": "India"
  },
  {
    "username": "stefanttsubasa",
    "followingArtist": "Gianluigi Buffon",
    "country_code": "ID",
    "country": "Indonesia"
  },
  {
    "username": "nuevacolom",
    "followingArtist": "Gianluigi Buffon",
    "country_code": "CO",
    "country": "Colombia"
  },
  {
    "username": "opima_francis",
    "followingArtist": "Gianluigi Buffon",
    "country_code": "UG",
    "country": "Uganda"
  },
  {
    "username": "ZanineSoufiane",
    "followingArtist": "Gianluigi Buffon",
    "country_code": "MA",
    "country": "Morocco"
  },
  {
    "username": "Candela_Domingu",
    "followingArtist": "Gianluigi Buffon",
    "country_code": "CL",
    "country": "Chile"
  },
  {
    "username": "VasilisRaitis",
    "followingArtist": "Gianluigi Buffon",
    "country_code": "KP",
    "country": "North Korea"
  },
  {
    "username": "RobyJazz83",
    "followingArtist": "Gianluigi Buffon",
    "country_code": "EC",
    "country": "Ecuador"
  },
  {
    "username": "Aaronji60573790",
    "followingArtist": "Gianluigi Buffon",
    "country_code": "US",
    "country": "USA"
  },
  {
    "username": "GiorgioGaudio",
    "followingArtist": "Gianluigi Buffon",
    "country_code": "IT",
    "country": "Italy"
  },
  {
    "username": "JLHernandez34",
    "followingArtist": "Gianluigi Buffon",
    "country_code": "CO",
    "country": "Colombia"
  },
  {
    "username": "almuqree",
    "followingArtist": "Gianluigi Buffon",
    "country_code": "ES",
    "country": "Spain"
  },
  {
    "username": "Sophia88570159",
    "followingArtist": "Gianluigi Buffon",
    "country_code": "NG",
    "country": "Nigeria"
  },
  {
    "username": "PedrinhoFilhoD1",
    "followingArtist": "Gianluigi Buffon",
    "country_code": "BR",
    "country": "Brazil"
  },
  {
    "username": "mr_tocheex",
    "followingArtist": "Gianluigi Buffon",
    "country_code": "NG",
    "country": "Nigeria"
  },
  {
    "username": "dolthie",
    "followingArtist": "Gianluigi Buffon",
    "country_code": "FR",
    "country": "France"
  },
  {
    "username": "marioroda",
    "followingArtist": "Gianluigi Buffon",
    "country_code": "BR",
    "country": "Brazil"
  },
  {
    "username": "KatragaddaYash2",
    "followingArtist": "Gianluigi Buffon",
    "country_code": "IN",
    "country": "India"
  },
  {
    "username": "Robbie_MUFC1999",
    "followingArtist": "Gianluigi Buffon",
    "country_code": "GB",
    "country": "England"
  },
  {
    "username": "fabi47007167",
    "followingArtist": "Gianluigi Buffon",
    "country_code": "IT",
    "country": "Italy"
  },
  {
    "username": "lawalaz12368088",
    "followingArtist": "Gianluigi Buffon",
    "country_code": "NG",
    "country": "Nigeria"
  },
  {
    "username": "Suleman31611983",
    "followingArtist": "Gianluigi Buffon",
    "country_code": "PK",
    "country": "Pakistan"
  },
  {
    "username": "jorgeanagnostou",
    "followingArtist": "Gianluigi Buffon",
    "country_code": "GR",
    "country": "Greece"
  },
  {
    "username": "medhamza2018",
    "followingArtist": "Gianluigi Buffon",
    "country_code": "MA",
    "country": "Morocco"
  },
  {
    "username": "rard74",
    "followingArtist": "Gianluigi Buffon",
    "country_code": "VE",
    "country": "Venezuela"
  },
  {
    "username": "AtauquiRafael",
    "followingArtist": "Gianluigi Buffon",
    "country_code": "PE",
    "country": "Peru"
  },
  {
    "username": "brunocantolao17",
    "followingArtist": "Gianluigi Buffon",
    "country_code": "PE",
    "country": "Peru"
  },
  {
    "username": "xsk_rm",
    "followingArtist": "Gianluigi Buffon",
    "country_code": "PL",
    "country": "Poland"
  },
  {
    "username": "HenriqueQqq22",
    "followingArtist": "Gianluigi Buffon",
    "country_code": "CN",
    "country": "China"
  },
  {
    "username": "ilodmd",
    "followingArtist": "Gianluigi Buffon",
    "country_code": "FR",
    "country": "France"
  },
  {
    "username": "lassana_koumare",
    "followingArtist": "Gianluigi Buffon",
    "country_code": "ML",
    "country": "Mali"
  },
  {
    "username": "Vineeth83708818",
    "followingArtist": "Gianluigi Buffon",
    "country_code": "IN",
    "country": "India"
  },
  {
    "username": "alejandro180675",
    "followingArtist": "Gianluigi Buffon",
    "country_code": "PE",
    "country": "Peru"
  },
  {
    "username": "HenrietteBrode2",
    "followingArtist": "Gianluigi Buffon",
    "country_code": "FR",
    "country": "France"
  },
  {
    "username": "Mixmaster691",
    "followingArtist": "Gianluigi Buffon",
    "country_code": "US",
    "country": "USA"
  },
  {
    "username": "juvwntus",
    "followingArtist": "Gianluigi Buffon",
    "country_code": "BR",
    "country": "Brazil"
  },
  {
    "username": "PetitPas0",
    "followingArtist": "Gianluigi Buffon",
    "country_code": "SN",
    "country": "Senegal"
  },
  {
    "username": "eugene_thinker",
    "followingArtist": "Gianluigi Buffon",
    "country_code": "GH",
    "country": "Ghana"
  },
  {
    "username": "liv_j8",
    "followingArtist": "Gianluigi Buffon",
    "country_code": "UK",
    "country": "United Kingdom"
  },
  {
    "username": "DanielDaniJaci1",
    "followingArtist": "Gianluigi Buffon",
    "country_code": "ES",
    "country": "Spain"
  },
  {
    "username": "adeelbaloch29",
    "followingArtist": "Gianluigi Buffon",
    "country_code": "PK",
    "country": "Pakistan"
  },
  {
    "username": "math_bln",
    "followingArtist": "Gianluigi Buffon",
    "country_code": "FR",
    "country": "France"
  },
  {
    "username": "kingshakir9",
    "followingArtist": "Gianluigi Buffon",
    "country_code": "ZA",
    "country": "South Africa"
  },
  {
    "username": "dbunyenyezi",
    "followingArtist": "Gianluigi Buffon",
    "country_code": "US",
    "country": "USA"
  },
  {
    "username": "icarojperes",
    "followingArtist": "Gianluigi Buffon",
    "country_code": "MG",
    "country": "Madagascar"
  },
  {
    "username": "AdamopoulosAlex",
    "followingArtist": "Gianluigi Buffon",
    "country_code": "GR",
    "country": "Greece"
  },
  {
    "username": "deniiry",
    "followingArtist": "Gianluigi Buffon",
    "country_code": "ID",
    "country": "Indonesia"
  },
  {
    "username": "Mohamed96482881",
    "followingArtist": "Gianluigi Buffon",
    "country_code": "NL",
    "country": "Netherlands"
  },
  {
    "username": "GarzonePina",
    "followingArtist": "Gianluigi Buffon",
    "country_code": "IT",
    "country": "Italy"
  },
  {
    "username": "kianinia_en",
    "followingArtist": "Gianluigi Buffon",
    "country_code": "US",
    "country": "USA"
  },
  {
    "username": "DansoBismark16",
    "followingArtist": "Gianluigi Buffon",
    "country_code": "GH",
    "country": "Ghana"
  },
  {
    "username": "mancityalerts",
    "followingArtist": "Gianluigi Buffon",
    "country_code": "GB",
    "country": "England"
  },
  {
    "username": "Lina45292872",
    "followingArtist": "Gianluigi Buffon",
    "country_code": "BE",
    "country": "Belgium"
  },
  {
    "username": "Rahhal__",
    "followingArtist": "Gianluigi Buffon",
    "country_code": "JO",
    "country": "Jordan"
  },
  {
    "username": "Pigio16",
    "followingArtist": "Gianluigi Buffon",
    "country_code": "IT",
    "country": "Italy"
  },
  {
    "username": "Mtt36918573",
    "followingArtist": "Gianluigi Buffon",
    "country_code": "EG",
    "country": "Egypt"
  },
  {
    "username": "RehanChocolatos",
    "followingArtist": "Gianluigi Buffon",
    "country_code": "ID",
    "country": "Indonesia"
  },
  {
    "username": "FrancelinFranc1",
    "followingArtist": "Gianluigi Buffon",
    "country_code": "CL",
    "country": "Chile"
  },
  {
    "username": "FawzyHagras",
    "followingArtist": "Gianluigi Buffon",
    "country_code": "EG",
    "country": "Egypt"
  },
  {
    "username": "LucaoDiaz",
    "followingArtist": "Gianluigi Buffon",
    "country_code": "MG",
    "country": "Madagascar"
  },
  {
    "username": "OBorjas09",
    "followingArtist": "Gianluigi Buffon",
    "country_code": "MX",
    "country": "Mexico"
  },
  {
    "username": "BPolux",
    "followingArtist": "Gianluigi Buffon",
    "country_code": "GH",
    "country": "Ghana"
  },
  {
    "username": "GeorgeAschendo6",
    "followingArtist": "Gianluigi Buffon",
    "country_code": "MR",
    "country": "Mauritania"
  },
  {
    "username": "Hor_Lar_Mi27",
    "followingArtist": "Gianluigi Buffon",
    "country_code": "NG",
    "country": "Nigeria"
  },
  {
    "username": "kingdav30480175",
    "followingArtist": "Gianluigi Buffon",
    "country_code": "GH",
    "country": "Ghana"
  },
  {
    "username": "Albahe6",
    "followingArtist": "Gianluigi Buffon",
    "country_code": "AE",
    "country": "United Arab Emirates"
  },
  {
    "username": "viniciusdinizs3",
    "followingArtist": "Gianluigi Buffon",
    "country_code": "BR",
    "country": "Brazil"
  },
  {
    "username": "ByWedyaPutera",
    "followingArtist": "Gianluigi Buffon",
    "country_code": "BJ",
    "country": "Benin"
  },
  {
    "username": "SynneBergby",
    "followingArtist": "Gianluigi Buffon",
    "country_code": "NO",
    "country": "Norway"
  },
  {
    "username": "karine_barrey",
    "followingArtist": "Gianluigi Buffon",
    "country_code": "FR",
    "country": "France"
  },
  {
    "username": "Yeison16508416",
    "followingArtist": "Gianluigi Buffon",
    "country_code": "CO",
    "country": "Colombia"
  },
  {
    "username": "laurentgrun",
    "followingArtist": "Gianluigi Buffon",
    "country_code": "FR",
    "country": "France"
  },
  {
    "username": "Salim57311911",
    "followingArtist": "Gianluigi Buffon",
    "country_code": "KE",
    "country": "Kenya"
  },
  {
    "username": "lautiilara12",
    "followingArtist": "Gianluigi Buffon",
    "country_code": "PA",
    "country": "Panama"
  },
  {
    "username": "DanieleVerones6",
    "followingArtist": "Gianluigi Buffon",
    "country_code": "IT",
    "country": "Italy"
  },
  {
    "username": "Khalifa18197296",
    "followingArtist": "Gianluigi Buffon",
    "country_code": "NG",
    "country": "Nigeria"
  },
  {
    "username": "VelasquezJesmin",
    "followingArtist": "Gianluigi Buffon",
    "country_code": "PT",
    "country": "Portugal"
  },
  {
    "username": "Jeanpaulmbo909",
    "followingArtist": "Gianluigi Buffon",
    "country_code": "PE",
    "country": "Peru"
  },
  {
    "username": "BondWisky",
    "followingArtist": "Gianluigi Buffon",
    "country_code": "GH",
    "country": "Ghana"
  },
  {
    "username": "gonzogonzotaiwo",
    "followingArtist": "Gianluigi Buffon",
    "country_code": "NG",
    "country": "Nigeria"
  },
  {
    "username": "NanaKwe15991746",
    "followingArtist": "Gianluigi Buffon",
    "country_code": "GH",
    "country": "Ghana"
  },
  {
    "username": "maree30",
    "followingArtist": "Gianluigi Buffon",
    "country_code": "AU",
    "country": "Australia"
  },
  {
    "username": "MagedEHimdan",
    "followingArtist": "Gianluigi Buffon",
    "country_code": "EG",
    "country": "Egypt"
  },
  {
    "username": "j02_sarah",
    "followingArtist": "Gianluigi Buffon",
    "country_code": "FR",
    "country": "France"
  },
  {
    "username": "Derian712",
    "followingArtist": "Gianluigi Buffon",
    "country_code": "ES",
    "country": "Spain"
  },
  {
    "username": "qwophy_abakah",
    "followingArtist": "Gianluigi Buffon",
    "country_code": "GH",
    "country": "Ghana"
  },
  {
    "username": "selvianbayu",
    "followingArtist": "Gianluigi Buffon",
    "country_code": "ID",
    "country": "Indonesia"
  },
  {
    "username": "SilvianoVillaG1",
    "followingArtist": "Gianluigi Buffon",
    "country_code": "MX",
    "country": "Mexico"
  },
  {
    "username": "Taherhamo10",
    "followingArtist": "Gianluigi Buffon",
    "country_code": "SD",
    "country": "Sudan"
  },
  {
    "username": "Darkmeow4",
    "followingArtist": "Gianluigi Buffon",
    "country_code": "ES",
    "country": "Spain"
  },
  {
    "username": "Lucas00877",
    "followingArtist": "Gianluigi Buffon",
    "country_code": "AR",
    "country": "Argentina"
  },
  {
    "username": "GonzaloAutos",
    "followingArtist": "Gianluigi Buffon",
    "country_code": "CL",
    "country": "Chile"
  },
  {
    "username": "AdaptsDavis",
    "followingArtist": "Gianluigi Buffon",
    "country_code": "US",
    "country": "USA"
  },
  {
    "username": "Kamrul_ng",
    "followingArtist": "Gianluigi Buffon",
    "country_code": "BD",
    "country": "Bangladesh"
  },
  {
    "username": "PedroPe69896038",
    "followingArtist": "Gianluigi Buffon",
    "country_code": "GT",
    "country": "Guatemala"
  },
  {
    "username": "jous1993",
    "followingArtist": "Gianluigi Buffon",
    "country_code": "US",
    "country": "USA"
  },
  {
    "username": "MatheusBortoti",
    "followingArtist": "Gianluigi Buffon",
    "country_code": "BR",
    "country": "Brazil"
  },
  {
    "username": "_cgsouza",
    "followingArtist": "Gianluigi Buffon",
    "country_code": "US",
    "country": "USA"
  },
  {
    "username": "rafitamediz",
    "followingArtist": "Gianluigi Buffon",
    "country_code": "CO",
    "country": "Colombia"
  },
  {
    "username": "MemoLo_15",
    "followingArtist": "Gianluigi Buffon",
    "country_code": "MX",
    "country": "Mexico"
  },
  {
    "username": "FerryFi31499256",
    "followingArtist": "Gianluigi Buffon",
    "country_code": "ID",
    "country": "Indonesia"
  },
  {
    "username": "Leo16416920",
    "followingArtist": "Gianluigi Buffon",
    "country_code": "UY",
    "country": "Uruguay"
  },
  {
    "username": "CdArteaga",
    "followingArtist": "Gianluigi Buffon",
    "country_code": "CO",
    "country": "Colombia"
  },
  {
    "username": "VBhte",
    "followingArtist": "Gianluigi Buffon",
    "country_code": "US",
    "country": "USA"
  },
  {
    "username": "Mars11red",
    "followingArtist": "Gianluigi Buffon",
    "country_code": "UK",
    "country": "United Kingdom"
  },
  {
    "username": "JulienDonnarel",
    "followingArtist": "Gianluigi Buffon",
    "country_code": "FR",
    "country": "France"
  },
  {
    "username": "alesheva98",
    "followingArtist": "Gianluigi Buffon",
    "country_code": "IT",
    "country": "Italy"
  },
  {
    "username": "LandetaMot",
    "followingArtist": "Gianluigi Buffon",
    "country_code": "MX",
    "country": "Mexico"
  },
  {
    "username": "RickBrazilian1",
    "followingArtist": "Gianluigi Buffon",
    "country_code": "IT",
    "country": "Italy"
  },
  {
    "username": "me_momero",
    "followingArtist": "Gianluigi Buffon",
    "country_code": "JP",
    "country": "Japan"
  },
  {
    "username": "VillalonDIE60",
    "followingArtist": "Gianluigi Buffon",
    "country_code": "CR",
    "country": "Costa Rica"
  },
  {
    "username": "ofloresmonge",
    "followingArtist": "Gianluigi Buffon",
    "country_code": "US",
    "country": "USA"
  },
  {
    "username": "Belalahmed1911",
    "followingArtist": "Gianluigi Buffon",
    "country_code": "EG",
    "country": "Egypt"
  },
  {
    "username": "Davide01648116",
    "followingArtist": "Gianluigi Buffon",
    "country_code": "IT",
    "country": "Italy"
  },
  {
    "username": "Tiago_709",
    "followingArtist": "Gianluigi Buffon",
    "country_code": "AO",
    "country": "Angola"
  },
  {
    "username": "Gunner_180",
    "followingArtist": "Gianluigi Buffon",
    "country_code": "US",
    "country": "USA"
  },
  {
    "username": "VWatss",
    "followingArtist": "Gianluigi Buffon",
    "country_code": "BR",
    "country": "Brazil"
  },
  {
    "username": "Ricardo_Suria",
    "followingArtist": "Gianluigi Buffon",
    "country_code": "ES",
    "country": "Spain"
  },
  {
    "username": "coltkms",
    "followingArtist": "Gianluigi Buffon",
    "country_code": "US",
    "country": "USA"
  },
  {
    "username": "ginamitaritonna",
    "followingArtist": "Gianluigi Buffon",
    "country_code": "US",
    "country": "USA"
  },
  {
    "username": "lanree9",
    "followingArtist": "Gianluigi Buffon",
    "country_code": "NG",
    "country": "Nigeria"
  },
  {
    "username": "WisleyMoura2",
    "followingArtist": "Gianluigi Buffon",
    "country_code": "BR",
    "country": "Brazil"
  },
  {
    "username": "MPodhorova",
    "followingArtist": "Gianluigi Buffon",
    "country_code": "US",
    "country": "USA"
  },
  {
    "username": "ibraheemboss04",
    "followingArtist": "Gianluigi Buffon",
    "country_code": "NG",
    "country": "Nigeria"
  },
  {
    "username": "Izaier_Zaiers",
    "followingArtist": "Gianluigi Buffon",
    "country_code": "GH",
    "country": "Ghana"
  },
  {
    "username": "JAbdelrazak",
    "followingArtist": "Gianluigi Buffon",
    "country_code": "FR",
    "country": "France"
  },
  {
    "username": "Welling03491584",
    "followingArtist": "Gianluigi Buffon",
    "country_code": "BR",
    "country": "Brazil"
  },
  {
    "username": "JosueSn65825345",
    "followingArtist": "Gianluigi Buffon",
    "country_code": "MX",
    "country": "Mexico"
  },
  {
    "username": "eliig4529",
    "followingArtist": "Gianluigi Buffon",
    "country_code": "SN",
    "country": "Senegal"
  },
  {
    "username": "OmarMohamed133",
    "followingArtist": "Gianluigi Buffon",
    "country_code": "DZ",
    "country": "Algeria"
  },
  {
    "username": "1946Asri",
    "followingArtist": "Gianluigi Buffon",
    "country_code": "MA",
    "country": "Morocco"
  },
  {
    "username": "josh_khari",
    "followingArtist": "Gianluigi Buffon",
    "country_code": "GH",
    "country": "Ghana"
  },
  {
    "username": "Cianfrico",
    "followingArtist": "Gianluigi Buffon",
    "country_code": "IT",
    "country": "Italy"
  },
  {
    "username": "krishcartman",
    "followingArtist": "Gianluigi Buffon",
    "country_code": "IN",
    "country": "India"
  },
  {
    "username": "Omara_2009",
    "followingArtist": "Gianluigi Buffon",
    "country_code": "EG",
    "country": "Egypt"
  },
  {
    "username": "Daniela49662187",
    "followingArtist": "Gianluigi Buffon",
    "country_code": "IT",
    "country": "Italy"
  },
  {
    "username": "Zan_Mandic",
    "followingArtist": "Gianluigi Buffon",
    "country_code": "NL",
    "country": "Netherlands"
  },
  {
    "username": "jordanbfcSmith",
    "followingArtist": "Gianluigi Buffon",
    "country_code": "UK",
    "country": "United Kingdom"
  },
  {
    "username": "ekemuben",
    "followingArtist": "Gianluigi Buffon",
    "country_code": "UG",
    "country": "Uganda"
  },
  {
    "username": "BarrettoJuanel",
    "followingArtist": "Gianluigi Buffon",
    "country_code": "US",
    "country": "USA"
  },
  {
    "username": "RamirezArceSaaa",
    "followingArtist": "Gianluigi Buffon",
    "country_code": "AR",
    "country": "Argentina"
  },
  {
    "username": "LautyNewells4",
    "followingArtist": "Gianluigi Buffon",
    "country_code": "AR",
    "country": "Argentina"
  },
  {
    "username": "MYelizabeth10",
    "followingArtist": "Gianluigi Buffon",
    "country_code": "CO",
    "country": "Colombia"
  },
  {
    "username": "Sagittario823",
    "followingArtist": "Gianluigi Buffon",
    "country_code": "IT",
    "country": "Italy"
  },
  {
    "username": "Brookly13878996",
    "followingArtist": "Gianluigi Buffon",
    "country_code": "GH",
    "country": "Ghana"
  },
  {
    "username": "cosimopistola1",
    "followingArtist": "Gianluigi Buffon",
    "country_code": "IT",
    "country": "Italy"
  },
  {
    "username": "davi84993305",
    "followingArtist": "Gianluigi Buffon",
    "country_code": "BR",
    "country": "Brazil"
  },
  {
    "username": "Mehdi58044417",
    "followingArtist": "Gianluigi Buffon",
    "country_code": "MA",
    "country": "Morocco"
  },
  {
    "username": "super_helbao",
    "followingArtist": "Gianluigi Buffon",
    "country_code": "BR",
    "country": "Brazil"
  },
  {
    "username": "MAIKELIG1",
    "followingArtist": "Gianluigi Buffon",
    "country_code": "PE",
    "country": "Peru"
  },
  {
    "username": "RubnOmarLpez",
    "followingArtist": "Gianluigi Buffon",
    "country_code": "PE",
    "country": "Peru"
  },
  {
    "username": "iamobiekezie",
    "followingArtist": "Gianluigi Buffon",
    "country_code": "AR",
    "country": "Argentina"
  },
  {
    "username": "elhadymahmoud6",
    "followingArtist": "Gianluigi Buffon",
    "country_code": "NL",
    "country": "Netherlands"
  },
  {
    "username": "katiegegidze",
    "followingArtist": "Gianluigi Buffon",
    "country_code": "GE",
    "country": "Georgia"
  },
  {
    "username": "OnekDabest",
    "followingArtist": "Gianluigi Buffon",
    "country_code": "FR",
    "country": "France"
  },
  {
    "username": "rayanFJB",
    "followingArtist": "Gianluigi Buffon",
    "country_code": "BR",
    "country": "Brazil"
  },
  {
    "username": "zeinamz",
    "followingArtist": "Gianluigi Buffon",
    "country_code": "ID",
    "country": "Indonesia"
  },
  {
    "username": "RafaelC64682329",
    "followingArtist": "Gianluigi Buffon",
    "country_code": "CO",
    "country": "Colombia"
  },
  {
    "username": "Salvo71651992",
    "followingArtist": "Gianluigi Buffon",
    "country_code": "IT",
    "country": "Italy"
  },
  {
    "username": "SkurtSkrut",
    "followingArtist": "Gianluigi Buffon",
    "country_code": "IT",
    "country": "Italy"
  },
  {
    "username": "BetoGlz7",
    "followingArtist": "Gianluigi Buffon",
    "country_code": "MX",
    "country": "Mexico"
  },
  {
    "username": "DushiRanawat",
    "followingArtist": "Gianluigi Buffon",
    "country_code": "IN",
    "country": "India"
  },
  {
    "username": "monjesoriana",
    "followingArtist": "Gianluigi Buffon",
    "country_code": "VE",
    "country": "Venezuela"
  },
  {
    "username": "Mohamed70316326",
    "followingArtist": "Gianluigi Buffon",
    "country_code": "US",
    "country": "USA"
  },
  {
    "username": "hurracan56",
    "followingArtist": "Gianluigi Buffon",
    "country_code": "US",
    "country": "USA"
  },
  {
    "username": "Mo_emad94",
    "followingArtist": "Gianluigi Buffon",
    "country_code": "AE",
    "country": "United Arab Emirates"
  },
  {
    "username": "ChristopherVanU",
    "followingArtist": "Gianluigi Buffon",
    "country_code": "ES",
    "country": "Spain"
  },
  {
    "username": "Rajasik_sabio",
    "followingArtist": "Gianluigi Buffon",
    "country_code": "IN",
    "country": "India"
  },
  {
    "username": "75334f72d36c4e8",
    "followingArtist": "Gianluigi Buffon",
    "country_code": "MX",
    "country": "Mexico"
  },
  {
    "username": "Tahraou08795289",
    "followingArtist": "Gianluigi Buffon",
    "country_code": "MA",
    "country": "Morocco"
  },
  {
    "username": "mo4820",
    "followingArtist": "Gianluigi Buffon",
    "country_code": "EG",
    "country": "Egypt"
  },
  {
    "username": "BornOndeko",
    "followingArtist": "Gianluigi Buffon",
    "country_code": "KE",
    "country": "Kenya"
  },
  {
    "username": "KonteMarake",
    "followingArtist": "Gianluigi Buffon",
    "country_code": "FR",
    "country": "France"
  },
  {
    "username": "mmustafaaktar",
    "followingArtist": "Gianluigi Buffon",
    "country_code": "TR",
    "country": "Turkey"
  },
  {
    "username": "Francesco7215",
    "followingArtist": "Gianluigi Buffon",
    "country_code": "IT",
    "country": "Italy"
  },
  {
    "username": "enrico_ciandri",
    "followingArtist": "Gianluigi Buffon",
    "country_code": "IT",
    "country": "Italy"
  },
  {
    "username": "2soNesh",
    "followingArtist": "Gianluigi Buffon",
    "country_code": "ZA",
    "country": "South Africa"
  },
  {
    "username": "Fxller10",
    "followingArtist": "Gianluigi Buffon",
    "country_code": "ML",
    "country": "Mali"
  },
  {
    "username": "clecleo_b",
    "followingArtist": "Gianluigi Buffon",
    "country_code": "BR",
    "country": "Brazil"
  },
  {
    "username": "PureSoucheGars",
    "followingArtist": "Gianluigi Buffon",
    "country_code": "FR",
    "country": "France"
  },
  {
    "username": "2018_finisher",
    "followingArtist": "Gianluigi Buffon",
    "country_code": "Maryland Park Dr",
    "country": "Maryland Park Dr"
  },
  {
    "username": "dermane_razack",
    "followingArtist": "Gianluigi Buffon",
    "country_code": "BJ",
    "country": "Benin"
  },
  {
    "username": "PhandexMC",
    "followingArtist": "Gianluigi Buffon",
    "country_code": "NO",
    "country": "Norway"
  },
  {
    "username": "80bcardoso",
    "followingArtist": "Gianluigi Buffon",
    "country_code": "PT",
    "country": "Portugal"
  },
  {
    "username": "widiyakartika1",
    "followingArtist": "Gianluigi Buffon",
    "country_code": "ID",
    "country": "Indonesia"
  },
  {
    "username": "nanangqosem3",
    "followingArtist": "Gianluigi Buffon",
    "country_code": "ID",
    "country": "Indonesia"
  },
  {
    "username": "ShabaTrudda",
    "followingArtist": "Gianluigi Buffon",
    "country_code": "UG",
    "country": "Uganda"
  },
  {
    "username": "OUMARFOUTIYOU",
    "followingArtist": "Gianluigi Buffon",
    "country_code": "SN",
    "country": "Senegal"
  },
  {
    "username": "darrensinghh",
    "followingArtist": "Gianluigi Buffon",
    "country_code": "CA",
    "country": "Canada"
  },
  {
    "username": "Lawrencns",
    "followingArtist": "Gianluigi Buffon",
    "country_code": "GH",
    "country": "Ghana"
  },
  {
    "username": "ArturoB12681712",
    "followingArtist": "Gianluigi Buffon",
    "country_code": "MX",
    "country": "Mexico"
  },
  {
    "username": "hamilton2015480",
    "followingArtist": "Gianluigi Buffon",
    "country_code": "BR",
    "country": "Brazil"
  },
  {
    "username": "Flavia17776908",
    "followingArtist": "Gianluigi Buffon",
    "country_code": "IT",
    "country": "Italy"
  },
  {
    "username": "SteveVMarkGeor1",
    "followingArtist": "Gianluigi Buffon",
    "country_code": "MY",
    "country": "Malaysia"
  },
  {
    "username": "PepeMajestic",
    "followingArtist": "Gianluigi Buffon",
    "country_code": "GH",
    "country": "Ghana"
  },
  {
    "username": "anaouija",
    "followingArtist": "Gianluigi Buffon",
    "country_code": "EG",
    "country": "Egypt"
  },
  {
    "username": "foughali",
    "followingArtist": "Gianluigi Buffon",
    "country_code": "US",
    "country": "USA"
  },
  {
    "username": "adetolaayokanmi",
    "followingArtist": "Gianluigi Buffon",
    "country_code": "NG",
    "country": "Nigeria"
  },
  {
    "username": "GytisGobikas",
    "followingArtist": "Gianluigi Buffon",
    "country_code": "LT",
    "country": "Lithuania"
  },
  {
    "username": "JRBaLa_10",
    "followingArtist": "Gianluigi Buffon",
    "country_code": "IN",
    "country": "India"
  },
  {
    "username": "Soheric472",
    "followingArtist": "Gianluigi Buffon",
    "country_code": "GH",
    "country": "Ghana"
  },
  {
    "username": "barba_filippo",
    "followingArtist": "Gianluigi Buffon",
    "country_code": "IT",
    "country": "Italy"
  },
  {
    "username": "proud2bassyrian",
    "followingArtist": "Gianluigi Buffon",
    "country_code": "IQ",
    "country": "Iraq"
  },
  {
    "username": "AlexrussoSG21",
    "followingArtist": "Gianluigi Buffon",
    "country_code": "DZ",
    "country": "Algeria"
  },
  {
    "username": "moizmuhib",
    "followingArtist": "Gianluigi Buffon",
    "country_code": "PK",
    "country": "Pakistan"
  },
  {
    "username": "rhaumeo",
    "followingArtist": "Gianluigi Buffon",
    "country_code": "BJ",
    "country": "Benin"
  },
  {
    "username": "Sayanta29109007",
    "followingArtist": "Gianluigi Buffon",
    "country_code": "IN",
    "country": "India"
  },
  {
    "username": "alessio61378696",
    "followingArtist": "Gianluigi Buffon",
    "country_code": "IT",
    "country": "Italy"
  },
  {
    "username": "paulvasquez_p",
    "followingArtist": "Gianluigi Buffon",
    "country_code": "PE",
    "country": "Peru"
  },
  {
    "username": "JefferBlanditho",
    "followingArtist": "Gianluigi Buffon",
    "country_code": "CO",
    "country": "Colombia"
  },
  {
    "username": "BambangHarjanto",
    "followingArtist": "Gianluigi Buffon",
    "country_code": "ID",
    "country": "Indonesia"
  },
  {
    "username": "HerveRothmann",
    "followingArtist": "Gianluigi Buffon",
    "country_code": "FR",
    "country": "France"
  },
  {
    "username": "NicoMor30661909",
    "followingArtist": "Gianluigi Buffon",
    "country_code": "PY",
    "country": "Paraguay"
  },
  {
    "username": "703_jonathan",
    "followingArtist": "Gianluigi Buffon",
    "country_code": "IN",
    "country": "India"
  },
  {
    "username": "KWABENATWUMBAA3",
    "followingArtist": "Gianluigi Buffon",
    "country_code": "GH",
    "country": "Ghana"
  },
  {
    "username": "WinterSergio1",
    "followingArtist": "Gianluigi Buffon",
    "country_code": "GH",
    "country": "Ghana"
  },
  {
    "username": "CapKorkor",
    "followingArtist": "Gianluigi Buffon",
    "country_code": "NL",
    "country": "Netherlands"
  },
  {
    "username": "quesi_ofori",
    "followingArtist": "Gianluigi Buffon",
    "country_code": "GH",
    "country": "Ghana"
  },
  {
    "username": "Abrahamska86031",
    "followingArtist": "Gianluigi Buffon",
    "country_code": "US",
    "country": "USA"
  },
  {
    "username": "Pratyus97752815",
    "followingArtist": "Gianluigi Buffon",
    "country_code": "IN",
    "country": "India"
  },
  {
    "username": "SergioMFLN",
    "followingArtist": "Gianluigi Buffon",
    "country_code": "US",
    "country": "USA"
  },
  {
    "username": "Emjaybareta",
    "followingArtist": "Gianluigi Buffon",
    "country_code": "NG",
    "country": "Nigeria"
  },
  {
    "username": "ChoiceChakma1",
    "followingArtist": "Gianluigi Buffon",
    "country_code": "BD",
    "country": "Bangladesh"
  },
  {
    "username": "Bram_kip12",
    "followingArtist": "Gianluigi Buffon",
    "country_code": "KE",
    "country": "Kenya"
  },
  {
    "username": "EricJoelRoy",
    "followingArtist": "Gianluigi Buffon",
    "country_code": "IN",
    "country": "India"
  },
  {
    "username": "Kobi_Bryan_G",
    "followingArtist": "Gianluigi Buffon",
    "country_code": "GH",
    "country": "Ghana"
  },
  {
    "username": "AlejandroBarsa8",
    "followingArtist": "Gianluigi Buffon",
    "country_code": "IR",
    "country": "Iran"
  },
  {
    "username": "xoseflores",
    "followingArtist": "Gianluigi Buffon",
    "country_code": "ES",
    "country": "Spain"
  },
  {
    "username": "camila44753225",
    "followingArtist": "Gianluigi Buffon",
    "country_code": "US",
    "country": "USA"
  },
  {
    "username": "mdshami32836718",
    "followingArtist": "Gianluigi Buffon",
    "country_code": "BD",
    "country": "Bangladesh"
  },
  {
    "username": "carlokescot",
    "followingArtist": "Gianluigi Buffon",
    "country_code": "HN",
    "country": "Honduras"
  },
  {
    "username": "socrates37",
    "followingArtist": "Gianluigi Buffon",
    "country_code": "US",
    "country": "USA"
  },
  {
    "username": "dean_ammon",
    "followingArtist": "Gianluigi Buffon",
    "country_code": "US",
    "country": "USA"
  },
  {
    "username": "OkwDaniel",
    "followingArtist": "Gianluigi Buffon",
    "country_code": "NG",
    "country": "Nigeria"
  },
  {
    "username": "khalidmx_",
    "followingArtist": "Gianluigi Buffon",
    "country_code": "US",
    "country": "USA"
  },
  {
    "username": "ehiner1",
    "followingArtist": "Gianluigi Buffon",
    "country_code": "PE",
    "country": "Peru"
  },
  {
    "username": "gera_cr2",
    "followingArtist": "Gianluigi Buffon",
    "country_code": "MX",
    "country": "Mexico"
  },
  {
    "username": "Ale88826136",
    "followingArtist": "Gianluigi Buffon",
    "country_code": "US",
    "country": "USA"
  },
  {
    "username": "JuniiorGM2",
    "followingArtist": "Gianluigi Buffon",
    "country_code": "CO",
    "country": "Colombia"
  },
  {
    "username": "juliaching8102",
    "followingArtist": "Gianluigi Buffon",
    "country_code": "US",
    "country": "USA"
  },
  {
    "username": "LiedKun",
    "followingArtist": "Gianluigi Buffon",
    "country_code": "PT",
    "country": "Portugal"
  },
  {
    "username": "playboydanny31",
    "followingArtist": "Gianluigi Buffon",
    "country_code": "US",
    "country": "USA"
  },
  {
    "username": "BabaCou51553714",
    "followingArtist": "Gianluigi Buffon",
    "country_code": "AU",
    "country": "Australia"
  },
  {
    "username": "psictoro",
    "followingArtist": "Gianluigi Buffon",
    "country_code": "US",
    "country": "USA"
  },
  {
    "username": "LixhiOspino",
    "followingArtist": "Gianluigi Buffon",
    "country_code": "CO",
    "country": "Colombia"
  },
  {
    "username": "Attia16Attia",
    "followingArtist": "Gianluigi Buffon",
    "country_code": "EG",
    "country": "Egypt"
  },
  {
    "username": "BulgeriusJones",
    "followingArtist": "Gianluigi Buffon",
    "country_code": "US",
    "country": "USA"
  },
  {
    "username": "ghanimadrid12",
    "followingArtist": "Gianluigi Buffon",
    "country_code": "FR",
    "country": "France"
  },
  {
    "username": "nicolasfrau2",
    "followingArtist": "Gianluigi Buffon",
    "country_code": "FR",
    "country": "France"
  },
  {
    "username": "Omo5Pete",
    "followingArtist": "Gianluigi Buffon",
    "country_code": "EC",
    "country": "Ecuador"
  },
  {
    "username": "MohamedNagy1899",
    "followingArtist": "Gianluigi Buffon",
    "country_code": "NL",
    "country": "Netherlands"
  },
  {
    "username": "belmahboubi",
    "followingArtist": "Gianluigi Buffon",
    "country_code": "SV",
    "country": "El Salvador"
  },
  {
    "username": "JorgeConceio10",
    "followingArtist": "Gianluigi Buffon",
    "country_code": "NG",
    "country": "Nigeria"
  },
  {
    "username": "frances47795326",
    "followingArtist": "Gianluigi Buffon",
    "country_code": "ES",
    "country": "Spain"
  },
  {
    "username": "Austinokojie871",
    "followingArtist": "Gianluigi Buffon",
    "country_code": "IT",
    "country": "Italy"
  },
  {
    "username": "Susan1Oso",
    "followingArtist": "Gianluigi Buffon",
    "country_code": "MX",
    "country": "Mexico"
  },
  {
    "username": "KerdamA",
    "followingArtist": "Gianluigi Buffon",
    "country_code": "BE",
    "country": "Belgium"
  },
  {
    "username": "Raulito249",
    "followingArtist": "Gianluigi Buffon",
    "country_code": "IR",
    "country": "Iran"
  },
  {
    "username": "lbenjamim01",
    "followingArtist": "Gianluigi Buffon",
    "country_code": "IT",
    "country": "Italy"
  },
  {
    "username": "PedroCa13638586",
    "followingArtist": "Gianluigi Buffon",
    "country_code": "BR",
    "country": "Brazil"
  },
  {
    "username": "Diego199705",
    "followingArtist": "Gianluigi Buffon",
    "country_code": "California City Blvd",
    "country": "California City Blvd"
  },
  {
    "username": "rojay_seun",
    "followingArtist": "Gianluigi Buffon",
    "country_code": "NG",
    "country": "Nigeria"
  },
  {
    "username": "Brunogms12",
    "followingArtist": "Gianluigi Buffon",
    "country_code": "NO",
    "country": "Norway"
  },
  {
    "username": "IsabelIuliano",
    "followingArtist": "Gianluigi Buffon",
    "country_code": "IT",
    "country": "Italy"
  },
  {
    "username": "AlexRos80808216",
    "followingArtist": "Gianluigi Buffon",
    "country_code": "IT",
    "country": "Italy"
  },
  {
    "username": "Victor26242922",
    "followingArtist": "Gianluigi Buffon",
    "country_code": "BR",
    "country": "Brazil"
  },
  {
    "username": "CiaranC74209901",
    "followingArtist": "Gianluigi Buffon",
    "country_code": "GB",
    "country": "England"
  },
  {
    "username": "Vincenz32872797",
    "followingArtist": "Gianluigi Buffon",
    "country_code": "IT",
    "country": "Italy"
  },
  {
    "username": "abdul_barrie_33",
    "followingArtist": "Gianluigi Buffon",
    "country_code": "LR",
    "country": "Liberia"
  },
  {
    "username": "TAOFEEKIKE153",
    "followingArtist": "Gianluigi Buffon",
    "country_code": "NG",
    "country": "Nigeria"
  },
  {
    "username": "DaRealKandwisk8",
    "followingArtist": "Gianluigi Buffon",
    "country_code": "UK",
    "country": "United Kingdom"
  },
  {
    "username": "luis_fgarcia37",
    "followingArtist": "Gianluigi Buffon",
    "country_code": "US",
    "country": "USA"
  },
  {
    "username": "D3vilF",
    "followingArtist": "Gianluigi Buffon",
    "country_code": "ES",
    "country": "Spain"
  },
  {
    "username": "LilOdame",
    "followingArtist": "Gianluigi Buffon",
    "country_code": "GH",
    "country": "Ghana"
  },
  {
    "username": "asmahashi",
    "followingArtist": "Gianluigi Buffon",
    "country_code": "US",
    "country": "USA"
  },
  {
    "username": "Josejohel2",
    "followingArtist": "Gianluigi Buffon",
    "country_code": "US",
    "country": "USA"
  },
  {
    "username": "brunocriseopizz",
    "followingArtist": "Gianluigi Buffon",
    "country_code": "IT",
    "country": "Italy"
  },
  {
    "username": "ferrante_kekko",
    "followingArtist": "Gianluigi Buffon",
    "country_code": "IT",
    "country": "Italy"
  },
  {
    "username": "BerthelotAntoi5",
    "followingArtist": "Gianluigi Buffon",
    "country_code": "US",
    "country": "USA"
  },
  {
    "username": "queendongel",
    "followingArtist": "Gianluigi Buffon",
    "country_code": "FR",
    "country": "France"
  },
  {
    "username": "Denis_Sokolov97",
    "followingArtist": "Gianluigi Buffon",
    "country_code": "RU",
    "country": "Russian Federation"
  },
  {
    "username": "Ibrasalato",
    "followingArtist": "Gianluigi Buffon",
    "country_code": "US",
    "country": "USA"
  },
  {
    "username": "FeitozaNilson",
    "followingArtist": "Gianluigi Buffon",
    "country_code": "BR",
    "country": "Brazil"
  },
  {
    "username": "Roger07459156",
    "followingArtist": "Gianluigi Buffon",
    "country_code": "US",
    "country": "USA"
  },
  {
    "username": "MrBenJP",
    "followingArtist": "Gianluigi Buffon",
    "country_code": "US",
    "country": "USA"
  },
  {
    "username": "Batta21639960",
    "followingArtist": "Gianluigi Buffon",
    "country_code": "IT",
    "country": "Italy"
  },
  {
    "username": "Tyronne27",
    "followingArtist": "Gianluigi Buffon",
    "country_code": "ZW",
    "country": "Zimbabwe"
  },
  {
    "username": "arahi_mp",
    "followingArtist": "Gianluigi Buffon",
    "country_code": "IR",
    "country": "Iran"
  },
  {
    "username": "LincolnCity1884",
    "followingArtist": "Gianluigi Buffon",
    "country_code": "US",
    "country": "USA"
  },
  {
    "username": "SaadAliyoussou2",
    "followingArtist": "Gianluigi Buffon",
    "country_code": "BJ",
    "country": "Benin"
  },
  {
    "username": "Betto04733483",
    "followingArtist": "Gianluigi Buffon",
    "country_code": "MX",
    "country": "Mexico"
  },
  {
    "username": "Traoremina1",
    "followingArtist": "Gianluigi Buffon",
    "country_code": "FR",
    "country": "France"
  },
  {
    "username": "BZegnoun",
    "followingArtist": "Gianluigi Buffon",
    "country_code": "BE",
    "country": "Belgium"
  },
  {
    "username": "IbrahimElDante1",
    "followingArtist": "Gianluigi Buffon",
    "country_code": "CM",
    "country": "Cameroon"
  },
  {
    "username": "Abdousadaoui6",
    "followingArtist": "Gianluigi Buffon",
    "country_code": "DZ",
    "country": "Algeria"
  },
  {
    "username": "Dammyberry4",
    "followingArtist": "Gianluigi Buffon",
    "country_code": "NG",
    "country": "Nigeria"
  },
  {
    "username": "CarlosEGR94",
    "followingArtist": "Gianluigi Buffon",
    "country_code": "CU",
    "country": "Cuba"
  },
  {
    "username": "Manoel28283312",
    "followingArtist": "Gianluigi Buffon",
    "country_code": "MZ",
    "country": "Mozambique"
  },
  {
    "username": "guntekin_bilal",
    "followingArtist": "Gianluigi Buffon",
    "country_code": "TR",
    "country": "Turkey"
  },
  {
    "username": "moamen_awadllah",
    "followingArtist": "Gianluigi Buffon",
    "country_code": "AE",
    "country": "United Arab Emirates"
  },
  {
    "username": "lesantosr",
    "followingArtist": "Gianluigi Buffon",
    "country_code": "BR",
    "country": "Brazil"
  },
  {
    "username": "dicesare_costa",
    "followingArtist": "Gianluigi Buffon",
    "country_code": "BR",
    "country": "Brazil"
  },
  {
    "username": "matheushunter07",
    "followingArtist": "Gianluigi Buffon",
    "country_code": "GH",
    "country": "Ghana"
  },
  {
    "username": "Alex_Braga23",
    "followingArtist": "Gianluigi Buffon",
    "country_code": "BR",
    "country": "Brazil"
  },
  {
    "username": "luiz_peterson",
    "followingArtist": "Gianluigi Buffon",
    "country_code": "BR",
    "country": "Brazil"
  },
  {
    "username": "_Heraldin",
    "followingArtist": "Gianluigi Buffon",
    "country_code": "BR",
    "country": "Brazil"
  },
  {
    "username": "MarttynsMarcos",
    "followingArtist": "Gianluigi Buffon",
    "country_code": "PR",
    "country": "Puerto Rico"
  },
  {
    "username": "GA_LARWZ",
    "followingArtist": "Gianluigi Buffon",
    "country_code": "NG",
    "country": "Nigeria"
  },
  {
    "username": "LuanaDi28593495",
    "followingArtist": "Gianluigi Buffon",
    "country_code": "BR",
    "country": "Brazil"
  },
  {
    "username": "tairebitch",
    "followingArtist": "Gianluigi Buffon",
    "country_code": "CY",
    "country": "Cyprus"
  },
  {
    "username": "SeniorKusi",
    "followingArtist": "Gianluigi Buffon",
    "country_code": "GH",
    "country": "Ghana"
  },
  {
    "username": "Aminebenhamou11",
    "followingArtist": "Gianluigi Buffon",
    "country_code": "FR",
    "country": "France"
  },
  {
    "username": "amine_27sic",
    "followingArtist": "Gianluigi Buffon",
    "country_code": "DZ",
    "country": "Algeria"
  },
  {
    "username": "MustaphaNd",
    "followingArtist": "Gianluigi Buffon",
    "country_code": "BE",
    "country": "Belgium"
  },
  {
    "username": "BinyamAshenafi",
    "followingArtist": "Gianluigi Buffon",
    "country_code": "US",
    "country": "USA"
  },
  {
    "username": "M_Amir_Munir",
    "followingArtist": "Gianluigi Buffon",
    "country_code": "PK",
    "country": "Pakistan"
  },
  {
    "username": "Henry_Siria6",
    "followingArtist": "Gianluigi Buffon",
    "country_code": "NL",
    "country": "Netherlands"
  },
  {
    "username": "Man98Batter",
    "followingArtist": "Gianluigi Buffon",
    "country_code": "BJ",
    "country": "Benin"
  },
  {
    "username": "linooaa467",
    "followingArtist": "Gianluigi Buffon",
    "country_code": "MM",
    "country": "Myanmar"
  },
  {
    "username": "FaadelMuhammad",
    "followingArtist": "Gianluigi Buffon",
    "country_code": "ID",
    "country": "Indonesia"
  },
  {
    "username": "Sundara53934566",
    "followingArtist": "Gianluigi Buffon",
    "country_code": "IN",
    "country": "India"
  },
  {
    "username": "SebaFlacus07",
    "followingArtist": "Gianluigi Buffon",
    "country_code": "CL",
    "country": "Chile"
  },
  {
    "username": "Azza36473470",
    "followingArtist": "Gianluigi Buffon",
    "country_code": "ID",
    "country": "Indonesia"
  },
  {
    "username": "CStarneley",
    "followingArtist": "Gianluigi Buffon",
    "country_code": "KE",
    "country": "Kenya"
  },
  {
    "username": "leo_santoos73",
    "followingArtist": "Gianluigi Buffon",
    "country_code": "BR",
    "country": "Brazil"
  },
  {
    "username": "EtudayeMusa",
    "followingArtist": "Gianluigi Buffon",
    "country_code": "NG",
    "country": "Nigeria"
  },
  {
    "username": "MallogoAlliy",
    "followingArtist": "Gianluigi Buffon",
    "country_code": "TZ",
    "country": "Tanzania"
  },
  {
    "username": "RonyEkia_1",
    "followingArtist": "Gianluigi Buffon",
    "country_code": "CG",
    "country": "Congo"
  },
  {
    "username": "JaloMamu",
    "followingArtist": "Gianluigi Buffon",
    "country_code": "NG",
    "country": "Nigeria"
  },
  {
    "username": "BrightEvans5",
    "followingArtist": "Gianluigi Buffon",
    "country_code": "NG",
    "country": "Nigeria"
  },
  {
    "username": "_a_teenager",
    "followingArtist": "Gianluigi Buffon",
    "country_code": "PK",
    "country": "Pakistan"
  },
  {
    "username": "23_saverio",
    "followingArtist": "Gianluigi Buffon",
    "country_code": "IT",
    "country": "Italy"
  },
  {
    "username": "vishav_vj",
    "followingArtist": "Gianluigi Buffon",
    "country_code": "AU",
    "country": "Australia"
  },
  {
    "username": "marc88aral",
    "followingArtist": "Gianluigi Buffon",
    "country_code": "TR",
    "country": "Turkey"
  },
  {
    "username": "mode2371998",
    "followingArtist": "Gianluigi Buffon",
    "country_code": "NL",
    "country": "Netherlands"
  },
  {
    "username": "sherifasaad99",
    "followingArtist": "Gianluigi Buffon",
    "country_code": "EG",
    "country": "Egypt"
  },
  {
    "username": "ViniciusBalbi10",
    "followingArtist": "Gianluigi Buffon",
    "country_code": "BR",
    "country": "Brazil"
  },
  {
    "username": "AhmedAlShiekh15",
    "followingArtist": "Gianluigi Buffon",
    "country_code": "DE",
    "country": "Germany"
  },
  {
    "username": "jamosman007",
    "followingArtist": "Gianluigi Buffon",
    "country_code": "GB",
    "country": "England"
  },
  {
    "username": "SimonClincke",
    "followingArtist": "Gianluigi Buffon",
    "country_code": "BE",
    "country": "Belgium"
  },
  {
    "username": "ahmedmomo83",
    "followingArtist": "Gianluigi Buffon",
    "country_code": "EG",
    "country": "Egypt"
  },
  {
    "username": "igordpaula97",
    "followingArtist": "Gianluigi Buffon",
    "country_code": "BR",
    "country": "Brazil"
  },
  {
    "username": "RoopSaha",
    "followingArtist": "Gianluigi Buffon",
    "country_code": "IN",
    "country": "India"
  },
  {
    "username": "KitengeSir",
    "followingArtist": "Gianluigi Buffon",
    "country_code": "BJ",
    "country": "Benin"
  },
  {
    "username": "timtoks",
    "followingArtist": "Gianluigi Buffon",
    "country_code": "NG",
    "country": "Nigeria"
  },
  {
    "username": "ChiUniDad",
    "followingArtist": "Gianluigi Buffon",
    "country_code": "NP",
    "country": "Nepal"
  },
  {
    "username": "Simona82993355",
    "followingArtist": "Gianluigi Buffon",
    "country_code": "IT",
    "country": "Italy"
  },
  {
    "username": "justnice97",
    "followingArtist": "Gianluigi Buffon",
    "country_code": "IT",
    "country": "Italy"
  },
  {
    "username": "krloswiguel",
    "followingArtist": "Gianluigi Buffon",
    "country_code": "MX",
    "country": "Mexico"
  },
  {
    "username": "PfValentin",
    "followingArtist": "Gianluigi Buffon",
    "country_code": "FR",
    "country": "France"
  },
  {
    "username": "EkaFebr30053221",
    "followingArtist": "Gianluigi Buffon",
    "country_code": "ID",
    "country": "Indonesia"
  },
  {
    "username": "HaidarHali",
    "followingArtist": "Gianluigi Buffon",
    "country_code": "IN",
    "country": "India"
  },
  {
    "username": "gersonorozco",
    "followingArtist": "Gianluigi Buffon",
    "country_code": "US",
    "country": "USA"
  },
  {
    "username": "marknr360",
    "followingArtist": "Gianluigi Buffon",
    "country_code": "GH",
    "country": "Ghana"
  },
  {
    "username": "PedroDiaz96",
    "followingArtist": "Gianluigi Buffon",
    "country_code": "CL",
    "country": "Chile"
  },
  {
    "username": "Arham_mujahid",
    "followingArtist": "Gianluigi Buffon",
    "country_code": "PK",
    "country": "Pakistan"
  },
  {
    "username": "tahri_houssine",
    "followingArtist": "Gianluigi Buffon",
    "country_code": "SV",
    "country": "El Salvador"
  },
  {
    "username": "ErkanEmre1905",
    "followingArtist": "Gianluigi Buffon",
    "country_code": "TR",
    "country": "Turkey"
  },
  {
    "username": "wushujan",
    "followingArtist": "Gianluigi Buffon",
    "country_code": "AU",
    "country": "Australia"
  },
  {
    "username": "MarwanJaradat2",
    "followingArtist": "Gianluigi Buffon",
    "country_code": "CA",
    "country": "Canada"
  },
  {
    "username": "luke_prro",
    "followingArtist": "Gianluigi Buffon",
    "country_code": "AR",
    "country": "Argentina"
  },
  {
    "username": "n1_anwar",
    "followingArtist": "Gianluigi Buffon",
    "country_code": "UK",
    "country": "United Kingdom"
  },
  {
    "username": "Horlarwholay",
    "followingArtist": "Gianluigi Buffon",
    "country_code": "NG",
    "country": "Nigeria"
  },
  {
    "username": "WalaszekTomasz",
    "followingArtist": "Gianluigi Buffon",
    "country_code": "PL",
    "country": "Poland"
  },
  {
    "username": "IanSoselisa",
    "followingArtist": "Gianluigi Buffon",
    "country_code": "ID",
    "country": "Indonesia"
  },
  {
    "username": "abdel_sarih",
    "followingArtist": "Gianluigi Buffon",
    "country_code": "BE",
    "country": "Belgium"
  },
  {
    "username": "shanepaulhealy",
    "followingArtist": "Gianluigi Buffon",
    "country_code": "IE",
    "country": "Ireland"
  },
  {
    "username": "maryann_anyanwu",
    "followingArtist": "Gianluigi Buffon",
    "country_code": "NG",
    "country": "Nigeria"
  },
  {
    "username": "Form_Philosophy",
    "followingArtist": "Gianluigi Buffon",
    "country_code": "UK",
    "country": "United Kingdom"
  },
  {
    "username": "Bruno14905879",
    "followingArtist": "Gianluigi Buffon",
    "country_code": "MX",
    "country": "Mexico"
  },
  {
    "username": "KihumuroDerric4",
    "followingArtist": "Gianluigi Buffon",
    "country_code": "UG",
    "country": "Uganda"
  },
  {
    "username": "ByronCT94",
    "followingArtist": "Gianluigi Buffon",
    "country_code": "ES",
    "country": "Spain"
  },
  {
    "username": "JoseGabrielOsp7",
    "followingArtist": "Gianluigi Buffon",
    "country_code": "CO",
    "country": "Colombia"
  },
  {
    "username": "guariseru",
    "followingArtist": "Gianluigi Buffon",
    "country_code": "VE",
    "country": "Venezuela"
  },
  {
    "username": "SupermercatoM",
    "followingArtist": "Gianluigi Buffon",
    "country_code": "IT",
    "country": "Italy"
  },
  {
    "username": "MagamboIsaac",
    "followingArtist": "Gianluigi Buffon",
    "country_code": "UG",
    "country": "Uganda"
  },
  {
    "username": "gkfcultraas",
    "followingArtist": "Gianluigi Buffon",
    "country_code": "IN",
    "country": "India"
  },
  {
    "username": "UniqBeauties",
    "followingArtist": "Gianluigi Buffon",
    "country_code": "NG",
    "country": "Nigeria"
  },
  {
    "username": "moustafazakari6",
    "followingArtist": "Gianluigi Buffon",
    "country_code": "EG",
    "country": "Egypt"
  },
  {
    "username": "fabioalvesperei",
    "followingArtist": "Gianluigi Buffon",
    "country_code": "PT",
    "country": "Portugal"
  },
  {
    "username": "granvillani",
    "followingArtist": "Gianluigi Buffon",
    "country_code": "IT",
    "country": "Italy"
  },
  {
    "username": "stormwoolf",
    "followingArtist": "Gianluigi Buffon",
    "country_code": "BJ",
    "country": "Benin"
  },
  {
    "username": "SwiftApolo",
    "followingArtist": "Gianluigi Buffon",
    "country_code": "Pennsylvania Furnace Rd",
    "country": "Pennsylvania Furnace Rd"
  },
  {
    "username": "BolseeTom",
    "followingArtist": "Gianluigi Buffon",
    "country_code": "BE",
    "country": "Belgium"
  },
  {
    "username": "Delpi1981",
    "followingArtist": "Gianluigi Buffon",
    "country_code": "ES",
    "country": "Spain"
  },
  {
    "username": "sonostalgeek",
    "followingArtist": "Gianluigi Buffon",
    "country_code": "FR",
    "country": "France"
  },
  {
    "username": "Chancy34735730",
    "followingArtist": "Gianluigi Buffon",
    "country_code": "GH",
    "country": "Ghana"
  },
  {
    "username": "Juliuskadir",
    "followingArtist": "Gianluigi Buffon",
    "country_code": "NG",
    "country": "Nigeria"
  },
  {
    "username": "Mathemadematics",
    "followingArtist": "Gianluigi Buffon",
    "country_code": "US",
    "country": "USA"
  },
  {
    "username": "TaimorAsif",
    "followingArtist": "Gianluigi Buffon",
    "country_code": "BD",
    "country": "Bangladesh"
  },
  {
    "username": "RaphaelBassey1",
    "followingArtist": "Gianluigi Buffon",
    "country_code": "NG",
    "country": "Nigeria"
  },
  {
    "username": "thabo5816",
    "followingArtist": "Gianluigi Buffon",
    "country_code": "ZA",
    "country": "South Africa"
  },
  {
    "username": "ESROM6",
    "followingArtist": "Gianluigi Buffon",
    "country_code": "MX",
    "country": "Mexico"
  },
  {
    "username": "MormileLeonardo",
    "followingArtist": "Gianluigi Buffon",
    "country_code": "IT",
    "country": "Italy"
  },
  {
    "username": "remigia81",
    "followingArtist": "Gianluigi Buffon",
    "country_code": "IT",
    "country": "Italy"
  },
  {
    "username": "Owusuni03232316",
    "followingArtist": "Gianluigi Buffon",
    "country_code": "GH",
    "country": "Ghana"
  },
  {
    "username": "Axelgzc",
    "followingArtist": "Gianluigi Buffon",
    "country_code": "FR",
    "country": "France"
  },
  {
    "username": "Kacper96716482",
    "followingArtist": "Gianluigi Buffon",
    "country_code": "PL",
    "country": "Poland"
  },
  {
    "username": "shadcaviar",
    "followingArtist": "Gianluigi Buffon",
    "country_code": "MU",
    "country": "Mauritius"
  },
  {
    "username": "sottocutaneo",
    "followingArtist": "Gianluigi Buffon",
    "country_code": "IT",
    "country": "Italy"
  },
  {
    "username": "DesalmadoLobo",
    "followingArtist": "Gianluigi Buffon",
    "country_code": "MX",
    "country": "Mexico"
  },
  {
    "username": "jivyblack",
    "followingArtist": "Gianluigi Buffon",
    "country_code": "IT",
    "country": "Italy"
  },
  {
    "username": "agua_rica",
    "followingArtist": "Gianluigi Buffon",
    "country_code": "VE",
    "country": "Venezuela"
  },
  {
    "username": "DINESH_LEAF",
    "followingArtist": "Gianluigi Buffon",
    "country_code": "IN",
    "country": "India"
  },
  {
    "username": "DhimanYajat",
    "followingArtist": "Gianluigi Buffon",
    "country_code": "IN",
    "country": "India"
  },
  {
    "username": "Abdow1415",
    "followingArtist": "Gianluigi Buffon",
    "country_code": "US",
    "country": "USA"
  },
  {
    "username": "JeanGue93032503",
    "followingArtist": "Gianluigi Buffon",
    "country_code": "IR",
    "country": "Iran"
  },
  {
    "username": "AdrianRivadene7",
    "followingArtist": "Gianluigi Buffon",
    "country_code": "EC",
    "country": "Ecuador"
  },
  {
    "username": "RiomMatthieu",
    "followingArtist": "Gianluigi Buffon",
    "country_code": "FR",
    "country": "France"
  },
  {
    "username": "ashashete12",
    "followingArtist": "Gianluigi Buffon",
    "country_code": "US",
    "country": "USA"
  },
  {
    "username": "LeintonMontese",
    "followingArtist": "Gianluigi Buffon",
    "country_code": "EC",
    "country": "Ecuador"
  },
  {
    "username": "yasinenan",
    "followingArtist": "Gianluigi Buffon",
    "country_code": "BD",
    "country": "Bangladesh"
  },
  {
    "username": "scor6pion",
    "followingArtist": "Gianluigi Buffon",
    "country_code": "UK",
    "country": "United Kingdom"
  },
  {
    "username": "22victorDaniel",
    "followingArtist": "Gianluigi Buffon",
    "country_code": "US",
    "country": "USA"
  },
  {
    "username": "Victorb70568740",
    "followingArtist": "Gianluigi Buffon",
    "country_code": "EC",
    "country": "Ecuador"
  },
  {
    "username": "tolubori4real",
    "followingArtist": "Gianluigi Buffon",
    "country_code": "NG",
    "country": "Nigeria"
  },
  {
    "username": "jhonvalecillos",
    "followingArtist": "Gianluigi Buffon",
    "country_code": "VE",
    "country": "Venezuela"
  },
  {
    "username": "esalazarg",
    "followingArtist": "Gianluigi Buffon",
    "country_code": "CO",
    "country": "Colombia"
  },
  {
    "username": "SaifUrR07088430",
    "followingArtist": "Gianluigi Buffon",
    "country_code": "PK",
    "country": "Pakistan"
  },
  {
    "username": "David24Puente",
    "followingArtist": "Gianluigi Buffon",
    "country_code": "MX",
    "country": "Mexico"
  },
  {
    "username": "Abdelfatah5488",
    "followingArtist": "Gianluigi Buffon",
    "country_code": "AR",
    "country": "Argentina"
  },
  {
    "username": "Cristia15437960",
    "followingArtist": "Gianluigi Buffon",
    "country_code": "BR",
    "country": "Brazil"
  },
  {
    "username": "ca216c386e824f0",
    "followingArtist": "Gianluigi Buffon",
    "country_code": "NG",
    "country": "Nigeria"
  },
  {
    "username": "narria77",
    "followingArtist": "Gianluigi Buffon",
    "country_code": "US",
    "country": "USA"
  },
  {
    "username": "israpaja",
    "followingArtist": "Gianluigi Buffon",
    "country_code": "MX",
    "country": "Mexico"
  },
  {
    "username": "gino1087",
    "followingArtist": "Gianluigi Buffon",
    "country_code": "CO",
    "country": "Colombia"
  },
  {
    "username": "andresmart1nez",
    "followingArtist": "Gianluigi Buffon",
    "country_code": "CL",
    "country": "Chile"
  },
  {
    "username": "EL_DEIVITO",
    "followingArtist": "Gianluigi Buffon",
    "country_code": "VE",
    "country": "Venezuela"
  }
]