[
  {
    "username": "28nihachi",
    "followingArtist": "\u3084\u3064\u3044\u3044\u3061\u308d\u3046",
    "country_code": "ID",
    "country": "Indonesia"
  },
  {
    "username": "ngV7NkE1TGo6kp8",
    "followingArtist": "\u3084\u3064\u3044\u3044\u3061\u308d\u3046",
    "country_code": "JP",
    "country": "Japan"
  },
  {
    "username": "cha1ko",
    "followingArtist": "\u3084\u3064\u3044\u3044\u3061\u308d\u3046",
    "country_code": "JP",
    "country": "Japan"
  },
  {
    "username": "BettySour",
    "followingArtist": "\u3084\u3064\u3044\u3044\u3061\u308d\u3046",
    "country_code": "JP",
    "country": "Japan"
  },
  {
    "username": "WILHELMPAUL2",
    "followingArtist": "\u3084\u3064\u3044\u3044\u3061\u308d\u3046",
    "country_code": "AU",
    "country": "Australia"
  },
  {
    "username": "katomicha",
    "followingArtist": "\u3084\u3064\u3044\u3044\u3061\u308d\u3046",
    "country_code": "JP",
    "country": "Japan"
  },
  {
    "username": "fp_hanage",
    "followingArtist": "\u3084\u3064\u3044\u3044\u3061\u308d\u3046",
    "country_code": "AU",
    "country": "Australia"
  },
  {
    "username": "aopico",
    "followingArtist": "\u3084\u3064\u3044\u3044\u3061\u308d\u3046",
    "country_code": "JP",
    "country": "Japan"
  },
  {
    "username": "tsubaki_123",
    "followingArtist": "\u3084\u3064\u3044\u3044\u3061\u308d\u3046",
    "country_code": "JP",
    "country": "Japan"
  },
  {
    "username": "Nzy1712489474",
    "followingArtist": "\u3084\u3064\u3044\u3044\u3061\u308d\u3046",
    "country_code": "CN",
    "country": "China"
  },
  {
    "username": "joze1226",
    "followingArtist": "\u3084\u3064\u3044\u3044\u3061\u308d\u3046",
    "country_code": "CZ",
    "country": "Czech Republic"
  },
  {
    "username": "hashimojp",
    "followingArtist": "\u3084\u3064\u3044\u3044\u3061\u308d\u3046",
    "country_code": "JP",
    "country": "Japan"
  },
  {
    "username": "kissa_sosui",
    "followingArtist": "\u3084\u3064\u3044\u3044\u3061\u308d\u3046",
    "country_code": "JP",
    "country": "Japan"
  },
  {
    "username": "chiko7773",
    "followingArtist": "\u3084\u3064\u3044\u3044\u3061\u308d\u3046",
    "country_code": "JP",
    "country": "Japan"
  },
  {
    "username": "shanqi6",
    "followingArtist": "\u3084\u3064\u3044\u3044\u3061\u308d\u3046",
    "country_code": "JP",
    "country": "Japan"
  },
  {
    "username": "chi_1231_i",
    "followingArtist": "\u3084\u3064\u3044\u3044\u3061\u308d\u3046",
    "country_code": "JP",
    "country": "Japan"
  },
  {
    "username": "mugenkomachi",
    "followingArtist": "\u3084\u3064\u3044\u3044\u3061\u308d\u3046",
    "country_code": "JP",
    "country": "Japan"
  },
  {
    "username": "am1gon",
    "followingArtist": "\u3084\u3064\u3044\u3044\u3061\u308d\u3046",
    "country_code": "US",
    "country": "United States"
  },
  {
    "username": "o_mai_n24",
    "followingArtist": "\u3084\u3064\u3044\u3044\u3061\u308d\u3046",
    "country_code": "KR",
    "country": "South Korea"
  },
  {
    "username": "kpkdbf",
    "followingArtist": "\u3084\u3064\u3044\u3044\u3061\u308d\u3046",
    "country_code": "PE",
    "country": "Peru"
  },
  {
    "username": "VinceCo78908816",
    "followingArtist": "\u3084\u3064\u3044\u3044\u3061\u308d\u3046",
    "country_code": "AE",
    "country": "United Arab Emirates"
  },
  {
    "username": "imaisshun",
    "followingArtist": "\u3084\u3064\u3044\u3044\u3061\u308d\u3046",
    "country_code": "JP",
    "country": "Japan"
  },
  {
    "username": "oomi606",
    "followingArtist": "\u3084\u3064\u3044\u3044\u3061\u308d\u3046",
    "country_code": "JP",
    "country": "Japan"
  },
  {
    "username": "mio88062614",
    "followingArtist": "\u3084\u3064\u3044\u3044\u3061\u308d\u3046",
    "country_code": "JP",
    "country": "Japan"
  },
  {
    "username": "nabejuno_modeA",
    "followingArtist": "\u3084\u3064\u3044\u3044\u3061\u308d\u3046",
    "country_code": "JP",
    "country": "Japan"
  },
  {
    "username": "ryokomoko1",
    "followingArtist": "\u3084\u3064\u3044\u3044\u3061\u308d\u3046",
    "country_code": "JP",
    "country": "Japan"
  },
  {
    "username": "IttetsuLove23",
    "followingArtist": "\u3084\u3064\u3044\u3044\u3061\u308d\u3046",
    "country_code": "JP",
    "country": "Japan"
  },
  {
    "username": "take_josh",
    "followingArtist": "\u3084\u3064\u3044\u3044\u3061\u308d\u3046",
    "country_code": "JP",
    "country": "Japan"
  },
  {
    "username": "AaronWi76340468",
    "followingArtist": "\u3084\u3064\u3044\u3044\u3061\u308d\u3046",
    "country_code": "RU",
    "country": "Russian Federation"
  },
  {
    "username": "mican8276",
    "followingArtist": "\u3084\u3064\u3044\u3044\u3061\u308d\u3046",
    "country_code": "JP",
    "country": "Japan"
  },
  {
    "username": "parmiyan2",
    "followingArtist": "\u3084\u3064\u3044\u3044\u3061\u308d\u3046",
    "country_code": "US",
    "country": "United States"
  },
  {
    "username": "yochidwarf",
    "followingArtist": "\u3084\u3064\u3044\u3044\u3061\u308d\u3046",
    "country_code": "JP",
    "country": "Japan"
  },
  {
    "username": "thunder_pastel",
    "followingArtist": "\u3084\u3064\u3044\u3044\u3061\u308d\u3046",
    "country_code": "JP",
    "country": "Japan"
  },
  {
    "username": "takameets",
    "followingArtist": "\u3084\u3064\u3044\u3044\u3061\u308d\u3046",
    "country_code": "US",
    "country": "United States"
  },
  {
    "username": "Cherrydrummer",
    "followingArtist": "\u3084\u3064\u3044\u3044\u3061\u308d\u3046",
    "country_code": "JP",
    "country": "Japan"
  },
  {
    "username": "keiblog",
    "followingArtist": "\u3084\u3064\u3044\u3044\u3061\u308d\u3046",
    "country_code": "JP",
    "country": "Japan"
  },
  {
    "username": "LivingMessage",
    "followingArtist": "\u3084\u3064\u3044\u3044\u3061\u308d\u3046",
    "country_code": "BR",
    "country": "Brazil"
  },
  {
    "username": "yingfan",
    "followingArtist": "\u3084\u3064\u3044\u3044\u3061\u308d\u3046",
    "country_code": "TW",
    "country": "Taiwan"
  },
  {
    "username": "kei_watarai_kei",
    "followingArtist": "\u3084\u3064\u3044\u3044\u3061\u308d\u3046",
    "country_code": "JP",
    "country": "Japan"
  },
  {
    "username": "yebisjp",
    "followingArtist": "\u3084\u3064\u3044\u3044\u3061\u308d\u3046",
    "country_code": "JP",
    "country": "Japan"
  },
  {
    "username": "pro_props",
    "followingArtist": "\u3084\u3064\u3044\u3044\u3061\u308d\u3046",
    "country_code": "Hawi Rd",
    "country": "Hawi Rd"
  },
  {
    "username": "cocok_1115",
    "followingArtist": "\u3084\u3064\u3044\u3044\u3061\u308d\u3046",
    "country_code": "JP",
    "country": "Japan"
  },
  {
    "username": "kentheroll3",
    "followingArtist": "\u3084\u3064\u3044\u3044\u3061\u308d\u3046",
    "country_code": "JP",
    "country": "Japan"
  },
  {
    "username": "kaoritakahashi5",
    "followingArtist": "\u3084\u3064\u3044\u3044\u3061\u308d\u3046",
    "country_code": "JP",
    "country": "Japan"
  },
  {
    "username": "machikonomon",
    "followingArtist": "\u3084\u3064\u3044\u3044\u3061\u308d\u3046",
    "country_code": "JP",
    "country": "Japan"
  },
  {
    "username": "rockrock26",
    "followingArtist": "\u3084\u3064\u3044\u3044\u3061\u308d\u3046",
    "country_code": "JP",
    "country": "Japan"
  },
  {
    "username": "KuzuDragon92",
    "followingArtist": "\u3084\u3064\u3044\u3044\u3061\u308d\u3046",
    "country_code": "US",
    "country": "United States"
  },
  {
    "username": "maniman2000",
    "followingArtist": "\u3084\u3064\u3044\u3044\u3061\u308d\u3046",
    "country_code": "JP",
    "country": "Japan"
  },
  {
    "username": "masuo12345",
    "followingArtist": "\u3084\u3064\u3044\u3044\u3061\u308d\u3046",
    "country_code": "JP",
    "country": "Japan"
  },
  {
    "username": "kimyouken",
    "followingArtist": "\u3084\u3064\u3044\u3044\u3061\u308d\u3046",
    "country_code": "JP",
    "country": "Japan"
  },
  {
    "username": "RAHIEM",
    "followingArtist": "\u3084\u3064\u3044\u3044\u3061\u308d\u3046",
    "country_code": "JP",
    "country": "Japan"
  },
  {
    "username": "miiwaachi",
    "followingArtist": "\u3084\u3064\u3044\u3044\u3061\u308d\u3046",
    "country_code": "JP",
    "country": "Japan"
  },
  {
    "username": "millio0130",
    "followingArtist": "\u3084\u3064\u3044\u3044\u3061\u308d\u3046",
    "country_code": "JP",
    "country": "Japan"
  },
  {
    "username": "s_n_i_m",
    "followingArtist": "\u3084\u3064\u3044\u3044\u3061\u308d\u3046",
    "country_code": "JP",
    "country": "Japan"
  },
  {
    "username": "ooobqooo",
    "followingArtist": "\u3084\u3064\u3044\u3044\u3061\u308d\u3046",
    "country_code": "GB",
    "country": "Wales"
  },
  {
    "username": "iwas104",
    "followingArtist": "\u3084\u3064\u3044\u3044\u3061\u308d\u3046",
    "country_code": "JP",
    "country": "Japan"
  },
  {
    "username": "seroki1515",
    "followingArtist": "\u3084\u3064\u3044\u3044\u3061\u308d\u3046",
    "country_code": "BR",
    "country": "Brazil"
  },
  {
    "username": "PUCHE_eri",
    "followingArtist": "\u3084\u3064\u3044\u3044\u3061\u308d\u3046",
    "country_code": "JP",
    "country": "Japan"
  },
  {
    "username": "sho_sugaaaa",
    "followingArtist": "\u3084\u3064\u3044\u3044\u3061\u308d\u3046",
    "country_code": "JP",
    "country": "Japan"
  },
  {
    "username": "t0m0a",
    "followingArtist": "\u3084\u3064\u3044\u3044\u3061\u308d\u3046",
    "country_code": "JP",
    "country": "Japan"
  },
  {
    "username": "eimimiko",
    "followingArtist": "\u3084\u3064\u3044\u3044\u3061\u308d\u3046",
    "country_code": "JP",
    "country": "Japan"
  },
  {
    "username": "kimugina",
    "followingArtist": "\u3084\u3064\u3044\u3044\u3061\u308d\u3046",
    "country_code": "PS",
    "country": "Palestinian Territory"
  },
  {
    "username": "_Kyota_",
    "followingArtist": "\u3084\u3064\u3044\u3044\u3061\u308d\u3046",
    "country_code": "JP",
    "country": "Japan"
  },
  {
    "username": "ito_hidemi",
    "followingArtist": "\u3084\u3064\u3044\u3044\u3061\u308d\u3046",
    "country_code": "JP",
    "country": "Japan"
  },
  {
    "username": "THESTARBEMS",
    "followingArtist": "\u3084\u3064\u3044\u3044\u3061\u308d\u3046",
    "country_code": "JP",
    "country": "Japan"
  },
  {
    "username": "cryptofun123",
    "followingArtist": "\u3084\u3064\u3044\u3044\u3061\u308d\u3046",
    "country_code": "GB",
    "country": "Wales"
  },
  {
    "username": "Miphonium",
    "followingArtist": "\u3084\u3064\u3044\u3044\u3061\u308d\u3046",
    "country_code": "JP",
    "country": "Japan"
  },
  {
    "username": "Moju_records",
    "followingArtist": "\u3084\u3064\u3044\u3044\u3061\u308d\u3046",
    "country_code": "JP",
    "country": "Japan"
  },
  {
    "username": "tjmgontan",
    "followingArtist": "\u3084\u3064\u3044\u3044\u3061\u308d\u3046",
    "country_code": "JP",
    "country": "Japan"
  },
  {
    "username": "wosiyuuuu",
    "followingArtist": "\u3084\u3064\u3044\u3044\u3061\u308d\u3046",
    "country_code": "US",
    "country": "United States"
  },
  {
    "username": "pandalin88",
    "followingArtist": "\u3084\u3064\u3044\u3044\u3061\u308d\u3046",
    "country_code": "JP",
    "country": "Japan"
  },
  {
    "username": "_osakanaicon",
    "followingArtist": "\u3084\u3064\u3044\u3044\u3061\u308d\u3046",
    "country_code": "JP",
    "country": "Japan"
  },
  {
    "username": "takanozo5",
    "followingArtist": "\u3084\u3064\u3044\u3044\u3061\u308d\u3046",
    "country_code": "JP",
    "country": "Japan"
  },
  {
    "username": "yutta_2",
    "followingArtist": "\u3084\u3064\u3044\u3044\u3061\u308d\u3046",
    "country_code": "JP",
    "country": "Japan"
  },
  {
    "username": "wwwji1981",
    "followingArtist": "\u3084\u3064\u3044\u3044\u3061\u308d\u3046",
    "country_code": "JP",
    "country": "Japan"
  },
  {
    "username": "hinyokami",
    "followingArtist": "\u3084\u3064\u3044\u3044\u3061\u308d\u3046",
    "country_code": "JP",
    "country": "Japan"
  },
  {
    "username": "tsumiki_bb",
    "followingArtist": "\u3084\u3064\u3044\u3044\u3061\u308d\u3046",
    "country_code": "JP",
    "country": "Japan"
  },
  {
    "username": "cbilljones",
    "followingArtist": "\u3084\u3064\u3044\u3044\u3061\u308d\u3046",
    "country_code": "CA",
    "country": "Canada"
  },
  {
    "username": "amoghvaidya3",
    "followingArtist": "\u3084\u3064\u3044\u3044\u3061\u308d\u3046",
    "country_code": "IN",
    "country": "India"
  },
  {
    "username": "urbnzm",
    "followingArtist": "\u3084\u3064\u3044\u3044\u3061\u308d\u3046",
    "country_code": "CO",
    "country": "Colombia"
  },
  {
    "username": "yurutz6",
    "followingArtist": "\u3084\u3064\u3044\u3044\u3061\u308d\u3046",
    "country_code": "JP",
    "country": "Japan"
  },
  {
    "username": "angelicaPL2003",
    "followingArtist": "\u3084\u3064\u3044\u3044\u3061\u308d\u3046",
    "country_code": "MX",
    "country": "Mexico"
  },
  {
    "username": "tanukichimisato",
    "followingArtist": "\u3084\u3064\u3044\u3044\u3061\u308d\u3046",
    "country_code": "JP",
    "country": "Japan"
  },
  {
    "username": "kashi_miyu",
    "followingArtist": "\u3084\u3064\u3044\u3044\u3061\u308d\u3046",
    "country_code": "JP",
    "country": "Japan"
  },
  {
    "username": "FAKYjp",
    "followingArtist": "\u3084\u3064\u3044\u3044\u3061\u308d\u3046",
    "country_code": "JP",
    "country": "Japan"
  },
  {
    "username": "shiromayu",
    "followingArtist": "\u3084\u3064\u3044\u3044\u3061\u308d\u3046",
    "country_code": "ID",
    "country": "Indonesia"
  },
  {
    "username": "satsuki_san513",
    "followingArtist": "\u3084\u3064\u3044\u3044\u3061\u308d\u3046",
    "country_code": "JP",
    "country": "Japan"
  },
  {
    "username": "yuichi40722",
    "followingArtist": "\u3084\u3064\u3044\u3044\u3061\u308d\u3046",
    "country_code": "JP",
    "country": "Japan"
  },
  {
    "username": "pc37_6dabo_sei",
    "followingArtist": "\u3084\u3064\u3044\u3044\u3061\u308d\u3046",
    "country_code": "JP",
    "country": "Japan"
  },
  {
    "username": "cy_may",
    "followingArtist": "\u3084\u3064\u3044\u3044\u3061\u308d\u3046",
    "country_code": "JP",
    "country": "Japan"
  },
  {
    "username": "peach4351",
    "followingArtist": "\u3084\u3064\u3044\u3044\u3061\u308d\u3046",
    "country_code": "JP",
    "country": "Japan"
  },
  {
    "username": "chise11011",
    "followingArtist": "\u3084\u3064\u3044\u3044\u3061\u308d\u3046",
    "country_code": "US",
    "country": "United States"
  },
  {
    "username": "haaam_23",
    "followingArtist": "\u3084\u3064\u3044\u3044\u3061\u308d\u3046",
    "country_code": "JP",
    "country": "Japan"
  },
  {
    "username": "mo_2_ya_3",
    "followingArtist": "\u3084\u3064\u3044\u3044\u3061\u308d\u3046",
    "country_code": "GB",
    "country": "Wales"
  },
  {
    "username": "VISIONTOKYO",
    "followingArtist": "\u3084\u3064\u3044\u3044\u3061\u308d\u3046",
    "country_code": "JP",
    "country": "Japan"
  },
  {
    "username": "kmpnote2",
    "followingArtist": "\u3084\u3064\u3044\u3044\u3061\u308d\u3046",
    "country_code": "JP",
    "country": "Japan"
  },
  {
    "username": "te_cchan",
    "followingArtist": "\u3084\u3064\u3044\u3044\u3061\u308d\u3046",
    "country_code": "JP",
    "country": "Japan"
  },
  {
    "username": "KunouHiroshi",
    "followingArtist": "\u3084\u3064\u3044\u3044\u3061\u308d\u3046",
    "country_code": "JP",
    "country": "Japan"
  },
  {
    "username": "Mamirin_0210",
    "followingArtist": "\u3084\u3064\u3044\u3044\u3061\u308d\u3046",
    "country_code": "JP",
    "country": "Japan"
  },
  {
    "username": "babe_mimi",
    "followingArtist": "\u3084\u3064\u3044\u3044\u3061\u308d\u3046",
    "country_code": "JP",
    "country": "Japan"
  },
  {
    "username": "03Hisato",
    "followingArtist": "\u3084\u3064\u3044\u3044\u3061\u308d\u3046",
    "country_code": "JP",
    "country": "Japan"
  },
  {
    "username": "TOKU5H1",
    "followingArtist": "\u3084\u3064\u3044\u3044\u3061\u308d\u3046",
    "country_code": "JP",
    "country": "Japan"
  },
  {
    "username": "rikaach1117",
    "followingArtist": "\u3084\u3064\u3044\u3044\u3061\u308d\u3046",
    "country_code": "PH",
    "country": "Philippines"
  },
  {
    "username": "OKINAG",
    "followingArtist": "\u3084\u3064\u3044\u3044\u3061\u308d\u3046",
    "country_code": "JP",
    "country": "Japan"
  },
  {
    "username": "shoco__sheep___",
    "followingArtist": "\u3084\u3064\u3044\u3044\u3061\u308d\u3046",
    "country_code": "JP",
    "country": "Japan"
  },
  {
    "username": "CaneStarGruidae",
    "followingArtist": "\u3084\u3064\u3044\u3044\u3061\u308d\u3046",
    "country_code": "JP",
    "country": "Japan"
  },
  {
    "username": "takuya__krt",
    "followingArtist": "\u3084\u3064\u3044\u3044\u3061\u308d\u3046",
    "country_code": "JP",
    "country": "Japan"
  },
  {
    "username": "depuko",
    "followingArtist": "\u3084\u3064\u3044\u3044\u3061\u308d\u3046",
    "country_code": "JP",
    "country": "Japan"
  },
  {
    "username": "zoguuu29",
    "followingArtist": "\u3084\u3064\u3044\u3044\u3061\u308d\u3046",
    "country_code": "JP",
    "country": "Japan"
  },
  {
    "username": "monst_sashimii",
    "followingArtist": "\u3084\u3064\u3044\u3044\u3061\u308d\u3046",
    "country_code": "in",
    "country": "India"
  },
  {
    "username": "0116ryokun",
    "followingArtist": "\u3084\u3064\u3044\u3044\u3061\u308d\u3046",
    "country_code": "MR",
    "country": "Mauritania"
  },
  {
    "username": "sakuramanaTeee",
    "followingArtist": "\u3084\u3064\u3044\u3044\u3061\u308d\u3046",
    "country_code": "US",
    "country": "United States"
  },
  {
    "username": "sho0o0oco",
    "followingArtist": "\u3084\u3064\u3044\u3044\u3061\u308d\u3046",
    "country_code": "NP",
    "country": "Nepal"
  },
  {
    "username": "nana_msk12",
    "followingArtist": "\u3084\u3064\u3044\u3044\u3061\u308d\u3046",
    "country_code": "US",
    "country": "United States"
  },
  {
    "username": "Juri_nmktrb711",
    "followingArtist": "\u3084\u3064\u3044\u3044\u3061\u308d\u3046",
    "country_code": "US",
    "country": "United States"
  },
  {
    "username": "suica054",
    "followingArtist": "\u3084\u3064\u3044\u3044\u3061\u308d\u3046",
    "country_code": "JP",
    "country": "Japan"
  },
  {
    "username": "memotan_co",
    "followingArtist": "\u3084\u3064\u3044\u3044\u3061\u308d\u3046",
    "country_code": "JP",
    "country": "Japan"
  },
  {
    "username": "NayiTVJapan",
    "followingArtist": "\u3084\u3064\u3044\u3044\u3061\u308d\u3046",
    "country_code": "DK",
    "country": "Denmark"
  },
  {
    "username": "starlinpppz",
    "followingArtist": "\u3084\u3064\u3044\u3044\u3061\u308d\u3046",
    "country_code": "US",
    "country": "United States"
  },
  {
    "username": "bluepurple_xxx",
    "followingArtist": "\u3084\u3064\u3044\u3044\u3061\u308d\u3046",
    "country_code": "JP",
    "country": "Japan"
  },
  {
    "username": "tk4696r",
    "followingArtist": "\u3084\u3064\u3044\u3044\u3061\u308d\u3046",
    "country_code": "JP",
    "country": "Japan"
  },
  {
    "username": "mel_ribon88",
    "followingArtist": "\u3084\u3064\u3044\u3044\u3061\u308d\u3046",
    "country_code": "BE",
    "country": "Belgium"
  }
]