[
  {
    "username": "ngakmati",
    "followingArtist": "Predawn_staff",
    "country_code": "JP",
    "country": "Japan"
  },
  {
    "username": "youz38",
    "followingArtist": "Predawn_staff",
    "country_code": "JP",
    "country": "Japan"
  },
  {
    "username": "cowmomilk_cafe",
    "followingArtist": "Predawn_staff",
    "country_code": "JP",
    "country": "Japan"
  },
  {
    "username": "txdvil",
    "followingArtist": "Predawn_staff",
    "country_code": "ID",
    "country": "Indonesia"
  },
  {
    "username": "69day_born",
    "followingArtist": "Predawn_staff",
    "country_code": "JP",
    "country": "Japan"
  },
  {
    "username": "clamch3p",
    "followingArtist": "Predawn_staff",
    "country_code": "JP",
    "country": "Japan"
  },
  {
    "username": "arodoenhpad",
    "followingArtist": "Predawn_staff",
    "country_code": "JP",
    "country": "Japan"
  },
  {
    "username": "shanespilsbury",
    "followingArtist": "Predawn_staff",
    "country_code": "GB",
    "country": "UK"
  },
  {
    "username": "nickluscombe",
    "followingArtist": "Predawn_staff",
    "country_code": "UK",
    "country": "United Kingdom"
  },
  {
    "username": "kattsun55",
    "followingArtist": "Predawn_staff",
    "country_code": "JP",
    "country": "Japan"
  },
  {
    "username": "KSh1n0",
    "followingArtist": "Predawn_staff",
    "country_code": "JP",
    "country": "Japan"
  },
  {
    "username": "OtakaPf",
    "followingArtist": "Predawn_staff",
    "country_code": "JP",
    "country": "Japan"
  },
  {
    "username": "4rouleur_R",
    "followingArtist": "Predawn_staff",
    "country_code": "TK",
    "country": "Tokelau"
  },
  {
    "username": "a_kichi_k",
    "followingArtist": "Predawn_staff",
    "country_code": "JP",
    "country": "Japan"
  },
  {
    "username": "mio_0602_08",
    "followingArtist": "Predawn_staff",
    "country_code": "JP",
    "country": "Japan"
  },
  {
    "username": "0jiyo",
    "followingArtist": "Predawn_staff",
    "country_code": "JP",
    "country": "Japan"
  },
  {
    "username": "LOVEstaff",
    "followingArtist": "Predawn_staff",
    "country_code": "JP",
    "country": "Japan"
  },
  {
    "username": "smile_asaco",
    "followingArtist": "Predawn_staff",
    "country_code": "JP",
    "country": "Japan"
  },
  {
    "username": "endout",
    "followingArtist": "Predawn_staff",
    "country_code": "JP",
    "country": "Japan"
  },
  {
    "username": "takka21hy",
    "followingArtist": "Predawn_staff",
    "country_code": "JP",
    "country": "Japan"
  },
  {
    "username": "TOWER_NMNL",
    "followingArtist": "Predawn_staff",
    "country_code": "JP",
    "country": "Japan"
  },
  {
    "username": "Dragontwitjap",
    "followingArtist": "Predawn_staff",
    "country_code": "JP",
    "country": "Japan"
  },
  {
    "username": "Ya_pang",
    "followingArtist": "Predawn_staff",
    "country_code": "JP",
    "country": "Japan"
  },
  {
    "username": "ayako327",
    "followingArtist": "Predawn_staff",
    "country_code": "JP",
    "country": "Japan"
  },
  {
    "username": "esp_lumr",
    "followingArtist": "Predawn_staff",
    "country_code": "SM",
    "country": "San Marino"
  },
  {
    "username": "yajirobedjs",
    "followingArtist": "Predawn_staff",
    "country_code": "ES",
    "country": "Spain"
  },
  {
    "username": "notokenitiiii",
    "followingArtist": "Predawn_staff",
    "country_code": "JP",
    "country": "Japan"
  },
  {
    "username": "treat_you_good",
    "followingArtist": "Predawn_staff",
    "country_code": "JP",
    "country": "Japan"
  },
  {
    "username": "TheRouges_band",
    "followingArtist": "Predawn_staff",
    "country_code": "JP",
    "country": "Japan"
  },
  {
    "username": "YELLOWUHURU",
    "followingArtist": "Predawn_staff",
    "country_code": "JP",
    "country": "Japan"
  },
  {
    "username": "misato_stranger",
    "followingArtist": "Predawn_staff",
    "country_code": "JP",
    "country": "Japan"
  },
  {
    "username": "jpnaltsessions",
    "followingArtist": "Predawn_staff",
    "country_code": "ID",
    "country": "Indonesia"
  },
  {
    "username": "Tpkob8",
    "followingArtist": "Predawn_staff",
    "country_code": "JP",
    "country": "Japan"
  },
  {
    "username": "takhs_ka",
    "followingArtist": "Predawn_staff",
    "country_code": "JP",
    "country": "Japan"
  },
  {
    "username": "natsuki_vesta",
    "followingArtist": "Predawn_staff",
    "country_code": "JP",
    "country": "Japan"
  },
  {
    "username": "kwsk_yuki41",
    "followingArtist": "Predawn_staff",
    "country_code": "JP",
    "country": "Japan"
  },
  {
    "username": "RingtailcatM",
    "followingArtist": "Predawn_staff",
    "country_code": "US",
    "country": "United States"
  },
  {
    "username": "montoy_alicia",
    "followingArtist": "Predawn_staff",
    "country_code": "MX",
    "country": "Mexico"
  },
  {
    "username": "sangat73",
    "followingArtist": "Predawn_staff",
    "country_code": "TW",
    "country": "Taiwan"
  },
  {
    "username": "mt_mnml",
    "followingArtist": "Predawn_staff",
    "country_code": "JP",
    "country": "Japan"
  },
  {
    "username": "pochi_cafe",
    "followingArtist": "Predawn_staff",
    "country_code": "JP",
    "country": "Japan"
  },
  {
    "username": "rintarou622",
    "followingArtist": "Predawn_staff",
    "country_code": "JP",
    "country": "Japan"
  },
  {
    "username": "danielmendez432",
    "followingArtist": "Predawn_staff",
    "country_code": "US",
    "country": "United States"
  },
  {
    "username": "kmkt2323",
    "followingArtist": "Predawn_staff",
    "country_code": "JP",
    "country": "Japan"
  },
  {
    "username": "nanacocandle",
    "followingArtist": "Predawn_staff",
    "country_code": "JP",
    "country": "Japan"
  },
  {
    "username": "kr___45",
    "followingArtist": "Predawn_staff",
    "country_code": "JP",
    "country": "Japan"
  },
  {
    "username": "entr_6",
    "followingArtist": "Predawn_staff",
    "country_code": "JP",
    "country": "Japan"
  },
  {
    "username": "NiwRecords",
    "followingArtist": "Predawn_staff",
    "country_code": "JP",
    "country": "Japan"
  },
  {
    "username": "macphersonmarty",
    "followingArtist": "Predawn_staff",
    "country_code": "CA",
    "country": "Canada"
  },
  {
    "username": "sui_sei000",
    "followingArtist": "Predawn_staff",
    "country_code": "US",
    "country": "United States"
  },
  {
    "username": "massa_2030",
    "followingArtist": "Predawn_staff",
    "country_code": "JP",
    "country": "Japan"
  },
  {
    "username": "oSuuuuesan",
    "followingArtist": "Predawn_staff",
    "country_code": "UG",
    "country": "Uganda"
  },
  {
    "username": "73looove73",
    "followingArtist": "Predawn_staff",
    "country_code": "JP",
    "country": "Japan"
  },
  {
    "username": "310hisashi",
    "followingArtist": "Predawn_staff",
    "country_code": "JP",
    "country": "Japan"
  },
  {
    "username": "rr10311208",
    "followingArtist": "Predawn_staff",
    "country_code": "JP",
    "country": "Japan"
  },
  {
    "username": "YUTTY163",
    "followingArtist": "Predawn_staff",
    "country_code": "JP",
    "country": "Japan"
  },
  {
    "username": "woodparper",
    "followingArtist": "Predawn_staff",
    "country_code": "JP",
    "country": "Japan"
  },
  {
    "username": "Tomo_919104",
    "followingArtist": "Predawn_staff",
    "country_code": "JP",
    "country": "Japan"
  },
  {
    "username": "toenaotoe",
    "followingArtist": "Predawn_staff",
    "country_code": "JP",
    "country": "Japan"
  },
  {
    "username": "shimekichi",
    "followingArtist": "Predawn_staff",
    "country_code": "JP",
    "country": "Japan"
  },
  {
    "username": "yohei_shikano",
    "followingArtist": "Predawn_staff",
    "country_code": "NG",
    "country": "Nigeria"
  },
  {
    "username": "rimeout",
    "followingArtist": "Predawn_staff",
    "country_code": "JP",
    "country": "Japan"
  },
  {
    "username": "hachi32___",
    "followingArtist": "Predawn_staff",
    "country_code": "JP",
    "country": "Japan"
  },
  {
    "username": "maaaaaaisb",
    "followingArtist": "Predawn_staff",
    "country_code": "PH",
    "country": "Philippines"
  },
  {
    "username": "GREENS_staff",
    "followingArtist": "Predawn_staff",
    "country_code": "JP",
    "country": "Japan"
  },
  {
    "username": "lllsaitolll",
    "followingArtist": "Predawn_staff",
    "country_code": "JP",
    "country": "Japan"
  },
  {
    "username": "_s_d_s",
    "followingArtist": "Predawn_staff",
    "country_code": "JP",
    "country": "Japan"
  },
  {
    "username": "seasalty_",
    "followingArtist": "Predawn_staff",
    "country_code": "JP",
    "country": "Japan"
  },
  {
    "username": "rascal_bites_me",
    "followingArtist": "Predawn_staff",
    "country_code": "JP",
    "country": "Japan"
  },
  {
    "username": "salad_kira_",
    "followingArtist": "Predawn_staff",
    "country_code": "JP",
    "country": "Japan"
  },
  {
    "username": "miyashelly",
    "followingArtist": "Predawn_staff",
    "country_code": "JP",
    "country": "Japan"
  },
  {
    "username": "asika335",
    "followingArtist": "Predawn_staff",
    "country_code": "JP",
    "country": "Japan"
  },
  {
    "username": "molixon2",
    "followingArtist": "Predawn_staff",
    "country_code": "JP",
    "country": "Japan"
  },
  {
    "username": "saku3044",
    "followingArtist": "Predawn_staff",
    "country_code": "JP",
    "country": "Japan"
  },
  {
    "username": "satoshinoyama",
    "followingArtist": "Predawn_staff",
    "country_code": "JP",
    "country": "Japan"
  },
  {
    "username": "itoiji",
    "followingArtist": "Predawn_staff",
    "country_code": "JP",
    "country": "Japan"
  },
  {
    "username": "SPITAL_JP",
    "followingArtist": "Predawn_staff",
    "country_code": "JP",
    "country": "Japan"
  },
  {
    "username": "chun_ta1231",
    "followingArtist": "Predawn_staff",
    "country_code": "JP",
    "country": "Japan"
  },
  {
    "username": "NAGGY_NAGGY",
    "followingArtist": "Predawn_staff",
    "country_code": "JP",
    "country": "Japan"
  },
  {
    "username": "bashiry",
    "followingArtist": "Predawn_staff",
    "country_code": "JP",
    "country": "Japan"
  },
  {
    "username": "chihiroo_0",
    "followingArtist": "Predawn_staff",
    "country_code": "GB",
    "country": "UK"
  },
  {
    "username": "yrn_0109",
    "followingArtist": "Predawn_staff",
    "country_code": "JP",
    "country": "Japan"
  },
  {
    "username": "nene_natsu_",
    "followingArtist": "Predawn_staff",
    "country_code": "SE",
    "country": "Sweden"
  },
  {
    "username": "Frutti_een",
    "followingArtist": "Predawn_staff",
    "country_code": "ID",
    "country": "Indonesia"
  },
  {
    "username": "usan_nana",
    "followingArtist": "Predawn_staff",
    "country_code": "JP",
    "country": "Japan"
  },
  {
    "username": "12263528_",
    "followingArtist": "Predawn_staff",
    "country_code": "JP",
    "country": "Japan"
  },
  {
    "username": "yoshifumi217",
    "followingArtist": "Predawn_staff",
    "country_code": "JP",
    "country": "Japan"
  },
  {
    "username": "mimimizukin",
    "followingArtist": "Predawn_staff",
    "country_code": "JP",
    "country": "Japan"
  },
  {
    "username": "cream_tokyo",
    "followingArtist": "Predawn_staff",
    "country_code": "JP",
    "country": "Japan"
  },
  {
    "username": "mini_cloud",
    "followingArtist": "Predawn_staff",
    "country_code": "JP",
    "country": "Japan"
  },
  {
    "username": "soccerseikei",
    "followingArtist": "Predawn_staff",
    "country_code": "JP",
    "country": "Japan"
  },
  {
    "username": "_shibasaki",
    "followingArtist": "Predawn_staff",
    "country_code": "ID",
    "country": "Indonesia"
  },
  {
    "username": "doya_frog",
    "followingArtist": "Predawn_staff",
    "country_code": "JP",
    "country": "Japan"
  },
  {
    "username": "StarSkreeeam",
    "followingArtist": "Predawn_staff",
    "country_code": "GB",
    "country": "UK"
  },
  {
    "username": "izayoiichi",
    "followingArtist": "Predawn_staff",
    "country_code": "JP",
    "country": "Japan"
  },
  {
    "username": "shin_mtk2",
    "followingArtist": "Predawn_staff",
    "country_code": "JP",
    "country": "Japan"
  },
  {
    "username": "DewWith",
    "followingArtist": "Predawn_staff",
    "country_code": "JP",
    "country": "Japan"
  },
  {
    "username": "yutapian",
    "followingArtist": "Predawn_staff",
    "country_code": "JP",
    "country": "Japan"
  },
  {
    "username": "kleep015",
    "followingArtist": "Predawn_staff",
    "country_code": "JP",
    "country": "Japan"
  },
  {
    "username": "leicafe",
    "followingArtist": "Predawn_staff",
    "country_code": "JP",
    "country": "Japan"
  },
  {
    "username": "yooooo_0694",
    "followingArtist": "Predawn_staff",
    "country_code": "JP",
    "country": "Japan"
  },
  {
    "username": "groovy_moon",
    "followingArtist": "Predawn_staff",
    "country_code": "JP",
    "country": "Japan"
  },
  {
    "username": "kamillekoji",
    "followingArtist": "Predawn_staff",
    "country_code": "JP",
    "country": "Japan"
  },
  {
    "username": "tsuyuchi_",
    "followingArtist": "Predawn_staff",
    "country_code": "JP",
    "country": "Japan"
  },
  {
    "username": "yoshikosaito",
    "followingArtist": "Predawn_staff",
    "country_code": "JP",
    "country": "Japan"
  },
  {
    "username": "hinase_suxu",
    "followingArtist": "Predawn_staff",
    "country_code": "JP",
    "country": "Japan"
  },
  {
    "username": "deveiji00",
    "followingArtist": "Predawn_staff",
    "country_code": "GB",
    "country": "UK"
  },
  {
    "username": "MaruCrew",
    "followingArtist": "Predawn_staff",
    "country_code": "JP",
    "country": "Japan"
  },
  {
    "username": "Jun0615N",
    "followingArtist": "Predawn_staff",
    "country_code": "ID",
    "country": "Indonesia"
  },
  {
    "username": "mamiimammy",
    "followingArtist": "Predawn_staff",
    "country_code": "JP",
    "country": "Japan"
  },
  {
    "username": "tokiooutofplace",
    "followingArtist": "Predawn_staff",
    "country_code": "JP",
    "country": "Japan"
  },
  {
    "username": "RisaU",
    "followingArtist": "Predawn_staff",
    "country_code": "JP",
    "country": "Japan"
  },
  {
    "username": "Shin182",
    "followingArtist": "Predawn_staff",
    "country_code": "JP",
    "country": "Japan"
  },
  {
    "username": "wadamap",
    "followingArtist": "Predawn_staff",
    "country_code": "JP",
    "country": "Japan"
  },
  {
    "username": "MiyaHakuyo",
    "followingArtist": "Predawn_staff",
    "country_code": "FR",
    "country": "France"
  },
  {
    "username": "ebikooooo",
    "followingArtist": "Predawn_staff",
    "country_code": "JP",
    "country": "Japan"
  },
  {
    "username": "natsumejutaro",
    "followingArtist": "Predawn_staff",
    "country_code": "JP",
    "country": "Japan"
  },
  {
    "username": "Lisa_TandF",
    "followingArtist": "Predawn_staff",
    "country_code": "JP",
    "country": "Japan"
  },
  {
    "username": "inoko_",
    "followingArtist": "Predawn_staff",
    "country_code": "JP",
    "country": "Japan"
  },
  {
    "username": "toshiki24",
    "followingArtist": "Predawn_staff",
    "country_code": "JP",
    "country": "Japan"
  },
  {
    "username": "the_shinkos",
    "followingArtist": "Predawn_staff",
    "country_code": "JP",
    "country": "Japan"
  },
  {
    "username": "makkaka",
    "followingArtist": "Predawn_staff",
    "country_code": "JP",
    "country": "Japan"
  },
  {
    "username": "iki000iki000km1",
    "followingArtist": "Predawn_staff",
    "country_code": "JP",
    "country": "Japan"
  },
  {
    "username": "hayatoo7",
    "followingArtist": "Predawn_staff",
    "country_code": "JP",
    "country": "Japan"
  },
  {
    "username": "moronaka",
    "followingArtist": "Predawn_staff",
    "country_code": "JP",
    "country": "Japan"
  },
  {
    "username": "JNGSM",
    "followingArtist": "Predawn_staff",
    "country_code": "JP",
    "country": "Japan"
  },
  {
    "username": "kimisan2525",
    "followingArtist": "Predawn_staff",
    "country_code": "JP",
    "country": "Japan"
  },
  {
    "username": "gnirps_hturt",
    "followingArtist": "Predawn_staff",
    "country_code": "JP",
    "country": "Japan"
  },
  {
    "username": "posiko_",
    "followingArtist": "Predawn_staff",
    "country_code": "JP",
    "country": "Japan"
  },
  {
    "username": "babetokaie19",
    "followingArtist": "Predawn_staff",
    "country_code": "JP",
    "country": "Japan"
  },
  {
    "username": "ocello3",
    "followingArtist": "Predawn_staff",
    "country_code": "HN",
    "country": "Honduras"
  },
  {
    "username": "y0hei_ohno",
    "followingArtist": "Predawn_staff",
    "country_code": "JP",
    "country": "Japan"
  },
  {
    "username": "JovAlexMusic",
    "followingArtist": "Predawn_staff",
    "country_code": "US",
    "country": "United States"
  },
  {
    "username": "comadoriexpress",
    "followingArtist": "Predawn_staff",
    "country_code": "JP",
    "country": "Japan"
  },
  {
    "username": "haikunorhythm",
    "followingArtist": "Predawn_staff",
    "country_code": "JP",
    "country": "Japan"
  },
  {
    "username": "ishida_yoshiaki",
    "followingArtist": "Predawn_staff",
    "country_code": "UG",
    "country": "Uganda"
  },
  {
    "username": "yahskworks",
    "followingArtist": "Predawn_staff",
    "country_code": "JP",
    "country": "Japan"
  },
  {
    "username": "sirasujam",
    "followingArtist": "Predawn_staff",
    "country_code": "JP",
    "country": "Japan"
  },
  {
    "username": "kiki873",
    "followingArtist": "Predawn_staff",
    "country_code": "JP",
    "country": "Japan"
  },
  {
    "username": "bmsug",
    "followingArtist": "Predawn_staff",
    "country_code": "CL",
    "country": "Chile"
  },
  {
    "username": "crisbar__",
    "followingArtist": "Predawn_staff",
    "country_code": "US",
    "country": "United States"
  },
  {
    "username": "kiku_momo",
    "followingArtist": "Predawn_staff",
    "country_code": "JP",
    "country": "Japan"
  },
  {
    "username": "55Cocoshi",
    "followingArtist": "Predawn_staff",
    "country_code": "JP",
    "country": "Japan"
  },
  {
    "username": "_okomom_",
    "followingArtist": "Predawn_staff",
    "country_code": "JP",
    "country": "Japan"
  },
  {
    "username": "machijan",
    "followingArtist": "Predawn_staff",
    "country_code": "JP",
    "country": "Japan"
  },
  {
    "username": "apieceofred",
    "followingArtist": "Predawn_staff",
    "country_code": "NG",
    "country": "Nigeria"
  },
  {
    "username": "kumikoko",
    "followingArtist": "Predawn_staff",
    "country_code": "JP",
    "country": "Japan"
  },
  {
    "username": "syowa256",
    "followingArtist": "Predawn_staff",
    "country_code": "GB",
    "country": "UK"
  },
  {
    "username": "zuccoi",
    "followingArtist": "Predawn_staff",
    "country_code": "JP",
    "country": "Japan"
  },
  {
    "username": "JG_Brew",
    "followingArtist": "Predawn_staff",
    "country_code": "PH",
    "country": "Philippines"
  },
  {
    "username": "Yuka_QP",
    "followingArtist": "Predawn_staff",
    "country_code": "JP",
    "country": "Japan"
  },
  {
    "username": "Tennesseegiirl",
    "followingArtist": "Predawn_staff",
    "country_code": "JP",
    "country": "Japan"
  },
  {
    "username": "COCOONNNNN",
    "followingArtist": "Predawn_staff",
    "country_code": "JP",
    "country": "Japan"
  },
  {
    "username": "onodanoo",
    "followingArtist": "Predawn_staff",
    "country_code": "JP",
    "country": "Japan"
  },
  {
    "username": "shunishiwaka",
    "followingArtist": "Predawn_staff",
    "country_code": "JP",
    "country": "Japan"
  },
  {
    "username": "SGross75HOU",
    "followingArtist": "Predawn_staff",
    "country_code": "US",
    "country": "United States"
  },
  {
    "username": "hiroku_senda",
    "followingArtist": "Predawn_staff",
    "country_code": "JP",
    "country": "Japan"
  },
  {
    "username": "kooojix",
    "followingArtist": "Predawn_staff",
    "country_code": "JP",
    "country": "Japan"
  },
  {
    "username": "Mitsugu_Shinbo",
    "followingArtist": "Predawn_staff",
    "country_code": "JP",
    "country": "Japan"
  },
  {
    "username": "youyve",
    "followingArtist": "Predawn_staff",
    "country_code": "US",
    "country": "United States"
  },
  {
    "username": "7070naochin",
    "followingArtist": "Predawn_staff",
    "country_code": "JP",
    "country": "Japan"
  },
  {
    "username": "s0mes0mes0me",
    "followingArtist": "Predawn_staff",
    "country_code": "JP",
    "country": "Japan"
  },
  {
    "username": "babybaby_os",
    "followingArtist": "Predawn_staff",
    "country_code": "JP",
    "country": "Japan"
  },
  {
    "username": "taninco",
    "followingArtist": "Predawn_staff",
    "country_code": "JP",
    "country": "Japan"
  },
  {
    "username": "yukaritter_f",
    "followingArtist": "Predawn_staff",
    "country_code": "JP",
    "country": "Japan"
  },
  {
    "username": "HiroTamai",
    "followingArtist": "Predawn_staff",
    "country_code": "JP",
    "country": "Japan"
  },
  {
    "username": "cha_hue",
    "followingArtist": "Predawn_staff",
    "country_code": "JP",
    "country": "Japan"
  },
  {
    "username": "mino_tnk",
    "followingArtist": "Predawn_staff",
    "country_code": "JP",
    "country": "Japan"
  },
  {
    "username": "entropiajp",
    "followingArtist": "Predawn_staff",
    "country_code": "JP",
    "country": "Japan"
  },
  {
    "username": "catie_msc",
    "followingArtist": "Predawn_staff",
    "country_code": "JP",
    "country": "Japan"
  },
  {
    "username": "mucchida",
    "followingArtist": "Predawn_staff",
    "country_code": "JP",
    "country": "Japan"
  },
  {
    "username": "_nkym_a",
    "followingArtist": "Predawn_staff",
    "country_code": "JP",
    "country": "Japan"
  },
  {
    "username": "oritosroom",
    "followingArtist": "Predawn_staff",
    "country_code": "JP",
    "country": "Japan"
  },
  {
    "username": "laclef777",
    "followingArtist": "Predawn_staff",
    "country_code": "JP",
    "country": "Japan"
  },
  {
    "username": "music_tn",
    "followingArtist": "Predawn_staff",
    "country_code": "JP",
    "country": "Japan"
  },
  {
    "username": "modama1020",
    "followingArtist": "Predawn_staff",
    "country_code": "JP",
    "country": "Japan"
  },
  {
    "username": "hou_on",
    "followingArtist": "Predawn_staff",
    "country_code": "GB",
    "country": "UK"
  },
  {
    "username": "TehVanguard",
    "followingArtist": "Predawn_staff",
    "country_code": "PL",
    "country": "Poland"
  },
  {
    "username": "miginari",
    "followingArtist": "Predawn_staff",
    "country_code": "JP",
    "country": "Japan"
  },
  {
    "username": "mesinyan",
    "followingArtist": "Predawn_staff",
    "country_code": "JP",
    "country": "Japan"
  },
  {
    "username": "millicent",
    "followingArtist": "Predawn_staff",
    "country_code": "JP",
    "country": "Japan"
  },
  {
    "username": "sima_tan",
    "followingArtist": "Predawn_staff",
    "country_code": "JP",
    "country": "Japan"
  },
  {
    "username": "nkmry_",
    "followingArtist": "Predawn_staff",
    "country_code": "JP",
    "country": "Japan"
  },
  {
    "username": "kaery_drippy",
    "followingArtist": "Predawn_staff",
    "country_code": "BZ",
    "country": "Belize"
  },
  {
    "username": "yaaaaaiiiii888",
    "followingArtist": "Predawn_staff",
    "country_code": "JP",
    "country": "Japan"
  },
  {
    "username": "hare_321",
    "followingArtist": "Predawn_staff",
    "country_code": "JP",
    "country": "Japan"
  },
  {
    "username": "Mavanpaty",
    "followingArtist": "Predawn_staff",
    "country_code": "MM",
    "country": "Myanmar"
  },
  {
    "username": "____mm___",
    "followingArtist": "Predawn_staff",
    "country_code": "JP",
    "country": "Japan"
  },
  {
    "username": "xxxhaxxnaxxx",
    "followingArtist": "Predawn_staff",
    "country_code": "JP",
    "country": "Japan"
  },
  {
    "username": "suriken2014",
    "followingArtist": "Predawn_staff",
    "country_code": "IT",
    "country": "Italy"
  },
  {
    "username": "yozak13",
    "followingArtist": "Predawn_staff",
    "country_code": "JP",
    "country": "Japan"
  },
  {
    "username": "izu_choco",
    "followingArtist": "Predawn_staff",
    "country_code": "JP",
    "country": "Japan"
  },
  {
    "username": "kojinxxxxxx",
    "followingArtist": "Predawn_staff",
    "country_code": "JP",
    "country": "Japan"
  },
  {
    "username": "ganchaang",
    "followingArtist": "Predawn_staff",
    "country_code": "JP",
    "country": "Japan"
  },
  {
    "username": "Variety",
    "followingArtist": "Predawn_staff",
    "country_code": "NG",
    "country": "Nigeria"
  },
  {
    "username": "etarlibyyap",
    "followingArtist": "Predawn_staff",
    "country_code": "JP",
    "country": "Japan"
  },
  {
    "username": "kai_432",
    "followingArtist": "Predawn_staff",
    "country_code": "JP",
    "country": "Japan"
  },
  {
    "username": "OMGPepy",
    "followingArtist": "Predawn_staff",
    "country_code": "US",
    "country": "United States"
  },
  {
    "username": "groundcolor",
    "followingArtist": "Predawn_staff",
    "country_code": "JP",
    "country": "Japan"
  },
  {
    "username": "verified",
    "followingArtist": "Predawn_staff",
    "country_code": "US",
    "country": "United States"
  },
  {
    "username": "kotallo",
    "followingArtist": "Predawn_staff",
    "country_code": "JP",
    "country": "Japan"
  },
  {
    "username": "ueue_",
    "followingArtist": "Predawn_staff",
    "country_code": "JP",
    "country": "Japan"
  },
  {
    "username": "deoeby104",
    "followingArtist": "Predawn_staff",
    "country_code": "JP",
    "country": "Japan"
  },
  {
    "username": "cham785",
    "followingArtist": "Predawn_staff",
    "country_code": "JP",
    "country": "Japan"
  },
  {
    "username": "naccooo",
    "followingArtist": "Predawn_staff",
    "country_code": "JP",
    "country": "Japan"
  },
  {
    "username": "jobin55",
    "followingArtist": "Predawn_staff",
    "country_code": "JP",
    "country": "Japan"
  },
  {
    "username": "tagiruka",
    "followingArtist": "Predawn_staff",
    "country_code": "JP",
    "country": "Japan"
  },
  {
    "username": "niiils0421",
    "followingArtist": "Predawn_staff",
    "country_code": "JP",
    "country": "Japan"
  },
  {
    "username": "shiratamaco",
    "followingArtist": "Predawn_staff",
    "country_code": "JP",
    "country": "Japan"
  },
  {
    "username": "tomoe_w_p",
    "followingArtist": "Predawn_staff",
    "country_code": "JP",
    "country": "Japan"
  },
  {
    "username": "TubbiesLego",
    "followingArtist": "Predawn_staff",
    "country_code": "JP",
    "country": "Japan"
  },
  {
    "username": "chitose_h_",
    "followingArtist": "Predawn_staff",
    "country_code": "US",
    "country": "United States"
  },
  {
    "username": "amijakan_Q",
    "followingArtist": "Predawn_staff",
    "country_code": "JP",
    "country": "Japan"
  },
  {
    "username": "freemysoul2020",
    "followingArtist": "Predawn_staff",
    "country_code": "JP",
    "country": "Japan"
  },
  {
    "username": "akmair",
    "followingArtist": "Predawn_staff",
    "country_code": "JP",
    "country": "Japan"
  }
]