[
  {
    "username": "Yogesh521163823",
    "followingArtist": "Joakim Gomez",
    "country_code": "IN",
    "country": "India"
  },
  {
    "username": "daanish91860697",
    "followingArtist": "Joakim Gomez",
    "country_code": "US",
    "country": "United States"
  },
  {
    "username": "EerotKalervo",
    "followingArtist": "Joakim Gomez",
    "country_code": "US",
    "country": "United States"
  },
  {
    "username": "CamataCharmaine",
    "followingArtist": "Joakim Gomez",
    "country_code": "PH",
    "country": "Philippines"
  },
  {
    "username": "LeoJohn67147134",
    "followingArtist": "Joakim Gomez",
    "country_code": "CN",
    "country": "China"
  },
  {
    "username": "ReshaAditia96",
    "followingArtist": "Joakim Gomez",
    "country_code": "ID",
    "country": "Indonesia"
  },
  {
    "username": "KevinLi84845559",
    "followingArtist": "Joakim Gomez",
    "country_code": "California City Blvd",
    "country": "California City Blvd"
  },
  {
    "username": "jcel_aira",
    "followingArtist": "Joakim Gomez",
    "country_code": "PH",
    "country": "Philippines"
  },
  {
    "username": "muhamme00478393",
    "followingArtist": "Joakim Gomez",
    "country_code": "AU",
    "country": "Australia"
  },
  {
    "username": "Saz17702321",
    "followingArtist": "Joakim Gomez",
    "country_code": "NP",
    "country": "Nepal"
  },
  {
    "username": "JER_UK_84",
    "followingArtist": "Joakim Gomez",
    "country_code": "US",
    "country": "United States"
  },
  {
    "username": "glesiis",
    "followingArtist": "Joakim Gomez",
    "country_code": "US",
    "country": "United States"
  },
  {
    "username": "MarceloNisnisan",
    "followingArtist": "Joakim Gomez",
    "country_code": "PH",
    "country": "Philippines"
  },
  {
    "username": "sajidkoohse",
    "followingArtist": "Joakim Gomez",
    "country_code": "MY",
    "country": "Malaysia"
  },
  {
    "username": "ValjitD",
    "followingArtist": "Joakim Gomez",
    "country_code": "PH",
    "country": "Philippines"
  },
  {
    "username": "BlesJane",
    "followingArtist": "Joakim Gomez",
    "country_code": "US",
    "country": "United States"
  },
  {
    "username": "BonDadofalza",
    "followingArtist": "Joakim Gomez",
    "country_code": "PH",
    "country": "Philippines"
  },
  {
    "username": "MahamatMourno",
    "followingArtist": "Joakim Gomez",
    "country_code": "ID",
    "country": "Indonesia"
  },
  {
    "username": "Shaneeeeeng06",
    "followingArtist": "Joakim Gomez",
    "country_code": "PY",
    "country": "Paraguay"
  },
  {
    "username": "Joanne19052821",
    "followingArtist": "Joakim Gomez",
    "country_code": "CN",
    "country": "China"
  },
  {
    "username": "TusabeAbdurahim",
    "followingArtist": "Joakim Gomez",
    "country_code": "UG",
    "country": "Uganda"
  },
  {
    "username": "ianroque10",
    "followingArtist": "Joakim Gomez",
    "country_code": "US",
    "country": "United States"
  },
  {
    "username": "klabasano23",
    "followingArtist": "Joakim Gomez",
    "country_code": "US",
    "country": "United States"
  },
  {
    "username": "patric_casio1",
    "followingArtist": "Joakim Gomez",
    "country_code": "PH",
    "country": "Philippines"
  },
  {
    "username": "Janiceqin0312",
    "followingArtist": "Joakim Gomez",
    "country_code": "US",
    "country": "United States"
  },
  {
    "username": "KristineBarnue2",
    "followingArtist": "Joakim Gomez",
    "country_code": "US",
    "country": "United States"
  },
  {
    "username": "TavernerBenzon",
    "followingArtist": "Joakim Gomez",
    "country_code": "US",
    "country": "United States"
  },
  {
    "username": "SabilaoJohn",
    "followingArtist": "Joakim Gomez",
    "country_code": "PH",
    "country": "Philippines"
  },
  {
    "username": "KateAdrienne3",
    "followingArtist": "Joakim Gomez",
    "country_code": "PH",
    "country": "Philippines"
  },
  {
    "username": "princesslozada7",
    "followingArtist": "Joakim Gomez",
    "country_code": "US",
    "country": "United States"
  },
  {
    "username": "kellybesa1",
    "followingArtist": "Joakim Gomez",
    "country_code": "PH",
    "country": "Philippines"
  },
  {
    "username": "MayLency",
    "followingArtist": "Joakim Gomez",
    "country_code": "IT",
    "country": "Italy"
  },
  {
    "username": "heartlesz_28",
    "followingArtist": "Joakim Gomez",
    "country_code": "PH",
    "country": "Philippines"
  },
  {
    "username": "jeremymendozal1",
    "followingArtist": "Joakim Gomez",
    "country_code": "PH",
    "country": "Philippines"
  },
  {
    "username": "CobaEnmanuel",
    "followingArtist": "Joakim Gomez",
    "country_code": "FR",
    "country": "France"
  },
  {
    "username": "Mr_Quah",
    "followingArtist": "Joakim Gomez",
    "country_code": "IN",
    "country": "India"
  },
  {
    "username": "ColeenJagunos",
    "followingArtist": "Joakim Gomez",
    "country_code": "US",
    "country": "United States"
  },
  {
    "username": "shshashaine",
    "followingArtist": "Joakim Gomez",
    "country_code": "US",
    "country": "United States"
  },
  {
    "username": "MyaInaas",
    "followingArtist": "Joakim Gomez",
    "country_code": "QA",
    "country": "Qatar"
  },
  {
    "username": "KrystalJoyMedi1",
    "followingArtist": "Joakim Gomez",
    "country_code": "PH",
    "country": "Philippines"
  },
  {
    "username": "iruma_Army",
    "followingArtist": "Joakim Gomez",
    "country_code": "MY",
    "country": "Malaysia"
  },
  {
    "username": "Rajasek57648116",
    "followingArtist": "Joakim Gomez",
    "country_code": "UA",
    "country": "Ukraine"
  },
  {
    "username": "wanchin_1221",
    "followingArtist": "Joakim Gomez",
    "country_code": "MY",
    "country": "Malaysia"
  },
  {
    "username": "gai_lvin",
    "followingArtist": "Joakim Gomez",
    "country_code": "US",
    "country": "United States"
  },
  {
    "username": "a0636af31cde4c5",
    "followingArtist": "Joakim Gomez",
    "country_code": "PK",
    "country": "Pakistan"
  },
  {
    "username": "jeth_z",
    "followingArtist": "Joakim Gomez",
    "country_code": "PH",
    "country": "Philippines"
  },
  {
    "username": "NicoleJude10",
    "followingArtist": "Joakim Gomez",
    "country_code": "US",
    "country": "United States"
  },
  {
    "username": "xdk1986",
    "followingArtist": "Joakim Gomez",
    "country_code": "US",
    "country": "United States"
  },
  {
    "username": "urdailynews1",
    "followingArtist": "Joakim Gomez",
    "country_code": "NG",
    "country": "Nigeria"
  },
  {
    "username": "ChitChi07804709",
    "followingArtist": "Joakim Gomez",
    "country_code": "TH",
    "country": "Thailand"
  },
  {
    "username": "Ihcy_jeon01",
    "followingArtist": "Joakim Gomez",
    "country_code": "KR",
    "country": "South Korea"
  },
  {
    "username": "MbnZ7P0iYLSfhwn",
    "followingArtist": "Joakim Gomez",
    "country_code": "MY",
    "country": "Malaysia"
  },
  {
    "username": "ObidasNicole",
    "followingArtist": "Joakim Gomez",
    "country_code": "GB",
    "country": "Northern Ireland"
  },
  {
    "username": "DyjunR",
    "followingArtist": "Joakim Gomez",
    "country_code": "US",
    "country": "United States"
  },
  {
    "username": "Nadraharistans1",
    "followingArtist": "Joakim Gomez",
    "country_code": "MY",
    "country": "Malaysia"
  },
  {
    "username": "JeanGeoca",
    "followingArtist": "Joakim Gomez",
    "country_code": "US",
    "country": "United States"
  },
  {
    "username": "JuneWon1985",
    "followingArtist": "Joakim Gomez",
    "country_code": "FR",
    "country": "France"
  },
  {
    "username": "ZaldyBoy091",
    "followingArtist": "Joakim Gomez",
    "country_code": "PH",
    "country": "Philippines"
  },
  {
    "username": "Isaac90011159",
    "followingArtist": "Joakim Gomez",
    "country_code": "PH",
    "country": "Philippines"
  },
  {
    "username": "RiverGabriel2",
    "followingArtist": "Joakim Gomez",
    "country_code": "US",
    "country": "United States"
  },
  {
    "username": "jayalzacee",
    "followingArtist": "Joakim Gomez",
    "country_code": "UK",
    "country": "United Kingdom"
  },
  {
    "username": "Raymark85153323",
    "followingArtist": "Joakim Gomez",
    "country_code": "PH",
    "country": "Philippines"
  },
  {
    "username": "Cassyseynix",
    "followingArtist": "Joakim Gomez",
    "country_code": "PH",
    "country": "Philippines"
  },
  {
    "username": "lex_yenzun",
    "followingArtist": "Joakim Gomez",
    "country_code": "PH",
    "country": "Philippines"
  },
  {
    "username": "Jannadelrosari2",
    "followingArtist": "Joakim Gomez",
    "country_code": "PH",
    "country": "Philippines"
  },
  {
    "username": "sndtlk",
    "followingArtist": "Joakim Gomez",
    "country_code": "UK",
    "country": "United Kingdom"
  },
  {
    "username": "18_5_1982",
    "followingArtist": "Joakim Gomez",
    "country_code": "MY",
    "country": "Malaysia"
  },
  {
    "username": "MeloLlaguno",
    "followingArtist": "Joakim Gomez",
    "country_code": "US",
    "country": "United States"
  },
  {
    "username": "GianAnthony13",
    "followingArtist": "Joakim Gomez",
    "country_code": "PH",
    "country": "Philippines"
  },
  {
    "username": "JeffArmario",
    "followingArtist": "Joakim Gomez",
    "country_code": "PY",
    "country": "Paraguay"
  },
  {
    "username": "octoberrrr_29",
    "followingArtist": "Joakim Gomez",
    "country_code": "PH",
    "country": "Philippines"
  },
  {
    "username": "chvzlaa",
    "followingArtist": "Joakim Gomez",
    "country_code": "US",
    "country": "United States"
  },
  {
    "username": "kellysasing1",
    "followingArtist": "Joakim Gomez",
    "country_code": "US",
    "country": "United States"
  },
  {
    "username": "DinoTooOP",
    "followingArtist": "Joakim Gomez",
    "country_code": "BJ",
    "country": "Benin"
  },
  {
    "username": "Blnch_hpwrld",
    "followingArtist": "Joakim Gomez",
    "country_code": "PH",
    "country": "Philippines"
  },
  {
    "username": "sofiemhay_95",
    "followingArtist": "Joakim Gomez",
    "country_code": "PH",
    "country": "Philippines"
  },
  {
    "username": "MiaSanMiaDFB",
    "followingArtist": "Joakim Gomez",
    "country_code": "NG",
    "country": "Nigeria"
  },
  {
    "username": "williebantz",
    "followingArtist": "Joakim Gomez",
    "country_code": "NP",
    "country": "Nepal"
  },
  {
    "username": "RainzarS",
    "followingArtist": "Joakim Gomez",
    "country_code": "CN",
    "country": "China"
  },
  {
    "username": "RZLHK",
    "followingArtist": "Joakim Gomez",
    "country_code": "DK",
    "country": "Denmark"
  },
  {
    "username": "JaysonIbale",
    "followingArtist": "Joakim Gomez",
    "country_code": "US",
    "country": "United States"
  },
  {
    "username": "JanessaCruz14",
    "followingArtist": "Joakim Gomez",
    "country_code": "US",
    "country": "United States"
  },
  {
    "username": "ShinSaccharine",
    "followingArtist": "Joakim Gomez",
    "country_code": "California City Blvd",
    "country": "California City Blvd"
  },
  {
    "username": "bzsrjzqs",
    "followingArtist": "Joakim Gomez",
    "country_code": "CN",
    "country": "China"
  },
  {
    "username": "Xhadoelyn",
    "followingArtist": "Joakim Gomez",
    "country_code": "PH",
    "country": "Philippines"
  },
  {
    "username": "corbynsprout",
    "followingArtist": "Joakim Gomez",
    "country_code": "US",
    "country": "United States"
  },
  {
    "username": "Sengetkaki",
    "followingArtist": "Joakim Gomez",
    "country_code": "ES",
    "country": "Spain"
  },
  {
    "username": "CalaguasBoat",
    "followingArtist": "Joakim Gomez",
    "country_code": "PH",
    "country": "Philippines"
  },
  {
    "username": "BoyGay12077611",
    "followingArtist": "Joakim Gomez",
    "country_code": "TH",
    "country": "Thailand"
  },
  {
    "username": "anzures_eliza",
    "followingArtist": "Joakim Gomez",
    "country_code": "PH",
    "country": "Philippines"
  },
  {
    "username": "Christi74228075",
    "followingArtist": "Joakim Gomez",
    "country_code": "ES",
    "country": "Spain"
  },
  {
    "username": "nisanguler767",
    "followingArtist": "Joakim Gomez",
    "country_code": "TR",
    "country": "Turkey"
  },
  {
    "username": "Lyly45627749",
    "followingArtist": "Joakim Gomez",
    "country_code": "ES",
    "country": "Spain"
  },
  {
    "username": "MommyAbel1",
    "followingArtist": "Joakim Gomez",
    "country_code": "MY",
    "country": "Malaysia"
  },
  {
    "username": "ser_meng",
    "followingArtist": "Joakim Gomez",
    "country_code": "MY",
    "country": "Malaysia"
  },
  {
    "username": "Marjorieee7",
    "followingArtist": "Joakim Gomez",
    "country_code": "US",
    "country": "United States"
  },
  {
    "username": "cedric_estal",
    "followingArtist": "Joakim Gomez",
    "country_code": "PH",
    "country": "Philippines"
  },
  {
    "username": "chenahe",
    "followingArtist": "Joakim Gomez",
    "country_code": "IN",
    "country": "India"
  },
  {
    "username": "JasinNorfarahin",
    "followingArtist": "Joakim Gomez",
    "country_code": "MY",
    "country": "Malaysia"
  },
  {
    "username": "thenanazukiey",
    "followingArtist": "Joakim Gomez",
    "country_code": "MY",
    "country": "Malaysia"
  },
  {
    "username": "henrykey5",
    "followingArtist": "Joakim Gomez",
    "country_code": "US",
    "country": "United States"
  },
  {
    "username": "CenoIii",
    "followingArtist": "Joakim Gomez",
    "country_code": "CN",
    "country": "China"
  },
  {
    "username": "swxyswxy",
    "followingArtist": "Joakim Gomez",
    "country_code": "US",
    "country": "United States"
  },
  {
    "username": "zzwuli",
    "followingArtist": "Joakim Gomez",
    "country_code": "UK",
    "country": "United Kingdom"
  },
  {
    "username": "tweetgoo_social",
    "followingArtist": "Joakim Gomez",
    "country_code": "US",
    "country": "United States"
  },
  {
    "username": "youthsg",
    "followingArtist": "Joakim Gomez",
    "country_code": "US",
    "country": "United States"
  },
  {
    "username": "Nurulsknh_0606",
    "followingArtist": "Joakim Gomez",
    "country_code": "MY",
    "country": "Malaysia"
  },
  {
    "username": "Daniel06112569",
    "followingArtist": "Joakim Gomez",
    "country_code": "PH",
    "country": "Philippines"
  },
  {
    "username": "Iamjoshastijada",
    "followingArtist": "Joakim Gomez",
    "country_code": "PH",
    "country": "Philippines"
  },
  {
    "username": "akoSijoyian",
    "followingArtist": "Joakim Gomez",
    "country_code": "US",
    "country": "United States"
  },
  {
    "username": "Jhay87654321",
    "followingArtist": "Joakim Gomez",
    "country_code": "CN",
    "country": "China"
  },
  {
    "username": "Smartsa14093947",
    "followingArtist": "Joakim Gomez",
    "country_code": "IN",
    "country": "India"
  },
  {
    "username": "YsonBi",
    "followingArtist": "Joakim Gomez",
    "country_code": "PH",
    "country": "Philippines"
  },
  {
    "username": "jaiprak27814629",
    "followingArtist": "Joakim Gomez",
    "country_code": "BJ",
    "country": "Benin"
  },
  {
    "username": "William25079954",
    "followingArtist": "Joakim Gomez",
    "country_code": "IN",
    "country": "India"
  },
  {
    "username": "8afikWewc3Ngo1L",
    "followingArtist": "Joakim Gomez",
    "country_code": "US",
    "country": "United States"
  },
  {
    "username": "AlmeraAmil",
    "followingArtist": "Joakim Gomez",
    "country_code": "US",
    "country": "United States"
  },
  {
    "username": "MASTERJK4",
    "followingArtist": "Joakim Gomez",
    "country_code": "US",
    "country": "United States"
  },
  {
    "username": "daporwarisan",
    "followingArtist": "Joakim Gomez",
    "country_code": "MY",
    "country": "Malaysia"
  },
  {
    "username": "Xuhaihang",
    "followingArtist": "Joakim Gomez",
    "country_code": "US",
    "country": "United States"
  },
  {
    "username": "Mel091197",
    "followingArtist": "Joakim Gomez",
    "country_code": "US",
    "country": "United States"
  },
  {
    "username": "Intandiana10",
    "followingArtist": "Joakim Gomez",
    "country_code": "US",
    "country": "United States"
  },
  {
    "username": "Syahwaney1",
    "followingArtist": "Joakim Gomez",
    "country_code": "IN",
    "country": "India"
  },
  {
    "username": "Sexytara7",
    "followingArtist": "Joakim Gomez",
    "country_code": "BJ",
    "country": "Benin"
  },
  {
    "username": "glokook_babe",
    "followingArtist": "Joakim Gomez",
    "country_code": "PH",
    "country": "Philippines"
  },
  {
    "username": "BaoErjia",
    "followingArtist": "Joakim Gomez",
    "country_code": "CN",
    "country": "China"
  },
  {
    "username": "FGuyagon",
    "followingArtist": "Joakim Gomez",
    "country_code": "PH",
    "country": "Philippines"
  },
  {
    "username": "bangzhu6",
    "followingArtist": "Joakim Gomez",
    "country_code": "US",
    "country": "United States"
  },
  {
    "username": "NLoefa",
    "followingArtist": "Joakim Gomez",
    "country_code": "ID",
    "country": "Indonesia"
  },
  {
    "username": "charlesclark116",
    "followingArtist": "Joakim Gomez",
    "country_code": "US",
    "country": "United States"
  },
  {
    "username": "RegielynDupeno",
    "followingArtist": "Joakim Gomez",
    "country_code": "PH",
    "country": "Philippines"
  },
  {
    "username": "JiluanZhang",
    "followingArtist": "Joakim Gomez",
    "country_code": "CN",
    "country": "China"
  },
  {
    "username": "JLicuando",
    "followingArtist": "Joakim Gomez",
    "country_code": "US",
    "country": "United States"
  },
  {
    "username": "kuzeyergon113",
    "followingArtist": "Joakim Gomez",
    "country_code": "TR",
    "country": "Turkey"
  },
  {
    "username": "mytmei",
    "followingArtist": "Joakim Gomez",
    "country_code": "in",
    "country": "India"
  },
  {
    "username": "jonstrbilio",
    "followingArtist": "Joakim Gomez",
    "country_code": "US",
    "country": "United States"
  },
  {
    "username": "itsemer123",
    "followingArtist": "Joakim Gomez",
    "country_code": "PH",
    "country": "Philippines"
  },
  {
    "username": "Angelin82263809",
    "followingArtist": "Joakim Gomez",
    "country_code": "NP",
    "country": "Nepal"
  },
  {
    "username": "jmlynrcl",
    "followingArtist": "Joakim Gomez",
    "country_code": "GB",
    "country": "Northern Ireland"
  },
  {
    "username": "xuquan0223",
    "followingArtist": "Joakim Gomez",
    "country_code": "CN",
    "country": "China"
  },
  {
    "username": "JhonalynCaubal1",
    "followingArtist": "Joakim Gomez",
    "country_code": "PH",
    "country": "Philippines"
  },
  {
    "username": "a_lkura",
    "followingArtist": "Joakim Gomez",
    "country_code": "IN",
    "country": "India"
  },
  {
    "username": "frintzkyler05",
    "followingArtist": "Joakim Gomez",
    "country_code": "PH",
    "country": "Philippines"
  },
  {
    "username": "ThatSiyabonga",
    "followingArtist": "Joakim Gomez",
    "country_code": "ZA",
    "country": "South Africa"
  },
  {
    "username": "Joyce40897119",
    "followingArtist": "Joakim Gomez",
    "country_code": "NP",
    "country": "Nepal"
  },
  {
    "username": "RM_Drake_Lines",
    "followingArtist": "Joakim Gomez",
    "country_code": "NG",
    "country": "Nigeria"
  },
  {
    "username": "Crystal56111612",
    "followingArtist": "Joakim Gomez",
    "country_code": "FR",
    "country": "France"
  },
  {
    "username": "jeonsyahh",
    "followingArtist": "Joakim Gomez",
    "country_code": "US",
    "country": "United States"
  },
  {
    "username": "ezra__to",
    "followingArtist": "Joakim Gomez",
    "country_code": "Hawi Rd",
    "country": "Hawi Rd"
  },
  {
    "username": "TwinVew",
    "followingArtist": "Joakim Gomez",
    "country_code": "US",
    "country": "United States"
  },
  {
    "username": "jdkeloth",
    "followingArtist": "Joakim Gomez",
    "country_code": "AU",
    "country": "Australia"
  },
  {
    "username": "Morena35747162",
    "followingArtist": "Joakim Gomez",
    "country_code": "US",
    "country": "United States"
  },
  {
    "username": "almusripin",
    "followingArtist": "Joakim Gomez",
    "country_code": "PH",
    "country": "Philippines"
  },
  {
    "username": "kianwai2001",
    "followingArtist": "Joakim Gomez",
    "country_code": "US",
    "country": "United States"
  },
  {
    "username": "sermusicusa",
    "followingArtist": "Joakim Gomez",
    "country_code": "US",
    "country": "United States"
  },
  {
    "username": "Cerenuela_RPG",
    "followingArtist": "Joakim Gomez",
    "country_code": "PH",
    "country": "Philippines"
  },
  {
    "username": "CarloGuarino29",
    "followingArtist": "Joakim Gomez",
    "country_code": "US",
    "country": "United States"
  },
  {
    "username": "PutunganAarona",
    "followingArtist": "Joakim Gomez",
    "country_code": "US",
    "country": "United States"
  },
  {
    "username": "soliddigitalpr1",
    "followingArtist": "Joakim Gomez",
    "country_code": "MY",
    "country": "Malaysia"
  },
  {
    "username": "ramoneda_dharyl",
    "followingArtist": "Joakim Gomez",
    "country_code": "US",
    "country": "United States"
  },
  {
    "username": "Rosemar62486382",
    "followingArtist": "Joakim Gomez",
    "country_code": "PH",
    "country": "Philippines"
  },
  {
    "username": "royalestre",
    "followingArtist": "Joakim Gomez",
    "country_code": "US",
    "country": "United States"
  },
  {
    "username": "KarelMendioro",
    "followingArtist": "Joakim Gomez",
    "country_code": "US",
    "country": "United States"
  },
  {
    "username": "Lilianyan1011",
    "followingArtist": "Joakim Gomez",
    "country_code": "CN",
    "country": "China"
  },
  {
    "username": "PsychopathPratt",
    "followingArtist": "Joakim Gomez",
    "country_code": "US",
    "country": "United States"
  },
  {
    "username": "MerylynMuan",
    "followingArtist": "Joakim Gomez",
    "country_code": "PH",
    "country": "Philippines"
  },
  {
    "username": "SavGrae",
    "followingArtist": "Joakim Gomez",
    "country_code": "US",
    "country": "United States"
  },
  {
    "username": "theruitan",
    "followingArtist": "Joakim Gomez",
    "country_code": "BJ",
    "country": "Benin"
  },
  {
    "username": "Mariannebaldiz1",
    "followingArtist": "Joakim Gomez",
    "country_code": "US",
    "country": "United States"
  },
  {
    "username": "Pippz08",
    "followingArtist": "Joakim Gomez",
    "country_code": "PH",
    "country": "Philippines"
  },
  {
    "username": "wahyu_qina24",
    "followingArtist": "Joakim Gomez",
    "country_code": "IN",
    "country": "India"
  },
  {
    "username": "RustomDy",
    "followingArtist": "Joakim Gomez",
    "country_code": "US",
    "country": "United States"
  },
  {
    "username": "AungKyiHtwe3",
    "followingArtist": "Joakim Gomez",
    "country_code": "US",
    "country": "United States"
  },
  {
    "username": "Shieepdua",
    "followingArtist": "Joakim Gomez",
    "country_code": "PH",
    "country": "Philippines"
  },
  {
    "username": "Suresh76314259",
    "followingArtist": "Joakim Gomez",
    "country_code": "MY",
    "country": "Malaysia"
  },
  {
    "username": "Taylor_wards33",
    "followingArtist": "Joakim Gomez",
    "country_code": "GB",
    "country": "Northern Ireland"
  },
  {
    "username": "Erikajumilla14",
    "followingArtist": "Joakim Gomez",
    "country_code": "PH",
    "country": "Philippines"
  },
  {
    "username": "AlitourM",
    "followingArtist": "Joakim Gomez",
    "country_code": "ID",
    "country": "Indonesia"
  },
  {
    "username": "sandruhbenny",
    "followingArtist": "Joakim Gomez",
    "country_code": "US",
    "country": "United States"
  },
  {
    "username": "ChalabiShahrokh",
    "followingArtist": "Joakim Gomez",
    "country_code": "IR",
    "country": "Iran"
  },
  {
    "username": "Ess_ence_Photo",
    "followingArtist": "Joakim Gomez",
    "country_code": "TH",
    "country": "Thailand"
  },
  {
    "username": "FyeeraX",
    "followingArtist": "Joakim Gomez",
    "country_code": "ID",
    "country": "Indonesia"
  },
  {
    "username": "Beyed5",
    "followingArtist": "Joakim Gomez",
    "country_code": "BG",
    "country": "Bulgaria"
  },
  {
    "username": "jemin86647319",
    "followingArtist": "Joakim Gomez",
    "country_code": "US",
    "country": "United States"
  },
  {
    "username": "PoeLoon",
    "followingArtist": "Joakim Gomez",
    "country_code": "MM",
    "country": "Myanmar"
  },
  {
    "username": "Mehdi26293504",
    "followingArtist": "Joakim Gomez",
    "country_code": "IR",
    "country": "Iran"
  },
  {
    "username": "Saysaymadridan4",
    "followingArtist": "Joakim Gomez",
    "country_code": "US",
    "country": "United States"
  },
  {
    "username": "RyreystylStyls1",
    "followingArtist": "Joakim Gomez",
    "country_code": "US",
    "country": "United States"
  },
  {
    "username": "Ikhram54145705",
    "followingArtist": "Joakim Gomez",
    "country_code": "MY",
    "country": "Malaysia"
  },
  {
    "username": "mrwealthboss0",
    "followingArtist": "Joakim Gomez",
    "country_code": "HK",
    "country": "Hong Kong"
  },
  {
    "username": "PGardoque",
    "followingArtist": "Joakim Gomez",
    "country_code": "PH",
    "country": "Philippines"
  },
  {
    "username": "vkumar3088",
    "followingArtist": "Joakim Gomez",
    "country_code": "CN",
    "country": "China"
  },
  {
    "username": "Zellionbd",
    "followingArtist": "Joakim Gomez",
    "country_code": "BD",
    "country": "Bangladesh"
  },
  {
    "username": "isitdarrenjk__",
    "followingArtist": "Joakim Gomez",
    "country_code": "US",
    "country": "United States"
  },
  {
    "username": "nadiahhhhhbeeee",
    "followingArtist": "Joakim Gomez",
    "country_code": "CN",
    "country": "China"
  },
  {
    "username": "Bodohnyebudak",
    "followingArtist": "Joakim Gomez",
    "country_code": "BR",
    "country": "Brazil"
  },
  {
    "username": "ZMSin96",
    "followingArtist": "Joakim Gomez",
    "country_code": "US",
    "country": "United States"
  },
  {
    "username": "Chanmira23",
    "followingArtist": "Joakim Gomez",
    "country_code": "KR",
    "country": "South Korea"
  },
  {
    "username": "caylovepizza",
    "followingArtist": "Joakim Gomez",
    "country_code": "US",
    "country": "United States"
  },
  {
    "username": "pa1522709",
    "followingArtist": "Joakim Gomez",
    "country_code": "US",
    "country": "United States"
  },
  {
    "username": "dyingorange",
    "followingArtist": "Joakim Gomez",
    "country_code": "CA",
    "country": "Canada"
  },
  {
    "username": "Sinyee_pei",
    "followingArtist": "Joakim Gomez",
    "country_code": "US",
    "country": "United States"
  },
  {
    "username": "jojoling10",
    "followingArtist": "Joakim Gomez",
    "country_code": "US",
    "country": "United States"
  },
  {
    "username": "AjmainIslam777",
    "followingArtist": "Joakim Gomez",
    "country_code": "BD",
    "country": "Bangladesh"
  },
  {
    "username": "Asanda39055227",
    "followingArtist": "Joakim Gomez",
    "country_code": "ZA",
    "country": "South Africa"
  },
  {
    "username": "Tomidivide",
    "followingArtist": "Joakim Gomez",
    "country_code": "GB",
    "country": "Northern Ireland"
  },
  {
    "username": "MXHXRXH",
    "followingArtist": "Joakim Gomez",
    "country_code": "US",
    "country": "United States"
  },
  {
    "username": "nurilyanah",
    "followingArtist": "Joakim Gomez",
    "country_code": "CA",
    "country": "Canada"
  },
  {
    "username": "aprosanders",
    "followingArtist": "Joakim Gomez",
    "country_code": "US",
    "country": "United States"
  },
  {
    "username": "Shubham60197264",
    "followingArtist": "Joakim Gomez",
    "country_code": "PK",
    "country": "Pakistan"
  },
  {
    "username": "Insidiox",
    "followingArtist": "Joakim Gomez",
    "country_code": "SE",
    "country": "Sweden"
  },
  {
    "username": "noviaditia",
    "followingArtist": "Joakim Gomez",
    "country_code": "IN",
    "country": "India"
  },
  {
    "username": "Kah_Li_Png",
    "followingArtist": "Joakim Gomez",
    "country_code": "US",
    "country": "United States"
  },
  {
    "username": "Reiska888",
    "followingArtist": "Joakim Gomez",
    "country_code": "US",
    "country": "United States"
  },
  {
    "username": "clutchkicked_",
    "followingArtist": "Joakim Gomez",
    "country_code": "US",
    "country": "United States"
  },
  {
    "username": "EjaazTanveer",
    "followingArtist": "Joakim Gomez",
    "country_code": "NP",
    "country": "Nepal"
  },
  {
    "username": "tifflingx",
    "followingArtist": "Joakim Gomez",
    "country_code": "US",
    "country": "United States"
  },
  {
    "username": "heyswitchback",
    "followingArtist": "Joakim Gomez",
    "country_code": "DK",
    "country": "Denmark"
  },
  {
    "username": "joetwq",
    "followingArtist": "Joakim Gomez",
    "country_code": "NP",
    "country": "Nepal"
  },
  {
    "username": "yourslovingly_",
    "followingArtist": "Joakim Gomez",
    "country_code": "US",
    "country": "United States"
  },
  {
    "username": "davisies",
    "followingArtist": "Joakim Gomez",
    "country_code": "ID",
    "country": "Indonesia"
  },
  {
    "username": "Mattinho10",
    "followingArtist": "Joakim Gomez",
    "country_code": "UK",
    "country": "United Kingdom"
  },
  {
    "username": "Hazelherron_",
    "followingArtist": "Joakim Gomez",
    "country_code": "California City Blvd",
    "country": "California City Blvd"
  },
  {
    "username": "jessieann8213",
    "followingArtist": "Joakim Gomez",
    "country_code": "US",
    "country": "United States"
  },
  {
    "username": "ayynbieber",
    "followingArtist": "Joakim Gomez",
    "country_code": "US",
    "country": "United States"
  },
  {
    "username": "RoshniDanita",
    "followingArtist": "Joakim Gomez",
    "country_code": "MY",
    "country": "Malaysia"
  },
  {
    "username": "thelobaks",
    "followingArtist": "Joakim Gomez",
    "country_code": "MY",
    "country": "Malaysia"
  },
  {
    "username": "rosiebutcher752",
    "followingArtist": "Joakim Gomez",
    "country_code": "GB",
    "country": "Northern Ireland"
  },
  {
    "username": "Jayashreekd",
    "followingArtist": "Joakim Gomez",
    "country_code": "IN",
    "country": "India"
  },
  {
    "username": "UniApple35",
    "followingArtist": "Joakim Gomez",
    "country_code": "US",
    "country": "United States"
  },
  {
    "username": "qila_mohdali",
    "followingArtist": "Joakim Gomez",
    "country_code": "MY",
    "country": "Malaysia"
  },
  {
    "username": "zeewhy_tan",
    "followingArtist": "Joakim Gomez",
    "country_code": "US",
    "country": "United States"
  },
  {
    "username": "GoldenbeachRest",
    "followingArtist": "Joakim Gomez",
    "country_code": "SG",
    "country": "Singapore"
  },
  {
    "username": "ejustinejoseph",
    "followingArtist": "Joakim Gomez",
    "country_code": "NG",
    "country": "Nigeria"
  },
  {
    "username": "sinthuja1999",
    "followingArtist": "Joakim Gomez",
    "country_code": "UK",
    "country": "United Kingdom"
  },
  {
    "username": "sharfikhailer",
    "followingArtist": "Joakim Gomez",
    "country_code": "UG",
    "country": "Uganda"
  },
  {
    "username": "EffyDianaa",
    "followingArtist": "Joakim Gomez",
    "country_code": "MY",
    "country": "Malaysia"
  },
  {
    "username": "langkinhtay",
    "followingArtist": "Joakim Gomez",
    "country_code": "ES",
    "country": "Spain"
  },
  {
    "username": "alajeeb_ksa",
    "followingArtist": "Joakim Gomez",
    "country_code": "US",
    "country": "United States"
  },
  {
    "username": "alajeebuae",
    "followingArtist": "Joakim Gomez",
    "country_code": "US",
    "country": "United States"
  },
  {
    "username": "felixgymzl",
    "followingArtist": "Joakim Gomez",
    "country_code": "ES",
    "country": "Spain"
  },
  {
    "username": "hoehooiyan",
    "followingArtist": "Joakim Gomez",
    "country_code": "US",
    "country": "United States"
  },
  {
    "username": "TheNumber_16",
    "followingArtist": "Joakim Gomez",
    "country_code": "PL",
    "country": "Poland"
  },
  {
    "username": "arapa237",
    "followingArtist": "Joakim Gomez",
    "country_code": "MY",
    "country": "Malaysia"
  },
  {
    "username": "BurdenoFreedom",
    "followingArtist": "Joakim Gomez",
    "country_code": "US",
    "country": "United States"
  },
  {
    "username": "andraper999",
    "followingArtist": "Joakim Gomez",
    "country_code": "ID",
    "country": "Indonesia"
  },
  {
    "username": "justpotatoesok",
    "followingArtist": "Joakim Gomez",
    "country_code": "NG",
    "country": "Nigeria"
  },
  {
    "username": "pat_tagle",
    "followingArtist": "Joakim Gomez",
    "country_code": "US",
    "country": "United States"
  },
  {
    "username": "MelissaAnneDan2",
    "followingArtist": "Joakim Gomez",
    "country_code": "MY",
    "country": "Malaysia"
  },
  {
    "username": "baby_dan_",
    "followingArtist": "Joakim Gomez",
    "country_code": "US",
    "country": "United States"
  },
  {
    "username": "Meanjvae",
    "followingArtist": "Joakim Gomez",
    "country_code": "BR",
    "country": "Brazil"
  },
  {
    "username": "Hardihoodband",
    "followingArtist": "Joakim Gomez",
    "country_code": "FR",
    "country": "France"
  },
  {
    "username": "KassyPlusOne",
    "followingArtist": "Joakim Gomez",
    "country_code": "CA",
    "country": "Canada"
  },
  {
    "username": "sjicalv",
    "followingArtist": "Joakim Gomez",
    "country_code": "US",
    "country": "United States"
  },
  {
    "username": "AnaFriasOficial",
    "followingArtist": "Joakim Gomez",
    "country_code": "MX",
    "country": "Mexico"
  },
  {
    "username": "nimajneb88",
    "followingArtist": "Joakim Gomez",
    "country_code": "NP",
    "country": "Nepal"
  },
  {
    "username": "nurlish4",
    "followingArtist": "Joakim Gomez",
    "country_code": "ZA",
    "country": "South Africa"
  },
  {
    "username": "BPCLOVESG",
    "followingArtist": "Joakim Gomez",
    "country_code": "IN",
    "country": "India"
  },
  {
    "username": "jeonspritae",
    "followingArtist": "Joakim Gomez",
    "country_code": "BR",
    "country": "Brazil"
  },
  {
    "username": "mahen3125",
    "followingArtist": "Joakim Gomez",
    "country_code": "MY",
    "country": "Malaysia"
  },
  {
    "username": "ahmed_mattoo",
    "followingArtist": "Joakim Gomez",
    "country_code": "IN",
    "country": "India"
  },
  {
    "username": "khimarhawari",
    "followingArtist": "Joakim Gomez",
    "country_code": "ES",
    "country": "Spain"
  },
  {
    "username": "princeharry1011",
    "followingArtist": "Joakim Gomez",
    "country_code": "US",
    "country": "United States"
  },
  {
    "username": "ArinaHHZZ",
    "followingArtist": "Joakim Gomez",
    "country_code": "US",
    "country": "United States"
  },
  {
    "username": "ileana_vance",
    "followingArtist": "Joakim Gomez",
    "country_code": "US",
    "country": "United States"
  },
  {
    "username": "Acasioalves1",
    "followingArtist": "Joakim Gomez",
    "country_code": "ID",
    "country": "Indonesia"
  },
  {
    "username": "OngOngjw1210",
    "followingArtist": "Joakim Gomez",
    "country_code": "BJ",
    "country": "Benin"
  },
  {
    "username": "KonkhmerShare",
    "followingArtist": "Joakim Gomez",
    "country_code": "US",
    "country": "United States"
  },
  {
    "username": "hayliehales",
    "followingArtist": "Joakim Gomez",
    "country_code": "BR",
    "country": "Brazil"
  },
  {
    "username": "Luvithaniaaa",
    "followingArtist": "Joakim Gomez",
    "country_code": "ID",
    "country": "Indonesia"
  },
  {
    "username": "9770043557arma1",
    "followingArtist": "Joakim Gomez",
    "country_code": "US",
    "country": "United States"
  },
  {
    "username": "OngMarcus2",
    "followingArtist": "Joakim Gomez",
    "country_code": "AU",
    "country": "Australia"
  },
  {
    "username": "DomingeV",
    "followingArtist": "Joakim Gomez",
    "country_code": "FR",
    "country": "France"
  },
  {
    "username": "HiddlestonHeart",
    "followingArtist": "Joakim Gomez",
    "country_code": "US",
    "country": "United States"
  },
  {
    "username": "PATRICRUZLOPEZ",
    "followingArtist": "Joakim Gomez",
    "country_code": "IT",
    "country": "Italy"
  },
  {
    "username": "DesylvaL",
    "followingArtist": "Joakim Gomez",
    "country_code": "NO",
    "country": "Norway"
  },
  {
    "username": "Octopusensation",
    "followingArtist": "Joakim Gomez",
    "country_code": "NP",
    "country": "Nepal"
  },
  {
    "username": "AzEmami_19",
    "followingArtist": "Joakim Gomez",
    "country_code": "US",
    "country": "United States"
  },
  {
    "username": "mozes_yudh99",
    "followingArtist": "Joakim Gomez",
    "country_code": "ID",
    "country": "Indonesia"
  },
  {
    "username": "sandragogglebox",
    "followingArtist": "Joakim Gomez",
    "country_code": "UK",
    "country": "United Kingdom"
  },
  {
    "username": "iAtep",
    "followingArtist": "Joakim Gomez",
    "country_code": "US",
    "country": "United States"
  },
  {
    "username": "HlthyMemFoodFes",
    "followingArtist": "Joakim Gomez",
    "country_code": "US",
    "country": "United States"
  },
  {
    "username": "ifindkarma",
    "followingArtist": "Joakim Gomez",
    "country_code": "US",
    "country": "United States"
  },
  {
    "username": "MooreHandM",
    "followingArtist": "Joakim Gomez",
    "country_code": "AU",
    "country": "Australia"
  },
  {
    "username": "TarmizieScharfs",
    "followingArtist": "Joakim Gomez",
    "country_code": "FR",
    "country": "France"
  },
  {
    "username": "balanarmh",
    "followingArtist": "Joakim Gomez",
    "country_code": "MY",
    "country": "Malaysia"
  },
  {
    "username": "zzz62744812",
    "followingArtist": "Joakim Gomez",
    "country_code": "US",
    "country": "United States"
  },
  {
    "username": "hastika_marykay",
    "followingArtist": "Joakim Gomez",
    "country_code": "MY",
    "country": "Malaysia"
  },
  {
    "username": "roselyn_simpao",
    "followingArtist": "Joakim Gomez",
    "country_code": "ID",
    "country": "Indonesia"
  },
  {
    "username": "andy3844",
    "followingArtist": "Joakim Gomez",
    "country_code": "US",
    "country": "United States"
  },
  {
    "username": "fmforever1512",
    "followingArtist": "Joakim Gomez",
    "country_code": "MY",
    "country": "Malaysia"
  },
  {
    "username": "Foureverhope",
    "followingArtist": "Joakim Gomez",
    "country_code": "GB",
    "country": "Northern Ireland"
  },
  {
    "username": "allyessmagaz",
    "followingArtist": "Joakim Gomez",
    "country_code": "ID",
    "country": "Indonesia"
  },
  {
    "username": "Nkindazawadi",
    "followingArtist": "Joakim Gomez",
    "country_code": "TZ",
    "country": "Tanzania"
  }
]