[
  {
    "username": "latte_dino_",
    "followingArtist": "Joakim Gomez",
    "country_code": "CH",
    "country": "Switzerland"
  },
  {
    "username": "LahluLahlu2",
    "followingArtist": "Joakim Gomez",
    "country_code": "UK",
    "country": "United Kingdom"
  },
  {
    "username": "rajanazamraja",
    "followingArtist": "Joakim Gomez",
    "country_code": "AE",
    "country": "United Arab Emirates"
  },
  {
    "username": "yaaka_mark",
    "followingArtist": "Joakim Gomez",
    "country_code": "CA",
    "country": "Canada"
  },
  {
    "username": "MathyShoes",
    "followingArtist": "Joakim Gomez",
    "country_code": "US",
    "country": "United States"
  },
  {
    "username": "kammalesh",
    "followingArtist": "Joakim Gomez",
    "country_code": "US",
    "country": "United States"
  },
  {
    "username": "itsbellebaby",
    "followingArtist": "Joakim Gomez",
    "country_code": "US",
    "country": "United States"
  },
  {
    "username": "Angeleynamusic",
    "followingArtist": "Joakim Gomez",
    "country_code": "MR",
    "country": "Mauritania"
  },
  {
    "username": "gunawanpasari11",
    "followingArtist": "Joakim Gomez",
    "country_code": "PE",
    "country": "Peru"
  },
  {
    "username": "KarenJeanHood",
    "followingArtist": "Joakim Gomez",
    "country_code": "US",
    "country": "United States"
  },
  {
    "username": "chibified",
    "followingArtist": "Joakim Gomez",
    "country_code": "US",
    "country": "United States"
  },
  {
    "username": "demmauxxx7",
    "followingArtist": "Joakim Gomez",
    "country_code": "SG",
    "country": "Singapore"
  },
  {
    "username": "MiRa84693897",
    "followingArtist": "Joakim Gomez",
    "country_code": "US",
    "country": "United States"
  },
  {
    "username": "6BillionPeople",
    "followingArtist": "Joakim Gomez",
    "country_code": "NG",
    "country": "Nigeria"
  },
  {
    "username": "WQianhong",
    "followingArtist": "Joakim Gomez",
    "country_code": "NP",
    "country": "Nepal"
  },
  {
    "username": "UthpalaEsala",
    "followingArtist": "Joakim Gomez",
    "country_code": "LK",
    "country": "Sri Lanka"
  },
  {
    "username": "DarshnRawat",
    "followingArtist": "Joakim Gomez",
    "country_code": "CO",
    "country": "Colombia"
  },
  {
    "username": "rowysounds",
    "followingArtist": "Joakim Gomez",
    "country_code": "BR",
    "country": "Brazil"
  },
  {
    "username": "cherukuriprabha",
    "followingArtist": "Joakim Gomez",
    "country_code": "IN",
    "country": "India"
  },
  {
    "username": "vijayakumran",
    "followingArtist": "Joakim Gomez",
    "country_code": "ID",
    "country": "Indonesia"
  },
  {
    "username": "Vincent_Cymstr",
    "followingArtist": "Joakim Gomez",
    "country_code": "US",
    "country": "United States"
  },
  {
    "username": "OfficialKimlee",
    "followingArtist": "Joakim Gomez",
    "country_code": "NG",
    "country": "Nigeria"
  },
  {
    "username": "anitaryu",
    "followingArtist": "Joakim Gomez",
    "country_code": "FR",
    "country": "France"
  },
  {
    "username": "JanBobrowski",
    "followingArtist": "Joakim Gomez",
    "country_code": "US",
    "country": "United States"
  },
  {
    "username": "GalihSeptadi",
    "followingArtist": "Joakim Gomez",
    "country_code": "UK",
    "country": "United Kingdom"
  },
  {
    "username": "vampfannnxo",
    "followingArtist": "Joakim Gomez",
    "country_code": "AU",
    "country": "Australia"
  },
  {
    "username": "kennethw",
    "followingArtist": "Joakim Gomez",
    "country_code": "AU",
    "country": "Australia"
  },
  {
    "username": "KingJudah11",
    "followingArtist": "Joakim Gomez",
    "country_code": "US",
    "country": "United States"
  },
  {
    "username": "Ihearteu5sos",
    "followingArtist": "Joakim Gomez",
    "country_code": "US",
    "country": "United States"
  },
  {
    "username": "dailysmiledrops",
    "followingArtist": "Joakim Gomez",
    "country_code": "US",
    "country": "United States"
  },
  {
    "username": "SeowMel",
    "followingArtist": "Joakim Gomez",
    "country_code": "MY",
    "country": "Malaysia"
  },
  {
    "username": "syheankluzzee16",
    "followingArtist": "Joakim Gomez",
    "country_code": "TW",
    "country": "Taiwan"
  },
  {
    "username": "_saaasha_",
    "followingArtist": "Joakim Gomez",
    "country_code": "US",
    "country": "United States"
  },
  {
    "username": "real_lashay",
    "followingArtist": "Joakim Gomez",
    "country_code": "US",
    "country": "United States"
  },
  {
    "username": "KaatieLeigh",
    "followingArtist": "Joakim Gomez",
    "country_code": "US",
    "country": "United States"
  },
  {
    "username": "AllyqaH",
    "followingArtist": "Joakim Gomez",
    "country_code": "US",
    "country": "United States"
  },
  {
    "username": "saintyno71",
    "followingArtist": "Joakim Gomez",
    "country_code": "NG",
    "country": "Nigeria"
  },
  {
    "username": "anti_war_poets",
    "followingArtist": "Joakim Gomez",
    "country_code": "US",
    "country": "United States"
  },
  {
    "username": "ELHamz10",
    "followingArtist": "Joakim Gomez",
    "country_code": "ID",
    "country": "Indonesia"
  },
  {
    "username": "AnnDeca5",
    "followingArtist": "Joakim Gomez",
    "country_code": "EC",
    "country": "Ecuador"
  },
  {
    "username": "muhdariffudinn1",
    "followingArtist": "Joakim Gomez",
    "country_code": "MY",
    "country": "Malaysia"
  },
  {
    "username": "Kumaran84315354",
    "followingArtist": "Joakim Gomez",
    "country_code": "SA",
    "country": "Saudi Arabia"
  },
  {
    "username": "farhanfazil240",
    "followingArtist": "Joakim Gomez",
    "country_code": "GM",
    "country": "Gambia"
  },
  {
    "username": "fadingcornelias",
    "followingArtist": "Joakim Gomez",
    "country_code": "US",
    "country": "United States"
  },
  {
    "username": "KJvox",
    "followingArtist": "Joakim Gomez",
    "country_code": "US",
    "country": "United States"
  },
  {
    "username": "catherine_staub",
    "followingArtist": "Joakim Gomez",
    "country_code": "US",
    "country": "United States"
  },
  {
    "username": "facelessukelele",
    "followingArtist": "Joakim Gomez",
    "country_code": "US",
    "country": "United States"
  },
  {
    "username": "ajiscullens",
    "followingArtist": "Joakim Gomez",
    "country_code": "MY",
    "country": "Malaysia"
  },
  {
    "username": "natalieeongg",
    "followingArtist": "Joakim Gomez",
    "country_code": "AU",
    "country": "Australia"
  },
  {
    "username": "inderpauls",
    "followingArtist": "Joakim Gomez",
    "country_code": "AU",
    "country": "Australia"
  },
  {
    "username": "MystyPanDer",
    "followingArtist": "Joakim Gomez",
    "country_code": "MY",
    "country": "Malaysia"
  },
  {
    "username": "asxhs_",
    "followingArtist": "Joakim Gomez",
    "country_code": "US",
    "country": "United States"
  },
  {
    "username": "hanafiwhoami",
    "followingArtist": "Joakim Gomez",
    "country_code": "NP",
    "country": "Nepal"
  },
  {
    "username": "Admin30674728",
    "followingArtist": "Joakim Gomez",
    "country_code": "IN",
    "country": "India"
  },
  {
    "username": "aewu3",
    "followingArtist": "Joakim Gomez",
    "country_code": "ID",
    "country": "Indonesia"
  },
  {
    "username": "PiccadillyInc",
    "followingArtist": "Joakim Gomez",
    "country_code": "IN",
    "country": "India"
  },
  {
    "username": "verselit",
    "followingArtist": "Joakim Gomez",
    "country_code": "US",
    "country": "United States"
  },
  {
    "username": "K1sstheplanet",
    "followingArtist": "Joakim Gomez",
    "country_code": "PH",
    "country": "Philippines"
  },
  {
    "username": "ngsiewlee9704",
    "followingArtist": "Joakim Gomez",
    "country_code": "MY",
    "country": "Malaysia"
  },
  {
    "username": "karthickmkmm",
    "followingArtist": "Joakim Gomez",
    "country_code": "IN",
    "country": "India"
  },
  {
    "username": "topphotolink",
    "followingArtist": "Joakim Gomez",
    "country_code": "NG",
    "country": "Nigeria"
  },
  {
    "username": "DiiahPratiwii",
    "followingArtist": "Joakim Gomez",
    "country_code": "ID",
    "country": "Indonesia"
  },
  {
    "username": "Espada430",
    "followingArtist": "Joakim Gomez",
    "country_code": "MY",
    "country": "Malaysia"
  },
  {
    "username": "movemotivesuomi",
    "followingArtist": "Joakim Gomez",
    "country_code": "FI",
    "country": "Finland"
  },
  {
    "username": "HaishwaryaRaman",
    "followingArtist": "Joakim Gomez",
    "country_code": "MY",
    "country": "Malaysia"
  },
  {
    "username": "umiegoies83",
    "followingArtist": "Joakim Gomez",
    "country_code": "MY",
    "country": "Malaysia"
  },
  {
    "username": "Tante_mamud",
    "followingArtist": "Joakim Gomez",
    "country_code": "ID",
    "country": "Indonesia"
  },
  {
    "username": "ffscrossy",
    "followingArtist": "Joakim Gomez",
    "country_code": "MR",
    "country": "Mauritania"
  },
  {
    "username": "Lay93603Lin",
    "followingArtist": "Joakim Gomez",
    "country_code": "MY",
    "country": "Malaysia"
  },
  {
    "username": "MdNobabali6",
    "followingArtist": "Joakim Gomez",
    "country_code": "US",
    "country": "United States"
  },
  {
    "username": "Weister95",
    "followingArtist": "Joakim Gomez",
    "country_code": "NZ",
    "country": "New Zealand"
  },
  {
    "username": "lauramuccini",
    "followingArtist": "Joakim Gomez",
    "country_code": "UK",
    "country": "United Kingdom"
  },
  {
    "username": "damiamarsha",
    "followingArtist": "Joakim Gomez",
    "country_code": "FR",
    "country": "France"
  },
  {
    "username": "royo_joi",
    "followingArtist": "Joakim Gomez",
    "country_code": "DK",
    "country": "Denmark"
  },
  {
    "username": "AdammLimm",
    "followingArtist": "Joakim Gomez",
    "country_code": "US",
    "country": "United States"
  },
  {
    "username": "allaboutfigures",
    "followingArtist": "Joakim Gomez",
    "country_code": "US",
    "country": "United States"
  },
  {
    "username": "sasikumarb10",
    "followingArtist": "Joakim Gomez",
    "country_code": "IN",
    "country": "India"
  },
  {
    "username": "pokesearchleics",
    "followingArtist": "Joakim Gomez",
    "country_code": "GB",
    "country": "England"
  },
  {
    "username": "VerMalli",
    "followingArtist": "Joakim Gomez",
    "country_code": "NP",
    "country": "Nepal"
  },
  {
    "username": "17fadillah",
    "followingArtist": "Joakim Gomez",
    "country_code": "ID",
    "country": "Indonesia"
  },
  {
    "username": "Befresh105",
    "followingArtist": "Joakim Gomez",
    "country_code": "RU",
    "country": "Russia"
  },
  {
    "username": "Zorronto",
    "followingArtist": "Joakim Gomez",
    "country_code": "CN",
    "country": "China"
  },
  {
    "username": "mithunamogan",
    "followingArtist": "Joakim Gomez",
    "country_code": "CA",
    "country": "Canada"
  },
  {
    "username": "AnkoriCalvin",
    "followingArtist": "Joakim Gomez",
    "country_code": "US",
    "country": "United States"
  },
  {
    "username": "mbombot_kaji",
    "followingArtist": "Joakim Gomez",
    "country_code": "ID",
    "country": "Indonesia"
  },
  {
    "username": "qisvrc",
    "followingArtist": "Joakim Gomez",
    "country_code": "MY",
    "country": "Malaysia"
  },
  {
    "username": "Samiprettyeyes",
    "followingArtist": "Joakim Gomez",
    "country_code": "US",
    "country": "United States"
  },
  {
    "username": "km_devaser",
    "followingArtist": "Joakim Gomez",
    "country_code": "BG",
    "country": "Bulgaria"
  },
  {
    "username": "Straits_Suites",
    "followingArtist": "Joakim Gomez",
    "country_code": "MY",
    "country": "Malaysia"
  },
  {
    "username": "TieenSwee",
    "followingArtist": "Joakim Gomez",
    "country_code": "JP",
    "country": "Japan"
  },
  {
    "username": "TheOvertunes",
    "followingArtist": "Joakim Gomez",
    "country_code": "ID",
    "country": "Indonesia"
  },
  {
    "username": "itsapoTAEto",
    "followingArtist": "Joakim Gomez",
    "country_code": "BJ",
    "country": "Benin"
  },
  {
    "username": "beautifiedgomez",
    "followingArtist": "Joakim Gomez",
    "country_code": "US",
    "country": "United States"
  },
  {
    "username": "Uhminn",
    "followingArtist": "Joakim Gomez",
    "country_code": "FR",
    "country": "France"
  },
  {
    "username": "Remremjs",
    "followingArtist": "Joakim Gomez",
    "country_code": "US",
    "country": "United States"
  },
  {
    "username": "azie45924155",
    "followingArtist": "Joakim Gomez",
    "country_code": "ID",
    "country": "Indonesia"
  },
  {
    "username": "gracewong778",
    "followingArtist": "Joakim Gomez",
    "country_code": "UA",
    "country": "Ukraine"
  },
  {
    "username": "lovesneakernews",
    "followingArtist": "Joakim Gomez",
    "country_code": "US",
    "country": "United States"
  },
  {
    "username": "lucaslum2003",
    "followingArtist": "Joakim Gomez",
    "country_code": "BJ",
    "country": "Benin"
  },
  {
    "username": "MikeSartorious",
    "followingArtist": "Joakim Gomez",
    "country_code": "NG",
    "country": "Nigeria"
  },
  {
    "username": "OT_Babel",
    "followingArtist": "Joakim Gomez",
    "country_code": "NG",
    "country": "Nigeria"
  },
  {
    "username": "syafalexander",
    "followingArtist": "Joakim Gomez",
    "country_code": "NP",
    "country": "Nepal"
  },
  {
    "username": "Pjxal",
    "followingArtist": "Joakim Gomez",
    "country_code": "US",
    "country": "United States"
  },
  {
    "username": "FarahFarisya10",
    "followingArtist": "Joakim Gomez",
    "country_code": "MY",
    "country": "Malaysia"
  },
  {
    "username": "iamHamzaMushtaq",
    "followingArtist": "Joakim Gomez",
    "country_code": "US",
    "country": "United States"
  },
  {
    "username": "NicholasJoel",
    "followingArtist": "Joakim Gomez",
    "country_code": "US",
    "country": "United States"
  },
  {
    "username": "hannahalyaatan",
    "followingArtist": "Joakim Gomez",
    "country_code": "NP",
    "country": "Nepal"
  },
  {
    "username": "EXO_GOT7_RINA",
    "followingArtist": "Joakim Gomez",
    "country_code": "US",
    "country": "United States"
  },
  {
    "username": "NurulSyazwani_",
    "followingArtist": "Joakim Gomez",
    "country_code": "US",
    "country": "United States"
  },
  {
    "username": "watermelonrach",
    "followingArtist": "Joakim Gomez",
    "country_code": "US",
    "country": "United States"
  },
  {
    "username": "AlAlifaljabbar",
    "followingArtist": "Joakim Gomez",
    "country_code": "ID",
    "country": "Indonesia"
  },
  {
    "username": "MagicLake2",
    "followingArtist": "Joakim Gomez",
    "country_code": "US",
    "country": "United States"
  },
  {
    "username": "dXhOtHeHuMaN",
    "followingArtist": "Joakim Gomez",
    "country_code": "NP",
    "country": "Nepal"
  },
  {
    "username": "wahi_helmy",
    "followingArtist": "Joakim Gomez",
    "country_code": "ID",
    "country": "Indonesia"
  },
  {
    "username": "campusartsrp",
    "followingArtist": "Joakim Gomez",
    "country_code": "US",
    "country": "United States"
  },
  {
    "username": "beckybecca90210",
    "followingArtist": "Joakim Gomez",
    "country_code": "US",
    "country": "United States"
  },
  {
    "username": "GoliathClaudia",
    "followingArtist": "Joakim Gomez",
    "country_code": "HU",
    "country": "Hungary"
  },
  {
    "username": "nursarah24",
    "followingArtist": "Joakim Gomez",
    "country_code": "NP",
    "country": "Nepal"
  },
  {
    "username": "pruthadixit1231",
    "followingArtist": "Joakim Gomez",
    "country_code": "IN",
    "country": "India"
  },
  {
    "username": "mroxanneds",
    "followingArtist": "Joakim Gomez",
    "country_code": "US",
    "country": "United States"
  },
  {
    "username": "DelphinaSmexy_",
    "followingArtist": "Joakim Gomez",
    "country_code": "UK",
    "country": "United Kingdom"
  },
  {
    "username": "josephngggggg",
    "followingArtist": "Joakim Gomez",
    "country_code": "US",
    "country": "United States"
  },
  {
    "username": "ekasuprianto11",
    "followingArtist": "Joakim Gomez",
    "country_code": "ID",
    "country": "Indonesia"
  },
  {
    "username": "aldinna_kapic",
    "followingArtist": "Joakim Gomez",
    "country_code": "BA",
    "country": "Bosnia and Herzegovina"
  },
  {
    "username": "7o55ameldin7a51",
    "followingArtist": "Joakim Gomez",
    "country_code": "US",
    "country": "United States"
  },
  {
    "username": "BryanJr_scott",
    "followingArtist": "Joakim Gomez",
    "country_code": "BR",
    "country": "Brazil"
  },
  {
    "username": "RichardTanolbiz",
    "followingArtist": "Joakim Gomez",
    "country_code": "US",
    "country": "United States"
  },
  {
    "username": "DiniAbrho",
    "followingArtist": "Joakim Gomez",
    "country_code": "ID",
    "country": "Indonesia"
  },
  {
    "username": "arya_syarifa",
    "followingArtist": "Joakim Gomez",
    "country_code": "US",
    "country": "United States"
  },
  {
    "username": "Vichencho06",
    "followingArtist": "Joakim Gomez",
    "country_code": "IR",
    "country": "Iran"
  },
  {
    "username": "_CouponGlobal_",
    "followingArtist": "Joakim Gomez",
    "country_code": "US",
    "country": "United States"
  },
  {
    "username": "justinwongjq",
    "followingArtist": "Joakim Gomez",
    "country_code": "BR",
    "country": "Brazil"
  },
  {
    "username": "rizza_bolivar",
    "followingArtist": "Joakim Gomez",
    "country_code": "US",
    "country": "United States"
  },
  {
    "username": "IAMJODYYY",
    "followingArtist": "Joakim Gomez",
    "country_code": "US",
    "country": "United States"
  },
  {
    "username": "IGNITEMusicFest",
    "followingArtist": "Joakim Gomez",
    "country_code": "US",
    "country": "United States"
  },
  {
    "username": "realarvinshah",
    "followingArtist": "Joakim Gomez",
    "country_code": "CA",
    "country": "Canada"
  },
  {
    "username": "StyleGroovaz_RP",
    "followingArtist": "Joakim Gomez",
    "country_code": "US",
    "country": "United States"
  },
  {
    "username": "delunaabril3",
    "followingArtist": "Joakim Gomez",
    "country_code": "PH",
    "country": "Philippines"
  },
  {
    "username": "ceoworld",
    "followingArtist": "Joakim Gomez",
    "country_code": "GR",
    "country": "Greece"
  },
  {
    "username": "MusicRoomSIA",
    "followingArtist": "Joakim Gomez",
    "country_code": "CN",
    "country": "China"
  },
  {
    "username": "spongebobtv",
    "followingArtist": "Joakim Gomez",
    "country_code": "US",
    "country": "United States"
  },
  {
    "username": "AndraPerdana235",
    "followingArtist": "Joakim Gomez",
    "country_code": "IN",
    "country": "India"
  },
  {
    "username": "greysonchance",
    "followingArtist": "Joakim Gomez",
    "country_code": "N Oklahoma",
    "country": "N Oklahoma"
  },
  {
    "username": "AizAbdhul",
    "followingArtist": "Joakim Gomez",
    "country_code": "ID",
    "country": "Indonesia"
  },
  {
    "username": "neekloh",
    "followingArtist": "Joakim Gomez",
    "country_code": "US",
    "country": "United States"
  },
  {
    "username": "phecof_kenya",
    "followingArtist": "Joakim Gomez",
    "country_code": "KE",
    "country": "Kenya"
  },
  {
    "username": "charmaine_luv",
    "followingArtist": "Joakim Gomez",
    "country_code": "US",
    "country": "United States"
  },
  {
    "username": "claraannx",
    "followingArtist": "Joakim Gomez",
    "country_code": "SI",
    "country": "Slovenia"
  },
  {
    "username": "rabiatul_juny",
    "followingArtist": "Joakim Gomez",
    "country_code": "ID",
    "country": "Indonesia"
  },
  {
    "username": "delusivesivan",
    "followingArtist": "Joakim Gomez",
    "country_code": "US",
    "country": "United States"
  },
  {
    "username": "kartiks20",
    "followingArtist": "Joakim Gomez",
    "country_code": "US",
    "country": "United States"
  },
  {
    "username": "ifaqueen19",
    "followingArtist": "Joakim Gomez",
    "country_code": "ID",
    "country": "Indonesia"
  },
  {
    "username": "keykeypalms",
    "followingArtist": "Joakim Gomez",
    "country_code": "US",
    "country": "United States"
  },
  {
    "username": "marvinjs",
    "followingArtist": "Joakim Gomez",
    "country_code": "US",
    "country": "United States"
  },
  {
    "username": "rmdrk",
    "followingArtist": "Joakim Gomez",
    "country_code": "US",
    "country": "United States"
  },
  {
    "username": "Gokanu_",
    "followingArtist": "Joakim Gomez",
    "country_code": "GB",
    "country": "England"
  },
  {
    "username": "YayahYulia7",
    "followingArtist": "Joakim Gomez",
    "country_code": "ID",
    "country": "Indonesia"
  },
  {
    "username": "MythicalFinn",
    "followingArtist": "Joakim Gomez",
    "country_code": "US",
    "country": "United States"
  },
  {
    "username": "ktyj93",
    "followingArtist": "Joakim Gomez",
    "country_code": "GB",
    "country": "England"
  },
  {
    "username": "8853144355vish2",
    "followingArtist": "Joakim Gomez",
    "country_code": "IN",
    "country": "India"
  },
  {
    "username": "dimplesdork",
    "followingArtist": "Joakim Gomez",
    "country_code": "FR",
    "country": "France"
  },
  {
    "username": "royal_eymran",
    "followingArtist": "Joakim Gomez",
    "country_code": "ID",
    "country": "Indonesia"
  },
  {
    "username": "kamila_hall",
    "followingArtist": "Joakim Gomez",
    "country_code": "California City Blvd",
    "country": "California City Blvd"
  },
  {
    "username": "AnatoryAmos",
    "followingArtist": "Joakim Gomez",
    "country_code": "TZ",
    "country": "Tanzania"
  },
  {
    "username": "suhaildarkmind",
    "followingArtist": "Joakim Gomez",
    "country_code": "BR",
    "country": "Brazil"
  },
  {
    "username": "YusnitaAli",
    "followingArtist": "Joakim Gomez",
    "country_code": "CN",
    "country": "China"
  },
  {
    "username": "gxmezdarling",
    "followingArtist": "Joakim Gomez",
    "country_code": "US",
    "country": "United States"
  },
  {
    "username": "harderhes",
    "followingArtist": "Joakim Gomez",
    "country_code": "IT",
    "country": "Italy"
  },
  {
    "username": "sujitmo57355967",
    "followingArtist": "Joakim Gomez",
    "country_code": "BD",
    "country": "Bangladesh"
  },
  {
    "username": "_sheena_tx_",
    "followingArtist": "Joakim Gomez",
    "country_code": "US",
    "country": "United States"
  },
  {
    "username": "aaqilahnirwan",
    "followingArtist": "Joakim Gomez",
    "country_code": "CA",
    "country": "Canada"
  },
  {
    "username": "DayStarProperty",
    "followingArtist": "Joakim Gomez",
    "country_code": "US",
    "country": "United States"
  },
  {
    "username": "terrayseee",
    "followingArtist": "Joakim Gomez",
    "country_code": "FR",
    "country": "France"
  },
  {
    "username": "Marisabel0815",
    "followingArtist": "Joakim Gomez",
    "country_code": "CO",
    "country": "Colombia"
  },
  {
    "username": "Mabeltlm",
    "followingArtist": "Joakim Gomez",
    "country_code": "US",
    "country": "United States"
  },
  {
    "username": "Agus_dados",
    "followingArtist": "Joakim Gomez",
    "country_code": "ID",
    "country": "Indonesia"
  },
  {
    "username": "scrapeboxer1",
    "followingArtist": "Joakim Gomez",
    "country_code": "UK",
    "country": "United Kingdom"
  },
  {
    "username": "Its_Amoose",
    "followingArtist": "Joakim Gomez",
    "country_code": "IR",
    "country": "Iran"
  },
  {
    "username": "stephenmulyadi",
    "followingArtist": "Joakim Gomez",
    "country_code": "ID",
    "country": "Indonesia"
  },
  {
    "username": "zhu_xiaohu",
    "followingArtist": "Joakim Gomez",
    "country_code": "US",
    "country": "United States"
  },
  {
    "username": "IEatBold",
    "followingArtist": "Joakim Gomez",
    "country_code": "US",
    "country": "United States"
  },
  {
    "username": "YourGirlRuby1",
    "followingArtist": "Joakim Gomez",
    "country_code": "US",
    "country": "United States"
  },
  {
    "username": "SenopatiQ",
    "followingArtist": "Joakim Gomez",
    "country_code": "ID",
    "country": "Indonesia"
  },
  {
    "username": "xmainboyyx",
    "followingArtist": "Joakim Gomez",
    "country_code": "BR",
    "country": "Brazil"
  },
  {
    "username": "xirang2104",
    "followingArtist": "Joakim Gomez",
    "country_code": "CN",
    "country": "China"
  },
  {
    "username": "Nay_Guha",
    "followingArtist": "Joakim Gomez",
    "country_code": "CA",
    "country": "Canada"
  },
  {
    "username": "TheEdisonOng",
    "followingArtist": "Joakim Gomez",
    "country_code": "FR",
    "country": "France"
  },
  {
    "username": "aye_natasha2",
    "followingArtist": "Joakim Gomez",
    "country_code": "US",
    "country": "United States"
  },
  {
    "username": "syifa_lyla",
    "followingArtist": "Joakim Gomez",
    "country_code": "BJ",
    "country": "Benin"
  },
  {
    "username": "goldenDramaQ",
    "followingArtist": "Joakim Gomez",
    "country_code": "IT",
    "country": "Italy"
  },
  {
    "username": "lunarmads",
    "followingArtist": "Joakim Gomez",
    "country_code": "AU",
    "country": "Australia"
  },
  {
    "username": "ChefZulkarnain",
    "followingArtist": "Joakim Gomez",
    "country_code": "NP",
    "country": "Nepal"
  },
  {
    "username": "theunknownll",
    "followingArtist": "Joakim Gomez",
    "country_code": "BR",
    "country": "Brazil"
  },
  {
    "username": "fahiraskar",
    "followingArtist": "Joakim Gomez",
    "country_code": "ID",
    "country": "Indonesia"
  },
  {
    "username": "fauzee26",
    "followingArtist": "Joakim Gomez",
    "country_code": "GB",
    "country": "England"
  },
  {
    "username": "vasugup69920182",
    "followingArtist": "Joakim Gomez",
    "country_code": "IN",
    "country": "India"
  },
  {
    "username": "armstrongmasawe",
    "followingArtist": "Joakim Gomez",
    "country_code": "ZW",
    "country": "Zimbabwe"
  },
  {
    "username": "Joekimson91",
    "followingArtist": "Joakim Gomez",
    "country_code": "MY",
    "country": "Malaysia"
  },
  {
    "username": "UMARU1414",
    "followingArtist": "Joakim Gomez",
    "country_code": "IT",
    "country": "Italy"
  },
  {
    "username": "AditiGot7",
    "followingArtist": "Joakim Gomez",
    "country_code": "SE",
    "country": "Sweden"
  },
  {
    "username": "Rosmcvey",
    "followingArtist": "Joakim Gomez",
    "country_code": "NP",
    "country": "Nepal"
  },
  {
    "username": "aberon68",
    "followingArtist": "Joakim Gomez",
    "country_code": "SA",
    "country": "Saudi Arabia"
  },
  {
    "username": "roytaykk",
    "followingArtist": "Joakim Gomez",
    "country_code": "BJ",
    "country": "Benin"
  },
  {
    "username": "keeweeeee",
    "followingArtist": "Joakim Gomez",
    "country_code": "GB",
    "country": "England"
  },
  {
    "username": "rotalks",
    "followingArtist": "Joakim Gomez",
    "country_code": "IN",
    "country": "India"
  },
  {
    "username": "TONGYUJI",
    "followingArtist": "Joakim Gomez",
    "country_code": "US",
    "country": "United States"
  },
  {
    "username": "tekkagal",
    "followingArtist": "Joakim Gomez",
    "country_code": "NP",
    "country": "Nepal"
  },
  {
    "username": "aswinelan",
    "followingArtist": "Joakim Gomez",
    "country_code": "US",
    "country": "United States"
  },
  {
    "username": "mayavila283",
    "followingArtist": "Joakim Gomez",
    "country_code": "ID",
    "country": "Indonesia"
  },
  {
    "username": "EDG_prophecy",
    "followingArtist": "Joakim Gomez",
    "country_code": "CN",
    "country": "China"
  },
  {
    "username": "papap_rae",
    "followingArtist": "Joakim Gomez",
    "country_code": "ID",
    "country": "Indonesia"
  },
  {
    "username": "zulaiqhaxx",
    "followingArtist": "Joakim Gomez",
    "country_code": "NP",
    "country": "Nepal"
  },
  {
    "username": "NadelParis",
    "followingArtist": "Joakim Gomez",
    "country_code": "US",
    "country": "United States"
  },
  {
    "username": "VHAccountant",
    "followingArtist": "Joakim Gomez",
    "country_code": "US",
    "country": "United States"
  },
  {
    "username": "vanishevo",
    "followingArtist": "Joakim Gomez",
    "country_code": "AU",
    "country": "Australia"
  },
  {
    "username": "erwin_jansihar",
    "followingArtist": "Joakim Gomez",
    "country_code": "GB",
    "country": "England"
  },
  {
    "username": "adajone586",
    "followingArtist": "Joakim Gomez",
    "country_code": "GB",
    "country": "England"
  },
  {
    "username": "drkaungmyatsan",
    "followingArtist": "Joakim Gomez",
    "country_code": "MM",
    "country": "Myanmar"
  },
  {
    "username": "DeskhyBungas",
    "followingArtist": "Joakim Gomez",
    "country_code": "IN",
    "country": "India"
  },
  {
    "username": "UnholyDispute",
    "followingArtist": "Joakim Gomez",
    "country_code": "US",
    "country": "United States"
  },
  {
    "username": "WarChildUK",
    "followingArtist": "Joakim Gomez",
    "country_code": "UK",
    "country": "United Kingdom"
  },
  {
    "username": "Challe21",
    "followingArtist": "Joakim Gomez",
    "country_code": "MA",
    "country": "Morocco"
  },
  {
    "username": "KaitlynDyson89",
    "followingArtist": "Joakim Gomez",
    "country_code": "TH",
    "country": "Thailand"
  },
  {
    "username": "aimzofficialz",
    "followingArtist": "Joakim Gomez",
    "country_code": "US",
    "country": "United States"
  },
  {
    "username": "_All_the_Love_H",
    "followingArtist": "Joakim Gomez",
    "country_code": "UK",
    "country": "United Kingdom"
  },
  {
    "username": "lamechildd",
    "followingArtist": "Joakim Gomez",
    "country_code": "AU",
    "country": "Australia"
  },
  {
    "username": "kylinlew",
    "followingArtist": "Joakim Gomez",
    "country_code": "FR",
    "country": "France"
  },
  {
    "username": "danielleeetran",
    "followingArtist": "Joakim Gomez",
    "country_code": "NP",
    "country": "Nepal"
  },
  {
    "username": "kunwarbhupen554",
    "followingArtist": "Joakim Gomez",
    "country_code": "NP",
    "country": "Nepal"
  },
  {
    "username": "izzalumhood",
    "followingArtist": "Joakim Gomez",
    "country_code": "BR",
    "country": "Brazil"
  },
  {
    "username": "ffaz_15",
    "followingArtist": "Joakim Gomez",
    "country_code": "US",
    "country": "United States"
  },
  {
    "username": "darylqyw1",
    "followingArtist": "Joakim Gomez",
    "country_code": "NP",
    "country": "Nepal"
  },
  {
    "username": "nvdraaz",
    "followingArtist": "Joakim Gomez",
    "country_code": "NO",
    "country": "Norway"
  },
  {
    "username": "localgogh",
    "followingArtist": "Joakim Gomez",
    "country_code": "US",
    "country": "United States"
  },
  {
    "username": "HalseyUpdatesSG",
    "followingArtist": "Joakim Gomez",
    "country_code": "BR",
    "country": "Brazil"
  },
  {
    "username": "SyazaTan",
    "followingArtist": "Joakim Gomez",
    "country_code": "MY",
    "country": "Malaysia"
  },
  {
    "username": "fvrahn",
    "followingArtist": "Joakim Gomez",
    "country_code": "US",
    "country": "United States"
  },
  {
    "username": "simran_ds0uza",
    "followingArtist": "Joakim Gomez",
    "country_code": "US",
    "country": "United States"
  },
  {
    "username": "nurynspam",
    "followingArtist": "Joakim Gomez",
    "country_code": "NP",
    "country": "Nepal"
  },
  {
    "username": "DzikriNadia",
    "followingArtist": "Joakim Gomez",
    "country_code": "JO",
    "country": "Jordan"
  },
  {
    "username": "amerltonjunit18",
    "followingArtist": "Joakim Gomez",
    "country_code": "MY",
    "country": "Malaysia"
  },
  {
    "username": "rofikiubaidill1",
    "followingArtist": "Joakim Gomez",
    "country_code": "ID",
    "country": "Indonesia"
  },
  {
    "username": "doughnadd",
    "followingArtist": "Joakim Gomez",
    "country_code": "NP",
    "country": "Nepal"
  },
  {
    "username": "Hxzardd",
    "followingArtist": "Joakim Gomez",
    "country_code": "GB",
    "country": "England"
  },
  {
    "username": "exniceho",
    "followingArtist": "Joakim Gomez",
    "country_code": "SI",
    "country": "Slovenia"
  },
  {
    "username": "modc2016",
    "followingArtist": "Joakim Gomez",
    "country_code": "ID",
    "country": "Indonesia"
  },
  {
    "username": "lilpixieariana",
    "followingArtist": "Joakim Gomez",
    "country_code": "CA",
    "country": "Canada"
  },
  {
    "username": "loveskidrauhljb",
    "followingArtist": "Joakim Gomez",
    "country_code": "BR",
    "country": "Brazil"
  },
  {
    "username": "clivemarchesi",
    "followingArtist": "Joakim Gomez",
    "country_code": "GB",
    "country": "England"
  },
  {
    "username": "tomi_sudrajat",
    "followingArtist": "Joakim Gomez",
    "country_code": "ID",
    "country": "Indonesia"
  },
  {
    "username": "HausPrint",
    "followingArtist": "Joakim Gomez",
    "country_code": "GB",
    "country": "England"
  },
  {
    "username": "utopia_high",
    "followingArtist": "Joakim Gomez",
    "country_code": "MY",
    "country": "Malaysia"
  },
  {
    "username": "_im_tiffany",
    "followingArtist": "Joakim Gomez",
    "country_code": "US",
    "country": "United States"
  },
  {
    "username": "NiallsWifexzxz",
    "followingArtist": "Joakim Gomez",
    "country_code": "US",
    "country": "United States"
  },
  {
    "username": "krystallxx_",
    "followingArtist": "Joakim Gomez",
    "country_code": "HK",
    "country": "Hong Kong"
  },
  {
    "username": "huienxneo",
    "followingArtist": "Joakim Gomez",
    "country_code": "BJ",
    "country": "Benin"
  },
  {
    "username": "nursofena_56",
    "followingArtist": "Joakim Gomez",
    "country_code": "US",
    "country": "United States"
  },
  {
    "username": "janiccevibes",
    "followingArtist": "Joakim Gomez",
    "country_code": "MY",
    "country": "Malaysia"
  },
  {
    "username": "r0adtripsg",
    "followingArtist": "Joakim Gomez",
    "country_code": "NP",
    "country": "Nepal"
  },
  {
    "username": "rajadalimunthe1",
    "followingArtist": "Joakim Gomez",
    "country_code": "ID",
    "country": "Indonesia"
  },
  {
    "username": "hellomaknaes",
    "followingArtist": "Joakim Gomez",
    "country_code": "BR",
    "country": "Brazil"
  },
  {
    "username": "Clsj__",
    "followingArtist": "Joakim Gomez",
    "country_code": "US",
    "country": "United States"
  },
  {
    "username": "SashaPowerGT",
    "followingArtist": "Joakim Gomez",
    "country_code": "BR",
    "country": "Brazil"
  },
  {
    "username": "sweetchocomffn",
    "followingArtist": "Joakim Gomez",
    "country_code": "US",
    "country": "United States"
  },
  {
    "username": "Raashplayer",
    "followingArtist": "Joakim Gomez",
    "country_code": "NP",
    "country": "Nepal"
  },
  {
    "username": "MYMAbtwnWorlds",
    "followingArtist": "Joakim Gomez",
    "country_code": "US",
    "country": "United States"
  },
  {
    "username": "nadydam",
    "followingArtist": "Joakim Gomez",
    "country_code": "NP",
    "country": "Nepal"
  },
  {
    "username": "noraindah1",
    "followingArtist": "Joakim Gomez",
    "country_code": "NL",
    "country": "Netherlands"
  },
  {
    "username": "lashtomalumx",
    "followingArtist": "Joakim Gomez",
    "country_code": "BR",
    "country": "Brazil"
  },
  {
    "username": "LuvCrunchyCorn",
    "followingArtist": "Joakim Gomez",
    "country_code": "MR",
    "country": "Mauritania"
  },
  {
    "username": "swadharma2",
    "followingArtist": "Joakim Gomez",
    "country_code": "ID",
    "country": "Indonesia"
  },
  {
    "username": "ABoyz00",
    "followingArtist": "Joakim Gomez",
    "country_code": "JP",
    "country": "Japan"
  },
  {
    "username": "nikkkooll",
    "followingArtist": "Joakim Gomez",
    "country_code": "UK",
    "country": "United Kingdom"
  },
  {
    "username": "conley723",
    "followingArtist": "Joakim Gomez",
    "country_code": "US",
    "country": "United States"
  },
  {
    "username": "yansyaeka",
    "followingArtist": "Joakim Gomez",
    "country_code": "US",
    "country": "United States"
  },
  {
    "username": "fathersherRyl",
    "followingArtist": "Joakim Gomez",
    "country_code": "US",
    "country": "United States"
  },
  {
    "username": "dewikarismaa",
    "followingArtist": "Joakim Gomez",
    "country_code": "BR",
    "country": "Brazil"
  },
  {
    "username": "Michellemears7",
    "followingArtist": "Joakim Gomez",
    "country_code": "US",
    "country": "United States"
  },
  {
    "username": "sleepyjackavery",
    "followingArtist": "Joakim Gomez",
    "country_code": "NL",
    "country": "Netherlands"
  },
  {
    "username": "Mohdhaikalzul",
    "followingArtist": "Joakim Gomez",
    "country_code": "MY",
    "country": "Malaysia"
  },
  {
    "username": "LizzieK123",
    "followingArtist": "Joakim Gomez",
    "country_code": "US",
    "country": "United States"
  },
  {
    "username": "DrakulkaCZ",
    "followingArtist": "Joakim Gomez",
    "country_code": "GR",
    "country": "Greece"
  },
  {
    "username": "LinTianBao2",
    "followingArtist": "Joakim Gomez",
    "country_code": "AU",
    "country": "Australia"
  },
  {
    "username": "Sid_ahisan",
    "followingArtist": "Joakim Gomez",
    "country_code": "US",
    "country": "United States"
  },
  {
    "username": "agus5511619",
    "followingArtist": "Joakim Gomez",
    "country_code": "ID",
    "country": "Indonesia"
  },
  {
    "username": "istan_hemmings",
    "followingArtist": "Joakim Gomez",
    "country_code": "in",
    "country": "India"
  },
  {
    "username": "chloeeirwin_",
    "followingArtist": "Joakim Gomez",
    "country_code": "in",
    "country": "India"
  },
  {
    "username": "woojaezi",
    "followingArtist": "Joakim Gomez",
    "country_code": "SE",
    "country": "Sweden"
  },
  {
    "username": "SemozekGargoyle",
    "followingArtist": "Joakim Gomez",
    "country_code": "UA",
    "country": "Ukraine"
  },
  {
    "username": "senoxrytaa",
    "followingArtist": "Joakim Gomez",
    "country_code": "NP",
    "country": "Nepal"
  },
  {
    "username": "Designo_869",
    "followingArtist": "Joakim Gomez",
    "country_code": "NL",
    "country": "Netherlands"
  },
  {
    "username": "shanaiatasia",
    "followingArtist": "Joakim Gomez",
    "country_code": "US",
    "country": "United States"
  },
  {
    "username": "afiq_darwisy",
    "followingArtist": "Joakim Gomez",
    "country_code": "MY",
    "country": "Malaysia"
  },
  {
    "username": "Melthekiss",
    "followingArtist": "Joakim Gomez",
    "country_code": "US",
    "country": "United States"
  },
  {
    "username": "TheTruthinmusic",
    "followingArtist": "Joakim Gomez",
    "country_code": "US",
    "country": "United States"
  },
  {
    "username": "mizomirz",
    "followingArtist": "Joakim Gomez",
    "country_code": "US",
    "country": "United States"
  },
  {
    "username": "doodyhassan41",
    "followingArtist": "Joakim Gomez",
    "country_code": "SA",
    "country": "Saudi Arabia"
  },
  {
    "username": "aien_eightynine",
    "followingArtist": "Joakim Gomez",
    "country_code": "MY",
    "country": "Malaysia"
  },
  {
    "username": "superunillama",
    "followingArtist": "Joakim Gomez",
    "country_code": "NP",
    "country": "Nepal"
  },
  {
    "username": "DriftwoodPaula",
    "followingArtist": "Joakim Gomez",
    "country_code": "US",
    "country": "United States"
  },
  {
    "username": "Hotnfreshbarz",
    "followingArtist": "Joakim Gomez",
    "country_code": "US",
    "country": "United States"
  },
  {
    "username": "ClubBangerzOnly",
    "followingArtist": "Joakim Gomez",
    "country_code": "US",
    "country": "United States"
  },
  {
    "username": "Vinylspinson",
    "followingArtist": "Joakim Gomez",
    "country_code": "US",
    "country": "United States"
  },
  {
    "username": "Lurkingindark",
    "followingArtist": "Joakim Gomez",
    "country_code": "US",
    "country": "United States"
  },
  {
    "username": "purecafe2016",
    "followingArtist": "Joakim Gomez",
    "country_code": "US",
    "country": "United States"
  },
  {
    "username": "Aniejochriscool",
    "followingArtist": "Joakim Gomez",
    "country_code": "NG",
    "country": "Nigeria"
  },
  {
    "username": "Bd71Syed",
    "followingArtist": "Joakim Gomez",
    "country_code": "BD",
    "country": "Bangladesh"
  },
  {
    "username": "BibiScovers",
    "followingArtist": "Joakim Gomez",
    "country_code": "PT",
    "country": "Portugal"
  },
  {
    "username": "toshrock",
    "followingArtist": "Joakim Gomez",
    "country_code": "FR",
    "country": "France"
  },
  {
    "username": "ChrisCaggs",
    "followingArtist": "Joakim Gomez",
    "country_code": "AU",
    "country": "Australia"
  },
  {
    "username": "_BATVADER_",
    "followingArtist": "Joakim Gomez",
    "country_code": "NP",
    "country": "Nepal"
  },
  {
    "username": "bernard_nkoana1",
    "followingArtist": "Joakim Gomez",
    "country_code": "US",
    "country": "United States"
  },
  {
    "username": "Devisar64948104",
    "followingArtist": "Joakim Gomez",
    "country_code": "NP",
    "country": "Nepal"
  }
]