[
  {
    "username": "_GFRIEND_EXID",
    "followingArtist": "\u3086\u305a\u516c\u5f0f\u30c4\u30a4\u30c3\u30bf\u30fc",
    "country_code": "JP",
    "country": "Japan"
  },
  {
    "username": "dream_time21",
    "followingArtist": "\u3086\u305a\u516c\u5f0f\u30c4\u30a4\u30c3\u30bf\u30fc",
    "country_code": "US",
    "country": "USA"
  },
  {
    "username": "ds_Beat",
    "followingArtist": "\u3086\u305a\u516c\u5f0f\u30c4\u30a4\u30c3\u30bf\u30fc",
    "country_code": "JP",
    "country": "Japan"
  },
  {
    "username": "Z7LcQxUsnTZR2BX",
    "followingArtist": "\u3086\u305a\u516c\u5f0f\u30c4\u30a4\u30c3\u30bf\u30fc",
    "country_code": "BR",
    "country": "Brazil"
  },
  {
    "username": "Yurippe5921",
    "followingArtist": "\u3086\u305a\u516c\u5f0f\u30c4\u30a4\u30c3\u30bf\u30fc",
    "country_code": "MM",
    "country": "Myanmar"
  },
  {
    "username": "MiySMiy",
    "followingArtist": "\u3086\u305a\u516c\u5f0f\u30c4\u30a4\u30c3\u30bf\u30fc",
    "country_code": "JP",
    "country": "Japan"
  },
  {
    "username": "sanaaaaaami_10",
    "followingArtist": "\u3086\u305a\u516c\u5f0f\u30c4\u30a4\u30c3\u30bf\u30fc",
    "country_code": "US",
    "country": "USA"
  },
  {
    "username": "218_kou",
    "followingArtist": "\u3086\u305a\u516c\u5f0f\u30c4\u30a4\u30c3\u30bf\u30fc",
    "country_code": "JP",
    "country": "Japan"
  },
  {
    "username": "Kenken_02_10",
    "followingArtist": "\u3086\u305a\u516c\u5f0f\u30c4\u30a4\u30c3\u30bf\u30fc",
    "country_code": "UG",
    "country": "Uganda"
  },
  {
    "username": "yumetasu",
    "followingArtist": "\u3086\u305a\u516c\u5f0f\u30c4\u30a4\u30c3\u30bf\u30fc",
    "country_code": "JP",
    "country": "Japan"
  },
  {
    "username": "Miona_account",
    "followingArtist": "\u3086\u305a\u516c\u5f0f\u30c4\u30a4\u30c3\u30bf\u30fc",
    "country_code": "JP",
    "country": "Japan"
  },
  {
    "username": "hidepou",
    "followingArtist": "\u3086\u305a\u516c\u5f0f\u30c4\u30a4\u30c3\u30bf\u30fc",
    "country_code": "JP",
    "country": "Japan"
  },
  {
    "username": "KARD_OH_MY_GIRL",
    "followingArtist": "\u3086\u305a\u516c\u5f0f\u30c4\u30a4\u30c3\u30bf\u30fc",
    "country_code": "JP",
    "country": "Japan"
  },
  {
    "username": "koichi7x",
    "followingArtist": "\u3086\u305a\u516c\u5f0f\u30c4\u30a4\u30c3\u30bf\u30fc",
    "country_code": "JP",
    "country": "Japan"
  },
  {
    "username": "animefanAimy",
    "followingArtist": "\u3086\u305a\u516c\u5f0f\u30c4\u30a4\u30c3\u30bf\u30fc",
    "country_code": "US",
    "country": "USA"
  },
  {
    "username": "arisa0701kt810",
    "followingArtist": "\u3086\u305a\u516c\u5f0f\u30c4\u30a4\u30c3\u30bf\u30fc",
    "country_code": "US",
    "country": "USA"
  },
  {
    "username": "Kanako6424",
    "followingArtist": "\u3086\u305a\u516c\u5f0f\u30c4\u30a4\u30c3\u30bf\u30fc",
    "country_code": "JP",
    "country": "Japan"
  },
  {
    "username": "miwataro_3839",
    "followingArtist": "\u3086\u305a\u516c\u5f0f\u30c4\u30a4\u30c3\u30bf\u30fc",
    "country_code": "CO",
    "country": "Colombia"
  },
  {
    "username": "y_nari225",
    "followingArtist": "\u3086\u305a\u516c\u5f0f\u30c4\u30a4\u30c3\u30bf\u30fc",
    "country_code": "PS",
    "country": "Palestinian Territory"
  },
  {
    "username": "inemuri_0328",
    "followingArtist": "\u3086\u305a\u516c\u5f0f\u30c4\u30a4\u30c3\u30bf\u30fc",
    "country_code": "JP",
    "country": "Japan"
  },
  {
    "username": "HMV_Lalayoko",
    "followingArtist": "\u3086\u305a\u516c\u5f0f\u30c4\u30a4\u30c3\u30bf\u30fc",
    "country_code": "TK",
    "country": "Tokelau"
  },
  {
    "username": "iioyukizm",
    "followingArtist": "\u3086\u305a\u516c\u5f0f\u30c4\u30a4\u30c3\u30bf\u30fc",
    "country_code": "JP",
    "country": "Japan"
  },
  {
    "username": "ssutopiara",
    "followingArtist": "\u3086\u305a\u516c\u5f0f\u30c4\u30a4\u30c3\u30bf\u30fc",
    "country_code": "US",
    "country": "USA"
  },
  {
    "username": "ugary_die",
    "followingArtist": "\u3086\u305a\u516c\u5f0f\u30c4\u30a4\u30c3\u30bf\u30fc",
    "country_code": "IT",
    "country": "Italy"
  },
  {
    "username": "h4DjbfEkJ43X91q",
    "followingArtist": "\u3086\u305a\u516c\u5f0f\u30c4\u30a4\u30c3\u30bf\u30fc",
    "country_code": "CZ",
    "country": "Czech Republic"
  },
  {
    "username": "mirudakemilu",
    "followingArtist": "\u3086\u305a\u516c\u5f0f\u30c4\u30a4\u30c3\u30bf\u30fc",
    "country_code": "US",
    "country": "USA"
  },
  {
    "username": "r_isop",
    "followingArtist": "\u3086\u305a\u516c\u5f0f\u30c4\u30a4\u30c3\u30bf\u30fc",
    "country_code": "JP",
    "country": "Japan"
  },
  {
    "username": "guran_poke",
    "followingArtist": "\u3086\u305a\u516c\u5f0f\u30c4\u30a4\u30c3\u30bf\u30fc",
    "country_code": "US",
    "country": "USA"
  },
  {
    "username": "evawonghiuming",
    "followingArtist": "\u3086\u305a\u516c\u5f0f\u30c4\u30a4\u30c3\u30bf\u30fc",
    "country_code": "DK",
    "country": "Denmark"
  },
  {
    "username": "sgake",
    "followingArtist": "\u3086\u305a\u516c\u5f0f\u30c4\u30a4\u30c3\u30bf\u30fc",
    "country_code": "JP",
    "country": "Japan"
  },
  {
    "username": "masato_nike",
    "followingArtist": "\u3086\u305a\u516c\u5f0f\u30c4\u30a4\u30c3\u30bf\u30fc",
    "country_code": "JP",
    "country": "Japan"
  },
  {
    "username": "bn_rad_5296",
    "followingArtist": "\u3086\u305a\u516c\u5f0f\u30c4\u30a4\u30c3\u30bf\u30fc",
    "country_code": "US",
    "country": "USA"
  },
  {
    "username": "Murasaki_Kyo",
    "followingArtist": "\u3086\u305a\u516c\u5f0f\u30c4\u30a4\u30c3\u30bf\u30fc",
    "country_code": "DK",
    "country": "Denmark"
  },
  {
    "username": "Cl0609lover",
    "followingArtist": "\u3086\u305a\u516c\u5f0f\u30c4\u30a4\u30c3\u30bf\u30fc",
    "country_code": "DO",
    "country": "Dominican Republic"
  },
  {
    "username": "By2T6x0",
    "followingArtist": "\u3086\u305a\u516c\u5f0f\u30c4\u30a4\u30c3\u30bf\u30fc",
    "country_code": "JP",
    "country": "Japan"
  },
  {
    "username": "Ryu1216_1708",
    "followingArtist": "\u3086\u305a\u516c\u5f0f\u30c4\u30a4\u30c3\u30bf\u30fc",
    "country_code": "NL",
    "country": "Netherlands"
  },
  {
    "username": "apr_jou",
    "followingArtist": "\u3086\u305a\u516c\u5f0f\u30c4\u30a4\u30c3\u30bf\u30fc",
    "country_code": "US",
    "country": "USA"
  },
  {
    "username": "HiromiAkita",
    "followingArtist": "\u3086\u305a\u516c\u5f0f\u30c4\u30a4\u30c3\u30bf\u30fc",
    "country_code": "JP",
    "country": "Japan"
  },
  {
    "username": "yryg12",
    "followingArtist": "\u3086\u305a\u516c\u5f0f\u30c4\u30a4\u30c3\u30bf\u30fc",
    "country_code": "JP",
    "country": "Japan"
  },
  {
    "username": "mi_rrm3451c",
    "followingArtist": "\u3086\u305a\u516c\u5f0f\u30c4\u30a4\u30c3\u30bf\u30fc",
    "country_code": "US",
    "country": "USA"
  },
  {
    "username": "uru37",
    "followingArtist": "\u3086\u305a\u516c\u5f0f\u30c4\u30a4\u30c3\u30bf\u30fc",
    "country_code": "JP",
    "country": "Japan"
  },
  {
    "username": "ru_takky",
    "followingArtist": "\u3086\u305a\u516c\u5f0f\u30c4\u30a4\u30c3\u30bf\u30fc",
    "country_code": "JP",
    "country": "Japan"
  },
  {
    "username": "ayann__1500",
    "followingArtist": "\u3086\u305a\u516c\u5f0f\u30c4\u30a4\u30c3\u30bf\u30fc",
    "country_code": "in",
    "country": "India"
  },
  {
    "username": "mmm32ms",
    "followingArtist": "\u3086\u305a\u516c\u5f0f\u30c4\u30a4\u30c3\u30bf\u30fc",
    "country_code": "FR",
    "country": "France"
  },
  {
    "username": "momorinao",
    "followingArtist": "\u3086\u305a\u516c\u5f0f\u30c4\u30a4\u30c3\u30bf\u30fc",
    "country_code": "JP",
    "country": "Japan"
  },
  {
    "username": "exid_exit_exic",
    "followingArtist": "\u3086\u305a\u516c\u5f0f\u30c4\u30a4\u30c3\u30bf\u30fc",
    "country_code": "JP",
    "country": "Japan"
  },
  {
    "username": "Mumin313",
    "followingArtist": "\u3086\u305a\u516c\u5f0f\u30c4\u30a4\u30c3\u30bf\u30fc",
    "country_code": "JP",
    "country": "Japan"
  },
  {
    "username": "kaa619",
    "followingArtist": "\u3086\u305a\u516c\u5f0f\u30c4\u30a4\u30c3\u30bf\u30fc",
    "country_code": "JP",
    "country": "Japan"
  },
  {
    "username": "hiroshiii1224",
    "followingArtist": "\u3086\u305a\u516c\u5f0f\u30c4\u30a4\u30c3\u30bf\u30fc",
    "country_code": "JP",
    "country": "Japan"
  },
  {
    "username": "CuoioCuero",
    "followingArtist": "\u3086\u305a\u516c\u5f0f\u30c4\u30a4\u30c3\u30bf\u30fc",
    "country_code": "JP",
    "country": "Japan"
  },
  {
    "username": "masasato117",
    "followingArtist": "\u3086\u305a\u516c\u5f0f\u30c4\u30a4\u30c3\u30bf\u30fc",
    "country_code": "JP",
    "country": "Japan"
  },
  {
    "username": "YUZU_ikeda",
    "followingArtist": "\u3086\u305a\u516c\u5f0f\u30c4\u30a4\u30c3\u30bf\u30fc",
    "country_code": "JP",
    "country": "Japan"
  },
  {
    "username": "akane_4FAN",
    "followingArtist": "\u3086\u305a\u516c\u5f0f\u30c4\u30a4\u30c3\u30bf\u30fc",
    "country_code": "TR",
    "country": "Turkey"
  },
  {
    "username": "LOVEMUSICSonyJp",
    "followingArtist": "\u3086\u305a\u516c\u5f0f\u30c4\u30a4\u30c3\u30bf\u30fc",
    "country_code": "JP",
    "country": "Japan"
  },
  {
    "username": "rocioggnb",
    "followingArtist": "\u3086\u305a\u516c\u5f0f\u30c4\u30a4\u30c3\u30bf\u30fc",
    "country_code": "MX",
    "country": "Mexico"
  }
]