[
  {
    "username": "CTP_Music",
    "followingArtist": "Grant",
    "country_code": "CA",
    "country": "Canada"
  },
  {
    "username": "SassySuperHero",
    "followingArtist": "Grant",
    "country_code": "CA",
    "country": "Canada"
  },
  {
    "username": "RyanUpInHere",
    "followingArtist": "Grant",
    "country_code": "US",
    "country": "USA"
  },
  {
    "username": "totallyian",
    "followingArtist": "Grant",
    "country_code": "TD",
    "country": "Chad"
  },
  {
    "username": "xlinsta",
    "followingArtist": "Grant",
    "country_code": "DE",
    "country": "Germany"
  },
  {
    "username": "Vri_404",
    "followingArtist": "Grant",
    "country_code": "NZ",
    "country": "New Zealand"
  },
  {
    "username": "iLostFocus",
    "followingArtist": "Grant",
    "country_code": "US",
    "country": "USA"
  },
  {
    "username": "LasseJessing",
    "followingArtist": "Grant",
    "country_code": "DK",
    "country": "Denmark"
  },
  {
    "username": "WeedIsCoolKids",
    "followingArtist": "Grant",
    "country_code": "UK",
    "country": "United Kingdom"
  },
  {
    "username": "SmashbroseMusic",
    "followingArtist": "Grant",
    "country_code": "US",
    "country": "USA"
  },
  {
    "username": "JustBetakick",
    "followingArtist": "Grant",
    "country_code": "US",
    "country": "USA"
  },
  {
    "username": "ssadbot",
    "followingArtist": "Grant",
    "country_code": "California City Blvd",
    "country": "California City Blvd"
  },
  {
    "username": "CasperSlakes",
    "followingArtist": "Grant",
    "country_code": "KG",
    "country": "Kyrgyzstan"
  },
  {
    "username": "JamesCortezl",
    "followingArtist": "Grant",
    "country_code": "CA",
    "country": "Canada"
  },
  {
    "username": "OfficialRZJ",
    "followingArtist": "Grant",
    "country_code": "AU",
    "country": "Australia"
  },
  {
    "username": "jsherf2",
    "followingArtist": "Grant",
    "country_code": "California City Blvd",
    "country": "California City Blvd"
  },
  {
    "username": "epimakesmusic",
    "followingArtist": "Grant",
    "country_code": "US",
    "country": "USA"
  },
  {
    "username": "NewImageMoosic",
    "followingArtist": "Grant",
    "country_code": "Wisconsin St",
    "country": "Wisconsin St"
  },
  {
    "username": "TPLNMusic",
    "followingArtist": "Grant",
    "country_code": "US",
    "country": "USA"
  },
  {
    "username": "PewPancake",
    "followingArtist": "Grant",
    "country_code": "US",
    "country": "USA"
  },
  {
    "username": "SpyroKong",
    "followingArtist": "Grant",
    "country_code": "DK",
    "country": "Denmark"
  },
  {
    "username": "havins_chance",
    "followingArtist": "Grant",
    "country_code": "FR",
    "country": "France"
  },
  {
    "username": "prod_neo3",
    "followingArtist": "Grant",
    "country_code": "US",
    "country": "USA"
  },
  {
    "username": "Scratchifier",
    "followingArtist": "Grant",
    "country_code": "CA",
    "country": "Canada"
  },
  {
    "username": "Moegaminglps",
    "followingArtist": "Grant",
    "country_code": "BR",
    "country": "Brazil"
  },
  {
    "username": "OfficialSalient",
    "followingArtist": "Grant",
    "country_code": "UK",
    "country": "United Kingdom"
  },
  {
    "username": "imquilz",
    "followingArtist": "Grant",
    "country_code": "NG",
    "country": "Nigeria"
  },
  {
    "username": "valicomusic",
    "followingArtist": "Grant",
    "country_code": "FR",
    "country": "France"
  },
  {
    "username": "Genasidal",
    "followingArtist": "Grant",
    "country_code": "US",
    "country": "USA"
  },
  {
    "username": "AndroseMusic",
    "followingArtist": "Grant",
    "country_code": "AU",
    "country": "Australia"
  },
  {
    "username": "Tdude179_",
    "followingArtist": "Grant",
    "country_code": "US",
    "country": "USA"
  },
  {
    "username": "jeremey_raye",
    "followingArtist": "Grant",
    "country_code": "US",
    "country": "USA"
  },
  {
    "username": "Jeeelm",
    "followingArtist": "Grant",
    "country_code": "RS",
    "country": "Serbia"
  },
  {
    "username": "Ingrooveprod",
    "followingArtist": "Grant",
    "country_code": "FR",
    "country": "France"
  },
  {
    "username": "TheManOfPotato",
    "followingArtist": "Grant",
    "country_code": "US",
    "country": "USA"
  },
  {
    "username": "Birdsofangry",
    "followingArtist": "Grant",
    "country_code": "US",
    "country": "USA"
  },
  {
    "username": "Devo_707",
    "followingArtist": "Grant",
    "country_code": "IT",
    "country": "Italy"
  },
  {
    "username": "SLAKIRMusic",
    "followingArtist": "Grant",
    "country_code": "CA",
    "country": "Canada"
  },
  {
    "username": "thirdeyethug",
    "followingArtist": "Grant",
    "country_code": "SG",
    "country": "Singapore"
  },
  {
    "username": "CoG_Brotato",
    "followingArtist": "Grant",
    "country_code": "US",
    "country": "USA"
  },
  {
    "username": "kahuna_url",
    "followingArtist": "Grant",
    "country_code": "US",
    "country": "USA"
  },
  {
    "username": "_alexshortt",
    "followingArtist": "Grant",
    "country_code": "California City Blvd",
    "country": "California City Blvd"
  },
  {
    "username": "BcuzDa",
    "followingArtist": "Grant",
    "country_code": "US",
    "country": "USA"
  },
  {
    "username": "rcarrolldegcv",
    "followingArtist": "Grant",
    "country_code": "BR",
    "country": "Brazil"
  },
  {
    "username": "thedirtymumbler",
    "followingArtist": "Grant",
    "country_code": "US",
    "country": "USA"
  },
  {
    "username": "PolKrystek",
    "followingArtist": "Grant",
    "country_code": "Wisconsin St",
    "country": "Wisconsin St"
  },
  {
    "username": "LukasBadger",
    "followingArtist": "Grant",
    "country_code": "US",
    "country": "USA"
  },
  {
    "username": "El_jaroo",
    "followingArtist": "Grant",
    "country_code": "GB",
    "country": "Northern Ireland"
  },
  {
    "username": "AdellaDevoogd",
    "followingArtist": "Grant",
    "country_code": "AU",
    "country": "Australia"
  },
  {
    "username": "adamatlanticUK",
    "followingArtist": "Grant",
    "country_code": "US",
    "country": "USA"
  },
  {
    "username": "HugoBeenLatif",
    "followingArtist": "Grant",
    "country_code": "DK",
    "country": "Denmark"
  },
  {
    "username": "PalmBaest",
    "followingArtist": "Grant",
    "country_code": "BR",
    "country": "Brazil"
  },
  {
    "username": "SethJoy27",
    "followingArtist": "Grant",
    "country_code": "US",
    "country": "USA"
  },
  {
    "username": "Minecrafat200",
    "followingArtist": "Grant",
    "country_code": "CA",
    "country": "Canada"
  },
  {
    "username": "itsadougslife_",
    "followingArtist": "Grant",
    "country_code": "US",
    "country": "USA"
  },
  {
    "username": "outtherejams",
    "followingArtist": "Grant",
    "country_code": "NG",
    "country": "Nigeria"
  },
  {
    "username": "AltEvolutions",
    "followingArtist": "Grant",
    "country_code": "GB",
    "country": "Northern Ireland"
  },
  {
    "username": "SVBVRB",
    "followingArtist": "Grant",
    "country_code": "NG",
    "country": "Nigeria"
  },
  {
    "username": "GraysonWasTaken",
    "followingArtist": "Grant",
    "country_code": "US",
    "country": "USA"
  },
  {
    "username": "LivelyNathan",
    "followingArtist": "Grant",
    "country_code": "US",
    "country": "USA"
  },
  {
    "username": "distancymusic",
    "followingArtist": "Grant",
    "country_code": "UK",
    "country": "United Kingdom"
  },
  {
    "username": "MyInfo35949394",
    "followingArtist": "Grant",
    "country_code": "US",
    "country": "USA"
  },
  {
    "username": "dru_sounds",
    "followingArtist": "Grant",
    "country_code": "US",
    "country": "USA"
  },
  {
    "username": "HydroLethal",
    "followingArtist": "Grant",
    "country_code": "US",
    "country": "USA"
  },
  {
    "username": "ludiolay",
    "followingArtist": "Grant",
    "country_code": "IR",
    "country": "Iran"
  },
  {
    "username": "GrebiKingdom",
    "followingArtist": "Grant",
    "country_code": "US",
    "country": "USA"
  },
  {
    "username": "JoshuaEldrett",
    "followingArtist": "Grant",
    "country_code": "US",
    "country": "USA"
  },
  {
    "username": "brittblusierra",
    "followingArtist": "Grant",
    "country_code": "US",
    "country": "USA"
  },
  {
    "username": "ZomTea_",
    "followingArtist": "Grant",
    "country_code": "GB",
    "country": "Northern Ireland"
  },
  {
    "username": "ogrelordsatan",
    "followingArtist": "Grant",
    "country_code": "US",
    "country": "USA"
  },
  {
    "username": "America_Osu",
    "followingArtist": "Grant",
    "country_code": "US",
    "country": "USA"
  },
  {
    "username": "lawson_found",
    "followingArtist": "Grant",
    "country_code": "US",
    "country": "USA"
  },
  {
    "username": "omiiyoisasleep",
    "followingArtist": "Grant",
    "country_code": "US",
    "country": "USA"
  },
  {
    "username": "bender_jordan",
    "followingArtist": "Grant",
    "country_code": "US",
    "country": "USA"
  },
  {
    "username": "Blake__R_",
    "followingArtist": "Grant",
    "country_code": "US",
    "country": "USA"
  },
  {
    "username": "AmigoBomb",
    "followingArtist": "Grant",
    "country_code": "US",
    "country": "USA"
  },
  {
    "username": "stopaether",
    "followingArtist": "Grant",
    "country_code": "AL",
    "country": "Albania"
  },
  {
    "username": "genovaasami",
    "followingArtist": "Grant",
    "country_code": "AU",
    "country": "Australia"
  },
  {
    "username": "OnionSoupFTW",
    "followingArtist": "Grant",
    "country_code": "US",
    "country": "USA"
  },
  {
    "username": "tawogfm",
    "followingArtist": "Grant",
    "country_code": "CA",
    "country": "Canada"
  },
  {
    "username": "TrulySaltyYT",
    "followingArtist": "Grant",
    "country_code": "US",
    "country": "USA"
  },
  {
    "username": "cali_raver619",
    "followingArtist": "Grant",
    "country_code": "US",
    "country": "USA"
  },
  {
    "username": "SleepForeverTV",
    "followingArtist": "Grant",
    "country_code": "US",
    "country": "USA"
  },
  {
    "username": "grllamusic",
    "followingArtist": "Grant",
    "country_code": "US",
    "country": "USA"
  },
  {
    "username": "braydenahlfs",
    "followingArtist": "Grant",
    "country_code": "US",
    "country": "USA"
  },
  {
    "username": "5nakpak",
    "followingArtist": "Grant",
    "country_code": "US",
    "country": "USA"
  },
  {
    "username": "Sync_Musa",
    "followingArtist": "Grant",
    "country_code": "US",
    "country": "USA"
  },
  {
    "username": "whadleymusic",
    "followingArtist": "Grant",
    "country_code": "US",
    "country": "USA"
  },
  {
    "username": "MnyEqualsOneUp",
    "followingArtist": "Grant",
    "country_code": "US",
    "country": "USA"
  },
  {
    "username": "Sifercifer",
    "followingArtist": "Grant",
    "country_code": "US",
    "country": "USA"
  },
  {
    "username": "itzColorSource",
    "followingArtist": "Grant",
    "country_code": "California City Blvd",
    "country": "California City Blvd"
  },
  {
    "username": "adewilliam_",
    "followingArtist": "Grant",
    "country_code": "ID",
    "country": "Indonesia"
  },
  {
    "username": "SliceOfFlavor",
    "followingArtist": "Grant",
    "country_code": "US",
    "country": "USA"
  },
  {
    "username": "Nallesounds",
    "followingArtist": "Grant",
    "country_code": "SE",
    "country": "Sweden"
  },
  {
    "username": "karoku_crew",
    "followingArtist": "Grant",
    "country_code": "IT",
    "country": "Italy"
  },
  {
    "username": "BadestBrad",
    "followingArtist": "Grant",
    "country_code": "US",
    "country": "USA"
  },
  {
    "username": "DextreOfficial",
    "followingArtist": "Grant",
    "country_code": "in",
    "country": "India"
  },
  {
    "username": "AeonMusic",
    "followingArtist": "Grant",
    "country_code": "US",
    "country": "USA"
  },
  {
    "username": "JKaidy",
    "followingArtist": "Grant",
    "country_code": "US",
    "country": "USA"
  },
  {
    "username": "morningasakura",
    "followingArtist": "Grant",
    "country_code": "US",
    "country": "USA"
  },
  {
    "username": "brodyhelmerhaha",
    "followingArtist": "Grant",
    "country_code": "US",
    "country": "USA"
  },
  {
    "username": "DubmetalKrhonos",
    "followingArtist": "Grant",
    "country_code": "US",
    "country": "USA"
  },
  {
    "username": "GrandSoleil01",
    "followingArtist": "Grant",
    "country_code": "US",
    "country": "USA"
  },
  {
    "username": "anndrewro",
    "followingArtist": "Grant",
    "country_code": "CA",
    "country": "Canada"
  },
  {
    "username": "DraztekEdm",
    "followingArtist": "Grant",
    "country_code": "US",
    "country": "USA"
  },
  {
    "username": "Shaam_Wright",
    "followingArtist": "Grant",
    "country_code": "GB",
    "country": "Northern Ireland"
  },
  {
    "username": "kitsuneEDM",
    "followingArtist": "Grant",
    "country_code": "GB",
    "country": "Northern Ireland"
  },
  {
    "username": "foresighttunes",
    "followingArtist": "Grant",
    "country_code": "US",
    "country": "USA"
  },
  {
    "username": "rarisierra",
    "followingArtist": "Grant",
    "country_code": "EE",
    "country": "Estonia"
  },
  {
    "username": "CometValkyrie",
    "followingArtist": "Grant",
    "country_code": "US",
    "country": "USA"
  },
  {
    "username": "Jake_Daleyy",
    "followingArtist": "Grant",
    "country_code": "AU",
    "country": "Australia"
  },
  {
    "username": "Evan_Nold",
    "followingArtist": "Grant",
    "country_code": "US",
    "country": "USA"
  },
  {
    "username": "ReliablyToasted",
    "followingArtist": "Grant",
    "country_code": "US",
    "country": "USA"
  },
  {
    "username": "MXRVMusic",
    "followingArtist": "Grant",
    "country_code": "BJ",
    "country": "Benin"
  },
  {
    "username": "InspectorSynth",
    "followingArtist": "Grant",
    "country_code": "UK",
    "country": "United Kingdom"
  },
  {
    "username": "AWPocalypse",
    "followingArtist": "Grant",
    "country_code": "US",
    "country": "USA"
  },
  {
    "username": "EpicVibesMusic",
    "followingArtist": "Grant",
    "country_code": "US",
    "country": "USA"
  },
  {
    "username": "T25tunes",
    "followingArtist": "Grant",
    "country_code": "AU",
    "country": "Australia"
  },
  {
    "username": "GrayScreens",
    "followingArtist": "Grant",
    "country_code": "US",
    "country": "USA"
  },
  {
    "username": "VinylTastic",
    "followingArtist": "Grant",
    "country_code": "California City Blvd",
    "country": "California City Blvd"
  },
  {
    "username": "SavioGor",
    "followingArtist": "Grant",
    "country_code": "IT",
    "country": "Italy"
  },
  {
    "username": "ClypeonMusic",
    "followingArtist": "Grant",
    "country_code": "US",
    "country": "USA"
  },
  {
    "username": "abearmusic",
    "followingArtist": "Grant",
    "country_code": "US",
    "country": "USA"
  },
  {
    "username": "hououinJoe",
    "followingArtist": "Grant",
    "country_code": "US",
    "country": "USA"
  },
  {
    "username": "aliarstweets",
    "followingArtist": "Grant",
    "country_code": "NG",
    "country": "Nigeria"
  },
  {
    "username": "bvalosek",
    "followingArtist": "Grant",
    "country_code": "US",
    "country": "USA"
  },
  {
    "username": "Cata_Net",
    "followingArtist": "Grant",
    "country_code": "US",
    "country": "USA"
  },
  {
    "username": "RossJamesE",
    "followingArtist": "Grant",
    "country_code": "US",
    "country": "USA"
  },
  {
    "username": "Jets_2121",
    "followingArtist": "Grant",
    "country_code": "US",
    "country": "USA"
  },
  {
    "username": "Fakie_God",
    "followingArtist": "Grant",
    "country_code": "US",
    "country": "USA"
  },
  {
    "username": "alastairpei",
    "followingArtist": "Grant",
    "country_code": "DK",
    "country": "Denmark"
  },
  {
    "username": "oxygenreaper",
    "followingArtist": "Grant",
    "country_code": "US",
    "country": "USA"
  },
  {
    "username": "jackh_1297",
    "followingArtist": "Grant",
    "country_code": "US",
    "country": "USA"
  },
  {
    "username": "ZephyrMoosics",
    "followingArtist": "Grant",
    "country_code": "US",
    "country": "USA"
  },
  {
    "username": "carbonstealer",
    "followingArtist": "Grant",
    "country_code": "US",
    "country": "USA"
  },
  {
    "username": "Pinche_Lui",
    "followingArtist": "Grant",
    "country_code": "NL",
    "country": "Netherlands"
  },
  {
    "username": "Sl0thmaster",
    "followingArtist": "Grant",
    "country_code": "GB",
    "country": "England"
  },
  {
    "username": "Roazed",
    "followingArtist": "Grant",
    "country_code": "US",
    "country": "USA"
  },
  {
    "username": "RaphaelRestrepo",
    "followingArtist": "Grant",
    "country_code": "US",
    "country": "USA"
  },
  {
    "username": "zdods_",
    "followingArtist": "Grant",
    "country_code": "CA",
    "country": "Canada"
  },
  {
    "username": "alexanderhawken",
    "followingArtist": "Grant",
    "country_code": "FR",
    "country": "France"
  },
  {
    "username": "TopManPhan",
    "followingArtist": "Grant",
    "country_code": "US",
    "country": "USA"
  },
  {
    "username": "CalebRubinMusic",
    "followingArtist": "Grant",
    "country_code": "CA",
    "country": "Canada"
  },
  {
    "username": "soulfallmusic",
    "followingArtist": "Grant",
    "country_code": "GB",
    "country": "England"
  },
  {
    "username": "toivoanea",
    "followingArtist": "Grant",
    "country_code": "GB",
    "country": "England"
  },
  {
    "username": "TheHeroMusic",
    "followingArtist": "Grant",
    "country_code": "BR",
    "country": "Brazil"
  },
  {
    "username": "NuK3_2good4u",
    "followingArtist": "Grant",
    "country_code": "MR",
    "country": "Mauritania"
  },
  {
    "username": "Deilig_Gresskar",
    "followingArtist": "Grant",
    "country_code": "CH",
    "country": "Switzerland"
  },
  {
    "username": "missdeermusic",
    "followingArtist": "Grant",
    "country_code": "US",
    "country": "USA"
  },
  {
    "username": "IrwenTheMilo",
    "followingArtist": "Grant",
    "country_code": "US",
    "country": "USA"
  },
  {
    "username": "kinai2000",
    "followingArtist": "Grant",
    "country_code": "MW",
    "country": "Malawi"
  },
  {
    "username": "hydr0twist",
    "followingArtist": "Grant",
    "country_code": "US",
    "country": "USA"
  },
  {
    "username": "tusher0623",
    "followingArtist": "DelbyCasual",
    "country_code": "BD",
    "country": "Bangladesh"
  },
  {
    "username": "ReneMileux",
    "followingArtist": "DelbyCasual",
    "country_code": "BE",
    "country": "Belgium"
  },
  {
    "username": "stephcoucouch",
    "followingArtist": "DelbyCasual",
    "country_code": "BE",
    "country": "Belgium"
  },
  {
    "username": "marteeeen",
    "followingArtist": "DelbyCasual",
    "country_code": "US",
    "country": "USA"
  },
  {
    "username": "SouvarineXIX",
    "followingArtist": "DelbyCasual",
    "country_code": "FR",
    "country": "France"
  },
  {
    "username": "Fred_Rasson",
    "followingArtist": "DelbyCasual",
    "country_code": "BE",
    "country": "Belgium"
  },
  {
    "username": "lolawilliame",
    "followingArtist": "DelbyCasual",
    "country_code": "BE",
    "country": "Belgium"
  },
  {
    "username": "PontPierre7860",
    "followingArtist": "DelbyCasual",
    "country_code": "BE",
    "country": "Belgium"
  },
  {
    "username": "ArrowJunior2",
    "followingArtist": "DelbyCasual",
    "country_code": "BE",
    "country": "Belgium"
  },
  {
    "username": "garagedoorrepco",
    "followingArtist": "DelbyCasual",
    "country_code": "US",
    "country": "USA"
  },
  {
    "username": "BiliaminAdeola",
    "followingArtist": "DelbyCasual",
    "country_code": "NG",
    "country": "Nigeria"
  },
  {
    "username": "KoninckxGma",
    "followingArtist": "DelbyCasual",
    "country_code": "BE",
    "country": "Belgium"
  },
  {
    "username": "belmadi014",
    "followingArtist": "DelbyCasual",
    "country_code": "BE",
    "country": "Belgium"
  },
  {
    "username": "balaprasad1825",
    "followingArtist": "DelbyCasual",
    "country_code": "IN",
    "country": "India"
  },
  {
    "username": "LeclercqJeff",
    "followingArtist": "DelbyCasual",
    "country_code": "BE",
    "country": "Belgium"
  },
  {
    "username": "Euro2016Getly",
    "followingArtist": "DelbyCasual",
    "country_code": "BE",
    "country": "Belgium"
  },
  {
    "username": "adrianvegamusic",
    "followingArtist": "DelbyCasual",
    "country_code": "BE",
    "country": "Belgium"
  },
  {
    "username": "Neymax1898",
    "followingArtist": "DelbyCasual",
    "country_code": "BE",
    "country": "Belgium"
  },
  {
    "username": "probuse_odoo",
    "followingArtist": "DelbyCasual",
    "country_code": "IN",
    "country": "India"
  },
  {
    "username": "geoffreyleonar6",
    "followingArtist": "DelbyCasual",
    "country_code": "BE",
    "country": "Belgium"
  },
  {
    "username": "CouquedeDurbuy",
    "followingArtist": "DelbyCasual",
    "country_code": "BE",
    "country": "Belgium"
  },
  {
    "username": "renreyrscl",
    "followingArtist": "DelbyCasual",
    "country_code": "BE",
    "country": "Belgium"
  },
  {
    "username": "toutoun_rens",
    "followingArtist": "DelbyCasual",
    "country_code": "BE",
    "country": "Belgium"
  },
  {
    "username": "DARCISFrederic",
    "followingArtist": "DelbyCasual",
    "country_code": "BE",
    "country": "Belgium"
  },
  {
    "username": "df_ondernemer",
    "followingArtist": "DelbyCasual",
    "country_code": "BE",
    "country": "Belgium"
  },
  {
    "username": "Eurostadium",
    "followingArtist": "DelbyCasual",
    "country_code": "BE",
    "country": "Belgium"
  },
  {
    "username": "Fan1898",
    "followingArtist": "DelbyCasual",
    "country_code": "BE",
    "country": "Belgium"
  },
  {
    "username": "karlgaller",
    "followingArtist": "DelbyCasual",
    "country_code": "BE",
    "country": "Belgium"
  },
  {
    "username": "viduantoine",
    "followingArtist": "DelbyCasual",
    "country_code": "BE",
    "country": "Belgium"
  },
  {
    "username": "dhpatel82",
    "followingArtist": "DelbyCasual",
    "country_code": "IN",
    "country": "India"
  },
  {
    "username": "JulienSimal",
    "followingArtist": "DelbyCasual",
    "country_code": "BW",
    "country": "Botswana"
  },
  {
    "username": "emoyaerts",
    "followingArtist": "DelbyCasual",
    "country_code": "BE",
    "country": "Belgium"
  },
  {
    "username": "aninha0317",
    "followingArtist": "DelbyCasual",
    "country_code": "BE",
    "country": "Belgium"
  },
  {
    "username": "DorindaTftCoach",
    "followingArtist": "DelbyCasual",
    "country_code": "FR",
    "country": "France"
  },
  {
    "username": "MichelLelotte",
    "followingArtist": "DelbyCasual",
    "country_code": "BE",
    "country": "Belgium"
  },
  {
    "username": "nathanszabo",
    "followingArtist": "DelbyCasual",
    "country_code": "BE",
    "country": "Belgium"
  },
  {
    "username": "FredBodarwe",
    "followingArtist": "DelbyCasual",
    "country_code": "BE",
    "country": "Belgium"
  },
  {
    "username": "cabalancemusic",
    "followingArtist": "DelbyCasual",
    "country_code": "BE",
    "country": "Belgium"
  },
  {
    "username": "alextosoni",
    "followingArtist": "DelbyCasual",
    "country_code": "BE",
    "country": "Belgium"
  },
  {
    "username": "chikkitita",
    "followingArtist": "DelbyCasual",
    "country_code": "FR",
    "country": "France"
  },
  {
    "username": "Animal_My_Soul",
    "followingArtist": "DelbyCasual",
    "country_code": "BE",
    "country": "Belgium"
  },
  {
    "username": "BikeeLiege",
    "followingArtist": "DelbyCasual",
    "country_code": "BE",
    "country": "Belgium"
  },
  {
    "username": "DelChavet",
    "followingArtist": "DelbyCasual",
    "country_code": "BE",
    "country": "Belgium"
  },
  {
    "username": "maudnowak",
    "followingArtist": "DelbyCasual",
    "country_code": "BE",
    "country": "Belgium"
  },
  {
    "username": "NachoVi",
    "followingArtist": "DelbyCasual",
    "country_code": "BE",
    "country": "Belgium"
  },
  {
    "username": "aleksi_alvarez",
    "followingArtist": "DelbyCasual",
    "country_code": "BE",
    "country": "Belgium"
  },
  {
    "username": "Silenceless_",
    "followingArtist": "DelbyCasual",
    "country_code": "BE",
    "country": "Belgium"
  },
  {
    "username": "FredericGiot",
    "followingArtist": "DelbyCasual",
    "country_code": "BE",
    "country": "Belgium"
  },
  {
    "username": "NgThihien",
    "followingArtist": "DelbyCasual",
    "country_code": "FR",
    "country": "France"
  },
  {
    "username": "juliecompagnon1",
    "followingArtist": "DelbyCasual",
    "country_code": "BE",
    "country": "Belgium"
  },
  {
    "username": "nombrilstudio",
    "followingArtist": "DelbyCasual",
    "country_code": "BE",
    "country": "Belgium"
  },
  {
    "username": "kimdebue",
    "followingArtist": "DelbyCasual",
    "country_code": "BE",
    "country": "Belgium"
  },
  {
    "username": "bastingage",
    "followingArtist": "DelbyCasual",
    "country_code": "BE",
    "country": "Belgium"
  },
  {
    "username": "BouchonMag",
    "followingArtist": "DelbyCasual",
    "country_code": "BE",
    "country": "Belgium"
  },
  {
    "username": "SandrineMetten",
    "followingArtist": "DelbyCasual",
    "country_code": "BE",
    "country": "Belgium"
  },
  {
    "username": "jpembrechts",
    "followingArtist": "DelbyCasual",
    "country_code": "BE",
    "country": "Belgium"
  },
  {
    "username": "Dam_Dub014",
    "followingArtist": "DelbyCasual",
    "country_code": "BE",
    "country": "Belgium"
  },
  {
    "username": "mistermatriche",
    "followingArtist": "DelbyCasual",
    "country_code": "BE",
    "country": "Belgium"
  },
  {
    "username": "GuyPression",
    "followingArtist": "DelbyCasual",
    "country_code": "BE",
    "country": "Belgium"
  },
  {
    "username": "letsrocktoday3",
    "followingArtist": "DelbyCasual",
    "country_code": "FR",
    "country": "France"
  },
  {
    "username": "Co1518",
    "followingArtist": "DelbyCasual",
    "country_code": "BE",
    "country": "Belgium"
  },
  {
    "username": "chrisdanthinne",
    "followingArtist": "DelbyCasual",
    "country_code": "US",
    "country": "USA"
  },
  {
    "username": "SebMoons",
    "followingArtist": "DelbyCasual",
    "country_code": "BE",
    "country": "Belgium"
  },
  {
    "username": "Rougeaufeminin",
    "followingArtist": "DelbyCasual",
    "country_code": "BE",
    "country": "Belgium"
  },
  {
    "username": "MarineBajza",
    "followingArtist": "DelbyCasual",
    "country_code": "BE",
    "country": "Belgium"
  },
  {
    "username": "Benja5002",
    "followingArtist": "DelbyCasual",
    "country_code": "BE",
    "country": "Belgium"
  },
  {
    "username": "RDFNamur",
    "followingArtist": "DelbyCasual",
    "country_code": "BE",
    "country": "Belgium"
  },
  {
    "username": "ClossenN",
    "followingArtist": "DelbyCasual",
    "country_code": "BE",
    "country": "Belgium"
  },
  {
    "username": "Ad0the",
    "followingArtist": "DelbyCasual",
    "country_code": "BE",
    "country": "Belgium"
  },
  {
    "username": "Grome1987",
    "followingArtist": "DelbyCasual",
    "country_code": "BE",
    "country": "Belgium"
  },
  {
    "username": "JulieJungling",
    "followingArtist": "DelbyCasual",
    "country_code": "BE",
    "country": "Belgium"
  },
  {
    "username": "LaMarginale48fm",
    "followingArtist": "DelbyCasual",
    "country_code": "BE",
    "country": "Belgium"
  },
  {
    "username": "birgitbreizh",
    "followingArtist": "DelbyCasual",
    "country_code": "BE",
    "country": "Belgium"
  },
  {
    "username": "Stefffistaces",
    "followingArtist": "DelbyCasual",
    "country_code": "BE",
    "country": "Belgium"
  },
  {
    "username": "Fcollinet",
    "followingArtist": "DelbyCasual",
    "country_code": "BE",
    "country": "Belgium"
  },
  {
    "username": "Mau_reenL",
    "followingArtist": "DelbyCasual",
    "country_code": "BE",
    "country": "Belgium"
  },
  {
    "username": "ObiciensFiducia",
    "followingArtist": "DelbyCasual",
    "country_code": "BE",
    "country": "Belgium"
  },
  {
    "username": "FarWestBar",
    "followingArtist": "DelbyCasual",
    "country_code": "US",
    "country": "USA"
  },
  {
    "username": "JeromeWyn",
    "followingArtist": "DelbyCasual",
    "country_code": "BE",
    "country": "Belgium"
  },
  {
    "username": "spotifyfrance",
    "followingArtist": "DelbyCasual",
    "country_code": "FR",
    "country": "France"
  },
  {
    "username": "Ro_VDV",
    "followingArtist": "DelbyCasual",
    "country_code": "BE",
    "country": "Belgium"
  },
  {
    "username": "laviedange",
    "followingArtist": "DelbyCasual",
    "country_code": "CD",
    "country": "Democratic Republic of Congo"
  },
  {
    "username": "Lint_",
    "followingArtist": "DelbyCasual",
    "country_code": "BE",
    "country": "Belgium"
  },
  {
    "username": "mamapapasaya",
    "followingArtist": "DelbyCasual",
    "country_code": "ID",
    "country": "Indonesia"
  },
  {
    "username": "BelgiumRocks1",
    "followingArtist": "DelbyCasual",
    "country_code": "BE",
    "country": "Belgium"
  },
  {
    "username": "MeersDamien",
    "followingArtist": "DelbyCasual",
    "country_code": "BE",
    "country": "Belgium"
  },
  {
    "username": "Se_veryne",
    "followingArtist": "DelbyCasual",
    "country_code": "BE",
    "country": "Belgium"
  },
  {
    "username": "LaCurtius",
    "followingArtist": "DelbyCasual",
    "country_code": "BE",
    "country": "Belgium"
  },
  {
    "username": "Jeremyvb",
    "followingArtist": "DelbyCasual",
    "country_code": "BE",
    "country": "Belgium"
  },
  {
    "username": "DavidDessouroux",
    "followingArtist": "DelbyCasual",
    "country_code": "BE",
    "country": "Belgium"
  },
  {
    "username": "Emeric1895",
    "followingArtist": "DelbyCasual",
    "country_code": "CA",
    "country": "Canada"
  },
  {
    "username": "Sebmx57",
    "followingArtist": "DelbyCasual",
    "country_code": "BE",
    "country": "Belgium"
  },
  {
    "username": "MNeuprez",
    "followingArtist": "DelbyCasual",
    "country_code": "BE",
    "country": "Belgium"
  },
  {
    "username": "twhiitney",
    "followingArtist": "DelbyCasual",
    "country_code": "BE",
    "country": "Belgium"
  },
  {
    "username": "Hassan_Bousetta",
    "followingArtist": "DelbyCasual",
    "country_code": "BE",
    "country": "Belgium"
  },
  {
    "username": "jmlg21",
    "followingArtist": "DelbyCasual",
    "country_code": "BE",
    "country": "Belgium"
  },
  {
    "username": "Sheva_be",
    "followingArtist": "DelbyCasual",
    "country_code": "AM",
    "country": "Armenia"
  },
  {
    "username": "pascaldegendt",
    "followingArtist": "DelbyCasual",
    "country_code": "BE",
    "country": "Belgium"
  },
  {
    "username": "GaetanW",
    "followingArtist": "DelbyCasual",
    "country_code": "BE",
    "country": "Belgium"
  },
  {
    "username": "LoRahier",
    "followingArtist": "DelbyCasual",
    "country_code": "BE",
    "country": "Belgium"
  },
  {
    "username": "Balthaz_Arts",
    "followingArtist": "DelbyCasual",
    "country_code": "US",
    "country": "USA"
  },
  {
    "username": "DeddyGraphic",
    "followingArtist": "DelbyCasual",
    "country_code": "US",
    "country": "USA"
  },
  {
    "username": "olivierdesmedt",
    "followingArtist": "DelbyCasual",
    "country_code": "FR",
    "country": "France"
  },
  {
    "username": "AHanoteau",
    "followingArtist": "DelbyCasual",
    "country_code": "BE",
    "country": "Belgium"
  },
  {
    "username": "R__Cap",
    "followingArtist": "DelbyCasual",
    "country_code": "BE",
    "country": "Belgium"
  },
  {
    "username": "TomJenne",
    "followingArtist": "DelbyCasual",
    "country_code": "BE",
    "country": "Belgium"
  },
  {
    "username": "BelikSandy",
    "followingArtist": "DelbyCasual",
    "country_code": "BE",
    "country": "Belgium"
  },
  {
    "username": "typhus96",
    "followingArtist": "DelbyCasual",
    "country_code": "HU",
    "country": "Hungary"
  },
  {
    "username": "JoeNattress",
    "followingArtist": "DelbyCasual",
    "country_code": "US",
    "country": "USA"
  },
  {
    "username": "cedrickrier",
    "followingArtist": "DelbyCasual",
    "country_code": "BE",
    "country": "Belgium"
  },
  {
    "username": "ClaudioTamma",
    "followingArtist": "DelbyCasual",
    "country_code": "BE",
    "country": "Belgium"
  },
  {
    "username": "Hugues",
    "followingArtist": "DelbyCasual",
    "country_code": "BE",
    "country": "Belgium"
  },
  {
    "username": "OlivierSelle",
    "followingArtist": "DelbyCasual",
    "country_code": "BE",
    "country": "Belgium"
  },
  {
    "username": "Daso1978",
    "followingArtist": "DelbyCasual",
    "country_code": "BE",
    "country": "Belgium"
  },
  {
    "username": "the_Wildrover",
    "followingArtist": "DelbyCasual",
    "country_code": "BE",
    "country": "Belgium"
  },
  {
    "username": "Annelieseknw",
    "followingArtist": "DelbyCasual",
    "country_code": "US",
    "country": "United States"
  },
  {
    "username": "Titinelson",
    "followingArtist": "DelbyCasual",
    "country_code": "BE",
    "country": "Belgium"
  },
  {
    "username": "MaisonScience",
    "followingArtist": "DelbyCasual",
    "country_code": "BE",
    "country": "Belgium"
  },
  {
    "username": "YoanNitus",
    "followingArtist": "DelbyCasual",
    "country_code": "BE",
    "country": "Belgium"
  },
  {
    "username": "ludo4presi",
    "followingArtist": "DelbyCasual",
    "country_code": "BE",
    "country": "Belgium"
  },
  {
    "username": "adetroz",
    "followingArtist": "DelbyCasual",
    "country_code": "BE",
    "country": "Belgium"
  },
  {
    "username": "SerexConsult",
    "followingArtist": "DelbyCasual",
    "country_code": "BE",
    "country": "Belgium"
  },
  {
    "username": "s3bpetit",
    "followingArtist": "DelbyCasual",
    "country_code": "DK",
    "country": "Denmark"
  },
  {
    "username": "rsclbe",
    "followingArtist": "DelbyCasual",
    "country_code": "BE",
    "country": "Belgium"
  },
  {
    "username": "fabinformatique",
    "followingArtist": "DelbyCasual",
    "country_code": "FR",
    "country": "France"
  },
  {
    "username": "Guic13",
    "followingArtist": "DelbyCasual",
    "country_code": "BE",
    "country": "Belgium"
  },
  {
    "username": "nfreson",
    "followingArtist": "DelbyCasual",
    "country_code": "BE",
    "country": "Belgium"
  },
  {
    "username": "TheEverybody",
    "followingArtist": "DelbyCasual",
    "country_code": "NG",
    "country": "Nigeria"
  },
  {
    "username": "TrueBloodHBO",
    "followingArtist": "DelbyCasual",
    "country_code": "DE",
    "country": "Germany"
  },
  {
    "username": "jovanecki",
    "followingArtist": "DelbyCasual",
    "country_code": "FR",
    "country": "France"
  },
  {
    "username": "nicoe",
    "followingArtist": "DelbyCasual",
    "country_code": "BE",
    "country": "Belgium"
  },
  {
    "username": "stephanpire",
    "followingArtist": "DelbyCasual",
    "country_code": "FR",
    "country": "France"
  },
  {
    "username": "jmjavaux",
    "followingArtist": "DelbyCasual",
    "country_code": "BE",
    "country": "Belgium"
  },
  {
    "username": "Jo23858531",
    "followingArtist": "\u3084\u3064\u3044\u3044\u3061\u308d\u3046",
    "country_code": "ID",
    "country": "Indonesia"
  },
  {
    "username": "sputnik_moment",
    "followingArtist": "\u3084\u3064\u3044\u3044\u3061\u308d\u3046",
    "country_code": "JP",
    "country": "Japan"
  },
  {
    "username": "RyanAlan1995",
    "followingArtist": "\u3084\u3064\u3044\u3044\u3061\u308d\u3046",
    "country_code": "TN",
    "country": "Tunisia"
  },
  {
    "username": "a_yanaka",
    "followingArtist": "\u3084\u3064\u3044\u3044\u3061\u308d\u3046",
    "country_code": "JP",
    "country": "Japan"
  },
  {
    "username": "h_zen_echizen",
    "followingArtist": "\u3084\u3064\u3044\u3044\u3061\u308d\u3046",
    "country_code": "JP",
    "country": "Japan"
  },
  {
    "username": "_lilimam_",
    "followingArtist": "\u3084\u3064\u3044\u3044\u3061\u308d\u3046",
    "country_code": "EE",
    "country": "Estonia"
  },
  {
    "username": "____wavve____",
    "followingArtist": "\u3084\u3064\u3044\u3044\u3061\u308d\u3046",
    "country_code": "JP",
    "country": "Japan"
  },
  {
    "username": "yamazagishi",
    "followingArtist": "\u3084\u3064\u3044\u3044\u3061\u308d\u3046",
    "country_code": "JP",
    "country": "Japan"
  },
  {
    "username": "poff0516",
    "followingArtist": "\u3084\u3064\u3044\u3044\u3061\u308d\u3046",
    "country_code": "JP",
    "country": "Japan"
  },
  {
    "username": "jam_kohaku",
    "followingArtist": "\u3084\u3064\u3044\u3044\u3061\u308d\u3046",
    "country_code": "RO",
    "country": "Romania"
  },
  {
    "username": "anotherskyis112",
    "followingArtist": "\u3084\u3064\u3044\u3044\u3061\u308d\u3046",
    "country_code": "JP",
    "country": "Japan"
  },
  {
    "username": "masashi0828",
    "followingArtist": "\u3084\u3064\u3044\u3044\u3061\u308d\u3046",
    "country_code": "JP",
    "country": "Japan"
  },
  {
    "username": "DJ_HNRecords",
    "followingArtist": "\u3084\u3064\u3044\u3044\u3061\u308d\u3046",
    "country_code": "JP",
    "country": "Japan"
  },
  {
    "username": "rui_ruui",
    "followingArtist": "\u3084\u3064\u3044\u3044\u3061\u308d\u3046",
    "country_code": "JP",
    "country": "Japan"
  },
  {
    "username": "bjbywtJApG5JF7Z",
    "followingArtist": "\u3084\u3064\u3044\u3044\u3061\u308d\u3046",
    "country_code": "JP",
    "country": "Japan"
  },
  {
    "username": "rock888sky",
    "followingArtist": "\u3084\u3064\u3044\u3044\u3061\u308d\u3046",
    "country_code": "JP",
    "country": "Japan"
  },
  {
    "username": "reina_hoskins",
    "followingArtist": "\u3084\u3064\u3044\u3044\u3061\u308d\u3046",
    "country_code": "JP",
    "country": "Japan"
  },
  {
    "username": "honeypicturee",
    "followingArtist": "\u3084\u3064\u3044\u3044\u3061\u308d\u3046",
    "country_code": "JP",
    "country": "Japan"
  },
  {
    "username": "granada333",
    "followingArtist": "\u3084\u3064\u3044\u3044\u3061\u308d\u3046",
    "country_code": "JP",
    "country": "Japan"
  },
  {
    "username": "joylife_tokyo",
    "followingArtist": "\u3084\u3064\u3044\u3044\u3061\u308d\u3046",
    "country_code": "JP",
    "country": "Japan"
  },
  {
    "username": "accvilla33",
    "followingArtist": "\u3084\u3064\u3044\u3044\u3061\u308d\u3046",
    "country_code": "UK",
    "country": "United Kingdom"
  },
  {
    "username": "KURO_NECO3",
    "followingArtist": "\u3084\u3064\u3044\u3044\u3061\u308d\u3046",
    "country_code": "JP",
    "country": "Japan"
  },
  {
    "username": "takka21hy",
    "followingArtist": "\u3084\u3064\u3044\u3044\u3061\u308d\u3046",
    "country_code": "JP",
    "country": "Japan"
  },
  {
    "username": "hikaunix",
    "followingArtist": "\u3084\u3064\u3044\u3044\u3061\u308d\u3046",
    "country_code": "JP",
    "country": "Japan"
  },
  {
    "username": "tetora0818",
    "followingArtist": "\u3084\u3064\u3044\u3044\u3061\u308d\u3046",
    "country_code": "JP",
    "country": "Japan"
  },
  {
    "username": "asacatty",
    "followingArtist": "\u3084\u3064\u3044\u3044\u3061\u308d\u3046",
    "country_code": "JP",
    "country": "Japan"
  },
  {
    "username": "sacomakita",
    "followingArtist": "\u3084\u3064\u3044\u3044\u3061\u308d\u3046",
    "country_code": "JP",
    "country": "Japan"
  },
  {
    "username": "Yuuunico",
    "followingArtist": "\u3084\u3064\u3044\u3044\u3061\u308d\u3046",
    "country_code": "JP",
    "country": "Japan"
  },
  {
    "username": "vital_club_23",
    "followingArtist": "\u3084\u3064\u3044\u3044\u3061\u308d\u3046",
    "country_code": "BR",
    "country": "Brazil"
  },
  {
    "username": "miiine_07",
    "followingArtist": "\u3084\u3064\u3044\u3044\u3061\u308d\u3046",
    "country_code": "AU",
    "country": "Australia"
  },
  {
    "username": "LPW_OGI",
    "followingArtist": "\u3084\u3064\u3044\u3044\u3061\u308d\u3046",
    "country_code": "JP",
    "country": "Japan"
  },
  {
    "username": "tmmom17",
    "followingArtist": "\u3084\u3064\u3044\u3044\u3061\u308d\u3046",
    "country_code": "JP",
    "country": "Japan"
  },
  {
    "username": "bmb_inside_0625",
    "followingArtist": "\u3084\u3064\u3044\u3044\u3061\u308d\u3046",
    "country_code": "CM",
    "country": "Cameroon"
  },
  {
    "username": "gudekatsu",
    "followingArtist": "\u3084\u3064\u3044\u3044\u3061\u308d\u3046",
    "country_code": "JP",
    "country": "Japan"
  },
  {
    "username": "johnnyhgoldman",
    "followingArtist": "\u3084\u3064\u3044\u3044\u3061\u308d\u3046",
    "country_code": "UK",
    "country": "United Kingdom"
  },
  {
    "username": "sabbath1218",
    "followingArtist": "\u3084\u3064\u3044\u3044\u3061\u308d\u3046",
    "country_code": "JP",
    "country": "Japan"
  },
  {
    "username": "6qaePNgjv7qioZD",
    "followingArtist": "\u3084\u3064\u3044\u3044\u3061\u308d\u3046",
    "country_code": "AU",
    "country": "Australia"
  },
  {
    "username": "19luvEx",
    "followingArtist": "\u3084\u3064\u3044\u3044\u3061\u308d\u3046",
    "country_code": "JP",
    "country": "Japan"
  },
  {
    "username": "yamadaramadan",
    "followingArtist": "\u3084\u3064\u3044\u3044\u3061\u308d\u3046",
    "country_code": "JP",
    "country": "Japan"
  },
  {
    "username": "ray_fyk",
    "followingArtist": "\u3084\u3064\u3044\u3044\u3061\u308d\u3046",
    "country_code": "JP",
    "country": "Japan"
  },
  {
    "username": "rr112527",
    "followingArtist": "\u3084\u3064\u3044\u3044\u3061\u308d\u3046",
    "country_code": "JP",
    "country": "Japan"
  },
  {
    "username": "ZURETAMEGANE",
    "followingArtist": "\u3084\u3064\u3044\u3044\u3061\u308d\u3046",
    "country_code": "JP",
    "country": "Japan"
  },
  {
    "username": "full9696",
    "followingArtist": "\u3084\u3064\u3044\u3044\u3061\u308d\u3046",
    "country_code": "MG",
    "country": "Madagascar"
  },
  {
    "username": "FarahAlij",
    "followingArtist": "\u3084\u3064\u3044\u3044\u3061\u308d\u3046",
    "country_code": "GB",
    "country": "Wales"
  },
  {
    "username": "lapazgoma",
    "followingArtist": "\u3084\u3064\u3044\u3044\u3061\u308d\u3046",
    "country_code": "JP",
    "country": "Japan"
  },
  {
    "username": "love_coco_terry",
    "followingArtist": "\u3084\u3064\u3044\u3044\u3061\u308d\u3046",
    "country_code": "JP",
    "country": "Japan"
  },
  {
    "username": "Taka071749342",
    "followingArtist": "\u3084\u3064\u3044\u3044\u3061\u308d\u3046",
    "country_code": "JP",
    "country": "Japan"
  },
  {
    "username": "tsundokuchan",
    "followingArtist": "\u3084\u3064\u3044\u3044\u3061\u308d\u3046",
    "country_code": "JP",
    "country": "Japan"
  },
  {
    "username": "kgon46",
    "followingArtist": "\u3084\u3064\u3044\u3044\u3061\u308d\u3046",
    "country_code": "JP",
    "country": "Japan"
  },
  {
    "username": "mugen4454",
    "followingArtist": "\u3084\u3064\u3044\u3044\u3061\u308d\u3046",
    "country_code": "JP",
    "country": "Japan"
  },
  {
    "username": "Nm2439",
    "followingArtist": "\u3084\u3064\u3044\u3044\u3061\u308d\u3046",
    "country_code": "JP",
    "country": "Japan"
  },
  {
    "username": "melugugu",
    "followingArtist": "\u3084\u3064\u3044\u3044\u3061\u308d\u3046",
    "country_code": "JP",
    "country": "Japan"
  },
  {
    "username": "taba_tea",
    "followingArtist": "\u3084\u3064\u3044\u3044\u3061\u308d\u3046",
    "country_code": "JP",
    "country": "Japan"
  },
  {
    "username": "ularatter",
    "followingArtist": "\u3084\u3064\u3044\u3044\u3061\u308d\u3046",
    "country_code": "JP",
    "country": "Japan"
  },
  {
    "username": "cream_tokyo",
    "followingArtist": "\u3084\u3064\u3044\u3044\u3061\u308d\u3046",
    "country_code": "JP",
    "country": "Japan"
  },
  {
    "username": "eeldogrice",
    "followingArtist": "\u3084\u3064\u3044\u3044\u3061\u308d\u3046",
    "country_code": "ID",
    "country": "Indonesia"
  },
  {
    "username": "MayuraOgiwara",
    "followingArtist": "\u3084\u3064\u3044\u3044\u3061\u308d\u3046",
    "country_code": "JP",
    "country": "Japan"
  },
  {
    "username": "leftalone1234",
    "followingArtist": "\u3084\u3064\u3044\u3044\u3061\u308d\u3046",
    "country_code": "JP",
    "country": "Japan"
  },
  {
    "username": "heathazeman",
    "followingArtist": "\u3084\u3064\u3044\u3044\u3061\u308d\u3046",
    "country_code": "JP",
    "country": "Japan"
  },
  {
    "username": "mikiko0731",
    "followingArtist": "\u3084\u3064\u3044\u3044\u3061\u308d\u3046",
    "country_code": "JP",
    "country": "Japan"
  },
  {
    "username": "RSK_OSAKA",
    "followingArtist": "\u3084\u3064\u3044\u3044\u3061\u308d\u3046",
    "country_code": "JP",
    "country": "Japan"
  },
  {
    "username": "moco_chiki",
    "followingArtist": "\u3084\u3064\u3044\u3044\u3061\u308d\u3046",
    "country_code": "JP",
    "country": "Japan"
  },
  {
    "username": "_USkey",
    "followingArtist": "\u3084\u3064\u3044\u3044\u3061\u308d\u3046",
    "country_code": "JP",
    "country": "Japan"
  },
  {
    "username": "OrdinateLove",
    "followingArtist": "\u3084\u3064\u3044\u3044\u3061\u308d\u3046",
    "country_code": "KR",
    "country": "South Korea"
  },
  {
    "username": "GRAPEVINE970919",
    "followingArtist": "\u3084\u3064\u3044\u3044\u3061\u308d\u3046",
    "country_code": "FR",
    "country": "France"
  },
  {
    "username": "ru_mhib",
    "followingArtist": "\u3084\u3064\u3044\u3044\u3061\u308d\u3046",
    "country_code": "JP",
    "country": "Japan"
  },
  {
    "username": "shangri_lalala",
    "followingArtist": "\u3084\u3064\u3044\u3044\u3061\u308d\u3046",
    "country_code": "JP",
    "country": "Japan"
  },
  {
    "username": "szmr1992",
    "followingArtist": "\u3084\u3064\u3044\u3044\u3061\u308d\u3046",
    "country_code": "JP",
    "country": "Japan"
  },
  {
    "username": "kazuuuuuma3",
    "followingArtist": "\u3084\u3064\u3044\u3044\u3061\u308d\u3046",
    "country_code": "JP",
    "country": "Japan"
  },
  {
    "username": "u_kmt_0121",
    "followingArtist": "\u3084\u3064\u3044\u3044\u3061\u308d\u3046",
    "country_code": "US",
    "country": "United States"
  },
  {
    "username": "yuhi_11Lq8",
    "followingArtist": "\u3084\u3064\u3044\u3044\u3061\u308d\u3046",
    "country_code": "JP",
    "country": "Japan"
  },
  {
    "username": "wp_collakiyo",
    "followingArtist": "\u3084\u3064\u3044\u3044\u3061\u308d\u3046",
    "country_code": "JP",
    "country": "Japan"
  },
  {
    "username": "sallytheworld",
    "followingArtist": "\u3084\u3064\u3044\u3044\u3061\u308d\u3046",
    "country_code": "JP",
    "country": "Japan"
  },
  {
    "username": "mottohb",
    "followingArtist": "\u3084\u3064\u3044\u3044\u3061\u308d\u3046",
    "country_code": "JP",
    "country": "Japan"
  },
  {
    "username": "kazu_key",
    "followingArtist": "\u3084\u3064\u3044\u3044\u3061\u308d\u3046",
    "country_code": "JP",
    "country": "Japan"
  },
  {
    "username": "mintspeppers",
    "followingArtist": "\u3084\u3064\u3044\u3044\u3061\u308d\u3046",
    "country_code": "JP",
    "country": "Japan"
  }
]