[
  {
    "username": "Junko_htf",
    "followingArtist": "Netflix US",
    "country_code": "JP",
    "country": "Japan"
  },
  {
    "username": "hinako_uehara33",
    "followingArtist": "Netflix US",
    "country_code": "JP",
    "country": "Japan"
  },
  {
    "username": "miyukipuri",
    "followingArtist": "Netflix US",
    "country_code": "JP",
    "country": "Japan"
  },
  {
    "username": "haruXD",
    "followingArtist": "Netflix US",
    "country_code": "JP",
    "country": "Japan"
  },
  {
    "username": "TomoyasuHirano",
    "followingArtist": "Netflix US",
    "country_code": "JP",
    "country": "Japan"
  },
  {
    "username": "juro16",
    "followingArtist": "Netflix US",
    "country_code": "JP",
    "country": "Japan"
  },
  {
    "username": "honmachi169",
    "followingArtist": "Netflix US",
    "country_code": "in",
    "country": "India"
  },
  {
    "username": "hikaeme",
    "followingArtist": "Netflix US",
    "country_code": "JP",
    "country": "Japan"
  },
  {
    "username": "AhYeahKazuki",
    "followingArtist": "Netflix US",
    "country_code": "JP",
    "country": "Japan"
  },
  {
    "username": "KYO19880430",
    "followingArtist": "Netflix US",
    "country_code": "JP",
    "country": "Japan"
  },
  {
    "username": "fmy_0821",
    "followingArtist": "Netflix US",
    "country_code": "JP",
    "country": "Japan"
  },
  {
    "username": "rotoni2",
    "followingArtist": "Netflix US",
    "country_code": "JP",
    "country": "Japan"
  },
  {
    "username": "wolfmasumi",
    "followingArtist": "Netflix US",
    "country_code": "JP",
    "country": "Japan"
  },
  {
    "username": "horinouchi_bbb",
    "followingArtist": "Netflix US",
    "country_code": "JP",
    "country": "Japan"
  },
  {
    "username": "sarasaacuo",
    "followingArtist": "Netflix US",
    "country_code": "JP",
    "country": "Japan"
  },
  {
    "username": "Hidefumi_Usami",
    "followingArtist": "Netflix US",
    "country_code": "JP",
    "country": "Japan"
  },
  {
    "username": "painepizza",
    "followingArtist": "Netflix US",
    "country_code": "GB",
    "country": "Scotland"
  },
  {
    "username": "sei1_mocloud",
    "followingArtist": "Netflix US",
    "country_code": "FR",
    "country": "France"
  },
  {
    "username": "NaoKojio",
    "followingArtist": "Netflix US",
    "country_code": "JP",
    "country": "Japan"
  },
  {
    "username": "tomtaketake",
    "followingArtist": "Netflix US",
    "country_code": "JP",
    "country": "Japan"
  },
  {
    "username": "r0y8o2_N",
    "followingArtist": "Netflix US",
    "country_code": "GB",
    "country": "Scotland"
  },
  {
    "username": "nexseed",
    "followingArtist": "Netflix US",
    "country_code": "JP",
    "country": "Japan"
  },
  {
    "username": "Osaka06Love",
    "followingArtist": "Netflix US",
    "country_code": "JP",
    "country": "Japan"
  },
  {
    "username": "Claysteration",
    "followingArtist": "Netflix US",
    "country_code": "US",
    "country": "USA"
  },
  {
    "username": "MoobNub_98s",
    "followingArtist": "Netflix US",
    "country_code": "BR",
    "country": "Brazil"
  },
  {
    "username": "Janne31_photo",
    "followingArtist": "Netflix US",
    "country_code": "JP",
    "country": "Japan"
  },
  {
    "username": "4Bukv6",
    "followingArtist": "Netflix US",
    "country_code": "JP",
    "country": "Japan"
  },
  {
    "username": "_eill_",
    "followingArtist": "Netflix US",
    "country_code": "JP",
    "country": "Japan"
  },
  {
    "username": "Chocola46945124",
    "followingArtist": "Netflix US",
    "country_code": "JP",
    "country": "Japan"
  },
  {
    "username": "SEIJIman4000",
    "followingArtist": "Netflix US",
    "country_code": "JP",
    "country": "Japan"
  },
  {
    "username": "kzstream_music",
    "followingArtist": "Netflix US",
    "country_code": "JP",
    "country": "Japan"
  },
  {
    "username": "Lucy16879669",
    "followingArtist": "Netflix US",
    "country_code": "UK",
    "country": "United Kingdom"
  },
  {
    "username": "linkmusic2016",
    "followingArtist": "Netflix US",
    "country_code": "JP",
    "country": "Japan"
  },
  {
    "username": "tbmoriken",
    "followingArtist": "Netflix US",
    "country_code": "JP",
    "country": "Japan"
  },
  {
    "username": "TierRandB",
    "followingArtist": "Netflix US",
    "country_code": "IR",
    "country": "Iran"
  },
  {
    "username": "hiro_omicie",
    "followingArtist": "Netflix US",
    "country_code": "JP",
    "country": "Japan"
  },
  {
    "username": "hasu_has",
    "followingArtist": "Netflix US",
    "country_code": "JP",
    "country": "Japan"
  },
  {
    "username": "GosmaniaChie",
    "followingArtist": "Netflix US",
    "country_code": "JP",
    "country": "Japan"
  },
  {
    "username": "RandomMusicFan1",
    "followingArtist": "Netflix US",
    "country_code": "NG",
    "country": "Nigeria"
  },
  {
    "username": "yuuxxxxxx",
    "followingArtist": "Netflix US",
    "country_code": "JP",
    "country": "Japan"
  },
  {
    "username": "xxyz_Bexx",
    "followingArtist": "Netflix US",
    "country_code": "JP",
    "country": "Japan"
  },
  {
    "username": "ryoheimatsufuji",
    "followingArtist": "Netflix US",
    "country_code": "JP",
    "country": "Japan"
  },
  {
    "username": "takase_hiking",
    "followingArtist": "Netflix US",
    "country_code": "JP",
    "country": "Japan"
  },
  {
    "username": "EMOTIONAL_ART",
    "followingArtist": "Netflix US",
    "country_code": "US",
    "country": "USA"
  },
  {
    "username": "GoGoSquirrels",
    "followingArtist": "Netflix US",
    "country_code": "California City Blvd",
    "country": "California City Blvd"
  },
  {
    "username": "DokoMadeMo",
    "followingArtist": "Netflix US",
    "country_code": "US",
    "country": "USA"
  },
  {
    "username": "bashiry",
    "followingArtist": "Netflix US",
    "country_code": "JP",
    "country": "Japan"
  },
  {
    "username": "zumi225",
    "followingArtist": "Netflix US",
    "country_code": "JP",
    "country": "Japan"
  },
  {
    "username": "vivalaittaku",
    "followingArtist": "Netflix US",
    "country_code": "JP",
    "country": "Japan"
  },
  {
    "username": "n4_mmss",
    "followingArtist": "Netflix US",
    "country_code": "IN",
    "country": "India"
  },
  {
    "username": "noixksu1",
    "followingArtist": "Netflix US",
    "country_code": "JP",
    "country": "Japan"
  },
  {
    "username": "HMV_Ikebukuro",
    "followingArtist": "Netflix US",
    "country_code": "TK",
    "country": "Tokelau"
  },
  {
    "username": "M00001103",
    "followingArtist": "Netflix US",
    "country_code": "JP",
    "country": "Japan"
  },
  {
    "username": "runnkururunn",
    "followingArtist": "Netflix US",
    "country_code": "JP",
    "country": "Japan"
  },
  {
    "username": "_momojp",
    "followingArtist": "Netflix US",
    "country_code": "JP",
    "country": "Japan"
  },
  {
    "username": "maguro1192",
    "followingArtist": "Netflix US",
    "country_code": "JP",
    "country": "Japan"
  },
  {
    "username": "nachi_nya",
    "followingArtist": "Netflix US",
    "country_code": "JP",
    "country": "Japan"
  },
  {
    "username": "kakkorin3",
    "followingArtist": "Netflix US",
    "country_code": "JP",
    "country": "Japan"
  },
  {
    "username": "djtomoko",
    "followingArtist": "Netflix US",
    "country_code": "JP",
    "country": "Japan"
  },
  {
    "username": "krisroche",
    "followingArtist": "Netflix US",
    "country_code": "JP",
    "country": "Japan"
  },
  {
    "username": "YOUSHEDAD",
    "followingArtist": "Netflix US",
    "country_code": "JP",
    "country": "Japan"
  },
  {
    "username": "haru0515haru",
    "followingArtist": "Netflix US",
    "country_code": "JP",
    "country": "Japan"
  },
  {
    "username": "mutantissei",
    "followingArtist": "Netflix US",
    "country_code": "JP",
    "country": "Japan"
  },
  {
    "username": "youngmi1214",
    "followingArtist": "Netflix US",
    "country_code": "JP",
    "country": "Japan"
  },
  {
    "username": "kohkohkohki",
    "followingArtist": "Netflix US",
    "country_code": "JP",
    "country": "Japan"
  },
  {
    "username": "michishi",
    "followingArtist": "Netflix US",
    "country_code": "JP",
    "country": "Japan"
  },
  {
    "username": "regiatx89",
    "followingArtist": "Netflix US",
    "country_code": "BR",
    "country": "Brazil"
  },
  {
    "username": "gucciyouzo",
    "followingArtist": "Netflix US",
    "country_code": "JP",
    "country": "Japan"
  },
  {
    "username": "mu_chan0123",
    "followingArtist": "Netflix US",
    "country_code": "JP",
    "country": "Japan"
  },
  {
    "username": "mijo_na",
    "followingArtist": "Netflix US",
    "country_code": "JP",
    "country": "Japan"
  },
  {
    "username": "laura_yokozawa",
    "followingArtist": "Netflix US",
    "country_code": "JP",
    "country": "Japan"
  },
  {
    "username": "you_mon",
    "followingArtist": "Netflix US",
    "country_code": "JP",
    "country": "Japan"
  },
  {
    "username": "DOSANKOSOUL1130",
    "followingArtist": "Netflix US",
    "country_code": "JP",
    "country": "Japan"
  },
  {
    "username": "k_isoppu_s",
    "followingArtist": "Netflix US",
    "country_code": "JP",
    "country": "Japan"
  },
  {
    "username": "EAoshi",
    "followingArtist": "Netflix US",
    "country_code": "JP",
    "country": "Japan"
  },
  {
    "username": "sukekou555",
    "followingArtist": "Netflix US",
    "country_code": "MA",
    "country": "Morocco"
  },
  {
    "username": "bigisle_ten",
    "followingArtist": "Netflix US",
    "country_code": "JP",
    "country": "Japan"
  },
  {
    "username": "meguuu729",
    "followingArtist": "Netflix US",
    "country_code": "JP",
    "country": "Japan"
  },
  {
    "username": "maichoro43",
    "followingArtist": "Netflix US",
    "country_code": "JP",
    "country": "Japan"
  },
  {
    "username": "you_key_mom",
    "followingArtist": "Netflix US",
    "country_code": "JP",
    "country": "Japan"
  },
  {
    "username": "CLOCH_tweet",
    "followingArtist": "Netflix US",
    "country_code": "JP",
    "country": "Japan"
  },
  {
    "username": "_MALIYA_",
    "followingArtist": "Netflix US",
    "country_code": "JP",
    "country": "Japan"
  },
  {
    "username": "kawaraFORWARD",
    "followingArtist": "Netflix US",
    "country_code": "TK",
    "country": "Tokelau"
  },
  {
    "username": "Azumi_Takahashi",
    "followingArtist": "Netflix US",
    "country_code": "JP",
    "country": "Japan"
  },
  {
    "username": "toru0713soul",
    "followingArtist": "Netflix US",
    "country_code": "JP",
    "country": "Japan"
  },
  {
    "username": "JP__TK",
    "followingArtist": "Netflix US",
    "country_code": "JP",
    "country": "Japan"
  },
  {
    "username": "info_MARU",
    "followingArtist": "Netflix US",
    "country_code": "JP",
    "country": "Japan"
  },
  {
    "username": "maaao01",
    "followingArtist": "Netflix US",
    "country_code": "JP",
    "country": "Japan"
  },
  {
    "username": "AyumiHoshikawa",
    "followingArtist": "Netflix US",
    "country_code": "JP",
    "country": "Japan"
  },
  {
    "username": "MihoTerachi",
    "followingArtist": "Netflix US",
    "country_code": "JP",
    "country": "Japan"
  },
  {
    "username": "jyongriofficial",
    "followingArtist": "Netflix US",
    "country_code": "JP",
    "country": "Japan"
  },
  {
    "username": "cagie",
    "followingArtist": "Netflix US",
    "country_code": "JP",
    "country": "Japan"
  },
  {
    "username": "Jasminaraji",
    "followingArtist": "Netflix US",
    "country_code": "JP",
    "country": "Japan"
  },
  {
    "username": "4chann3",
    "followingArtist": "Netflix US",
    "country_code": "JP",
    "country": "Japan"
  },
  {
    "username": "oki_nawa_sandon",
    "followingArtist": "Netflix US",
    "country_code": "JP",
    "country": "Japan"
  },
  {
    "username": "DripDry007",
    "followingArtist": "Netflix US",
    "country_code": "JP",
    "country": "Japan"
  },
  {
    "username": "Amanda_Sano",
    "followingArtist": "Netflix US",
    "country_code": "JP",
    "country": "Japan"
  },
  {
    "username": "YuiMugino",
    "followingArtist": "Netflix US",
    "country_code": "JP",
    "country": "Japan"
  },
  {
    "username": "maiorengi",
    "followingArtist": "Netflix US",
    "country_code": "JP",
    "country": "Japan"
  },
  {
    "username": "taibuta",
    "followingArtist": "Netflix US",
    "country_code": "JP",
    "country": "Japan"
  },
  {
    "username": "shun_reduction",
    "followingArtist": "Netflix US",
    "country_code": "NG",
    "country": "Nigeria"
  },
  {
    "username": "DJB_BER",
    "followingArtist": "Netflix US",
    "country_code": "JP",
    "country": "Japan"
  },
  {
    "username": "Fumika_musique",
    "followingArtist": "Netflix US",
    "country_code": "JP",
    "country": "Japan"
  },
  {
    "username": "tomoyastone",
    "followingArtist": "Netflix US",
    "country_code": "JP",
    "country": "Japan"
  },
  {
    "username": "emi5n_blenda",
    "followingArtist": "Netflix US",
    "country_code": "JP",
    "country": "Japan"
  },
  {
    "username": "info_tresmen",
    "followingArtist": "Netflix US",
    "country_code": "JP",
    "country": "Japan"
  },
  {
    "username": "ssd_ebina",
    "followingArtist": "Netflix US",
    "country_code": "US",
    "country": "USA"
  },
  {
    "username": "ryota_nishikawa",
    "followingArtist": "Netflix US",
    "country_code": "JP",
    "country": "Japan"
  },
  {
    "username": "Mye_tweet",
    "followingArtist": "Netflix US",
    "country_code": "JP",
    "country": "Japan"
  },
  {
    "username": "MINA_DJ_yamato",
    "followingArtist": "Netflix US",
    "country_code": "JP",
    "country": "Japan"
  },
  {
    "username": "Be_Choir",
    "followingArtist": "Netflix US",
    "country_code": "JP",
    "country": "Japan"
  },
  {
    "username": "JUTA1985",
    "followingArtist": "Netflix US",
    "country_code": "JP",
    "country": "Japan"
  },
  {
    "username": "ichimi10",
    "followingArtist": "Netflix US",
    "country_code": "JP",
    "country": "Japan"
  },
  {
    "username": "KenT_soulflex",
    "followingArtist": "Netflix US",
    "country_code": "JP",
    "country": "Japan"
  },
  {
    "username": "nanahoccori",
    "followingArtist": "Netflix US",
    "country_code": "JP",
    "country": "Japan"
  },
  {
    "username": "__bossa",
    "followingArtist": "Netflix US",
    "country_code": "JP",
    "country": "Japan"
  },
  {
    "username": "towada_drs",
    "followingArtist": "Netflix US",
    "country_code": "JP",
    "country": "Japan"
  },
  {
    "username": "rom_labo",
    "followingArtist": "Netflix US",
    "country_code": "JP",
    "country": "Japan"
  },
  {
    "username": "musickaz",
    "followingArtist": "Netflix US",
    "country_code": "JP",
    "country": "Japan"
  },
  {
    "username": "GOOPUNCH_info",
    "followingArtist": "Netflix US",
    "country_code": "JP",
    "country": "Japan"
  },
  {
    "username": "Ayano_1108",
    "followingArtist": "Netflix US",
    "country_code": "JP",
    "country": "Japan"
  },
  {
    "username": "momosunny",
    "followingArtist": "Netflix US",
    "country_code": "JP",
    "country": "Japan"
  },
  {
    "username": "saku0422",
    "followingArtist": "Netflix US",
    "country_code": "JP",
    "country": "Japan"
  },
  {
    "username": "martinezyulieht",
    "followingArtist": "Netflix US",
    "country_code": "US",
    "country": "USA"
  },
  {
    "username": "hiroki_kawahara",
    "followingArtist": "Netflix US",
    "country_code": "JP",
    "country": "Japan"
  },
  {
    "username": "hidekikimura",
    "followingArtist": "Netflix US",
    "country_code": "JP",
    "country": "Japan"
  },
  {
    "username": "seven7colors",
    "followingArtist": "Netflix US",
    "country_code": "JP",
    "country": "Japan"
  },
  {
    "username": "koypemikasanpra",
    "followingArtist": "Netflix US",
    "country_code": "MY",
    "country": "Malaysia"
  },
  {
    "username": "topmansyd",
    "followingArtist": "Netflix US",
    "country_code": "KR",
    "country": "South Korea"
  },
  {
    "username": "ueno_yoko_",
    "followingArtist": "Netflix US",
    "country_code": "JP",
    "country": "Japan"
  },
  {
    "username": "ryubookworm",
    "followingArtist": "Netflix US",
    "country_code": "JP",
    "country": "Japan"
  },
  {
    "username": "naokyofficial91",
    "followingArtist": "Netflix US",
    "country_code": "JP",
    "country": "Japan"
  },
  {
    "username": "kamberland0114",
    "followingArtist": "Netflix US",
    "country_code": "JP",
    "country": "Japan"
  },
  {
    "username": "moemog",
    "followingArtist": "Netflix US",
    "country_code": "JP",
    "country": "Japan"
  },
  {
    "username": "shiory33",
    "followingArtist": "Netflix US",
    "country_code": "JP",
    "country": "Japan"
  },
  {
    "username": "real_yokko",
    "followingArtist": "Netflix US",
    "country_code": "JP",
    "country": "Japan"
  },
  {
    "username": "MaryJane_Japan",
    "followingArtist": "Netflix US",
    "country_code": "JP",
    "country": "Japan"
  },
  {
    "username": "NeoUnification",
    "followingArtist": "Netflix US",
    "country_code": "JP",
    "country": "Japan"
  },
  {
    "username": "michi_jasmine",
    "followingArtist": "Netflix US",
    "country_code": "JP",
    "country": "Japan"
  },
  {
    "username": "aki_k_a",
    "followingArtist": "Netflix US",
    "country_code": "JP",
    "country": "Japan"
  },
  {
    "username": "JBS_KEN1",
    "followingArtist": "Netflix US",
    "country_code": "JP",
    "country": "Japan"
  },
  {
    "username": "maahigg",
    "followingArtist": "Netflix US",
    "country_code": "US",
    "country": "USA"
  },
  {
    "username": "emithedrums",
    "followingArtist": "Netflix US",
    "country_code": "JP",
    "country": "Japan"
  },
  {
    "username": "REIKO_OUTSET",
    "followingArtist": "Netflix US",
    "country_code": "JP",
    "country": "Japan"
  },
  {
    "username": "tatsuya08151",
    "followingArtist": "Netflix US",
    "country_code": "JP",
    "country": "Japan"
  },
  {
    "username": "Jo_Imada",
    "followingArtist": "Netflix US",
    "country_code": "JP",
    "country": "Japan"
  },
  {
    "username": "Sweet_Routes",
    "followingArtist": "Netflix US",
    "country_code": "JP",
    "country": "Japan"
  },
  {
    "username": "HISA1108",
    "followingArtist": "Netflix US",
    "country_code": "JP",
    "country": "Japan"
  },
  {
    "username": "YUA_official",
    "followingArtist": "Netflix US",
    "country_code": "JP",
    "country": "Japan"
  },
  {
    "username": "JongYuGyong",
    "followingArtist": "Netflix US",
    "country_code": "KR",
    "country": "South Korea"
  },
  {
    "username": "Satoshiguitar",
    "followingArtist": "Netflix US",
    "country_code": "CN",
    "country": "China"
  },
  {
    "username": "junkaleidosxope",
    "followingArtist": "Netflix US",
    "country_code": "JP",
    "country": "Japan"
  },
  {
    "username": "YOSUKEatHOME",
    "followingArtist": "Netflix US",
    "country_code": "JP",
    "country": "Japan"
  },
  {
    "username": "401DNA",
    "followingArtist": "Netflix US",
    "country_code": "JP",
    "country": "Japan"
  },
  {
    "username": "redmoonreddyo",
    "followingArtist": "Netflix US",
    "country_code": "US",
    "country": "USA"
  },
  {
    "username": "yuni0903",
    "followingArtist": "Netflix US",
    "country_code": "JP",
    "country": "Japan"
  },
  {
    "username": "JOEZER1or8",
    "followingArtist": "Netflix US",
    "country_code": "JP",
    "country": "Japan"
  },
  {
    "username": "KAZCALO",
    "followingArtist": "Netflix US",
    "country_code": "JP",
    "country": "Japan"
  },
  {
    "username": "cosiner",
    "followingArtist": "Netflix US",
    "country_code": "US",
    "country": "USA"
  },
  {
    "username": "nachiko32",
    "followingArtist": "Netflix US",
    "country_code": "JP",
    "country": "Japan"
  },
  {
    "username": "nemoaya8",
    "followingArtist": "Netflix US",
    "country_code": "JP",
    "country": "Japan"
  },
  {
    "username": "soulflex_crew",
    "followingArtist": "Netflix US",
    "country_code": "JP",
    "country": "Japan"
  },
  {
    "username": "cossami_hiroco",
    "followingArtist": "Netflix US",
    "country_code": "JP",
    "country": "Japan"
  },
  {
    "username": "takanoriishii",
    "followingArtist": "Netflix US",
    "country_code": "JP",
    "country": "Japan"
  },
  {
    "username": "macan_ira",
    "followingArtist": "Netflix US",
    "country_code": "MY",
    "country": "Malaysia"
  },
  {
    "username": "EsunKim",
    "followingArtist": "Netflix US",
    "country_code": "JP",
    "country": "Japan"
  },
  {
    "username": "NegativeReducer",
    "followingArtist": "Netflix US",
    "country_code": "JP",
    "country": "Japan"
  },
  {
    "username": "youmi_000",
    "followingArtist": "Netflix US",
    "country_code": "JP",
    "country": "Japan"
  },
  {
    "username": "tutona",
    "followingArtist": "Netflix US",
    "country_code": "JP",
    "country": "Japan"
  },
  {
    "username": "yuki_621",
    "followingArtist": "Netflix US",
    "country_code": "JP",
    "country": "Japan"
  },
  {
    "username": "hiromisrainbow",
    "followingArtist": "Netflix US",
    "country_code": "JP",
    "country": "Japan"
  },
  {
    "username": "AKISTRIPES",
    "followingArtist": "Netflix US",
    "country_code": "JP",
    "country": "Japan"
  },
  {
    "username": "BrooklynKason",
    "followingArtist": "Netflix US",
    "country_code": "US",
    "country": "USA"
  },
  {
    "username": "club_cotton",
    "followingArtist": "Netflix US",
    "country_code": "TK",
    "country": "Tokelau"
  },
  {
    "username": "Waka_flute",
    "followingArtist": "Netflix US",
    "country_code": "JP",
    "country": "Japan"
  },
  {
    "username": "ssr_info",
    "followingArtist": "Netflix US",
    "country_code": "JP",
    "country": "Japan"
  },
  {
    "username": "SWEET_SOUL_SHOP",
    "followingArtist": "Netflix US",
    "country_code": "JP",
    "country": "Japan"
  },
  {
    "username": "kotetsu_music",
    "followingArtist": "Netflix US",
    "country_code": "JP",
    "country": "Japan"
  },
  {
    "username": "phunkykelpie",
    "followingArtist": "Netflix US",
    "country_code": "JP",
    "country": "Japan"
  },
  {
    "username": "azusakang",
    "followingArtist": "Netflix US",
    "country_code": "JP",
    "country": "Japan"
  },
  {
    "username": "kayoco_yuzawa",
    "followingArtist": "Netflix US",
    "country_code": "JP",
    "country": "Japan"
  },
  {
    "username": "CompoundCafe_",
    "followingArtist": "Netflix US",
    "country_code": "TK",
    "country": "Tokelau"
  },
  {
    "username": "mayumi_0322",
    "followingArtist": "Netflix US",
    "country_code": "JP",
    "country": "Japan"
  },
  {
    "username": "georgenagata",
    "followingArtist": "Netflix US",
    "country_code": "JP",
    "country": "Japan"
  },
  {
    "username": "Nekobabar",
    "followingArtist": "Netflix US",
    "country_code": "JP",
    "country": "Japan"
  },
  {
    "username": "youxkissxstar",
    "followingArtist": "Netflix US",
    "country_code": "JP",
    "country": "Japan"
  },
  {
    "username": "daisuke080548",
    "followingArtist": "Netflix US",
    "country_code": "JP",
    "country": "Japan"
  },
  {
    "username": "hitokill",
    "followingArtist": "Netflix US",
    "country_code": "JP",
    "country": "Japan"
  },
  {
    "username": "bonzonskis",
    "followingArtist": "Netflix US",
    "country_code": "JP",
    "country": "Japan"
  },
  {
    "username": "doncamatic",
    "followingArtist": "Netflix US",
    "country_code": "JP",
    "country": "Japan"
  },
  {
    "username": "yellow_lily_jp",
    "followingArtist": "Netflix US",
    "country_code": "JP",
    "country": "Japan"
  },
  {
    "username": "jam_aisvu",
    "followingArtist": "Netflix US",
    "country_code": "JP",
    "country": "Japan"
  },
  {
    "username": "sora8sun",
    "followingArtist": "Netflix US",
    "country_code": "JP",
    "country": "Japan"
  },
  {
    "username": "moonromantic",
    "followingArtist": "Netflix US",
    "country_code": "JP",
    "country": "Japan"
  },
  {
    "username": "ObihiroKinpachi",
    "followingArtist": "Netflix US",
    "country_code": "JP",
    "country": "Japan"
  },
  {
    "username": "akiokamasako",
    "followingArtist": "Netflix US",
    "country_code": "JP",
    "country": "Japan"
  },
  {
    "username": "__pochi__",
    "followingArtist": "Netflix US",
    "country_code": "JP",
    "country": "Japan"
  },
  {
    "username": "UC_IBD20years",
    "followingArtist": "Netflix US",
    "country_code": "JP",
    "country": "Japan"
  },
  {
    "username": "sang_gmix",
    "followingArtist": "Netflix US",
    "country_code": "JP",
    "country": "Japan"
  },
  {
    "username": "nao_omix",
    "followingArtist": "Netflix US",
    "country_code": "JP",
    "country": "Japan"
  },
  {
    "username": "KentaroHoshiko",
    "followingArtist": "Netflix US",
    "country_code": "US",
    "country": "USA"
  },
  {
    "username": "korea_rocks",
    "followingArtist": "Netflix US",
    "country_code": "KR",
    "country": "South Korea"
  },
  {
    "username": "hirokoarakaki",
    "followingArtist": "Netflix US",
    "country_code": "JP",
    "country": "Japan"
  },
  {
    "username": "satsukimimei",
    "followingArtist": "Netflix US",
    "country_code": "JP",
    "country": "Japan"
  },
  {
    "username": "singersonomi",
    "followingArtist": "Netflix US",
    "country_code": "JP",
    "country": "Japan"
  },
  {
    "username": "minastellamaris",
    "followingArtist": "Netflix US",
    "country_code": "JP",
    "country": "Japan"
  },
  {
    "username": "myongseng",
    "followingArtist": "Netflix US",
    "country_code": "JP",
    "country": "Japan"
  },
  {
    "username": "squat_tokyo",
    "followingArtist": "Netflix US",
    "country_code": "JP",
    "country": "Japan"
  },
  {
    "username": "minsu615",
    "followingArtist": "Netflix US",
    "country_code": "JP",
    "country": "Japan"
  },
  {
    "username": "k_abusan",
    "followingArtist": "Netflix US",
    "country_code": "TK",
    "country": "Tokelau"
  },
  {
    "username": "hyangna0922",
    "followingArtist": "Netflix US",
    "country_code": "JP",
    "country": "Japan"
  },
  {
    "username": "nago75nago",
    "followingArtist": "Netflix US",
    "country_code": "JP",
    "country": "Japan"
  },
  {
    "username": "ohsummer",
    "followingArtist": "Netflix US",
    "country_code": "JP",
    "country": "Japan"
  },
  {
    "username": "shinobiiii",
    "followingArtist": "Netflix US",
    "country_code": "JP",
    "country": "Japan"
  },
  {
    "username": "Daesongkang",
    "followingArtist": "Netflix US",
    "country_code": "JP",
    "country": "Japan"
  },
  {
    "username": "nakribo",
    "followingArtist": "Netflix US",
    "country_code": "JP",
    "country": "Japan"
  },
  {
    "username": "ChihiroSings",
    "followingArtist": "Netflix US",
    "country_code": "JP",
    "country": "Japan"
  },
  {
    "username": "pakrifa",
    "followingArtist": "Netflix US",
    "country_code": "JP",
    "country": "Japan"
  },
  {
    "username": "FC_KOREA",
    "followingArtist": "Netflix US",
    "country_code": "JP",
    "country": "Japan"
  },
  {
    "username": "setton2010",
    "followingArtist": "Netflix US",
    "country_code": "JP",
    "country": "Japan"
  },
  {
    "username": "Tamaru_official",
    "followingArtist": "Netflix US",
    "country_code": "JP",
    "country": "Japan"
  },
  {
    "username": "twitrt24",
    "followingArtist": "Netflix US",
    "country_code": "KR",
    "country": "South Korea"
  },
  {
    "username": "fujimon_hi",
    "followingArtist": "Netflix US",
    "country_code": "JP",
    "country": "Japan"
  },
  {
    "username": "navyrose520",
    "followingArtist": "Netflix US",
    "country_code": "JP",
    "country": "Japan"
  },
  {
    "username": "YOUKI_CANDI",
    "followingArtist": "Netflix US",
    "country_code": "JP",
    "country": "Japan"
  },
  {
    "username": "ABKN",
    "followingArtist": "Netflix US",
    "country_code": "JP",
    "country": "Japan"
  },
  {
    "username": "noriyukiokada",
    "followingArtist": "Netflix US",
    "country_code": "US",
    "country": "USA"
  },
  {
    "username": "n_a_o_co",
    "followingArtist": "Netflix US",
    "country_code": "JP",
    "country": "Japan"
  },
  {
    "username": "takap_bcz",
    "followingArtist": "Netflix US",
    "country_code": "JP",
    "country": "Japan"
  },
  {
    "username": "jntodg10",
    "followingArtist": "Netflix US",
    "country_code": "JP",
    "country": "Japan"
  },
  {
    "username": "ChikuzenSato",
    "followingArtist": "Netflix US",
    "country_code": "JP",
    "country": "Japan"
  },
  {
    "username": "kazha0715",
    "followingArtist": "Netflix US",
    "country_code": "JP",
    "country": "Japan"
  },
  {
    "username": "falcomb_daisuke",
    "followingArtist": "Netflix US",
    "country_code": "JP",
    "country": "Japan"
  },
  {
    "username": "UDAGULLIVER",
    "followingArtist": "Netflix US",
    "country_code": "JP",
    "country": "Japan"
  },
  {
    "username": "jurassiclovecom",
    "followingArtist": "Netflix US",
    "country_code": "JP",
    "country": "Japan"
  },
  {
    "username": "Cannomusic",
    "followingArtist": "Netflix US",
    "country_code": "JP",
    "country": "Japan"
  },
  {
    "username": "moreolivia",
    "followingArtist": "Netflix US",
    "country_code": "JP",
    "country": "Japan"
  },
  {
    "username": "shigekickback",
    "followingArtist": "Netflix US",
    "country_code": "US",
    "country": "USA"
  },
  {
    "username": "Oh_Rie",
    "followingArtist": "Netflix US",
    "country_code": "GB",
    "country": "Scotland"
  },
  {
    "username": "enokoroyanagi",
    "followingArtist": "Netflix US",
    "country_code": "JP",
    "country": "Japan"
  },
  {
    "username": "Hiroglyphics",
    "followingArtist": "Netflix US",
    "country_code": "JP",
    "country": "Japan"
  },
  {
    "username": "guny72",
    "followingArtist": "Netflix US",
    "country_code": "KR",
    "country": "South Korea"
  },
  {
    "username": "mi_ae0621",
    "followingArtist": "Netflix US",
    "country_code": "JP",
    "country": "Japan"
  },
  {
    "username": "blackynovcat",
    "followingArtist": "Netflix US",
    "country_code": "JP",
    "country": "Japan"
  },
  {
    "username": "sohaegum",
    "followingArtist": "Netflix US",
    "country_code": "JP",
    "country": "Japan"
  },
  {
    "username": "mitomotakako",
    "followingArtist": "Netflix US",
    "country_code": "JP",
    "country": "Japan"
  },
  {
    "username": "BEatTakuAround",
    "followingArtist": "Netflix US",
    "country_code": "JP",
    "country": "Japan"
  },
  {
    "username": "HanaH_staff",
    "followingArtist": "Netflix US",
    "country_code": "JP",
    "country": "Japan"
  },
  {
    "username": "keijikawashima",
    "followingArtist": "Netflix US",
    "country_code": "JP",
    "country": "Japan"
  },
  {
    "username": "izmmy_izu",
    "followingArtist": "Netflix US",
    "country_code": "JP",
    "country": "Japan"
  },
  {
    "username": "mep0321",
    "followingArtist": "Netflix US",
    "country_code": "JP",
    "country": "Japan"
  },
  {
    "username": "yuimucha27",
    "followingArtist": "Netflix US",
    "country_code": "JP",
    "country": "Japan"
  },
  {
    "username": "shoko_mochiyama",
    "followingArtist": "Netflix US",
    "country_code": "JP",
    "country": "Japan"
  },
  {
    "username": "namico31",
    "followingArtist": "Netflix US",
    "country_code": "JP",
    "country": "Japan"
  },
  {
    "username": "kaorisawada",
    "followingArtist": "Netflix US",
    "country_code": "US",
    "country": "USA"
  },
  {
    "username": "Cifaflower",
    "followingArtist": "Netflix US",
    "country_code": "JP",
    "country": "Japan"
  },
  {
    "username": "mamichu3",
    "followingArtist": "Netflix US",
    "country_code": "NP",
    "country": "Nepal"
  },
  {
    "username": "Show_BluSwing",
    "followingArtist": "Netflix US",
    "country_code": "JP",
    "country": "Japan"
  },
  {
    "username": "IArchCrew",
    "followingArtist": "Netflix US",
    "country_code": "JP",
    "country": "Japan"
  },
  {
    "username": "K712",
    "followingArtist": "Netflix US",
    "country_code": "JP",
    "country": "Japan"
  },
  {
    "username": "BETTY_FOOD",
    "followingArtist": "Netflix US",
    "country_code": "JP",
    "country": "Japan"
  },
  {
    "username": "kouichifunabiki",
    "followingArtist": "Netflix US",
    "country_code": "JP",
    "country": "Japan"
  },
  {
    "username": "m_jennie",
    "followingArtist": "Netflix US",
    "country_code": "JP",
    "country": "Japan"
  },
  {
    "username": "flatlux",
    "followingArtist": "Netflix US",
    "country_code": "JP",
    "country": "Japan"
  },
  {
    "username": "oritosroom",
    "followingArtist": "Netflix US",
    "country_code": "JP",
    "country": "Japan"
  },
  {
    "username": "mappon69",
    "followingArtist": "Netflix US",
    "country_code": "JP",
    "country": "Japan"
  },
  {
    "username": "sunapanng",
    "followingArtist": "Netflix US",
    "country_code": "JP",
    "country": "Japan"
  },
  {
    "username": "aki_desu",
    "followingArtist": "Netflix US",
    "country_code": "JP",
    "country": "Japan"
  },
  {
    "username": "YokoLaranja",
    "followingArtist": "Netflix US",
    "country_code": "JP",
    "country": "Japan"
  },
  {
    "username": "kingneeraj",
    "followingArtist": "Netflix US",
    "country_code": "JP",
    "country": "Japan"
  },
  {
    "username": "tkcysd",
    "followingArtist": "Netflix US",
    "country_code": "JP",
    "country": "Japan"
  },
  {
    "username": "alineporche",
    "followingArtist": "Vinh Gazoil",
    "country_code": "FR",
    "country": "France"
  },
  {
    "username": "Perceval51100",
    "followingArtist": "Vinh Gazoil",
    "country_code": "FR",
    "country": "France"
  },
  {
    "username": "estherg17",
    "followingArtist": "Vinh Gazoil",
    "country_code": "US",
    "country": "USA"
  },
  {
    "username": "SFR_SAV",
    "followingArtist": "Vinh Gazoil",
    "country_code": "FR",
    "country": "France"
  },
  {
    "username": "VhVinh",
    "followingArtist": "Vinh Gazoil",
    "country_code": "FR",
    "country": "France"
  },
  {
    "username": "jamesmart_in",
    "followingArtist": "Vinh Gazoil",
    "country_code": "FR",
    "country": "France"
  },
  {
    "username": "spotifyfrance",
    "followingArtist": "Vinh Gazoil",
    "country_code": "FR",
    "country": "France"
  },
  {
    "username": "chrisdi",
    "followingArtist": "Vinh Gazoil",
    "country_code": "FR",
    "country": "France"
  },
  {
    "username": "SeverineFriot",
    "followingArtist": "Vinh Gazoil",
    "country_code": "FR",
    "country": "France"
  },
  {
    "username": "Amerisworld",
    "followingArtist": "Vinh Gazoil",
    "country_code": "BY",
    "country": "Belarus"
  },
  {
    "username": "WindowsFrance",
    "followingArtist": "Vinh Gazoil",
    "country_code": "FR",
    "country": "France"
  },
  {
    "username": "PHUlrich",
    "followingArtist": "Vinh Gazoil",
    "country_code": "FR",
    "country": "France"
  },
  {
    "username": "soulgamingalley",
    "followingArtist": "Vinh Gazoil",
    "country_code": "UK",
    "country": "United Kingdom"
  },
  {
    "username": "XboxSupport",
    "followingArtist": "Vinh Gazoil",
    "country_code": "US",
    "country": "USA"
  },
  {
    "username": "SEGA",
    "followingArtist": "Vinh Gazoil",
    "country_code": "NG",
    "country": "Nigeria"
  },
  {
    "username": "whoisfrogjoseph",
    "followingArtist": "Evan Rodd",
    "country_code": "US",
    "country": "USA"
  },
  {
    "username": "TheEliasRework",
    "followingArtist": "Evan Rodd",
    "country_code": "NG",
    "country": "Nigeria"
  },
  {
    "username": "solalexasch",
    "followingArtist": "Evan Rodd",
    "country_code": "BR",
    "country": "Brazil"
  },
  {
    "username": "Ryan___Thygesen",
    "followingArtist": "Evan Rodd",
    "country_code": "US",
    "country": "USA"
  },
  {
    "username": "ChrisJZullo",
    "followingArtist": "Evan Rodd",
    "country_code": "US",
    "country": "USA"
  },
  {
    "username": "EndP8riarchy",
    "followingArtist": "Evan Rodd",
    "country_code": "US",
    "country": "USA"
  },
  {
    "username": "NiceUKandJapan",
    "followingArtist": "Evan Rodd",
    "country_code": "GB",
    "country": "Scotland"
  },
  {
    "username": "UniteSEA",
    "followingArtist": "Evan Rodd",
    "country_code": "US",
    "country": "USA"
  },
  {
    "username": "ulyssesemmanuel",
    "followingArtist": "Evan Rodd",
    "country_code": "California City Blvd",
    "country": "California City Blvd"
  },
  {
    "username": "MrJeromeTrammel",
    "followingArtist": "Evan Rodd",
    "country_code": "US",
    "country": "USA"
  },
  {
    "username": "jammalama",
    "followingArtist": "Evan Rodd",
    "country_code": "US",
    "country": "USA"
  },
  {
    "username": "UgBres",
    "followingArtist": "Evan Rodd",
    "country_code": "UG",
    "country": "Uganda"
  },
  {
    "username": "mdshohagahmed54",
    "followingArtist": "Evan Rodd",
    "country_code": "BD",
    "country": "Bangladesh"
  },
  {
    "username": "NoelleyG",
    "followingArtist": "Evan Rodd",
    "country_code": "US",
    "country": "USA"
  },
  {
    "username": "deesireOkochi",
    "followingArtist": "Evan Rodd",
    "country_code": "NG",
    "country": "Nigeria"
  },
  {
    "username": "millymee7",
    "followingArtist": "Evan Rodd",
    "country_code": "NG",
    "country": "Nigeria"
  },
  {
    "username": "Aestetica_B",
    "followingArtist": "Evan Rodd",
    "country_code": "NG",
    "country": "Nigeria"
  },
  {
    "username": "babacita",
    "followingArtist": "Evan Rodd",
    "country_code": "US",
    "country": "USA"
  },
  {
    "username": "jimmerSF",
    "followingArtist": "Evan Rodd",
    "country_code": "US",
    "country": "USA"
  },
  {
    "username": "kristiwaite",
    "followingArtist": "Evan Rodd",
    "country_code": "US",
    "country": "USA"
  },
  {
    "username": "big_dani_j",
    "followingArtist": "Evan Rodd",
    "country_code": "US",
    "country": "USA"
  },
  {
    "username": "alexmaddper",
    "followingArtist": "Evan Rodd",
    "country_code": "US",
    "country": "USA"
  },
  {
    "username": "JamesWhetzel",
    "followingArtist": "Evan Rodd",
    "country_code": "US",
    "country": "USA"
  },
  {
    "username": "mattstratton",
    "followingArtist": "Evan Rodd",
    "country_code": "US",
    "country": "USA"
  },
  {
    "username": "knitpurl",
    "followingArtist": "Evan Rodd",
    "country_code": "US",
    "country": "USA"
  },
  {
    "username": "MariPi__",
    "followingArtist": "Evan Rodd",
    "country_code": "IT",
    "country": "Italy"
  },
  {
    "username": "CherishR1",
    "followingArtist": "Evan Rodd",
    "country_code": "US",
    "country": "USA"
  },
  {
    "username": "michae1green",
    "followingArtist": "Evan Rodd",
    "country_code": "AU",
    "country": "Australia"
  },
  {
    "username": "claudponagalo",
    "followingArtist": "Evan Rodd",
    "country_code": "ZA",
    "country": "South Africa"
  },
  {
    "username": "genebalk",
    "followingArtist": "Evan Rodd",
    "country_code": "US",
    "country": "USA"
  },
  {
    "username": "icetrey23",
    "followingArtist": "Evan Rodd",
    "country_code": "US",
    "country": "USA"
  },
  {
    "username": "johnkao",
    "followingArtist": "Evan Rodd",
    "country_code": "US",
    "country": "USA"
  },
  {
    "username": "cheri_trusler",
    "followingArtist": "Evan Rodd",
    "country_code": "US",
    "country": "USA"
  },
  {
    "username": "allblacktrophy",
    "followingArtist": "Evan Rodd",
    "country_code": "NG",
    "country": "Nigeria"
  },
  {
    "username": "ralwolf58",
    "followingArtist": "Evan Rodd",
    "country_code": "US",
    "country": "USA"
  },
  {
    "username": "zulqarnainmir15",
    "followingArtist": "Evan Rodd",
    "country_code": "US",
    "country": "USA"
  },
  {
    "username": "arrapsocram",
    "followingArtist": "Evan Rodd",
    "country_code": "US",
    "country": "USA"
  },
  {
    "username": "xopublicity",
    "followingArtist": "Evan Rodd",
    "country_code": "US",
    "country": "USA"
  },
  {
    "username": "albm212",
    "followingArtist": "Evan Rodd",
    "country_code": "BR",
    "country": "Brazil"
  },
  {
    "username": "Chris_M_Harris",
    "followingArtist": "Evan Rodd",
    "country_code": "US",
    "country": "USA"
  },
  {
    "username": "WarnDian",
    "followingArtist": "Evan Rodd",
    "country_code": "US",
    "country": "USA"
  },
  {
    "username": "HateNDisability",
    "followingArtist": "Evan Rodd",
    "country_code": "NG",
    "country": "Nigeria"
  },
  {
    "username": "7XsQJlxr2w60gn2",
    "followingArtist": "Evan Rodd",
    "country_code": "CN",
    "country": "China"
  },
  {
    "username": "zarah_frias",
    "followingArtist": "Evan Rodd",
    "country_code": "PH",
    "country": "Philippines"
  },
  {
    "username": "SfScottyFerrari",
    "followingArtist": "Evan Rodd",
    "country_code": "US",
    "country": "USA"
  },
  {
    "username": "erymac1",
    "followingArtist": "Evan Rodd",
    "country_code": "CA",
    "country": "Canada"
  },
  {
    "username": "ofa_Jeremy",
    "followingArtist": "Evan Rodd",
    "country_code": "US",
    "country": "USA"
  },
  {
    "username": "BartBaker",
    "followingArtist": "Evan Rodd",
    "country_code": "US",
    "country": "USA"
  },
  {
    "username": "Danterns",
    "followingArtist": "Evan Rodd",
    "country_code": "US",
    "country": "USA"
  },
  {
    "username": "johnnysins98",
    "followingArtist": "Evan Rodd",
    "country_code": "Hawi Rd",
    "country": "Hawi Rd"
  },
  {
    "username": "AdamKillian8",
    "followingArtist": "Evan Rodd",
    "country_code": "US",
    "country": "USA"
  },
  {
    "username": "rbeisdvyleyopn1",
    "followingArtist": "Evan Rodd",
    "country_code": "US",
    "country": "USA"
  },
  {
    "username": "TOWIDresses",
    "followingArtist": "Evan Rodd",
    "country_code": "GB",
    "country": "Scotland"
  },
  {
    "username": "u_thought_it2",
    "followingArtist": "Evan Rodd",
    "country_code": "US",
    "country": "USA"
  },
  {
    "username": "AngstWonton",
    "followingArtist": "Evan Rodd",
    "country_code": "California City Blvd",
    "country": "California City Blvd"
  },
  {
    "username": "TheGayAgenda_TV",
    "followingArtist": "Evan Rodd",
    "country_code": "NG",
    "country": "Nigeria"
  },
  {
    "username": "EAB_Trading",
    "followingArtist": "Evan Rodd",
    "country_code": "US",
    "country": "USA"
  },
  {
    "username": "StephieKemmerer",
    "followingArtist": "Evan Rodd",
    "country_code": "IT",
    "country": "Italy"
  },
  {
    "username": "chrisgarneau",
    "followingArtist": "Evan Rodd",
    "country_code": "NG",
    "country": "Nigeria"
  },
  {
    "username": "Anne_Frenk",
    "followingArtist": "Evan Rodd",
    "country_code": "US",
    "country": "USA"
  },
  {
    "username": "captain_amyrica",
    "followingArtist": "Evan Rodd",
    "country_code": "NG",
    "country": "Nigeria"
  },
  {
    "username": "kirsten_krane",
    "followingArtist": "Evan Rodd",
    "country_code": "US",
    "country": "USA"
  },
  {
    "username": "AAntnelson",
    "followingArtist": "Evan Rodd",
    "country_code": "UK",
    "country": "United Kingdom"
  },
  {
    "username": "atty2thestars",
    "followingArtist": "Evan Rodd",
    "country_code": "US",
    "country": "USA"
  },
  {
    "username": "CDR_Chakotay",
    "followingArtist": "Evan Rodd",
    "country_code": "US",
    "country": "USA"
  },
  {
    "username": "wgrzMichael",
    "followingArtist": "Evan Rodd",
    "country_code": "US",
    "country": "USA"
  },
  {
    "username": "nurxapp",
    "followingArtist": "Evan Rodd",
    "country_code": "US",
    "country": "USA"
  },
  {
    "username": "CaraQuici",
    "followingArtist": "Evan Rodd",
    "country_code": "IT",
    "country": "Italy"
  },
  {
    "username": "Adamitv",
    "followingArtist": "Evan Rodd",
    "country_code": "BJ",
    "country": "Benin"
  },
  {
    "username": "ericschwartz",
    "followingArtist": "Evan Rodd",
    "country_code": "NG",
    "country": "Nigeria"
  },
  {
    "username": "stevenredant",
    "followingArtist": "Evan Rodd",
    "country_code": "ES",
    "country": "Spain"
  },
  {
    "username": "BelieveBriana",
    "followingArtist": "Evan Rodd",
    "country_code": "ZA",
    "country": "South Africa"
  },
  {
    "username": "dluv50",
    "followingArtist": "Evan Rodd",
    "country_code": "NG",
    "country": "Nigeria"
  },
  {
    "username": "ImmZimm",
    "followingArtist": "Evan Rodd",
    "country_code": "US",
    "country": "USA"
  },
  {
    "username": "theyoungdread",
    "followingArtist": "Evan Rodd",
    "country_code": "US",
    "country": "USA"
  },
  {
    "username": "SarahAngelMusic",
    "followingArtist": "Evan Rodd",
    "country_code": "US",
    "country": "USA"
  },
  {
    "username": "snavetwink",
    "followingArtist": "Evan Rodd",
    "country_code": "Tennessee Ave",
    "country": "Tennessee Ave"
  },
  {
    "username": "thegaysay",
    "followingArtist": "Evan Rodd",
    "country_code": "GH",
    "country": "Ghana"
  },
  {
    "username": "DeniseGabbard",
    "followingArtist": "Evan Rodd",
    "country_code": "US",
    "country": "USA"
  },
  {
    "username": "BobbySnickerz",
    "followingArtist": "Evan Rodd",
    "country_code": "US",
    "country": "USA"
  },
  {
    "username": "msjovisnieto",
    "followingArtist": "Evan Rodd",
    "country_code": "NL",
    "country": "Netherlands"
  },
  {
    "username": "BraedenEvans",
    "followingArtist": "Evan Rodd",
    "country_code": "US",
    "country": "USA"
  },
  {
    "username": "EricXWest",
    "followingArtist": "Evan Rodd",
    "country_code": "US",
    "country": "USA"
  },
  {
    "username": "LRBitisnot",
    "followingArtist": "Evan Rodd",
    "country_code": "US",
    "country": "USA"
  },
  {
    "username": "SethAYates",
    "followingArtist": "Evan Rodd",
    "country_code": "US",
    "country": "USA"
  },
  {
    "username": "SocialInSeattle",
    "followingArtist": "Evan Rodd",
    "country_code": "US",
    "country": "USA"
  },
  {
    "username": "hipsterocracy",
    "followingArtist": "Evan Rodd",
    "country_code": "NG",
    "country": "Nigeria"
  },
  {
    "username": "Carl_T_Music",
    "followingArtist": "Evan Rodd",
    "country_code": "US",
    "country": "USA"
  },
  {
    "username": "FlywithChad",
    "followingArtist": "Evan Rodd",
    "country_code": "US",
    "country": "USA"
  },
  {
    "username": "aepetrich",
    "followingArtist": "Evan Rodd",
    "country_code": "US",
    "country": "USA"
  },
  {
    "username": "jbonz",
    "followingArtist": "Evan Rodd",
    "country_code": "US",
    "country": "USA"
  },
  {
    "username": "imrachelbelle",
    "followingArtist": "Evan Rodd",
    "country_code": "US",
    "country": "USA"
  },
  {
    "username": "kirk_maxson",
    "followingArtist": "Evan Rodd",
    "country_code": "US",
    "country": "USA"
  },
  {
    "username": "JamesKyson",
    "followingArtist": "Evan Rodd",
    "country_code": "NG",
    "country": "Nigeria"
  },
  {
    "username": "mattpitman",
    "followingArtist": "Evan Rodd",
    "country_code": "US",
    "country": "USA"
  },
  {
    "username": "allisontjs",
    "followingArtist": "Evan Rodd",
    "country_code": "BR",
    "country": "Brazil"
  },
  {
    "username": "DyerOxley",
    "followingArtist": "Evan Rodd",
    "country_code": "US",
    "country": "USA"
  },
  {
    "username": "SeanBeeson",
    "followingArtist": "Evan Rodd",
    "country_code": "US",
    "country": "USA"
  },
  {
    "username": "jilevin",
    "followingArtist": "Evan Rodd",
    "country_code": "US",
    "country": "USA"
  },
  {
    "username": "BrentStecker",
    "followingArtist": "Evan Rodd",
    "country_code": "US",
    "country": "USA"
  },
  {
    "username": "montoyaorr",
    "followingArtist": "Evan Rodd",
    "country_code": "US",
    "country": "USA"
  },
  {
    "username": "MikeWhitaker",
    "followingArtist": "Evan Rodd",
    "country_code": "US",
    "country": "USA"
  },
  {
    "username": "djchristopherb",
    "followingArtist": "Evan Rodd",
    "country_code": "US",
    "country": "USA"
  }
]