[
  {
    "username": "drchipfool2000",
    "followingArtist": "\u6e21\u908a\u3061\u3053",
    "country_code": "US",
    "country": "USA"
  },
  {
    "username": "JulietA15414256",
    "followingArtist": "\u6e21\u908a\u3061\u3053",
    "country_code": "PH",
    "country": "Philippines"
  },
  {
    "username": "minato_nico25",
    "followingArtist": "\u6e21\u908a\u3061\u3053",
    "country_code": "JP",
    "country": "Japan"
  },
  {
    "username": "jehovahpele",
    "followingArtist": "\u6e21\u908a\u3061\u3053",
    "country_code": "UK",
    "country": "United Kingdom"
  },
  {
    "username": "tzyzhascrzyfh8",
    "followingArtist": "\u6e21\u908a\u3061\u3053",
    "country_code": "DZ",
    "country": "Algeria"
  },
  {
    "username": "era148we",
    "followingArtist": "\u6e21\u908a\u3061\u3053",
    "country_code": "NL",
    "country": "Netherlands"
  },
  {
    "username": "wkfirwuics46",
    "followingArtist": "\u6e21\u908a\u3061\u3053",
    "country_code": "ES",
    "country": "Spain"
  },
  {
    "username": "gdtobpgsxcgnum1",
    "followingArtist": "\u6e21\u908a\u3061\u3053",
    "country_code": "AR",
    "country": "Argentina"
  },
  {
    "username": "NSAIncorporated",
    "followingArtist": "\u6e21\u908a\u3061\u3053",
    "country_code": "US",
    "country": "USA"
  },
  {
    "username": "fggptbwkum5uu",
    "followingArtist": "\u6e21\u908a\u3061\u3053",
    "country_code": "IT",
    "country": "Italy"
  },
  {
    "username": "gdwrnvsg072uqm1",
    "followingArtist": "\u6e21\u908a\u3061\u3053",
    "country_code": "JO",
    "country": "Jordan"
  },
  {
    "username": "sfogmevdn278kr1",
    "followingArtist": "\u6e21\u908a\u3061\u3053",
    "country_code": "VE",
    "country": "Venezuela"
  },
  {
    "username": "ezzfxadi5al",
    "followingArtist": "\u6e21\u908a\u3061\u3053",
    "country_code": "TH",
    "country": "Thailand"
  },
  {
    "username": "jpwpudnwlh6738",
    "followingArtist": "\u6e21\u908a\u3061\u3053",
    "country_code": "TR",
    "country": "Turkey"
  },
  {
    "username": "FaithHillll",
    "followingArtist": "\u6e21\u908a\u3061\u3053",
    "country_code": "US",
    "country": "USA"
  },
  {
    "username": "00D",
    "followingArtist": "\u6e21\u908a\u3061\u3053",
    "country_code": "NG",
    "country": "Nigeria"
  },
  {
    "username": "DaveMansfield",
    "followingArtist": "\u6e21\u908a\u3061\u3053",
    "country_code": "US",
    "country": "USA"
  },
  {
    "username": "sirme_slim",
    "followingArtist": "\u6e21\u908a\u3061\u3053",
    "country_code": "KE",
    "country": "Kenya"
  },
  {
    "username": "AntheaMarket",
    "followingArtist": "\u6e21\u908a\u3061\u3053",
    "country_code": "California City Blvd",
    "country": "California City Blvd"
  },
  {
    "username": "LongNgu35108817",
    "followingArtist": "\u6e21\u908a\u3061\u3053",
    "country_code": "US",
    "country": "USA"
  },
  {
    "username": "SleepSkee",
    "followingArtist": "\u6e21\u908a\u3061\u3053",
    "country_code": "US",
    "country": "USA"
  },
  {
    "username": "DaisyLouTrain",
    "followingArtist": "\u6e21\u908a\u3061\u3053",
    "country_code": "BR",
    "country": "Brazil"
  },
  {
    "username": "lelomsuthu1",
    "followingArtist": "\u6e21\u908a\u3061\u3053",
    "country_code": "ZA",
    "country": "South Africa"
  },
  {
    "username": "LucasBryner3",
    "followingArtist": "\u6e21\u908a\u3061\u3053",
    "country_code": "US",
    "country": "USA"
  },
  {
    "username": "mily_dj",
    "followingArtist": "\u6e21\u908a\u3061\u3053",
    "country_code": "CO",
    "country": "Colombia"
  },
  {
    "username": "raducom",
    "followingArtist": "\u6e21\u908a\u3061\u3053",
    "country_code": "US",
    "country": "USA"
  },
  {
    "username": "olaerciosilva",
    "followingArtist": "\u6e21\u908a\u3061\u3053",
    "country_code": "BR",
    "country": "Brazil"
  },
  {
    "username": "NHP_ProWriter",
    "followingArtist": "\u6e21\u908a\u3061\u3053",
    "country_code": "US",
    "country": "USA"
  },
  {
    "username": "SceloM10",
    "followingArtist": "\u6e21\u908a\u3061\u3053",
    "country_code": "ZA",
    "country": "South Africa"
  },
  {
    "username": "JustHloni",
    "followingArtist": "\u6e21\u908a\u3061\u3053",
    "country_code": "BJ",
    "country": "Benin"
  },
  {
    "username": "D0LLIAN",
    "followingArtist": "\u6e21\u908a\u3061\u3053",
    "country_code": "US",
    "country": "USA"
  },
  {
    "username": "sloppi96",
    "followingArtist": "\u6e21\u908a\u3061\u3053",
    "country_code": "NG",
    "country": "Nigeria"
  },
  {
    "username": "ItsKayN",
    "followingArtist": "\u6e21\u908a\u3061\u3053",
    "country_code": "KE",
    "country": "Kenya"
  },
  {
    "username": "LaSerenaOnline",
    "followingArtist": "\u6e21\u908a\u3061\u3053",
    "country_code": "US",
    "country": "USA"
  },
  {
    "username": "MayorAsuquo",
    "followingArtist": "\u6e21\u908a\u3061\u3053",
    "country_code": "NG",
    "country": "Nigeria"
  },
  {
    "username": "avedi_nelly",
    "followingArtist": "\u6e21\u908a\u3061\u3053",
    "country_code": "KE",
    "country": "Kenya"
  },
  {
    "username": "vietbnvn93",
    "followingArtist": "\u6e21\u908a\u3061\u3053",
    "country_code": "CA",
    "country": "Canada"
  },
  {
    "username": "Alberto47718847",
    "followingArtist": "\u6e21\u908a\u3061\u3053",
    "country_code": "ZA",
    "country": "South Africa"
  },
  {
    "username": "talk29jaolofofo",
    "followingArtist": "\u6e21\u908a\u3061\u3053",
    "country_code": "NG",
    "country": "Nigeria"
  },
  {
    "username": "Mr0rkunn",
    "followingArtist": "\u6e21\u908a\u3061\u3053",
    "country_code": "TR",
    "country": "Turkey"
  },
  {
    "username": "royalrath",
    "followingArtist": "\u6e21\u908a\u3061\u3053",
    "country_code": "BD",
    "country": "Bangladesh"
  },
  {
    "username": "OnasinDannie",
    "followingArtist": "\u6e21\u908a\u3061\u3053",
    "country_code": "US",
    "country": "USA"
  },
  {
    "username": "GeezyRapuleng",
    "followingArtist": "\u6e21\u908a\u3061\u3053",
    "country_code": "ZA",
    "country": "South Africa"
  },
  {
    "username": "juwadikimiyaho2",
    "followingArtist": "\u6e21\u908a\u3061\u3053",
    "country_code": "ID",
    "country": "Indonesia"
  },
  {
    "username": "paristo7895",
    "followingArtist": "\u6e21\u908a\u3061\u3053",
    "country_code": "US",
    "country": "USA"
  },
  {
    "username": "o5lb_",
    "followingArtist": "\u6e21\u908a\u3061\u3053",
    "country_code": "MR",
    "country": "Mauritania"
  },
  {
    "username": "diskunion_dkp",
    "followingArtist": "\u6e21\u908a\u3061\u3053",
    "country_code": "TK",
    "country": "Tokelau"
  },
  {
    "username": "kc6885",
    "followingArtist": "\u6e21\u908a\u3061\u3053",
    "country_code": "US",
    "country": "USA"
  },
  {
    "username": "ko_yuli",
    "followingArtist": "\u6e21\u908a\u3061\u3053",
    "country_code": "US",
    "country": "USA"
  },
  {
    "username": "nisimunisimu",
    "followingArtist": "\u6e21\u908a\u3061\u3053",
    "country_code": "JP",
    "country": "Japan"
  },
  {
    "username": "nickannesley",
    "followingArtist": "\u6e21\u908a\u3061\u3053",
    "country_code": "AU",
    "country": "Australia"
  },
  {
    "username": "shiina_ai0327",
    "followingArtist": "\u6e21\u908a\u3061\u3053",
    "country_code": "in",
    "country": "India"
  },
  {
    "username": "cs112345",
    "followingArtist": "\u6e21\u908a\u3061\u3053",
    "country_code": "US",
    "country": "USA"
  },
  {
    "username": "Matcha_Art",
    "followingArtist": "\u6e21\u908a\u3061\u3053",
    "country_code": "Tennessee Ave",
    "country": "Tennessee Ave"
  },
  {
    "username": "EmmanuelAfolabe",
    "followingArtist": "\u6e21\u908a\u3061\u3053",
    "country_code": "NG",
    "country": "Nigeria"
  },
  {
    "username": "Beytell66",
    "followingArtist": "\u6e21\u908a\u3061\u3053",
    "country_code": "BJ",
    "country": "Benin"
  },
  {
    "username": "lauraevans_ann",
    "followingArtist": "\u6e21\u908a\u3061\u3053",
    "country_code": "US",
    "country": "USA"
  },
  {
    "username": "leloup0981",
    "followingArtist": "\u6e21\u908a\u3061\u3053",
    "country_code": "CA",
    "country": "Canada"
  },
  {
    "username": "Johntheuri",
    "followingArtist": "\u6e21\u908a\u3061\u3053",
    "country_code": "KE",
    "country": "Kenya"
  },
  {
    "username": "marianoalbi",
    "followingArtist": "\u6e21\u908a\u3061\u3053",
    "country_code": "VE",
    "country": "Venezuela"
  },
  {
    "username": "KateCrypt",
    "followingArtist": "\u6e21\u908a\u3061\u3053",
    "country_code": "US",
    "country": "USA"
  },
  {
    "username": "Tee_Mct",
    "followingArtist": "\u6e21\u908a\u3061\u3053",
    "country_code": "FR",
    "country": "France"
  },
  {
    "username": "Prince_Lu2lee",
    "followingArtist": "\u6e21\u908a\u3061\u3053",
    "country_code": "ZA",
    "country": "South Africa"
  },
  {
    "username": "yellowsalamande",
    "followingArtist": "\u6e21\u908a\u3061\u3053",
    "country_code": "JP",
    "country": "Japan"
  },
  {
    "username": "Chrizamo",
    "followingArtist": "\u6e21\u908a\u3061\u3053",
    "country_code": "US",
    "country": "USA"
  },
  {
    "username": "masakk24",
    "followingArtist": "\u6e21\u908a\u3061\u3053",
    "country_code": "JP",
    "country": "Japan"
  },
  {
    "username": "VempaBhaskarar7",
    "followingArtist": "\u6e21\u908a\u3061\u3053",
    "country_code": "IN",
    "country": "India"
  },
  {
    "username": "82e57_a",
    "followingArtist": "\u6e21\u908a\u3061\u3053",
    "country_code": "JP",
    "country": "Japan"
  },
  {
    "username": "Dekwid9",
    "followingArtist": "\u6e21\u908a\u3061\u3053",
    "country_code": "ID",
    "country": "Indonesia"
  },
  {
    "username": "XHALLTHEATEROSU",
    "followingArtist": "\u6e21\u908a\u3061\u3053",
    "country_code": "TK",
    "country": "Tokelau"
  },
  {
    "username": "Danny32916",
    "followingArtist": "\u6e21\u908a\u3061\u3053",
    "country_code": "DE",
    "country": "Germany"
  },
  {
    "username": "diskunion_ds9",
    "followingArtist": "\u6e21\u908a\u3061\u3053",
    "country_code": "TK",
    "country": "Tokelau"
  },
  {
    "username": "PorliDen",
    "followingArtist": "\u6e21\u908a\u3061\u3053",
    "country_code": "MY",
    "country": "Malaysia"
  },
  {
    "username": "cream0325",
    "followingArtist": "\u6e21\u908a\u3061\u3053",
    "country_code": "SG",
    "country": "Singapore"
  },
  {
    "username": "TAKASHIUNI",
    "followingArtist": "\u6e21\u908a\u3061\u3053",
    "country_code": "JP",
    "country": "Japan"
  },
  {
    "username": "Teenagernotes0",
    "followingArtist": "\u6e21\u908a\u3061\u3053",
    "country_code": "IN",
    "country": "India"
  },
  {
    "username": "kamenrider_jin",
    "followingArtist": "\u6e21\u908a\u3061\u3053",
    "country_code": "JP",
    "country": "Japan"
  },
  {
    "username": "MAPFRELasTablas",
    "followingArtist": "\u6e21\u908a\u3061\u3053",
    "country_code": "US",
    "country": "USA"
  },
  {
    "username": "NkanyeziKubheka",
    "followingArtist": "\u6e21\u908a\u3061\u3053",
    "country_code": "BJ",
    "country": "Benin"
  },
  {
    "username": "MnmgtyhoESX9UBv",
    "followingArtist": "\u6e21\u908a\u3061\u3053",
    "country_code": "DK",
    "country": "Denmark"
  },
  {
    "username": "Oleg95035860",
    "followingArtist": "\u6e21\u908a\u3061\u3053",
    "country_code": "GB",
    "country": "Great Britain"
  },
  {
    "username": "58_wz",
    "followingArtist": "\u6e21\u908a\u3061\u3053",
    "country_code": "AR",
    "country": "Argentina"
  },
  {
    "username": "RTFollowBackOK",
    "followingArtist": "\u6e21\u908a\u3061\u3053",
    "country_code": "IT",
    "country": "Italy"
  },
  {
    "username": "RhoniDu",
    "followingArtist": "\u6e21\u908a\u3061\u3053",
    "country_code": "US",
    "country": "USA"
  },
  {
    "username": "aIKkRnXrLFenrGz",
    "followingArtist": "\u6e21\u908a\u3061\u3053",
    "country_code": "US",
    "country": "USA"
  },
  {
    "username": "faycel_bahloul",
    "followingArtist": "\u6e21\u908a\u3061\u3053",
    "country_code": "HT",
    "country": "Haiti"
  },
  {
    "username": "kd_io1",
    "followingArtist": "\u6e21\u908a\u3061\u3053",
    "country_code": "US",
    "country": "USA"
  },
  {
    "username": "tanjaplayner",
    "followingArtist": "\u6e21\u908a\u3061\u3053",
    "country_code": "AT",
    "country": "Austria"
  },
  {
    "username": "wa24rda",
    "followingArtist": "\u6e21\u908a\u3061\u3053",
    "country_code": "US",
    "country": "USA"
  },
  {
    "username": "mtvjoey",
    "followingArtist": "\u6e21\u908a\u3061\u3053",
    "country_code": "IN",
    "country": "India"
  },
  {
    "username": "Tanya_1ok",
    "followingArtist": "\u6e21\u908a\u3061\u3053",
    "country_code": "IN",
    "country": "India"
  },
  {
    "username": "dj_nibs",
    "followingArtist": "\u6e21\u908a\u3061\u3053",
    "country_code": "UK",
    "country": "United Kingdom"
  },
  {
    "username": "rw__099",
    "followingArtist": "\u6e21\u908a\u3061\u3053",
    "country_code": "US",
    "country": "USA"
  },
  {
    "username": "BreadBoi",
    "followingArtist": "\u6e21\u908a\u3061\u3053",
    "country_code": "US",
    "country": "USA"
  },
  {
    "username": "xxMxxGxxWxxVxx",
    "followingArtist": "\u6e21\u908a\u3061\u3053",
    "country_code": "IT",
    "country": "Italy"
  },
  {
    "username": "BinA7mad_",
    "followingArtist": "\u6e21\u908a\u3061\u3053",
    "country_code": "AE",
    "country": "United Arab Emirates"
  },
  {
    "username": "xMxxxGxxxWxxxVx",
    "followingArtist": "\u6e21\u908a\u3061\u3053",
    "country_code": "UG",
    "country": "Uganda"
  },
  {
    "username": "JaideepDas10",
    "followingArtist": "\u6e21\u908a\u3061\u3053",
    "country_code": "IN",
    "country": "India"
  },
  {
    "username": "w___d_05",
    "followingArtist": "\u6e21\u908a\u3061\u3053",
    "country_code": "US",
    "country": "USA"
  },
  {
    "username": "gen4coin",
    "followingArtist": "\u6e21\u908a\u3061\u3053",
    "country_code": "VN",
    "country": "Viet Nam"
  },
  {
    "username": "JUMPMANo",
    "followingArtist": "\u6e21\u908a\u3061\u3053",
    "country_code": "US",
    "country": "USA"
  },
  {
    "username": "CartelPromo",
    "followingArtist": "\u6e21\u908a\u3061\u3053",
    "country_code": "CA",
    "country": "Canada"
  },
  {
    "username": "FaithMoraba",
    "followingArtist": "\u6e21\u908a\u3061\u3053",
    "country_code": "BJ",
    "country": "Benin"
  },
  {
    "username": "Permatrippin",
    "followingArtist": "\u6e21\u908a\u3061\u3053",
    "country_code": "US",
    "country": "USA"
  },
  {
    "username": "rohaniteacher1",
    "followingArtist": "\u6e21\u908a\u3061\u3053",
    "country_code": "PK",
    "country": "Pakistan"
  },
  {
    "username": "MarceloMjrios",
    "followingArtist": "\u6e21\u908a\u3061\u3053",
    "country_code": "AR",
    "country": "Argentina"
  },
  {
    "username": "VidushiOm",
    "followingArtist": "\u6e21\u908a\u3061\u3053",
    "country_code": "IN",
    "country": "India"
  },
  {
    "username": "SergioA60798547",
    "followingArtist": "\u6e21\u908a\u3061\u3053",
    "country_code": "US",
    "country": "USA"
  },
  {
    "username": "Neinvisivel",
    "followingArtist": "\u6e21\u908a\u3061\u3053",
    "country_code": "BE",
    "country": "Belgium"
  },
  {
    "username": "OnlyGod85908339",
    "followingArtist": "\u6e21\u908a\u3061\u3053",
    "country_code": "GB",
    "country": "Great Britain"
  },
  {
    "username": "janicec86",
    "followingArtist": "\u6e21\u908a\u3061\u3053",
    "country_code": "US",
    "country": "USA"
  },
  {
    "username": "Alansari198",
    "followingArtist": "\u6e21\u908a\u3061\u3053",
    "country_code": "MA",
    "country": "Morocco"
  },
  {
    "username": "josephcoker71",
    "followingArtist": "\u6e21\u908a\u3061\u3053",
    "country_code": "NG",
    "country": "Nigeria"
  },
  {
    "username": "inewxtme",
    "followingArtist": "\u6e21\u908a\u3061\u3053",
    "country_code": "BR",
    "country": "Brazil"
  },
  {
    "username": "AliyahS74787428",
    "followingArtist": "\u6e21\u908a\u3061\u3053",
    "country_code": "ES",
    "country": "Spain"
  },
  {
    "username": "StevemanElias",
    "followingArtist": "\u6e21\u908a\u3061\u3053",
    "country_code": "US",
    "country": "USA"
  },
  {
    "username": "emarosmusic",
    "followingArtist": "\u6e21\u908a\u3061\u3053",
    "country_code": "BR",
    "country": "Brazil"
  },
  {
    "username": "Gachy__River",
    "followingArtist": "\u6e21\u908a\u3061\u3053",
    "country_code": "PR",
    "country": "Puerto Rico"
  },
  {
    "username": "TheRealLMaree",
    "followingArtist": "\u6e21\u908a\u3061\u3053",
    "country_code": "US",
    "country": "USA"
  },
  {
    "username": "Neglxcted",
    "followingArtist": "\u6e21\u908a\u3061\u3053",
    "country_code": "US",
    "country": "USA"
  },
  {
    "username": "blanacleta1",
    "followingArtist": "\u6e21\u908a\u3061\u3053",
    "country_code": "SY",
    "country": "Syria"
  },
  {
    "username": "kingswing99",
    "followingArtist": "\u6e21\u908a\u3061\u3053",
    "country_code": "BR",
    "country": "Brazil"
  },
  {
    "username": "DTongSports",
    "followingArtist": "\u6e21\u908a\u3061\u3053",
    "country_code": "US",
    "country": "USA"
  },
  {
    "username": "DantaniPrakash3",
    "followingArtist": "\u6e21\u908a\u3061\u3053",
    "country_code": "IN",
    "country": "India"
  },
  {
    "username": "Manganyevukona",
    "followingArtist": "\u6e21\u908a\u3061\u3053",
    "country_code": "ZA",
    "country": "South Africa"
  },
  {
    "username": "Thain86933952",
    "followingArtist": "\u6e21\u908a\u3061\u3053",
    "country_code": "BR",
    "country": "Brazil"
  },
  {
    "username": "R3PUTATIONKILLA",
    "followingArtist": "\u6e21\u908a\u3061\u3053",
    "country_code": "BR",
    "country": "Brazil"
  },
  {
    "username": "jaylonewolf577",
    "followingArtist": "\u6e21\u908a\u3061\u3053",
    "country_code": "US",
    "country": "USA"
  },
  {
    "username": "maria_quiuqui",
    "followingArtist": "\u6e21\u908a\u3061\u3053",
    "country_code": "BR",
    "country": "Brazil"
  },
  {
    "username": "RebaMokgoko",
    "followingArtist": "\u6e21\u908a\u3061\u3053",
    "country_code": "BJ",
    "country": "Benin"
  },
  {
    "username": "gogororo20",
    "followingArtist": "\u6e21\u908a\u3061\u3053",
    "country_code": "EG",
    "country": "Egypt"
  },
  {
    "username": "bordong2",
    "followingArtist": "\u6e21\u908a\u3061\u3053",
    "country_code": "US",
    "country": "USA"
  },
  {
    "username": "ibrahim_nayci",
    "followingArtist": "\u6e21\u908a\u3061\u3053",
    "country_code": "TR",
    "country": "Turkey"
  },
  {
    "username": "6xxPANDAxx6",
    "followingArtist": "\u6e21\u908a\u3061\u3053",
    "country_code": "US",
    "country": "USA"
  },
  {
    "username": "PsychicHealerC",
    "followingArtist": "\u6e21\u908a\u3061\u3053",
    "country_code": "US",
    "country": "USA"
  },
  {
    "username": "RSAVelaphi",
    "followingArtist": "\u6e21\u908a\u3061\u3053",
    "country_code": "US",
    "country": "USA"
  },
  {
    "username": "Chico_Mills",
    "followingArtist": "\u6e21\u908a\u3061\u3053",
    "country_code": "US",
    "country": "USA"
  },
  {
    "username": "kfbgBurnaMan",
    "followingArtist": "\u6e21\u908a\u3061\u3053",
    "country_code": "US",
    "country": "USA"
  },
  {
    "username": "de_morenoVR",
    "followingArtist": "\u6e21\u908a\u3061\u3053",
    "country_code": "GH",
    "country": "Ghana"
  },
  {
    "username": "Americoriver83",
    "followingArtist": "\u6e21\u908a\u3061\u3053",
    "country_code": "US",
    "country": "USA"
  },
  {
    "username": "SamyoBlanco187",
    "followingArtist": "\u6e21\u908a\u3061\u3053",
    "country_code": "US",
    "country": "USA"
  },
  {
    "username": "outfitsdresses",
    "followingArtist": "\u6e21\u908a\u3061\u3053",
    "country_code": "BR",
    "country": "Brazil"
  },
  {
    "username": "YouFineAfKenKen",
    "followingArtist": "\u6e21\u908a\u3061\u3053",
    "country_code": "US",
    "country": "USA"
  },
  {
    "username": "seudevan",
    "followingArtist": "\u6e21\u908a\u3061\u3053",
    "country_code": "BR",
    "country": "Brazil"
  },
  {
    "username": "riteshmm60",
    "followingArtist": "\u6e21\u908a\u3061\u3053",
    "country_code": "California City Blvd",
    "country": "California City Blvd"
  },
  {
    "username": "GregT414",
    "followingArtist": "\u6e21\u908a\u3061\u3053",
    "country_code": "US",
    "country": "USA"
  },
  {
    "username": "bnt__30",
    "followingArtist": "\u6e21\u908a\u3061\u3053",
    "country_code": "US",
    "country": "USA"
  },
  {
    "username": "diogooficialda7",
    "followingArtist": "\u6e21\u908a\u3061\u3053",
    "country_code": "MG",
    "country": "Madagascar"
  },
  {
    "username": "3__zba",
    "followingArtist": "\u6e21\u908a\u3061\u3053",
    "country_code": "US",
    "country": "USA"
  },
  {
    "username": "Mahaakal1",
    "followingArtist": "\u6e21\u908a\u3061\u3053",
    "country_code": "IN",
    "country": "India"
  },
  {
    "username": "TophazChris",
    "followingArtist": "\u6e21\u908a\u3061\u3053",
    "country_code": "UG",
    "country": "Uganda"
  },
  {
    "username": "Nahian_Nayim",
    "followingArtist": "\u6e21\u908a\u3061\u3053",
    "country_code": "BD",
    "country": "Bangladesh"
  },
  {
    "username": "Ravinde82522543",
    "followingArtist": "\u6e21\u908a\u3061\u3053",
    "country_code": "IN",
    "country": "India"
  },
  {
    "username": "gabriel31052001",
    "followingArtist": "\u6e21\u908a\u3061\u3053",
    "country_code": "GH",
    "country": "Ghana"
  },
  {
    "username": "PacoGuardia1",
    "followingArtist": "\u6e21\u908a\u3061\u3053",
    "country_code": "GB",
    "country": "Great Britain"
  },
  {
    "username": "ingerickramire1",
    "followingArtist": "\u6e21\u908a\u3061\u3053",
    "country_code": "VU",
    "country": "Vanuatu"
  },
  {
    "username": "ImoveisKakau",
    "followingArtist": "\u6e21\u908a\u3061\u3053",
    "country_code": "VU",
    "country": "Vanuatu"
  },
  {
    "username": "RaulReynoso10",
    "followingArtist": "\u6e21\u908a\u3061\u3053",
    "country_code": "US",
    "country": "USA"
  },
  {
    "username": "heshanisulo90",
    "followingArtist": "\u6e21\u908a\u3061\u3053",
    "country_code": "US",
    "country": "USA"
  },
  {
    "username": "abhishe74771187",
    "followingArtist": "\u6e21\u908a\u3061\u3053",
    "country_code": "IN",
    "country": "India"
  },
  {
    "username": "Miameh18",
    "followingArtist": "\u6e21\u908a\u3061\u3053",
    "country_code": "US",
    "country": "USA"
  },
  {
    "username": "PackkLoud",
    "followingArtist": "\u6e21\u908a\u3061\u3053",
    "country_code": "US",
    "country": "USA"
  },
  {
    "username": "Ib_Rafeeu",
    "followingArtist": "\u6e21\u908a\u3061\u3053",
    "country_code": "ID",
    "country": "Indonesia"
  },
  {
    "username": "KimberIILoaiza_",
    "followingArtist": "\u6e21\u908a\u3061\u3053",
    "country_code": "MX",
    "country": "Mexico"
  },
  {
    "username": "Usinagem3",
    "followingArtist": "\u6e21\u908a\u3061\u3053",
    "country_code": "IT",
    "country": "Italy"
  },
  {
    "username": "LillieClips",
    "followingArtist": "\u6e21\u908a\u3061\u3053",
    "country_code": "US",
    "country": "USA"
  },
  {
    "username": "JoseEldoSilva1",
    "followingArtist": "\u6e21\u908a\u3061\u3053",
    "country_code": "BR",
    "country": "Brazil"
  },
  {
    "username": "elcarlyyque56",
    "followingArtist": "\u6e21\u908a\u3061\u3053",
    "country_code": "DE",
    "country": "Germany"
  },
  {
    "username": "joyschya",
    "followingArtist": "\u6e21\u908a\u3061\u3053",
    "country_code": "BR",
    "country": "Brazil"
  },
  {
    "username": "m_Dreem",
    "followingArtist": "\u6e21\u908a\u3061\u3053",
    "country_code": "IR",
    "country": "Iran"
  },
  {
    "username": "Arellanoloz58",
    "followingArtist": "\u6e21\u908a\u3061\u3053",
    "country_code": "US",
    "country": "USA"
  },
  {
    "username": "ro0z5_",
    "followingArtist": "\u6e21\u908a\u3061\u3053",
    "country_code": "SA",
    "country": "Saudi Arabia"
  },
  {
    "username": "DRJAMESCABOT",
    "followingArtist": "\u6e21\u908a\u3061\u3053",
    "country_code": "CH",
    "country": "Switzerland"
  },
  {
    "username": "Help_F1",
    "followingArtist": "\u6e21\u908a\u3061\u3053",
    "country_code": "US",
    "country": "USA"
  },
  {
    "username": "Reker_job",
    "followingArtist": "\u6e21\u908a\u3061\u3053",
    "country_code": "DK",
    "country": "Denmark"
  },
  {
    "username": "ideep_space",
    "followingArtist": "\u6e21\u908a\u3061\u3053",
    "country_code": "GB",
    "country": "Great Britain"
  },
  {
    "username": "TALo_3",
    "followingArtist": "\u6e21\u908a\u3061\u3053",
    "country_code": "JP",
    "country": "Japan"
  },
  {
    "username": "voulpiw",
    "followingArtist": "\u6e21\u908a\u3061\u3053",
    "country_code": "JP",
    "country": "Japan"
  },
  {
    "username": "MakoMako920",
    "followingArtist": "\u6e21\u908a\u3061\u3053",
    "country_code": "IR",
    "country": "Iran"
  },
  {
    "username": "oTAulemon",
    "followingArtist": "\u6e21\u908a\u3061\u3053",
    "country_code": "DK",
    "country": "Denmark"
  },
  {
    "username": "_hiirochan_",
    "followingArtist": "\u6e21\u908a\u3061\u3053",
    "country_code": "TW",
    "country": "Taiwan"
  },
  {
    "username": "losinkz",
    "followingArtist": "\u6e21\u908a\u3061\u3053",
    "country_code": "HK",
    "country": "Hong Kong"
  },
  {
    "username": "adolfo87892751",
    "followingArtist": "\u6e21\u908a\u3061\u3053",
    "country_code": "PE",
    "country": "Peru"
  },
  {
    "username": "blake13fu",
    "followingArtist": "\u6e21\u908a\u3061\u3053",
    "country_code": "TW",
    "country": "Taiwan"
  },
  {
    "username": "namiko64191309",
    "followingArtist": "\u6e21\u908a\u3061\u3053",
    "country_code": "ID",
    "country": "Indonesia"
  },
  {
    "username": "hapizekelate",
    "followingArtist": "\u6e21\u908a\u3061\u3053",
    "country_code": "IN",
    "country": "India"
  },
  {
    "username": "sz_fauyua",
    "followingArtist": "\u6e21\u908a\u3061\u3053",
    "country_code": "JP",
    "country": "Japan"
  },
  {
    "username": "wweenn",
    "followingArtist": "\u6e21\u908a\u3061\u3053",
    "country_code": "ID",
    "country": "Indonesia"
  },
  {
    "username": "spaceman_1978",
    "followingArtist": "\u6e21\u908a\u3061\u3053",
    "country_code": "JP",
    "country": "Japan"
  },
  {
    "username": "estoy27",
    "followingArtist": "\u6e21\u908a\u3061\u3053",
    "country_code": "PH",
    "country": "Philippines"
  },
  {
    "username": "asaiem",
    "followingArtist": "\u6e21\u908a\u3061\u3053",
    "country_code": "JP",
    "country": "Japan"
  },
  {
    "username": "K_R_syokun369",
    "followingArtist": "\u6e21\u908a\u3061\u3053",
    "country_code": "JP",
    "country": "Japan"
  },
  {
    "username": "all_cscafe",
    "followingArtist": "\u6e21\u908a\u3061\u3053",
    "country_code": "TK",
    "country": "Tokelau"
  },
  {
    "username": "shekijlm5",
    "followingArtist": "\u6e21\u908a\u3061\u3053",
    "country_code": "PH",
    "country": "Philippines"
  },
  {
    "username": "TyYua",
    "followingArtist": "\u6e21\u908a\u3061\u3053",
    "country_code": "RO",
    "country": "Romania"
  },
  {
    "username": "EX_dogeza",
    "followingArtist": "\u6e21\u908a\u3061\u3053",
    "country_code": "JP",
    "country": "Japan"
  },
  {
    "username": "skyler_antin",
    "followingArtist": "\u6e21\u908a\u3061\u3053",
    "country_code": "BJ",
    "country": "Benin"
  },
  {
    "username": "sy_ank",
    "followingArtist": "\u6e21\u908a\u3061\u3053",
    "country_code": "JP",
    "country": "Japan"
  },
  {
    "username": "ayanami6043",
    "followingArtist": "\u6e21\u908a\u3061\u3053",
    "country_code": "US",
    "country": "USA"
  },
  {
    "username": "aripguntur_",
    "followingArtist": "\u6e21\u908a\u3061\u3053",
    "country_code": "ID",
    "country": "Indonesia"
  },
  {
    "username": "tanoshimu7",
    "followingArtist": "\u6e21\u908a\u3061\u3053",
    "country_code": "CZ",
    "country": "Czech Republic"
  },
  {
    "username": "panpanpansuke",
    "followingArtist": "\u6e21\u908a\u3061\u3053",
    "country_code": "US",
    "country": "USA"
  },
  {
    "username": "kennethkam1",
    "followingArtist": "\u6e21\u908a\u3061\u3053",
    "country_code": "MY",
    "country": "Malaysia"
  },
  {
    "username": "kenkun_photoaka",
    "followingArtist": "\u6e21\u908a\u3061\u3053",
    "country_code": "JP",
    "country": "Japan"
  },
  {
    "username": "BeatsByNeon",
    "followingArtist": "\u6e21\u908a\u3061\u3053",
    "country_code": "US",
    "country": "USA"
  },
  {
    "username": "kurochan1999",
    "followingArtist": "\u6e21\u908a\u3061\u3053",
    "country_code": "UA",
    "country": "Ukraine"
  },
  {
    "username": "zccshome",
    "followingArtist": "\u6e21\u908a\u3061\u3053",
    "country_code": "CN",
    "country": "China"
  },
  {
    "username": "always_clutch",
    "followingArtist": "\u6e21\u908a\u3061\u3053",
    "country_code": "US",
    "country": "USA"
  },
  {
    "username": "LILBTHEBASEDGOD",
    "followingArtist": "\u6e21\u908a\u3061\u3053",
    "country_code": "US",
    "country": "USA"
  },
  {
    "username": "TruuPharaoh",
    "followingArtist": "\u6e21\u908a\u3061\u3053",
    "country_code": "US",
    "country": "USA"
  },
  {
    "username": "Anna____DM",
    "followingArtist": "\u6e21\u908a\u3061\u3053",
    "country_code": "US",
    "country": "USA"
  },
  {
    "username": "AliceUnidoSTeam",
    "followingArtist": "\u6e21\u908a\u3061\u3053",
    "country_code": "MR",
    "country": "Mauritania"
  },
  {
    "username": "ssyk49",
    "followingArtist": "\u6e21\u908a\u3061\u3053",
    "country_code": "es",
    "country": "Spain"
  },
  {
    "username": "MaDeFL",
    "followingArtist": "\u6e21\u908a\u3061\u3053",
    "country_code": "US",
    "country": "USA"
  },
  {
    "username": "MrIanHitchings",
    "followingArtist": "\u6e21\u908a\u3061\u3053",
    "country_code": "UK",
    "country": "United Kingdom"
  },
  {
    "username": "marie_0627",
    "followingArtist": "\u6e21\u908a\u3061\u3053",
    "country_code": "JP",
    "country": "Japan"
  },
  {
    "username": "jenoki48",
    "followingArtist": "\u6e21\u908a\u3061\u3053",
    "country_code": "JP",
    "country": "Japan"
  },
  {
    "username": "a3_bs_m",
    "followingArtist": "\u6e21\u908a\u3061\u3053",
    "country_code": "NL",
    "country": "Netherlands"
  },
  {
    "username": "JF105s",
    "followingArtist": "\u6e21\u908a\u3061\u3053",
    "country_code": "US",
    "country": "USA"
  },
  {
    "username": "mirin_borubo",
    "followingArtist": "\u6e21\u908a\u3061\u3053",
    "country_code": "TR",
    "country": "Turkey"
  },
  {
    "username": "hosian_480",
    "followingArtist": "\u6e21\u908a\u3061\u3053",
    "country_code": "FR",
    "country": "France"
  },
  {
    "username": "nyaaaan_ni_no",
    "followingArtist": "\u6e21\u908a\u3061\u3053",
    "country_code": "MR",
    "country": "Mauritania"
  },
  {
    "username": "akhyar_22",
    "followingArtist": "\u6e21\u908a\u3061\u3053",
    "country_code": "ID",
    "country": "Indonesia"
  },
  {
    "username": "masarun1023",
    "followingArtist": "\u6e21\u908a\u3061\u3053",
    "country_code": "KH",
    "country": "Cambodia"
  },
  {
    "username": "Hanissalim99",
    "followingArtist": "\u6e21\u908a\u3061\u3053",
    "country_code": "US",
    "country": "USA"
  },
  {
    "username": "KitsuneDogma",
    "followingArtist": "\u6e21\u908a\u3061\u3053",
    "country_code": "BR",
    "country": "Brazil"
  },
  {
    "username": "Tadahiro_HANABI",
    "followingArtist": "\u6e21\u908a\u3061\u3053",
    "country_code": "JP",
    "country": "Japan"
  },
  {
    "username": "cas_tiiisan",
    "followingArtist": "\u6e21\u908a\u3061\u3053",
    "country_code": "JP",
    "country": "Japan"
  },
  {
    "username": "Mordhel44",
    "followingArtist": "\u6e21\u908a\u3061\u3053",
    "country_code": "UK",
    "country": "United Kingdom"
  },
  {
    "username": "ssgoverlord",
    "followingArtist": "\u6e21\u908a\u3061\u3053",
    "country_code": "US",
    "country": "USA"
  },
  {
    "username": "DPlLhG4dbcCqRIa",
    "followingArtist": "\u6e21\u908a\u3061\u3053",
    "country_code": "BE",
    "country": "Belgium"
  },
  {
    "username": "beyond_a_grave",
    "followingArtist": "\u6e21\u908a\u3061\u3053",
    "country_code": "JP",
    "country": "Japan"
  },
  {
    "username": "TexasIdolFest",
    "followingArtist": "\u6e21\u908a\u3061\u3053",
    "country_code": "US",
    "country": "USA"
  },
  {
    "username": "wotashu",
    "followingArtist": "\u6e21\u908a\u3061\u3053",
    "country_code": "US",
    "country": "USA"
  },
  {
    "username": "MilkyKittyChu",
    "followingArtist": "\u6e21\u908a\u3061\u3053",
    "country_code": "US",
    "country": "USA"
  },
  {
    "username": "s_oremaca",
    "followingArtist": "\u6e21\u908a\u3061\u3053",
    "country_code": "in",
    "country": "India"
  },
  {
    "username": "open_arisa",
    "followingArtist": "\u6e21\u908a\u3061\u3053",
    "country_code": "in",
    "country": "India"
  },
  {
    "username": "Rizukinyan",
    "followingArtist": "\u6e21\u908a\u3061\u3053",
    "country_code": "ID",
    "country": "Indonesia"
  },
  {
    "username": "leo676789",
    "followingArtist": "\u6e21\u908a\u3061\u3053",
    "country_code": "TW",
    "country": "Taiwan"
  },
  {
    "username": "KevinVongreger",
    "followingArtist": "\u6e21\u908a\u3061\u3053",
    "country_code": "US",
    "country": "USA"
  },
  {
    "username": "pipipitoka",
    "followingArtist": "\u6e21\u908a\u3061\u3053",
    "country_code": "in",
    "country": "India"
  },
  {
    "username": "TulkenGroup48",
    "followingArtist": "\u6e21\u908a\u3061\u3053",
    "country_code": "LB",
    "country": "Lebanon"
  },
  {
    "username": "FOLLOWHELP1998",
    "followingArtist": "\u6e21\u908a\u3061\u3053",
    "country_code": "UK",
    "country": "United Kingdom"
  },
  {
    "username": "Sanjib89344639",
    "followingArtist": "\u6e21\u908a\u3061\u3053",
    "country_code": "IT",
    "country": "Italy"
  },
  {
    "username": "gafiww",
    "followingArtist": "\u6e21\u908a\u3061\u3053",
    "country_code": "TH",
    "country": "Thailand"
  },
  {
    "username": "curioso_soy",
    "followingArtist": "\u6e21\u908a\u3061\u3053",
    "country_code": "GB",
    "country": "Great Britain"
  },
  {
    "username": "_Lodega",
    "followingArtist": "\u6e21\u908a\u3061\u3053",
    "country_code": "GB",
    "country": "Great Britain"
  },
  {
    "username": "TW_Muzik",
    "followingArtist": "\u6e21\u908a\u3061\u3053",
    "country_code": "UK",
    "country": "United Kingdom"
  },
  {
    "username": "SisiPHC",
    "followingArtist": "\u6e21\u908a\u3061\u3053",
    "country_code": "NG",
    "country": "Nigeria"
  },
  {
    "username": "ZinzuvadiyaSan1",
    "followingArtist": "\u6e21\u908a\u3061\u3053",
    "country_code": "IN",
    "country": "India"
  },
  {
    "username": "deri_whydn",
    "followingArtist": "\u6e21\u908a\u3061\u3053",
    "country_code": "ID",
    "country": "Indonesia"
  },
  {
    "username": "12kiyo15",
    "followingArtist": "\u6e21\u908a\u3061\u3053",
    "country_code": "UK",
    "country": "United Kingdom"
  },
  {
    "username": "UNIVERSAL_D",
    "followingArtist": "\u6e21\u908a\u3061\u3053",
    "country_code": "JP",
    "country": "Japan"
  },
  {
    "username": "moesms2822",
    "followingArtist": "\u6e21\u908a\u3061\u3053",
    "country_code": "JP",
    "country": "Japan"
  },
  {
    "username": "tomorock01",
    "followingArtist": "\u6e21\u908a\u3061\u3053",
    "country_code": "JP",
    "country": "Japan"
  },
  {
    "username": "Saorinu_",
    "followingArtist": "\u6e21\u908a\u3061\u3053",
    "country_code": "RO",
    "country": "Romania"
  },
  {
    "username": "RAMRANTS",
    "followingArtist": "\u6e21\u908a\u3061\u3053",
    "country_code": "US",
    "country": "USA"
  }
]