[
  {
    "username": "akirayotsumoto",
    "followingArtist": "Predawn_staff",
    "country_code": "JP",
    "country": "Japan"
  },
  {
    "username": "NagiKimura",
    "followingArtist": "Predawn_staff",
    "country_code": "JP",
    "country": "Japan"
  },
  {
    "username": "akimills",
    "followingArtist": "Predawn_staff",
    "country_code": "JP",
    "country": "Japan"
  },
  {
    "username": "sleepingghost11",
    "followingArtist": "Predawn_staff",
    "country_code": "GB",
    "country": "Wales"
  },
  {
    "username": "Hirok39",
    "followingArtist": "Predawn_staff",
    "country_code": "JP",
    "country": "Japan"
  },
  {
    "username": "marumasuya",
    "followingArtist": "Predawn_staff",
    "country_code": "JP",
    "country": "Japan"
  },
  {
    "username": "_jake96",
    "followingArtist": "Molly Davis",
    "country_code": "GB",
    "country": "Wales"
  },
  {
    "username": "Laurentiine",
    "followingArtist": "Molly Davis",
    "country_code": "UK",
    "country": "United Kingdom"
  },
  {
    "username": "deadeyed1ck",
    "followingArtist": "Molly Davis",
    "country_code": "GB",
    "country": "Wales"
  },
  {
    "username": "ClementsHarry",
    "followingArtist": "Molly Davis",
    "country_code": "US",
    "country": "United States"
  },
  {
    "username": "unit7bas",
    "followingArtist": "Molly Davis",
    "country_code": "GB",
    "country": "Wales"
  },
  {
    "username": "EssexBallooons",
    "followingArtist": "Molly Davis",
    "country_code": "GB",
    "country": "Wales"
  },
  {
    "username": "MSummerton",
    "followingArtist": "Molly Davis",
    "country_code": "UK",
    "country": "United Kingdom"
  },
  {
    "username": "katiejeakins",
    "followingArtist": "Molly Davis",
    "country_code": "UK",
    "country": "United Kingdom"
  },
  {
    "username": "YokoWooAccessor",
    "followingArtist": "Molly Davis",
    "country_code": "UK",
    "country": "United Kingdom"
  },
  {
    "username": "Accomadation_P",
    "followingArtist": "Molly Davis",
    "country_code": "GB",
    "country": "Wales"
  },
  {
    "username": "fmbdegreeshow17",
    "followingArtist": "Molly Davis",
    "country_code": "UK",
    "country": "United Kingdom"
  },
  {
    "username": "PrestigeWWVI",
    "followingArtist": "Molly Davis",
    "country_code": "GB",
    "country": "Wales"
  },
  {
    "username": "StuTait98",
    "followingArtist": "Molly Davis",
    "country_code": "GB",
    "country": "Wales"
  },
  {
    "username": "SeanMicallef29",
    "followingArtist": "Molly Davis",
    "country_code": "GB",
    "country": "Wales"
  },
  {
    "username": "saksbasildon",
    "followingArtist": "Molly Davis",
    "country_code": "GB",
    "country": "Wales"
  },
  {
    "username": "Fredafrida2",
    "followingArtist": "Molly Davis",
    "country_code": "UK",
    "country": "United Kingdom"
  },
  {
    "username": "marketing_lesso",
    "followingArtist": "Molly Davis",
    "country_code": "US",
    "country": "United States"
  },
  {
    "username": "JaiAmore",
    "followingArtist": "Molly Davis",
    "country_code": "UK",
    "country": "United Kingdom"
  },
  {
    "username": "ylimebus",
    "followingArtist": "Molly Davis",
    "country_code": "UK",
    "country": "United Kingdom"
  },
  {
    "username": "DrinkDigitalUK",
    "followingArtist": "Molly Davis",
    "country_code": "UK",
    "country": "United Kingdom"
  },
  {
    "username": "osheajackk",
    "followingArtist": "Molly Davis",
    "country_code": "UK",
    "country": "United Kingdom"
  },
  {
    "username": "KirsteeAnderson",
    "followingArtist": "Molly Davis",
    "country_code": "UK",
    "country": "United Kingdom"
  },
  {
    "username": "abbi_sheehan",
    "followingArtist": "Molly Davis",
    "country_code": "UK",
    "country": "United Kingdom"
  },
  {
    "username": "lucycwoodd",
    "followingArtist": "Molly Davis",
    "country_code": "GB",
    "country": "Wales"
  },
  {
    "username": "hgrace58_hannah",
    "followingArtist": "Molly Davis",
    "country_code": "GB",
    "country": "Wales"
  },
  {
    "username": "PureGym_BILLER",
    "followingArtist": "Molly Davis",
    "country_code": "GB",
    "country": "Wales"
  },
  {
    "username": "TopshopHelp",
    "followingArtist": "Molly Davis",
    "country_code": "UK",
    "country": "United Kingdom"
  },
  {
    "username": "AlphatoxMeals",
    "followingArtist": "Molly Davis",
    "country_code": "California City Blvd",
    "country": "California City Blvd"
  },
  {
    "username": "LibertyCatton",
    "followingArtist": "Molly Davis",
    "country_code": "FR",
    "country": "France"
  },
  {
    "username": "azeem_biswas",
    "followingArtist": "Molly Davis",
    "country_code": "BD",
    "country": "Bangladesh"
  },
  {
    "username": "charlien77",
    "followingArtist": "Molly Davis",
    "country_code": "GB",
    "country": "Wales"
  },
  {
    "username": "CastleGymNottm",
    "followingArtist": "Molly Davis",
    "country_code": "US",
    "country": "United States"
  },
  {
    "username": "JoshuaRenwick4",
    "followingArtist": "Molly Davis",
    "country_code": "UK",
    "country": "United Kingdom"
  },
  {
    "username": "slaybaae",
    "followingArtist": "Molly Davis",
    "country_code": "US",
    "country": "United States"
  },
  {
    "username": "iamvalla",
    "followingArtist": "Molly Davis",
    "country_code": "GB",
    "country": "Wales"
  },
  {
    "username": "SpotifyUK",
    "followingArtist": "Molly Davis",
    "country_code": "UK",
    "country": "United Kingdom"
  },
  {
    "username": "riverislandhelp",
    "followingArtist": "Molly Davis",
    "country_code": "UK",
    "country": "United Kingdom"
  },
  {
    "username": "jdisneypt8",
    "followingArtist": "Molly Davis",
    "country_code": "UK",
    "country": "United Kingdom"
  },
  {
    "username": "zootuesdays",
    "followingArtist": "Molly Davis",
    "country_code": "UK",
    "country": "United Kingdom"
  },
  {
    "username": "ATG_UK",
    "followingArtist": "Molly Davis",
    "country_code": "UK",
    "country": "United Kingdom"
  },
  {
    "username": "NTUFitness",
    "followingArtist": "Molly Davis",
    "country_code": "UK",
    "country": "United Kingdom"
  },
  {
    "username": "LOUISMARLOWE",
    "followingArtist": "Molly Davis",
    "country_code": "UK",
    "country": "United Kingdom"
  },
  {
    "username": "FactoryNotts",
    "followingArtist": "Molly Davis",
    "country_code": "UK",
    "country": "United Kingdom"
  },
  {
    "username": "jORDANwORTS",
    "followingArtist": "Molly Davis",
    "country_code": "US",
    "country": "United States"
  },
  {
    "username": "marcexectravel",
    "followingArtist": "Molly Davis",
    "country_code": "UK",
    "country": "United Kingdom"
  },
  {
    "username": "TomTrendall",
    "followingArtist": "Molly Davis",
    "country_code": "UK",
    "country": "United Kingdom"
  },
  {
    "username": "prinnyprobzz",
    "followingArtist": "Molly Davis",
    "country_code": "US",
    "country": "United States"
  },
  {
    "username": "InkedUpSHAQ",
    "followingArtist": "Molly Davis",
    "country_code": "GB",
    "country": "Wales"
  },
  {
    "username": "Laur_woodward",
    "followingArtist": "Molly Davis",
    "country_code": "UK",
    "country": "United Kingdom"
  },
  {
    "username": "PPolishedBeauty",
    "followingArtist": "Molly Davis",
    "country_code": "GB",
    "country": "Wales"
  },
  {
    "username": "mokshatrim",
    "followingArtist": "Molly Davis",
    "country_code": "UK",
    "country": "United Kingdom"
  },
  {
    "username": "Billericay_Hub",
    "followingArtist": "Molly Davis",
    "country_code": "GB",
    "country": "Wales"
  },
  {
    "username": "_saschadriver",
    "followingArtist": "Molly Davis",
    "country_code": "GB",
    "country": "Wales"
  },
  {
    "username": "meganbailyy",
    "followingArtist": "Molly Davis",
    "country_code": "UK",
    "country": "United Kingdom"
  },
  {
    "username": "elliepearcex",
    "followingArtist": "Molly Davis",
    "country_code": "UK",
    "country": "United Kingdom"
  },
  {
    "username": "LacesOutTrent",
    "followingArtist": "Molly Davis",
    "country_code": "UK",
    "country": "United Kingdom"
  },
  {
    "username": "LPBLounge",
    "followingArtist": "Molly Davis",
    "country_code": "GB",
    "country": "Wales"
  },
  {
    "username": "elissarivera95",
    "followingArtist": "Molly Davis",
    "country_code": "US",
    "country": "United States"
  },
  {
    "username": "lilliesandlace1",
    "followingArtist": "Molly Davis",
    "country_code": "GB",
    "country": "Wales"
  },
  {
    "username": "TVCastingBen",
    "followingArtist": "Molly Davis",
    "country_code": "US",
    "country": "United States"
  },
  {
    "username": "__ch4rlotte__",
    "followingArtist": "Molly Davis",
    "country_code": "AU",
    "country": "Australia"
  },
  {
    "username": "InskipToby",
    "followingArtist": "Molly Davis",
    "country_code": "UK",
    "country": "United Kingdom"
  },
  {
    "username": "beth_medlin",
    "followingArtist": "Molly Davis",
    "country_code": "UK",
    "country": "United Kingdom"
  },
  {
    "username": "ChloOneill_",
    "followingArtist": "Molly Davis",
    "country_code": "UK",
    "country": "United Kingdom"
  },
  {
    "username": "Tombishop1997",
    "followingArtist": "Molly Davis",
    "country_code": "DE",
    "country": "Germany"
  },
  {
    "username": "xAnhysbys",
    "followingArtist": "Molly Davis",
    "country_code": "GB",
    "country": "Wales"
  },
  {
    "username": "zosyjeworydy",
    "followingArtist": "Molly Davis",
    "country_code": "GB",
    "country": "Wales"
  },
  {
    "username": "Elgamri1",
    "followingArtist": "Molly Davis",
    "country_code": "UK",
    "country": "United Kingdom"
  },
  {
    "username": "elodiegabrielle",
    "followingArtist": "Molly Davis",
    "country_code": "US",
    "country": "United States"
  },
  {
    "username": "holsreeves",
    "followingArtist": "Molly Davis",
    "country_code": "UK",
    "country": "United Kingdom"
  },
  {
    "username": "holhobnob",
    "followingArtist": "Molly Davis",
    "country_code": "UK",
    "country": "United Kingdom"
  },
  {
    "username": "megleaisabelle",
    "followingArtist": "Molly Davis",
    "country_code": "UK",
    "country": "United Kingdom"
  },
  {
    "username": "MeganCummins4",
    "followingArtist": "Molly Davis",
    "country_code": "GB",
    "country": "Wales"
  },
  {
    "username": "hanbickerstaff",
    "followingArtist": "Molly Davis",
    "country_code": "US",
    "country": "United States"
  },
  {
    "username": "abigail_fish",
    "followingArtist": "Molly Davis",
    "country_code": "UK",
    "country": "United Kingdom"
  },
  {
    "username": "eeemilyharris",
    "followingArtist": "Molly Davis",
    "country_code": "UK",
    "country": "United Kingdom"
  },
  {
    "username": "FleurGreenfield",
    "followingArtist": "Molly Davis",
    "country_code": "UK",
    "country": "United Kingdom"
  },
  {
    "username": "M555NYY",
    "followingArtist": "Molly Davis",
    "country_code": "UK",
    "country": "United Kingdom"
  },
  {
    "username": "beckyhhh",
    "followingArtist": "Molly Davis",
    "country_code": "UK",
    "country": "United Kingdom"
  },
  {
    "username": "charliehgibb",
    "followingArtist": "Molly Davis",
    "country_code": "UK",
    "country": "United Kingdom"
  },
  {
    "username": "miserablesugar",
    "followingArtist": "Molly Davis",
    "country_code": "GB",
    "country": "Wales"
  },
  {
    "username": "Katie_Calders",
    "followingArtist": "Molly Davis",
    "country_code": "UK",
    "country": "United Kingdom"
  },
  {
    "username": "xmmeeggaannx",
    "followingArtist": "Molly Davis",
    "country_code": "GB",
    "country": "Wales"
  },
  {
    "username": "LdnEssayWriter",
    "followingArtist": "Molly Davis",
    "country_code": "US",
    "country": "United States"
  },
  {
    "username": "Kittylouisew",
    "followingArtist": "Molly Davis",
    "country_code": "UK",
    "country": "United Kingdom"
  },
  {
    "username": "LyndseyFewtrell",
    "followingArtist": "Molly Davis",
    "country_code": "GB",
    "country": "Wales"
  },
  {
    "username": "NottsFreshers",
    "followingArtist": "Molly Davis",
    "country_code": "UK",
    "country": "United Kingdom"
  },
  {
    "username": "nancysummerfie2",
    "followingArtist": "Molly Davis",
    "country_code": "UK",
    "country": "United Kingdom"
  },
  {
    "username": "calumok",
    "followingArtist": "Molly Davis",
    "country_code": "GB",
    "country": "Wales"
  },
  {
    "username": "SeamsoNotts",
    "followingArtist": "Molly Davis",
    "country_code": "UK",
    "country": "United Kingdom"
  },
  {
    "username": "ndeevents",
    "followingArtist": "Molly Davis",
    "country_code": "UK",
    "country": "United Kingdom"
  },
  {
    "username": "BeckFlutterby",
    "followingArtist": "Molly Davis",
    "country_code": "GB",
    "country": "Wales"
  },
  {
    "username": "BradleyCohen_",
    "followingArtist": "Molly Davis",
    "country_code": "GB",
    "country": "Wales"
  },
  {
    "username": "sophie_micheala",
    "followingArtist": "Molly Davis",
    "country_code": "UK",
    "country": "United Kingdom"
  },
  {
    "username": "16coombes",
    "followingArtist": "Molly Davis",
    "country_code": "UK",
    "country": "United Kingdom"
  },
  {
    "username": "LaurenEnglish25",
    "followingArtist": "Molly Davis",
    "country_code": "NG",
    "country": "Nigeria"
  },
  {
    "username": "ED23__",
    "followingArtist": "Molly Davis",
    "country_code": "GB",
    "country": "Wales"
  },
  {
    "username": "livunderwood_x",
    "followingArtist": "Molly Davis",
    "country_code": "UK",
    "country": "United Kingdom"
  },
  {
    "username": "conniedavies_x",
    "followingArtist": "Molly Davis",
    "country_code": "UK",
    "country": "United Kingdom"
  },
  {
    "username": "MaxxKytee",
    "followingArtist": "Molly Davis",
    "country_code": "US",
    "country": "United States"
  },
  {
    "username": "HarrisonPaton",
    "followingArtist": "Molly Davis",
    "country_code": "UK",
    "country": "United Kingdom"
  },
  {
    "username": "SwagLetchford",
    "followingArtist": "Molly Davis",
    "country_code": "UK",
    "country": "United Kingdom"
  },
  {
    "username": "TomDiddams",
    "followingArtist": "Molly Davis",
    "country_code": "UK",
    "country": "United Kingdom"
  },
  {
    "username": "laurenfenney",
    "followingArtist": "Molly Davis",
    "country_code": "BJ",
    "country": "Benin"
  },
  {
    "username": "hangover_dr",
    "followingArtist": "Molly Davis",
    "country_code": "GB",
    "country": "Wales"
  },
  {
    "username": "m10johnson",
    "followingArtist": "Molly Davis",
    "country_code": "UK",
    "country": "United Kingdom"
  },
  {
    "username": "tattoobrows",
    "followingArtist": "Molly Davis",
    "country_code": "GB",
    "country": "Wales"
  },
  {
    "username": "ririsboutique",
    "followingArtist": "Molly Davis",
    "country_code": "GB",
    "country": "Wales"
  },
  {
    "username": "dbarak",
    "followingArtist": "Molly Davis",
    "country_code": "UK",
    "country": "United Kingdom"
  },
  {
    "username": "elliotforrister",
    "followingArtist": "Molly Davis",
    "country_code": "UK",
    "country": "United Kingdom"
  },
  {
    "username": "lucymaywardd",
    "followingArtist": "Molly Davis",
    "country_code": "UK",
    "country": "United Kingdom"
  },
  {
    "username": "Beckybooo_",
    "followingArtist": "Molly Davis",
    "country_code": "UK",
    "country": "United Kingdom"
  },
  {
    "username": "annanew96",
    "followingArtist": "Molly Davis",
    "country_code": "GB",
    "country": "Wales"
  },
  {
    "username": "anniejoness",
    "followingArtist": "Molly Davis",
    "country_code": "UK",
    "country": "United Kingdom"
  },
  {
    "username": "JoshhLedger",
    "followingArtist": "Molly Davis",
    "country_code": "UK",
    "country": "United Kingdom"
  },
  {
    "username": "KayleighSmithy",
    "followingArtist": "Molly Davis",
    "country_code": "GB",
    "country": "Wales"
  },
  {
    "username": "blitz_boutique",
    "followingArtist": "Molly Davis",
    "country_code": "UK",
    "country": "United Kingdom"
  },
  {
    "username": "RyyDresou",
    "followingArtist": "Molly Davis",
    "country_code": "GB",
    "country": "Wales"
  },
  {
    "username": "billericayessex",
    "followingArtist": "Molly Davis",
    "country_code": "GB",
    "country": "Wales"
  },
  {
    "username": "dpens_",
    "followingArtist": "Molly Davis",
    "country_code": "UK",
    "country": "United Kingdom"
  },
  {
    "username": "chelseaembleton",
    "followingArtist": "Molly Davis",
    "country_code": "UK",
    "country": "United Kingdom"
  },
  {
    "username": "sarahlxxx",
    "followingArtist": "Molly Davis",
    "country_code": "GB",
    "country": "Wales"
  },
  {
    "username": "tycheggers",
    "followingArtist": "Molly Davis",
    "country_code": "US",
    "country": "United States"
  },
  {
    "username": "Jodie_a_Lamb",
    "followingArtist": "Molly Davis",
    "country_code": "UK",
    "country": "United Kingdom"
  },
  {
    "username": "EllisLentzz",
    "followingArtist": "Molly Davis",
    "country_code": "UK",
    "country": "United Kingdom"
  },
  {
    "username": "AmyGormally",
    "followingArtist": "Molly Davis",
    "country_code": "UK",
    "country": "United Kingdom"
  },
  {
    "username": "hannmusselwhite",
    "followingArtist": "Molly Davis",
    "country_code": "GB",
    "country": "Wales"
  },
  {
    "username": "robynhill15",
    "followingArtist": "Molly Davis",
    "country_code": "UK",
    "country": "United Kingdom"
  },
  {
    "username": "AbigailFerry",
    "followingArtist": "Molly Davis",
    "country_code": "UK",
    "country": "United Kingdom"
  },
  {
    "username": "DollysBoutique1",
    "followingArtist": "Molly Davis",
    "country_code": "US",
    "country": "United States"
  },
  {
    "username": "amswinch",
    "followingArtist": "Molly Davis",
    "country_code": "UK",
    "country": "United Kingdom"
  },
  {
    "username": "maispearcex",
    "followingArtist": "Molly Davis",
    "country_code": "UK",
    "country": "United Kingdom"
  },
  {
    "username": "liammeade95",
    "followingArtist": "Molly Davis",
    "country_code": "UK",
    "country": "United Kingdom"
  },
  {
    "username": "Winkseyelashes",
    "followingArtist": "Molly Davis",
    "country_code": "UK",
    "country": "United Kingdom"
  },
  {
    "username": "Ellbedford",
    "followingArtist": "Molly Davis",
    "country_code": "GB",
    "country": "Wales"
  },
  {
    "username": "milswatsonx",
    "followingArtist": "Molly Davis",
    "country_code": "GB",
    "country": "Wales"
  },
  {
    "username": "CharlieEllis6",
    "followingArtist": "Molly Davis",
    "country_code": "UK",
    "country": "United Kingdom"
  },
  {
    "username": "griersonw01",
    "followingArtist": "Molly Davis",
    "country_code": "UK",
    "country": "United Kingdom"
  },
  {
    "username": "liamscottluv",
    "followingArtist": "Molly Davis",
    "country_code": "UK",
    "country": "United Kingdom"
  },
  {
    "username": "JessBurrows3",
    "followingArtist": "Molly Davis",
    "country_code": "UK",
    "country": "United Kingdom"
  },
  {
    "username": "arlanzo",
    "followingArtist": "Molly Davis",
    "country_code": "GB",
    "country": "Wales"
  },
  {
    "username": "DanWilson20",
    "followingArtist": "Molly Davis",
    "country_code": "GB",
    "country": "Wales"
  },
  {
    "username": "gemmagrace_x",
    "followingArtist": "Molly Davis",
    "country_code": "UK",
    "country": "United Kingdom"
  },
  {
    "username": "berrrrnadette",
    "followingArtist": "Molly Davis",
    "country_code": "UK",
    "country": "United Kingdom"
  },
  {
    "username": "AidanRobinson15",
    "followingArtist": "Molly Davis",
    "country_code": "UK",
    "country": "United Kingdom"
  },
  {
    "username": "miaturnerXx",
    "followingArtist": "Molly Davis",
    "country_code": "UK",
    "country": "United Kingdom"
  },
  {
    "username": "BradleyyClarkee",
    "followingArtist": "Molly Davis",
    "country_code": "MR",
    "country": "Mauritania"
  },
  {
    "username": "courtlessliexo",
    "followingArtist": "Molly Davis",
    "country_code": "UK",
    "country": "United Kingdom"
  },
  {
    "username": "AaronImber",
    "followingArtist": "Molly Davis",
    "country_code": "UK",
    "country": "United Kingdom"
  },
  {
    "username": "Nicole_Dines",
    "followingArtist": "Molly Davis",
    "country_code": "GB",
    "country": "Wales"
  },
  {
    "username": "AbbieRobinson_",
    "followingArtist": "Molly Davis",
    "country_code": "UK",
    "country": "United Kingdom"
  },
  {
    "username": "beats_brother",
    "followingArtist": "Molly Davis",
    "country_code": "GB",
    "country": "Wales"
  },
  {
    "username": "TommyHurford",
    "followingArtist": "Molly Davis",
    "country_code": "UK",
    "country": "United Kingdom"
  },
  {
    "username": "tchouateu",
    "followingArtist": "Molly Davis",
    "country_code": "FR",
    "country": "France"
  },
  {
    "username": "glenwatson_",
    "followingArtist": "Molly Davis",
    "country_code": "GB",
    "country": "Wales"
  },
  {
    "username": "_Lindsayy1",
    "followingArtist": "Molly Davis",
    "country_code": "GB",
    "country": "Wales"
  },
  {
    "username": "chelsbelch24",
    "followingArtist": "Molly Davis",
    "country_code": "US",
    "country": "United States"
  },
  {
    "username": "Hardy_Jade",
    "followingArtist": "Molly Davis",
    "country_code": "UK",
    "country": "United Kingdom"
  },
  {
    "username": "CharlotteLH_x",
    "followingArtist": "Molly Davis",
    "country_code": "UK",
    "country": "United Kingdom"
  },
  {
    "username": "DaisyLeeks",
    "followingArtist": "Molly Davis",
    "country_code": "GB",
    "country": "Wales"
  },
  {
    "username": "LewisPreston",
    "followingArtist": "Molly Davis",
    "country_code": "US",
    "country": "United States"
  },
  {
    "username": "SamSmith95",
    "followingArtist": "Molly Davis",
    "country_code": "GB",
    "country": "Wales"
  },
  {
    "username": "riley_daly",
    "followingArtist": "Molly Davis",
    "country_code": "UK",
    "country": "United Kingdom"
  },
  {
    "username": "Demitweedie",
    "followingArtist": "Molly Davis",
    "country_code": "UK",
    "country": "United Kingdom"
  },
  {
    "username": "Scottyboyy_95",
    "followingArtist": "Molly Davis",
    "country_code": "UK",
    "country": "United Kingdom"
  },
  {
    "username": "mabelrogers",
    "followingArtist": "Molly Davis",
    "country_code": "GB",
    "country": "Wales"
  },
  {
    "username": "hantingggg",
    "followingArtist": "Molly Davis",
    "country_code": "UK",
    "country": "United Kingdom"
  },
  {
    "username": "semajwilson",
    "followingArtist": "Molly Davis",
    "country_code": "GB",
    "country": "Wales"
  },
  {
    "username": "JNolan_94",
    "followingArtist": "Molly Davis",
    "country_code": "GB",
    "country": "Wales"
  },
  {
    "username": "elcritchell",
    "followingArtist": "Molly Davis",
    "country_code": "UK",
    "country": "United Kingdom"
  },
  {
    "username": "alex_wood95",
    "followingArtist": "Molly Davis",
    "country_code": "UK",
    "country": "United Kingdom"
  },
  {
    "username": "robsandy95",
    "followingArtist": "Molly Davis",
    "country_code": "UK",
    "country": "United Kingdom"
  },
  {
    "username": "yazmindolee",
    "followingArtist": "Molly Davis",
    "country_code": "UK",
    "country": "United Kingdom"
  },
  {
    "username": "ashleighbournex",
    "followingArtist": "Molly Davis",
    "country_code": "UK",
    "country": "United Kingdom"
  },
  {
    "username": "AlexCurry96",
    "followingArtist": "Molly Davis",
    "country_code": "GB",
    "country": "Wales"
  },
  {
    "username": "madi_luisa",
    "followingArtist": "Molly Davis",
    "country_code": "UK",
    "country": "United Kingdom"
  },
  {
    "username": "ellieneal_",
    "followingArtist": "Molly Davis",
    "country_code": "GB",
    "country": "Wales"
  },
  {
    "username": "harrytbrewer",
    "followingArtist": "Molly Davis",
    "country_code": "CA",
    "country": "Canada"
  },
  {
    "username": "Harry_Goater",
    "followingArtist": "Molly Davis",
    "country_code": "GB",
    "country": "Wales"
  },
  {
    "username": "Beal2Joe",
    "followingArtist": "Molly Davis",
    "country_code": "UK",
    "country": "United Kingdom"
  },
  {
    "username": "acedrummer0",
    "followingArtist": "Molly Davis",
    "country_code": "GB",
    "country": "Wales"
  },
  {
    "username": "hannah_louXx",
    "followingArtist": "Molly Davis",
    "country_code": "UK",
    "country": "United Kingdom"
  },
  {
    "username": "megan_polston",
    "followingArtist": "Molly Davis",
    "country_code": "UK",
    "country": "United Kingdom"
  },
  {
    "username": "lashitup_",
    "followingArtist": "Molly Davis",
    "country_code": "UK",
    "country": "United Kingdom"
  },
  {
    "username": "MaxFernee",
    "followingArtist": "Molly Davis",
    "country_code": "UK",
    "country": "United Kingdom"
  },
  {
    "username": "MegHarrris",
    "followingArtist": "Molly Davis",
    "country_code": "UK",
    "country": "United Kingdom"
  },
  {
    "username": "MollyTame11",
    "followingArtist": "Molly Davis",
    "country_code": "GB",
    "country": "Wales"
  },
  {
    "username": "NatalieDavies_",
    "followingArtist": "Molly Davis",
    "country_code": "UK",
    "country": "United Kingdom"
  },
  {
    "username": "cheekyc0w_",
    "followingArtist": "Molly Davis",
    "country_code": "US",
    "country": "United States"
  },
  {
    "username": "GeorgiaSleep",
    "followingArtist": "Molly Davis",
    "country_code": "UK",
    "country": "United Kingdom"
  },
  {
    "username": "JadeJenkinss",
    "followingArtist": "Molly Davis",
    "country_code": "UK",
    "country": "United Kingdom"
  },
  {
    "username": "JakeeBurkee",
    "followingArtist": "Molly Davis",
    "country_code": "UK",
    "country": "United Kingdom"
  },
  {
    "username": "mollward",
    "followingArtist": "Molly Davis",
    "country_code": "UK",
    "country": "United Kingdom"
  },
  {
    "username": "hawksieboy",
    "followingArtist": "Molly Davis",
    "country_code": "GB",
    "country": "Wales"
  },
  {
    "username": "BrittGrant",
    "followingArtist": "Molly Davis",
    "country_code": "UK",
    "country": "United Kingdom"
  },
  {
    "username": "Chl0ejenkins",
    "followingArtist": "Molly Davis",
    "country_code": "GB",
    "country": "Wales"
  },
  {
    "username": "samgbishop_",
    "followingArtist": "Molly Davis",
    "country_code": "UK",
    "country": "United Kingdom"
  },
  {
    "username": "Narravark",
    "followingArtist": "Molly Davis",
    "country_code": "UK",
    "country": "United Kingdom"
  },
  {
    "username": "jakemcwee",
    "followingArtist": "Molly Davis",
    "country_code": "UK",
    "country": "United Kingdom"
  },
  {
    "username": "Harry2Maslen",
    "followingArtist": "Molly Davis",
    "country_code": "GB",
    "country": "Wales"
  },
  {
    "username": "JamesDean_95",
    "followingArtist": "Molly Davis",
    "country_code": "GB",
    "country": "Wales"
  },
  {
    "username": "GeorgeFurneaux",
    "followingArtist": "Molly Davis",
    "country_code": "GB",
    "country": "Wales"
  },
  {
    "username": "willclaydon_",
    "followingArtist": "Molly Davis",
    "country_code": "GB",
    "country": "Wales"
  },
  {
    "username": "lockwoodsam",
    "followingArtist": "Molly Davis",
    "country_code": "UK",
    "country": "United Kingdom"
  },
  {
    "username": "LilThrillMike21",
    "followingArtist": "Molly Davis",
    "country_code": "UK",
    "country": "United Kingdom"
  },
  {
    "username": "sandscotbarley",
    "followingArtist": "Molly Davis",
    "country_code": "US",
    "country": "United States"
  },
  {
    "username": "EMaldorino",
    "followingArtist": "Molly Davis",
    "country_code": "UK",
    "country": "United Kingdom"
  },
  {
    "username": "issy_shilling",
    "followingArtist": "Molly Davis",
    "country_code": "UK",
    "country": "United Kingdom"
  },
  {
    "username": "harryspringford",
    "followingArtist": "Molly Davis",
    "country_code": "UK",
    "country": "United Kingdom"
  },
  {
    "username": "JodiSavas",
    "followingArtist": "Molly Davis",
    "country_code": "UK",
    "country": "United Kingdom"
  },
  {
    "username": "ben_peers1",
    "followingArtist": "Molly Davis",
    "country_code": "UK",
    "country": "United Kingdom"
  },
  {
    "username": "jamofordd",
    "followingArtist": "Molly Davis",
    "country_code": "GB",
    "country": "Wales"
  },
  {
    "username": "Sian_wallis_",
    "followingArtist": "Molly Davis",
    "country_code": "UK",
    "country": "United Kingdom"
  },
  {
    "username": "lizziebeale",
    "followingArtist": "Molly Davis",
    "country_code": "GB",
    "country": "Wales"
  },
  {
    "username": "ChrisLamb_",
    "followingArtist": "Molly Davis",
    "country_code": "UK",
    "country": "United Kingdom"
  },
  {
    "username": "_MeganAllen",
    "followingArtist": "Molly Davis",
    "country_code": "UK",
    "country": "United Kingdom"
  },
  {
    "username": "_meganlily",
    "followingArtist": "Molly Davis",
    "country_code": "UK",
    "country": "United Kingdom"
  },
  {
    "username": "georgejeakins",
    "followingArtist": "Molly Davis",
    "country_code": "UK",
    "country": "United Kingdom"
  },
  {
    "username": "paigecrump",
    "followingArtist": "Molly Davis",
    "country_code": "UK",
    "country": "United Kingdom"
  },
  {
    "username": "pittman_ben",
    "followingArtist": "Molly Davis",
    "country_code": "UK",
    "country": "United Kingdom"
  },
  {
    "username": "BuckleNathan",
    "followingArtist": "Molly Davis",
    "country_code": "UK",
    "country": "United Kingdom"
  },
  {
    "username": "TaylorHagland",
    "followingArtist": "Molly Davis",
    "country_code": "UK",
    "country": "United Kingdom"
  },
  {
    "username": "AshleyParmenter",
    "followingArtist": "Molly Davis",
    "country_code": "UK",
    "country": "United Kingdom"
  },
  {
    "username": "jessburrows1996",
    "followingArtist": "Molly Davis",
    "country_code": "UK",
    "country": "United Kingdom"
  },
  {
    "username": "ariandanehkar",
    "followingArtist": "Molly Davis",
    "country_code": "GB",
    "country": "Wales"
  },
  {
    "username": "keeganrisley",
    "followingArtist": "Molly Davis",
    "country_code": "UK",
    "country": "United Kingdom"
  },
  {
    "username": "olliepittman",
    "followingArtist": "Molly Davis",
    "country_code": "GB",
    "country": "Wales"
  },
  {
    "username": "Samyates_94",
    "followingArtist": "Molly Davis",
    "country_code": "GB",
    "country": "Wales"
  },
  {
    "username": "AbbiStreater",
    "followingArtist": "Molly Davis",
    "country_code": "UK",
    "country": "United Kingdom"
  },
  {
    "username": "peckham99pshop",
    "followingArtist": "Molly Davis",
    "country_code": "US",
    "country": "United States"
  },
  {
    "username": "willmciver1",
    "followingArtist": "Molly Davis",
    "country_code": "GB",
    "country": "Wales"
  },
  {
    "username": "lucfreeman",
    "followingArtist": "Molly Davis",
    "country_code": "UK",
    "country": "United Kingdom"
  },
  {
    "username": "MissJWilson69",
    "followingArtist": "Molly Davis",
    "country_code": "GB",
    "country": "Wales"
  },
  {
    "username": "jessleonardi",
    "followingArtist": "Molly Davis",
    "country_code": "GB",
    "country": "Wales"
  },
  {
    "username": "oitmarshpugs",
    "followingArtist": "Molly Davis",
    "country_code": "GB",
    "country": "Wales"
  },
  {
    "username": "jamesbrooks94",
    "followingArtist": "Molly Davis",
    "country_code": "UK",
    "country": "United Kingdom"
  },
  {
    "username": "TomLapslie",
    "followingArtist": "Molly Davis",
    "country_code": "UK",
    "country": "United Kingdom"
  },
  {
    "username": "JaseWhite08",
    "followingArtist": "Molly Davis",
    "country_code": "UK",
    "country": "United Kingdom"
  },
  {
    "username": "gemroseeyxx",
    "followingArtist": "Molly Davis",
    "country_code": "UK",
    "country": "United Kingdom"
  },
  {
    "username": "mmolliex",
    "followingArtist": "Molly Davis",
    "country_code": "GB",
    "country": "Wales"
  },
  {
    "username": "loz_s_thomas",
    "followingArtist": "Molly Davis",
    "country_code": "SI",
    "country": "Slovenia"
  },
  {
    "username": "DamTun25",
    "followingArtist": "Molly Davis",
    "country_code": "UK",
    "country": "United Kingdom"
  },
  {
    "username": "_KatieBennett",
    "followingArtist": "Molly Davis",
    "country_code": "UK",
    "country": "United Kingdom"
  },
  {
    "username": "ShaylenaCrossx",
    "followingArtist": "Molly Davis",
    "country_code": "UK",
    "country": "United Kingdom"
  },
  {
    "username": "tylerwilliams63",
    "followingArtist": "Molly Davis",
    "country_code": "UK",
    "country": "United Kingdom"
  },
  {
    "username": "HannahRitaa",
    "followingArtist": "Molly Davis",
    "country_code": "GB",
    "country": "Wales"
  },
  {
    "username": "Adam_RBrown",
    "followingArtist": "Molly Davis",
    "country_code": "GB",
    "country": "Wales"
  },
  {
    "username": "samobrien51",
    "followingArtist": "Molly Davis",
    "country_code": "NP",
    "country": "Nepal"
  },
  {
    "username": "Nathan_Roasty",
    "followingArtist": "Molly Davis",
    "country_code": "GB",
    "country": "Wales"
  },
  {
    "username": "hayleyjanejuddx",
    "followingArtist": "Molly Davis",
    "country_code": "GB",
    "country": "Wales"
  },
  {
    "username": "Bellbard_x",
    "followingArtist": "Molly Davis",
    "country_code": "UK",
    "country": "United Kingdom"
  },
  {
    "username": "LivCornwell",
    "followingArtist": "Molly Davis",
    "country_code": "UK",
    "country": "United Kingdom"
  },
  {
    "username": "maddybigwood",
    "followingArtist": "Molly Davis",
    "country_code": "GB",
    "country": "Wales"
  },
  {
    "username": "Steph_Pirie",
    "followingArtist": "Molly Davis",
    "country_code": "GB",
    "country": "Wales"
  },
  {
    "username": "thackerayc",
    "followingArtist": "Molly Davis",
    "country_code": "N Oklahoma",
    "country": "N Oklahoma"
  },
  {
    "username": "ChloeTalbot1",
    "followingArtist": "Molly Davis",
    "country_code": "UK",
    "country": "United Kingdom"
  },
  {
    "username": "HollyHasson",
    "followingArtist": "Molly Davis",
    "country_code": "UK",
    "country": "United Kingdom"
  },
  {
    "username": "millcallaghan",
    "followingArtist": "Molly Davis",
    "country_code": "UK",
    "country": "United Kingdom"
  },
  {
    "username": "ellegrierson",
    "followingArtist": "Molly Davis",
    "country_code": "GB",
    "country": "Wales"
  },
  {
    "username": "SamuelBriggs_",
    "followingArtist": "Molly Davis",
    "country_code": "AU",
    "country": "Australia"
  },
  {
    "username": "Harrisamantha",
    "followingArtist": "Molly Davis",
    "country_code": "UK",
    "country": "United Kingdom"
  },
  {
    "username": "MikeReynolds27",
    "followingArtist": "Molly Davis",
    "country_code": "UK",
    "country": "United Kingdom"
  },
  {
    "username": "kirstyae14",
    "followingArtist": "Molly Davis",
    "country_code": "UK",
    "country": "United Kingdom"
  },
  {
    "username": "RosieBishop1",
    "followingArtist": "Molly Davis",
    "country_code": "UK",
    "country": "United Kingdom"
  },
  {
    "username": "ShannonByrne121",
    "followingArtist": "Molly Davis",
    "country_code": "US",
    "country": "United States"
  },
  {
    "username": "alex_gardner94",
    "followingArtist": "Molly Davis",
    "country_code": "UK",
    "country": "United Kingdom"
  },
  {
    "username": "tozza_",
    "followingArtist": "Molly Davis",
    "country_code": "UK",
    "country": "United Kingdom"
  },
  {
    "username": "Charlie_Occ",
    "followingArtist": "Molly Davis",
    "country_code": "GB",
    "country": "Wales"
  },
  {
    "username": "immaddison",
    "followingArtist": "Molly Davis",
    "country_code": "GB",
    "country": "Wales"
  },
  {
    "username": "Rude_And_Lude",
    "followingArtist": "Molly Davis",
    "country_code": "BR",
    "country": "Brazil"
  },
  {
    "username": "MolleM_16",
    "followingArtist": "Molly Davis",
    "country_code": "UK",
    "country": "United Kingdom"
  },
  {
    "username": "Randyy5678",
    "followingArtist": "Molly Davis",
    "country_code": "UK",
    "country": "United Kingdom"
  },
  {
    "username": "hollywhiteee",
    "followingArtist": "Molly Davis",
    "country_code": "GB",
    "country": "Wales"
  },
  {
    "username": "Charles_Victorr",
    "followingArtist": "Molly Davis",
    "country_code": "US",
    "country": "United States"
  },
  {
    "username": "ameliacattanach",
    "followingArtist": "Molly Davis",
    "country_code": "GB",
    "country": "Wales"
  },
  {
    "username": "AmberMumford",
    "followingArtist": "Molly Davis",
    "country_code": "GB",
    "country": "Wales"
  },
  {
    "username": "OllieBell100",
    "followingArtist": "Molly Davis",
    "country_code": "UK",
    "country": "United Kingdom"
  },
  {
    "username": "Sophielouise151",
    "followingArtist": "Molly Davis",
    "country_code": "UK",
    "country": "United Kingdom"
  },
  {
    "username": "1234floss",
    "followingArtist": "Molly Davis",
    "country_code": "BJ",
    "country": "Benin"
  },
  {
    "username": "laumitchell93",
    "followingArtist": "Molly Davis",
    "country_code": "UK",
    "country": "United Kingdom"
  },
  {
    "username": "Charlie_Pratt",
    "followingArtist": "Molly Davis",
    "country_code": "UK",
    "country": "United Kingdom"
  },
  {
    "username": "RohanBarnes",
    "followingArtist": "Molly Davis",
    "country_code": "UK",
    "country": "United Kingdom"
  },
  {
    "username": "BeckyCregg",
    "followingArtist": "Molly Davis",
    "country_code": "GB",
    "country": "Wales"
  },
  {
    "username": "braders47",
    "followingArtist": "Molly Davis",
    "country_code": "GB",
    "country": "Wales"
  },
  {
    "username": "mill_callaghan",
    "followingArtist": "Molly Davis",
    "country_code": "UK",
    "country": "United Kingdom"
  },
  {
    "username": "demiovs",
    "followingArtist": "Molly Davis",
    "country_code": "UK",
    "country": "United Kingdom"
  },
  {
    "username": "LauraAshdown_",
    "followingArtist": "Molly Davis",
    "country_code": "AU",
    "country": "Australia"
  },
  {
    "username": "Sampenny95",
    "followingArtist": "Molly Davis",
    "country_code": "GB",
    "country": "Wales"
  },
  {
    "username": "alwesson",
    "followingArtist": "Molly Davis",
    "country_code": "GB",
    "country": "Wales"
  },
  {
    "username": "allisonemy",
    "followingArtist": "Molly Davis",
    "country_code": "UK",
    "country": "United Kingdom"
  },
  {
    "username": "PeteAndersonBFT",
    "followingArtist": "Molly Davis",
    "country_code": "FR",
    "country": "France"
  },
  {
    "username": "jbeale94",
    "followingArtist": "Molly Davis",
    "country_code": "GB",
    "country": "Wales"
  },
  {
    "username": "_phoebelouise",
    "followingArtist": "Molly Davis",
    "country_code": "UK",
    "country": "United Kingdom"
  },
  {
    "username": "garethcevans",
    "followingArtist": "Molly Davis",
    "country_code": "GB",
    "country": "Wales"
  },
  {
    "username": "Buffin_",
    "followingArtist": "Molly Davis",
    "country_code": "UK",
    "country": "United Kingdom"
  },
  {
    "username": "ScottyHowes",
    "followingArtist": "Molly Davis",
    "country_code": "GB",
    "country": "Wales"
  },
  {
    "username": "Dannieelleee_",
    "followingArtist": "Molly Davis",
    "country_code": "GB",
    "country": "Wales"
  },
  {
    "username": "lucemcquade",
    "followingArtist": "Molly Davis",
    "country_code": "US",
    "country": "United States"
  },
  {
    "username": "daisycook_",
    "followingArtist": "Molly Davis",
    "country_code": "US",
    "country": "United States"
  },
  {
    "username": "willyyyyyyyyy_",
    "followingArtist": "Molly Davis",
    "country_code": "UK",
    "country": "United Kingdom"
  },
  {
    "username": "JamieLee95",
    "followingArtist": "Molly Davis",
    "country_code": "UK",
    "country": "United Kingdom"
  },
  {
    "username": "taylergoatier",
    "followingArtist": "Molly Davis",
    "country_code": "IT",
    "country": "Italy"
  },
  {
    "username": "SamHooper_",
    "followingArtist": "Molly Davis",
    "country_code": "UK",
    "country": "United Kingdom"
  },
  {
    "username": "nabster90",
    "followingArtist": "Molly Davis",
    "country_code": "UK",
    "country": "United Kingdom"
  },
  {
    "username": "Dan_Mullenn",
    "followingArtist": "Molly Davis",
    "country_code": "UK",
    "country": "United Kingdom"
  },
  {
    "username": "Connor_LG",
    "followingArtist": "Molly Davis",
    "country_code": "UK",
    "country": "United Kingdom"
  },
  {
    "username": "JedBullman",
    "followingArtist": "Molly Davis",
    "country_code": "GB",
    "country": "Wales"
  },
  {
    "username": "Stevie_G_2",
    "followingArtist": "Molly Davis",
    "country_code": "GB",
    "country": "Wales"
  },
  {
    "username": "JackDParsons",
    "followingArtist": "Molly Davis",
    "country_code": "UK",
    "country": "United Kingdom"
  },
  {
    "username": "connorcoughlinn",
    "followingArtist": "Molly Davis",
    "country_code": "UK",
    "country": "United Kingdom"
  },
  {
    "username": "Dan_Booth_",
    "followingArtist": "Molly Davis",
    "country_code": "GB",
    "country": "Wales"
  },
  {
    "username": "mike_wren",
    "followingArtist": "Molly Davis",
    "country_code": "GB",
    "country": "Wales"
  },
  {
    "username": "Adamholloway96",
    "followingArtist": "Molly Davis",
    "country_code": "UK",
    "country": "United Kingdom"
  },
  {
    "username": "sophielorenz",
    "followingArtist": "Molly Davis",
    "country_code": "UK",
    "country": "United Kingdom"
  },
  {
    "username": "ellieesmith96",
    "followingArtist": "Molly Davis",
    "country_code": "GB",
    "country": "Wales"
  },
  {
    "username": "charwhitbread",
    "followingArtist": "Molly Davis",
    "country_code": "UK",
    "country": "United Kingdom"
  },
  {
    "username": "MayoAKA",
    "followingArtist": "Molly Davis",
    "country_code": "UK",
    "country": "United Kingdom"
  },
  {
    "username": "JeromeKempster",
    "followingArtist": "Molly Davis",
    "country_code": "UK",
    "country": "United Kingdom"
  },
  {
    "username": "parker455",
    "followingArtist": "Molly Davis",
    "country_code": "UK",
    "country": "United Kingdom"
  },
  {
    "username": "DannyFKnight",
    "followingArtist": "Molly Davis",
    "country_code": "UK",
    "country": "United Kingdom"
  },
  {
    "username": "jmillzie",
    "followingArtist": "Molly Davis",
    "country_code": "US",
    "country": "United States"
  },
  {
    "username": "morganator_x",
    "followingArtist": "Molly Davis",
    "country_code": "UK",
    "country": "United Kingdom"
  },
  {
    "username": "_hayleykitt",
    "followingArtist": "Molly Davis",
    "country_code": "UK",
    "country": "United Kingdom"
  },
  {
    "username": "Sammythedonkey",
    "followingArtist": "Molly Davis",
    "country_code": "GB",
    "country": "Wales"
  },
  {
    "username": "jillian8615",
    "followingArtist": "Molly Davis",
    "country_code": "US",
    "country": "United States"
  },
  {
    "username": "brookelangworth",
    "followingArtist": "Molly Davis",
    "country_code": "GB",
    "country": "Wales"
  },
  {
    "username": "JadeyLawrence",
    "followingArtist": "Molly Davis",
    "country_code": "UK",
    "country": "United Kingdom"
  },
  {
    "username": "amelia_russell",
    "followingArtist": "Molly Davis",
    "country_code": "UK",
    "country": "United Kingdom"
  },
  {
    "username": "ameliascrbrgh",
    "followingArtist": "Molly Davis",
    "country_code": "GB",
    "country": "Wales"
  },
  {
    "username": "mollieingramx",
    "followingArtist": "Molly Davis",
    "country_code": "UK",
    "country": "United Kingdom"
  },
  {
    "username": "Liam__Goodwin",
    "followingArtist": "Molly Davis",
    "country_code": "UK",
    "country": "United Kingdom"
  },
  {
    "username": "SkyDivingLady",
    "followingArtist": "Molly Davis",
    "country_code": "US",
    "country": "United States"
  },
  {
    "username": "ant_woodcroft",
    "followingArtist": "Molly Davis",
    "country_code": "GB",
    "country": "Wales"
  },
  {
    "username": "xoMegFox",
    "followingArtist": "Molly Davis",
    "country_code": "UK",
    "country": "United Kingdom"
  },
  {
    "username": "SamRowlandd",
    "followingArtist": "Molly Davis",
    "country_code": "US",
    "country": "United States"
  },
  {
    "username": "ReeseSenior",
    "followingArtist": "Molly Davis",
    "country_code": "US",
    "country": "United States"
  },
  {
    "username": "emellewiltshire",
    "followingArtist": "Molly Davis",
    "country_code": "UK",
    "country": "United Kingdom"
  },
  {
    "username": "alex_borgx",
    "followingArtist": "Molly Davis",
    "country_code": "FR",
    "country": "France"
  },
  {
    "username": "CLAUDIALEWlS",
    "followingArtist": "Molly Davis",
    "country_code": "GB",
    "country": "Wales"
  },
  {
    "username": "Bradley_Gough",
    "followingArtist": "Molly Davis",
    "country_code": "GB",
    "country": "Wales"
  },
  {
    "username": "aamypowell",
    "followingArtist": "Molly Davis",
    "country_code": "GB",
    "country": "Wales"
  },
  {
    "username": "surfer351277",
    "followingArtist": "\u3086\u305a\u516c\u5f0f\u30c4\u30a4\u30c3\u30bf\u30fc",
    "country_code": "MD",
    "country": "Moldova"
  },
  {
    "username": "KAZUMA2neki",
    "followingArtist": "\u3086\u305a\u516c\u5f0f\u30c4\u30a4\u30c3\u30bf\u30fc",
    "country_code": "US",
    "country": "United States"
  },
  {
    "username": "pristin_fanza5",
    "followingArtist": "\u3086\u305a\u516c\u5f0f\u30c4\u30a4\u30c3\u30bf\u30fc",
    "country_code": "JP",
    "country": "Japan"
  },
  {
    "username": "Yuzu114_y",
    "followingArtist": "\u3086\u305a\u516c\u5f0f\u30c4\u30a4\u30c3\u30bf\u30fc",
    "country_code": "JP",
    "country": "Japan"
  },
  {
    "username": "si_take2",
    "followingArtist": "\u3086\u305a\u516c\u5f0f\u30c4\u30a4\u30c3\u30bf\u30fc",
    "country_code": "JP",
    "country": "Japan"
  },
  {
    "username": "daidai44251437",
    "followingArtist": "\u3086\u305a\u516c\u5f0f\u30c4\u30a4\u30c3\u30bf\u30fc",
    "country_code": "JP",
    "country": "Japan"
  },
  {
    "username": "junjunny",
    "followingArtist": "\u3086\u305a\u516c\u5f0f\u30c4\u30a4\u30c3\u30bf\u30fc",
    "country_code": "JP",
    "country": "Japan"
  },
  {
    "username": "cameriiiiiiiii",
    "followingArtist": "\u3086\u305a\u516c\u5f0f\u30c4\u30a4\u30c3\u30bf\u30fc",
    "country_code": "CA",
    "country": "Canada"
  },
  {
    "username": "kamakendesu",
    "followingArtist": "\u3086\u305a\u516c\u5f0f\u30c4\u30a4\u30c3\u30bf\u30fc",
    "country_code": "JP",
    "country": "Japan"
  },
  {
    "username": "cocoro_androp",
    "followingArtist": "\u3086\u305a\u516c\u5f0f\u30c4\u30a4\u30c3\u30bf\u30fc",
    "country_code": "JP",
    "country": "Japan"
  },
  {
    "username": "Monica12499",
    "followingArtist": "\u3086\u305a\u516c\u5f0f\u30c4\u30a4\u30c3\u30bf\u30fc",
    "country_code": "US",
    "country": "United States"
  },
  {
    "username": "Ray56256427",
    "followingArtist": "\u3086\u305a\u516c\u5f0f\u30c4\u30a4\u30c3\u30bf\u30fc",
    "country_code": "JP",
    "country": "Japan"
  },
  {
    "username": "akush55",
    "followingArtist": "\u3086\u305a\u516c\u5f0f\u30c4\u30a4\u30c3\u30bf\u30fc",
    "country_code": "US",
    "country": "United States"
  },
  {
    "username": "Zimako_Tsukushi",
    "followingArtist": "\u3086\u305a\u516c\u5f0f\u30c4\u30a4\u30c3\u30bf\u30fc",
    "country_code": "JP",
    "country": "Japan"
  },
  {
    "username": "chisen1104",
    "followingArtist": "\u3086\u305a\u516c\u5f0f\u30c4\u30a4\u30c3\u30bf\u30fc",
    "country_code": "JP",
    "country": "Japan"
  },
  {
    "username": "xAf95sh8ImhWzdy",
    "followingArtist": "\u3086\u305a\u516c\u5f0f\u30c4\u30a4\u30c3\u30bf\u30fc",
    "country_code": "JP",
    "country": "Japan"
  },
  {
    "username": "keihaku_rs",
    "followingArtist": "\u3086\u305a\u516c\u5f0f\u30c4\u30a4\u30c3\u30bf\u30fc",
    "country_code": "JP",
    "country": "Japan"
  },
  {
    "username": "Nanaka73232223",
    "followingArtist": "\u3086\u305a\u516c\u5f0f\u30c4\u30a4\u30c3\u30bf\u30fc",
    "country_code": "MR",
    "country": "Mauritania"
  },
  {
    "username": "higukatsu_blog",
    "followingArtist": "\u3086\u305a\u516c\u5f0f\u30c4\u30a4\u30c3\u30bf\u30fc",
    "country_code": "JP",
    "country": "Japan"
  },
  {
    "username": "jks84mf38z",
    "followingArtist": "\u3086\u305a\u516c\u5f0f\u30c4\u30a4\u30c3\u30bf\u30fc",
    "country_code": "JP",
    "country": "Japan"
  },
  {
    "username": "aaa_2047",
    "followingArtist": "\u3086\u305a\u516c\u5f0f\u30c4\u30a4\u30c3\u30bf\u30fc",
    "country_code": "MR",
    "country": "Mauritania"
  },
  {
    "username": "suzuyuzuyou12",
    "followingArtist": "\u3086\u305a\u516c\u5f0f\u30c4\u30a4\u30c3\u30bf\u30fc",
    "country_code": "TD",
    "country": "Chad"
  },
  {
    "username": "619RF815",
    "followingArtist": "\u3086\u305a\u516c\u5f0f\u30c4\u30a4\u30c3\u30bf\u30fc",
    "country_code": "FR",
    "country": "France"
  },
  {
    "username": "MaPPy111111",
    "followingArtist": "\u3086\u305a\u516c\u5f0f\u30c4\u30a4\u30c3\u30bf\u30fc",
    "country_code": "JP",
    "country": "Japan"
  },
  {
    "username": "peko6110",
    "followingArtist": "\u3086\u305a\u516c\u5f0f\u30c4\u30a4\u30c3\u30bf\u30fc",
    "country_code": "JP",
    "country": "Japan"
  },
  {
    "username": "au_7292",
    "followingArtist": "\u3086\u305a\u516c\u5f0f\u30c4\u30a4\u30c3\u30bf\u30fc",
    "country_code": "JP",
    "country": "Japan"
  },
  {
    "username": "whitia_qh",
    "followingArtist": "\u3086\u305a\u516c\u5f0f\u30c4\u30a4\u30c3\u30bf\u30fc",
    "country_code": "ES",
    "country": "Spain"
  },
  {
    "username": "StrawxxxxBerry",
    "followingArtist": "\u3086\u305a\u516c\u5f0f\u30c4\u30a4\u30c3\u30bf\u30fc",
    "country_code": "US",
    "country": "United States"
  },
  {
    "username": "yz_asameshi",
    "followingArtist": "\u3086\u305a\u516c\u5f0f\u30c4\u30a4\u30c3\u30bf\u30fc",
    "country_code": "US",
    "country": "United States"
  },
  {
    "username": "U6flTzR5ZSqiqmK",
    "followingArtist": "\u3086\u305a\u516c\u5f0f\u30c4\u30a4\u30c3\u30bf\u30fc",
    "country_code": "JP",
    "country": "Japan"
  },
  {
    "username": "aoumi0722",
    "followingArtist": "\u3086\u305a\u516c\u5f0f\u30c4\u30a4\u30c3\u30bf\u30fc",
    "country_code": "JP",
    "country": "Japan"
  },
  {
    "username": "ummhxxxx",
    "followingArtist": "\u3086\u305a\u516c\u5f0f\u30c4\u30a4\u30c3\u30bf\u30fc",
    "country_code": "JP",
    "country": "Japan"
  },
  {
    "username": "bitemechuuuwkn",
    "followingArtist": "\u3086\u305a\u516c\u5f0f\u30c4\u30a4\u30c3\u30bf\u30fc",
    "country_code": "in",
    "country": "India"
  },
  {
    "username": "SIZU_2018",
    "followingArtist": "\u3086\u305a\u516c\u5f0f\u30c4\u30a4\u30c3\u30bf\u30fc",
    "country_code": "JP",
    "country": "Japan"
  },
  {
    "username": "2092supernova",
    "followingArtist": "\u3086\u305a\u516c\u5f0f\u30c4\u30a4\u30c3\u30bf\u30fc",
    "country_code": "JP",
    "country": "Japan"
  },
  {
    "username": "SHcn1107",
    "followingArtist": "\u3086\u305a\u516c\u5f0f\u30c4\u30a4\u30c3\u30bf\u30fc",
    "country_code": "KP",
    "country": "North Korea"
  },
  {
    "username": "haru01_t",
    "followingArtist": "\u3086\u305a\u516c\u5f0f\u30c4\u30a4\u30c3\u30bf\u30fc",
    "country_code": "US",
    "country": "United States"
  },
  {
    "username": "exid__blackpink",
    "followingArtist": "\u3086\u305a\u516c\u5f0f\u30c4\u30a4\u30c3\u30bf\u30fc",
    "country_code": "JP",
    "country": "Japan"
  },
  {
    "username": "AgnaldoHisatomi",
    "followingArtist": "\u3086\u305a\u516c\u5f0f\u30c4\u30a4\u30c3\u30bf\u30fc",
    "country_code": "JP",
    "country": "Japan"
  },
  {
    "username": "kakki910",
    "followingArtist": "\u3086\u305a\u516c\u5f0f\u30c4\u30a4\u30c3\u30bf\u30fc",
    "country_code": "JP",
    "country": "Japan"
  },
  {
    "username": "negichan0516",
    "followingArtist": "\u3086\u305a\u516c\u5f0f\u30c4\u30a4\u30c3\u30bf\u30fc",
    "country_code": "JP",
    "country": "Japan"
  },
  {
    "username": "motox39",
    "followingArtist": "\u3086\u305a\u516c\u5f0f\u30c4\u30a4\u30c3\u30bf\u30fc",
    "country_code": "JP",
    "country": "Japan"
  },
  {
    "username": "MasterPianoKeys",
    "followingArtist": "\u3086\u305a\u516c\u5f0f\u30c4\u30a4\u30c3\u30bf\u30fc",
    "country_code": "GB",
    "country": "Wales"
  },
  {
    "username": "glad_lgm",
    "followingArtist": "\u3086\u305a\u516c\u5f0f\u30c4\u30a4\u30c3\u30bf\u30fc",
    "country_code": "JP",
    "country": "Japan"
  },
  {
    "username": "yu_ka__0108",
    "followingArtist": "\u3086\u305a\u516c\u5f0f\u30c4\u30a4\u30c3\u30bf\u30fc",
    "country_code": "JP",
    "country": "Japan"
  },
  {
    "username": "a_yariin717",
    "followingArtist": "\u3086\u305a\u516c\u5f0f\u30c4\u30a4\u30c3\u30bf\u30fc",
    "country_code": "JP",
    "country": "Japan"
  },
  {
    "username": "sugiyama_0326",
    "followingArtist": "\u3086\u305a\u516c\u5f0f\u30c4\u30a4\u30c3\u30bf\u30fc",
    "country_code": "JP",
    "country": "Japan"
  },
  {
    "username": "aoikamekame",
    "followingArtist": "\u3086\u305a\u516c\u5f0f\u30c4\u30a4\u30c3\u30bf\u30fc",
    "country_code": "in",
    "country": "India"
  }
]