[
  {
    "username": "iremgumus11",
    "followingArtist": "win butler",
    "country_code": "TR",
    "country": "Turkey"
  },
  {
    "username": "beyzanur2834",
    "followingArtist": "win butler",
    "country_code": "TR",
    "country": "Turkey"
  },
  {
    "username": "IrmakIlbay",
    "followingArtist": "win butler",
    "country_code": "TR",
    "country": "Turkey"
  },
  {
    "username": "iklimMersinden",
    "followingArtist": "win butler",
    "country_code": "TR",
    "country": "Turkey"
  },
  {
    "username": "uykusuzdengesiz",
    "followingArtist": "win butler",
    "country_code": "TR",
    "country": "Turkey"
  },
  {
    "username": "brahimC57100554",
    "followingArtist": "win butler",
    "country_code": "TR",
    "country": "Turkey"
  },
  {
    "username": "EmreCes81936897",
    "followingArtist": "win butler",
    "country_code": "TR",
    "country": "Turkey"
  },
  {
    "username": "adageles",
    "followingArtist": "win butler",
    "country_code": "TR",
    "country": "Turkey"
  },
  {
    "username": "DundarDagdelen",
    "followingArtist": "win butler",
    "country_code": "TR",
    "country": "Turkey"
  },
  {
    "username": "ezeynooo",
    "followingArtist": "win butler",
    "country_code": "TR",
    "country": "Turkey"
  },
  {
    "username": "busegulkaya0731",
    "followingArtist": "win butler",
    "country_code": "TR",
    "country": "Turkey"
  },
  {
    "username": "kub4490",
    "followingArtist": "win butler",
    "country_code": "UK",
    "country": "United Kingdom"
  },
  {
    "username": "arucu_belma",
    "followingArtist": "win butler",
    "country_code": "TR",
    "country": "Turkey"
  },
  {
    "username": "isilurunvaarisi",
    "followingArtist": "win butler",
    "country_code": "TR",
    "country": "Turkey"
  },
  {
    "username": "MahirDemirci11",
    "followingArtist": "win butler",
    "country_code": "TR",
    "country": "Turkey"
  },
  {
    "username": "Delieri2",
    "followingArtist": "win butler",
    "country_code": "TR",
    "country": "Turkey"
  },
  {
    "username": "Can333295",
    "followingArtist": "win butler",
    "country_code": "TR",
    "country": "Turkey"
  },
  {
    "username": "NafiyeYildirim1",
    "followingArtist": "win butler",
    "country_code": "TR",
    "country": "Turkey"
  },
  {
    "username": "Aysedgn3325Ayse",
    "followingArtist": "win butler",
    "country_code": "TR",
    "country": "Turkey"
  },
  {
    "username": "Esraacetinnn",
    "followingArtist": "win butler",
    "country_code": "TR",
    "country": "Turkey"
  },
  {
    "username": "yagmur_uzunn",
    "followingArtist": "win butler",
    "country_code": "TR",
    "country": "Turkey"
  },
  {
    "username": "HarunYl74541827",
    "followingArtist": "win butler",
    "country_code": "TR",
    "country": "Turkey"
  },
  {
    "username": "CgmnHilal",
    "followingArtist": "win butler",
    "country_code": "TR",
    "country": "Turkey"
  },
  {
    "username": "HenryMenial",
    "followingArtist": "win butler",
    "country_code": "CA",
    "country": "Canada"
  },
  {
    "username": "turk_ati",
    "followingArtist": "win butler",
    "country_code": "TR",
    "country": "Turkey"
  },
  {
    "username": "furukoManya2",
    "followingArtist": "win butler",
    "country_code": "TR",
    "country": "Turkey"
  },
  {
    "username": "ALPERucak49",
    "followingArtist": "win butler",
    "country_code": "NG",
    "country": "Nigeria"
  },
  {
    "username": "Mehmetsoylu47",
    "followingArtist": "win butler",
    "country_code": "TR",
    "country": "Turkey"
  },
  {
    "username": "emrahcal3",
    "followingArtist": "win butler",
    "country_code": "TR",
    "country": "Turkey"
  },
  {
    "username": "mirrabella__",
    "followingArtist": "win butler",
    "country_code": "TR",
    "country": "Turkey"
  },
  {
    "username": "osme_ramazan",
    "followingArtist": "win butler",
    "country_code": "TR",
    "country": "Turkey"
  },
  {
    "username": "bekirkurt18",
    "followingArtist": "win butler",
    "country_code": "TR",
    "country": "Turkey"
  },
  {
    "username": "FundaVedatCift",
    "followingArtist": "win butler",
    "country_code": "TR",
    "country": "Turkey"
  },
  {
    "username": "yigithan_dabag",
    "followingArtist": "win butler",
    "country_code": "TR",
    "country": "Turkey"
  },
  {
    "username": "yldzkamal3",
    "followingArtist": "win butler",
    "country_code": "TR",
    "country": "Turkey"
  },
  {
    "username": "aliferit_hickok",
    "followingArtist": "win butler",
    "country_code": "TR",
    "country": "Turkey"
  },
  {
    "username": "sureza__",
    "followingArtist": "win butler",
    "country_code": "TR",
    "country": "Turkey"
  },
  {
    "username": "ZLEMAtakanKaan1",
    "followingArtist": "win butler",
    "country_code": "TR",
    "country": "Turkey"
  },
  {
    "username": "OCildemir",
    "followingArtist": "win butler",
    "country_code": "TR",
    "country": "Turkey"
  },
  {
    "username": "Asilzademcy",
    "followingArtist": "win butler",
    "country_code": "TR",
    "country": "Turkey"
  },
  {
    "username": "recepgecer",
    "followingArtist": "win butler",
    "country_code": "TR",
    "country": "Turkey"
  },
  {
    "username": "IRANANIGHTCLUB",
    "followingArtist": "win butler",
    "country_code": "TR",
    "country": "Turkey"
  },
  {
    "username": "tgtheunog",
    "followingArtist": "win butler",
    "country_code": "TR",
    "country": "Turkey"
  },
  {
    "username": "ayseakhncaa",
    "followingArtist": "win butler",
    "country_code": "TR",
    "country": "Turkey"
  },
  {
    "username": "laydaErbek1",
    "followingArtist": "win butler",
    "country_code": "KZ",
    "country": "Kazakhstan"
  },
  {
    "username": "arTnay1",
    "followingArtist": "win butler",
    "country_code": "TR",
    "country": "Turkey"
  },
  {
    "username": "siyah666w",
    "followingArtist": "win butler",
    "country_code": "TR",
    "country": "Turkey"
  },
  {
    "username": "ilaydayucell",
    "followingArtist": "win butler",
    "country_code": "TR",
    "country": "Turkey"
  },
  {
    "username": "vz__i",
    "followingArtist": "win butler",
    "country_code": "SA",
    "country": "Saudi Arabia"
  },
  {
    "username": "Okancan34598098",
    "followingArtist": "win butler",
    "country_code": "HU",
    "country": "Hungary"
  },
  {
    "username": "justsudee",
    "followingArtist": "win butler",
    "country_code": "TR",
    "country": "Turkey"
  },
  {
    "username": "BahricanVural93",
    "followingArtist": "win butler",
    "country_code": "TR",
    "country": "Turkey"
  },
  {
    "username": "SerkanBayirli1",
    "followingArtist": "win butler",
    "country_code": "US",
    "country": "USA"
  },
  {
    "username": "DavutAyan",
    "followingArtist": "win butler",
    "country_code": "TR",
    "country": "Turkey"
  },
  {
    "username": "ozgetasdemir",
    "followingArtist": "win butler",
    "country_code": "DE",
    "country": "Germany"
  },
  {
    "username": "SonerBarut10",
    "followingArtist": "win butler",
    "country_code": "TR",
    "country": "Turkey"
  },
  {
    "username": "Ersin_555",
    "followingArtist": "win butler",
    "country_code": "DE",
    "country": "Germany"
  },
  {
    "username": "alkaya35",
    "followingArtist": "win butler",
    "country_code": "TR",
    "country": "Turkey"
  },
  {
    "username": "zhrkpln1",
    "followingArtist": "win butler",
    "country_code": "TR",
    "country": "Turkey"
  },
  {
    "username": "KayaCanBill",
    "followingArtist": "win butler",
    "country_code": "TR",
    "country": "Turkey"
  },
  {
    "username": "yunusbabo66",
    "followingArtist": "win butler",
    "country_code": "TR",
    "country": "Turkey"
  },
  {
    "username": "AAoig",
    "followingArtist": "win butler",
    "country_code": "MX",
    "country": "Mexico"
  },
  {
    "username": "ilaydaatuner",
    "followingArtist": "win butler",
    "country_code": "CY",
    "country": "Cyprus"
  },
  {
    "username": "sp_zulfikar",
    "followingArtist": "win butler",
    "country_code": "FR",
    "country": "France"
  },
  {
    "username": "YamurDe20068360",
    "followingArtist": "win butler",
    "country_code": "TR",
    "country": "Turkey"
  },
  {
    "username": "customsmuhafaza",
    "followingArtist": "win butler",
    "country_code": "TR",
    "country": "Turkey"
  },
  {
    "username": "ErdemAKKAN3",
    "followingArtist": "win butler",
    "country_code": "TR",
    "country": "Turkey"
  },
  {
    "username": "laylee0",
    "followingArtist": "win butler",
    "country_code": "TR",
    "country": "Turkey"
  },
  {
    "username": "Samet2836804",
    "followingArtist": "win butler",
    "country_code": "TR",
    "country": "Turkey"
  },
  {
    "username": "can_haticenur",
    "followingArtist": "win butler",
    "country_code": "TR",
    "country": "Turkey"
  },
  {
    "username": "berfinagn",
    "followingArtist": "win butler",
    "country_code": "ES",
    "country": "Spain"
  },
  {
    "username": "kartaltravestig",
    "followingArtist": "win butler",
    "country_code": "HU",
    "country": "Hungary"
  },
  {
    "username": "uleTuran18",
    "followingArtist": "win butler",
    "country_code": "TR",
    "country": "Turkey"
  },
  {
    "username": "zeynepphandan",
    "followingArtist": "win butler",
    "country_code": "TR",
    "country": "Turkey"
  },
  {
    "username": "burcubero1",
    "followingArtist": "win butler",
    "country_code": "TR",
    "country": "Turkey"
  },
  {
    "username": "gencaydgl",
    "followingArtist": "win butler",
    "country_code": "TR",
    "country": "Turkey"
  },
  {
    "username": "merKaya53795583",
    "followingArtist": "win butler",
    "country_code": "TR",
    "country": "Turkey"
  },
  {
    "username": "muraataydn",
    "followingArtist": "win butler",
    "country_code": "TR",
    "country": "Turkey"
  },
  {
    "username": "OzsaracNevin",
    "followingArtist": "win butler",
    "country_code": "TR",
    "country": "Turkey"
  },
  {
    "username": "karaman_1111",
    "followingArtist": "win butler",
    "country_code": "TR",
    "country": "Turkey"
  },
  {
    "username": "Arzu1907060606",
    "followingArtist": "win butler",
    "country_code": "TR",
    "country": "Turkey"
  },
  {
    "username": "TubaAksoy88",
    "followingArtist": "win butler",
    "country_code": "TR",
    "country": "Turkey"
  },
  {
    "username": "Ebru_Onderr",
    "followingArtist": "win butler",
    "country_code": "NO",
    "country": "Norway"
  },
  {
    "username": "narALKaplan1",
    "followingArtist": "win butler",
    "country_code": "TR",
    "country": "Turkey"
  },
  {
    "username": "AsdemirSultan",
    "followingArtist": "win butler",
    "country_code": "TR",
    "country": "Turkey"
  },
  {
    "username": "acomics99",
    "followingArtist": "win butler",
    "country_code": "US",
    "country": "USA"
  },
  {
    "username": "nevimdemirci",
    "followingArtist": "win butler",
    "country_code": "TR",
    "country": "Turkey"
  },
  {
    "username": "BurcuGozde",
    "followingArtist": "win butler",
    "country_code": "TR",
    "country": "Turkey"
  },
  {
    "username": "FarzadDadras",
    "followingArtist": "win butler",
    "country_code": "TR",
    "country": "Turkey"
  },
  {
    "username": "Fatmatasx",
    "followingArtist": "win butler",
    "country_code": "TR",
    "country": "Turkey"
  },
  {
    "username": "AlbayrakBerkcan",
    "followingArtist": "win butler",
    "country_code": "TR",
    "country": "Turkey"
  },
  {
    "username": "cansubabo",
    "followingArtist": "win butler",
    "country_code": "TR",
    "country": "Turkey"
  },
  {
    "username": "havvaesin12",
    "followingArtist": "win butler",
    "country_code": "TR",
    "country": "Turkey"
  },
  {
    "username": "Erdogandivrak",
    "followingArtist": "win butler",
    "country_code": "DK",
    "country": "Denmark"
  },
  {
    "username": "berivanmercann",
    "followingArtist": "win butler",
    "country_code": "TR",
    "country": "Turkey"
  },
  {
    "username": "BasSernur",
    "followingArtist": "win butler",
    "country_code": "TR",
    "country": "Turkey"
  },
  {
    "username": "oguztekcam",
    "followingArtist": "win butler",
    "country_code": "TR",
    "country": "Turkey"
  },
  {
    "username": "bqencerb",
    "followingArtist": "win butler",
    "country_code": "TR",
    "country": "Turkey"
  },
  {
    "username": "arintemiz",
    "followingArtist": "win butler",
    "country_code": "TR",
    "country": "Turkey"
  },
  {
    "username": "glbnbrc",
    "followingArtist": "win butler",
    "country_code": "TR",
    "country": "Turkey"
  },
  {
    "username": "Lia75090681",
    "followingArtist": "win butler",
    "country_code": "TR",
    "country": "Turkey"
  },
  {
    "username": "KavusTugba",
    "followingArtist": "win butler",
    "country_code": "TR",
    "country": "Turkey"
  },
  {
    "username": "gizem_mekera",
    "followingArtist": "win butler",
    "country_code": "GR",
    "country": "Greece"
  },
  {
    "username": "hasanokans",
    "followingArtist": "win butler",
    "country_code": "TR",
    "country": "Turkey"
  },
  {
    "username": "Capo_hamzah",
    "followingArtist": "win butler",
    "country_code": "TR",
    "country": "Turkey"
  },
  {
    "username": "Avc673",
    "followingArtist": "win butler",
    "country_code": "TR",
    "country": "Turkey"
  },
  {
    "username": "EppurSiMuve",
    "followingArtist": "win butler",
    "country_code": "US",
    "country": "USA"
  },
  {
    "username": "Orfe1422",
    "followingArtist": "win butler",
    "country_code": "TR",
    "country": "Turkey"
  },
  {
    "username": "ferhattkaraca",
    "followingArtist": "win butler",
    "country_code": "TR",
    "country": "Turkey"
  },
  {
    "username": "AkgonulGulfem",
    "followingArtist": "win butler",
    "country_code": "TR",
    "country": "Turkey"
  },
  {
    "username": "wolf277227",
    "followingArtist": "win butler",
    "country_code": "TR",
    "country": "Turkey"
  },
  {
    "username": "FundaGul17",
    "followingArtist": "win butler",
    "country_code": "TR",
    "country": "Turkey"
  },
  {
    "username": "HaydaryZ62",
    "followingArtist": "win butler",
    "country_code": "CA",
    "country": "Canada"
  },
  {
    "username": "PolatNur1908",
    "followingArtist": "win butler",
    "country_code": "US",
    "country": "USA"
  },
  {
    "username": "FXyWKrfP2hOi4IN",
    "followingArtist": "win butler",
    "country_code": "TR",
    "country": "Turkey"
  },
  {
    "username": "OrhanYi37363736",
    "followingArtist": "win butler",
    "country_code": "TR",
    "country": "Turkey"
  },
  {
    "username": "aslaVazgecme7",
    "followingArtist": "win butler",
    "country_code": "TR",
    "country": "Turkey"
  },
  {
    "username": "NEHADSY_12343",
    "followingArtist": "win butler",
    "country_code": "TR",
    "country": "Turkey"
  },
  {
    "username": "tmtgocmen",
    "followingArtist": "win butler",
    "country_code": "TR",
    "country": "Turkey"
  },
  {
    "username": "talhakaradagl",
    "followingArtist": "win butler",
    "country_code": "TR",
    "country": "Turkey"
  },
  {
    "username": "WasiShabbir1",
    "followingArtist": "win butler",
    "country_code": "TR",
    "country": "Turkey"
  },
  {
    "username": "buseeetannn",
    "followingArtist": "win butler",
    "country_code": "TR",
    "country": "Turkey"
  },
  {
    "username": "xxasdasdxx",
    "followingArtist": "win butler",
    "country_code": "CL",
    "country": "Chile"
  },
  {
    "username": "mbugra_ozunlu",
    "followingArtist": "win butler",
    "country_code": "TR",
    "country": "Turkey"
  },
  {
    "username": "EbruTheTeacher",
    "followingArtist": "win butler",
    "country_code": "UK",
    "country": "United Kingdom"
  },
  {
    "username": "Yaghac00",
    "followingArtist": "win butler",
    "country_code": "TR",
    "country": "Turkey"
  },
  {
    "username": "YolciSimgenur",
    "followingArtist": "win butler",
    "country_code": "TR",
    "country": "Turkey"
  },
  {
    "username": "NilamWahedi",
    "followingArtist": "win butler",
    "country_code": "TR",
    "country": "Turkey"
  },
  {
    "username": "bipolarXL",
    "followingArtist": "win butler",
    "country_code": "FR",
    "country": "France"
  },
  {
    "username": "sultankokkaya",
    "followingArtist": "win butler",
    "country_code": "TR",
    "country": "Turkey"
  },
  {
    "username": "tigersy6",
    "followingArtist": "win butler",
    "country_code": "TR",
    "country": "Turkey"
  },
  {
    "username": "SuatTokur",
    "followingArtist": "win butler",
    "country_code": "TR",
    "country": "Turkey"
  },
  {
    "username": "llacivert",
    "followingArtist": "win butler",
    "country_code": "TR",
    "country": "Turkey"
  },
  {
    "username": "biliimadamii",
    "followingArtist": "win butler",
    "country_code": "ES",
    "country": "Spain"
  },
  {
    "username": "OltuluEcren",
    "followingArtist": "win butler",
    "country_code": "TR",
    "country": "Turkey"
  },
  {
    "username": "umali95252740",
    "followingArtist": "win butler",
    "country_code": "TR",
    "country": "Turkey"
  },
  {
    "username": "OzdmrHll",
    "followingArtist": "win butler",
    "country_code": "TR",
    "country": "Turkey"
  },
  {
    "username": "muhamadabdulah_",
    "followingArtist": "win butler",
    "country_code": "TR",
    "country": "Turkey"
  },
  {
    "username": "CeylanToksoz",
    "followingArtist": "win butler",
    "country_code": "TR",
    "country": "Turkey"
  },
  {
    "username": "KocccBeyza",
    "followingArtist": "win butler",
    "country_code": "TR",
    "country": "Turkey"
  },
  {
    "username": "delluxett",
    "followingArtist": "win butler",
    "country_code": "California City Blvd",
    "country": "California City Blvd"
  },
  {
    "username": "suzannissan74",
    "followingArtist": "win butler",
    "country_code": "TR",
    "country": "Turkey"
  },
  {
    "username": "PersoCanbay",
    "followingArtist": "win butler",
    "country_code": "TR",
    "country": "Turkey"
  },
  {
    "username": "yavuzemreyunus",
    "followingArtist": "win butler",
    "country_code": "TR",
    "country": "Turkey"
  },
  {
    "username": "NisanurGokce",
    "followingArtist": "win butler",
    "country_code": "US",
    "country": "USA"
  },
  {
    "username": "Mohamad65924204",
    "followingArtist": "win butler",
    "country_code": "TR",
    "country": "Turkey"
  },
  {
    "username": "smetAkdag2",
    "followingArtist": "win butler",
    "country_code": "TR",
    "country": "Turkey"
  },
  {
    "username": "NurKbyl",
    "followingArtist": "win butler",
    "country_code": "TR",
    "country": "Turkey"
  },
  {
    "username": "silabanoz",
    "followingArtist": "win butler",
    "country_code": "TR",
    "country": "Turkey"
  },
  {
    "username": "Jamforthelambaa",
    "followingArtist": "win butler",
    "country_code": "TR",
    "country": "Turkey"
  },
  {
    "username": "akfcnkrgz",
    "followingArtist": "win butler",
    "country_code": "US",
    "country": "USA"
  },
  {
    "username": "soncomarbukucu_",
    "followingArtist": "win butler",
    "country_code": "TR",
    "country": "Turkey"
  },
  {
    "username": "MehmetUkun5",
    "followingArtist": "win butler",
    "country_code": "TR",
    "country": "Turkey"
  },
  {
    "username": "bilalsarsmaz",
    "followingArtist": "win butler",
    "country_code": "FR",
    "country": "France"
  },
  {
    "username": "betulaltnr",
    "followingArtist": "win butler",
    "country_code": "TR",
    "country": "Turkey"
  },
  {
    "username": "QE8RSMJ4ZZmmFSm",
    "followingArtist": "win butler",
    "country_code": "TR",
    "country": "Turkey"
  },
  {
    "username": "KhaledHAMDI0",
    "followingArtist": "win butler",
    "country_code": "TR",
    "country": "Turkey"
  },
  {
    "username": "CngzAts1453",
    "followingArtist": "win butler",
    "country_code": "TR",
    "country": "Turkey"
  },
  {
    "username": "GokalpAgit",
    "followingArtist": "win butler",
    "country_code": "TR",
    "country": "Turkey"
  },
  {
    "username": "Nancy9473",
    "followingArtist": "win butler",
    "country_code": "TR",
    "country": "Turkey"
  },
  {
    "username": "AlaaEddinIst",
    "followingArtist": "win butler",
    "country_code": "TR",
    "country": "Turkey"
  },
  {
    "username": "EspacioMPM",
    "followingArtist": "win butler",
    "country_code": "EC",
    "country": "Ecuador"
  },
  {
    "username": "garfieldmusty",
    "followingArtist": "win butler",
    "country_code": "TR",
    "country": "Turkey"
  },
  {
    "username": "Burak_123_Gs",
    "followingArtist": "win butler",
    "country_code": "TR",
    "country": "Turkey"
  },
  {
    "username": "YZnisan",
    "followingArtist": "win butler",
    "country_code": "TR",
    "country": "Turkey"
  },
  {
    "username": "MehmetGumsx",
    "followingArtist": "win butler",
    "country_code": "TR",
    "country": "Turkey"
  },
  {
    "username": "KilicReha",
    "followingArtist": "win butler",
    "country_code": "TR",
    "country": "Turkey"
  },
  {
    "username": "Karalm6",
    "followingArtist": "win butler",
    "country_code": "TR",
    "country": "Turkey"
  },
  {
    "username": "ImzaSamet",
    "followingArtist": "win butler",
    "country_code": "TR",
    "country": "Turkey"
  },
  {
    "username": "TwRsldgn",
    "followingArtist": "win butler",
    "country_code": "UK",
    "country": "United Kingdom"
  },
  {
    "username": "KocarIrem",
    "followingArtist": "win butler",
    "country_code": "TR",
    "country": "Turkey"
  },
  {
    "username": "ulukus_murat",
    "followingArtist": "win butler",
    "country_code": "TR",
    "country": "Turkey"
  },
  {
    "username": "OnurSargney1",
    "followingArtist": "win butler",
    "country_code": "TR",
    "country": "Turkey"
  },
  {
    "username": "baybas_r",
    "followingArtist": "win butler",
    "country_code": "TR",
    "country": "Turkey"
  },
  {
    "username": "BirkanKurt6",
    "followingArtist": "win butler",
    "country_code": "ES",
    "country": "Spain"
  },
  {
    "username": "aycaslivar8",
    "followingArtist": "win butler",
    "country_code": "TR",
    "country": "Turkey"
  },
  {
    "username": "UmamaSharif",
    "followingArtist": "win butler",
    "country_code": "PK",
    "country": "Pakistan"
  },
  {
    "username": "CanSaritas07",
    "followingArtist": "win butler",
    "country_code": "TR",
    "country": "Turkey"
  },
  {
    "username": "ozcelik_velat",
    "followingArtist": "win butler",
    "country_code": "TR",
    "country": "Turkey"
  },
  {
    "username": "Ahmad20841411",
    "followingArtist": "win butler",
    "country_code": "TR",
    "country": "Turkey"
  },
  {
    "username": "HpNehbYOZMpp",
    "followingArtist": "win butler",
    "country_code": "US",
    "country": "USA"
  },
  {
    "username": "zhryldz_m_k_a",
    "followingArtist": "win butler",
    "country_code": "TR",
    "country": "Turkey"
  },
  {
    "username": "kamilolsun",
    "followingArtist": "win butler",
    "country_code": "DE",
    "country": "Germany"
  },
  {
    "username": "guzideuzunn",
    "followingArtist": "win butler",
    "country_code": "TR",
    "country": "Turkey"
  },
  {
    "username": "cyrstalmclean91",
    "followingArtist": "win butler",
    "country_code": "TR",
    "country": "Turkey"
  },
  {
    "username": "BaldirFaris",
    "followingArtist": "win butler",
    "country_code": "TR",
    "country": "Turkey"
  },
  {
    "username": "ErkanAkku65",
    "followingArtist": "win butler",
    "country_code": "TR",
    "country": "Turkey"
  },
  {
    "username": "AHMETGM79340671",
    "followingArtist": "win butler",
    "country_code": "TR",
    "country": "Turkey"
  },
  {
    "username": "gozdenur_ulus",
    "followingArtist": "win butler",
    "country_code": "TR",
    "country": "Turkey"
  },
  {
    "username": "IsmaDayan",
    "followingArtist": "win butler",
    "country_code": "TR",
    "country": "Turkey"
  },
  {
    "username": "adem_sismanoglu",
    "followingArtist": "win butler",
    "country_code": "TR",
    "country": "Turkey"
  },
  {
    "username": "Mehmetresattan1",
    "followingArtist": "win butler",
    "country_code": "AM",
    "country": "Armenia"
  },
  {
    "username": "StageArtLive",
    "followingArtist": "win butler",
    "country_code": "TR",
    "country": "Turkey"
  },
  {
    "username": "Manal_j4571",
    "followingArtist": "win butler",
    "country_code": "SA",
    "country": "Saudi Arabia"
  },
  {
    "username": "callwood_nadine",
    "followingArtist": "win butler",
    "country_code": "TR",
    "country": "Turkey"
  },
  {
    "username": "BeyzaBudak17",
    "followingArtist": "win butler",
    "country_code": "TR",
    "country": "Turkey"
  },
  {
    "username": "05318556307K",
    "followingArtist": "win butler",
    "country_code": "TR",
    "country": "Turkey"
  },
  {
    "username": "iamfevoo",
    "followingArtist": "win butler",
    "country_code": "TR",
    "country": "Turkey"
  },
  {
    "username": "McstayKarey",
    "followingArtist": "win butler",
    "country_code": "TR",
    "country": "Turkey"
  },
  {
    "username": "tugce_pircek",
    "followingArtist": "win butler",
    "country_code": "TR",
    "country": "Turkey"
  },
  {
    "username": "katikci_tugba",
    "followingArtist": "win butler",
    "country_code": "TR",
    "country": "Turkey"
  },
  {
    "username": "kuasar34",
    "followingArtist": "win butler",
    "country_code": "TR",
    "country": "Turkey"
  },
  {
    "username": "rbas_arda",
    "followingArtist": "win butler",
    "country_code": "TR",
    "country": "Turkey"
  },
  {
    "username": "UcatRecep",
    "followingArtist": "win butler",
    "country_code": "TR",
    "country": "Turkey"
  },
  {
    "username": "azoysamdemekki",
    "followingArtist": "win butler",
    "country_code": "US",
    "country": "USA"
  },
  {
    "username": "guvenduk",
    "followingArtist": "win butler",
    "country_code": "TR",
    "country": "Turkey"
  },
  {
    "username": "semracevikk",
    "followingArtist": "win butler",
    "country_code": "TR",
    "country": "Turkey"
  },
  {
    "username": "HasanKu51065239",
    "followingArtist": "win butler",
    "country_code": "TR",
    "country": "Turkey"
  },
  {
    "username": "Muhamme00530185",
    "followingArtist": "win butler",
    "country_code": "TR",
    "country": "Turkey"
  },
  {
    "username": "Arun83648539",
    "followingArtist": "win butler",
    "country_code": "TR",
    "country": "Turkey"
  },
  {
    "username": "emrah_z",
    "followingArtist": "win butler",
    "country_code": "TR",
    "country": "Turkey"
  },
  {
    "username": "forman4man",
    "followingArtist": "win butler",
    "country_code": "TR",
    "country": "Turkey"
  },
  {
    "username": "busecaknn",
    "followingArtist": "win butler",
    "country_code": "TR",
    "country": "Turkey"
  },
  {
    "username": "zlemAyd90026109",
    "followingArtist": "win butler",
    "country_code": "TR",
    "country": "Turkey"
  },
  {
    "username": "burcakbulut_",
    "followingArtist": "win butler",
    "country_code": "TR",
    "country": "Turkey"
  },
  {
    "username": "relativproblems",
    "followingArtist": "win butler",
    "country_code": "US",
    "country": "USA"
  },
  {
    "username": "NtSefanur",
    "followingArtist": "win butler",
    "country_code": "TR",
    "country": "Turkey"
  },
  {
    "username": "ece_umar",
    "followingArtist": "win butler",
    "country_code": "DE",
    "country": "Germany"
  },
  {
    "username": "UcmanHamit",
    "followingArtist": "win butler",
    "country_code": "TR",
    "country": "Turkey"
  },
  {
    "username": "ceydayldz00",
    "followingArtist": "win butler",
    "country_code": "TR",
    "country": "Turkey"
  },
  {
    "username": "ergezen_s",
    "followingArtist": "win butler",
    "country_code": "TR",
    "country": "Turkey"
  },
  {
    "username": "xxKartalicexx03",
    "followingArtist": "win butler",
    "country_code": "TR",
    "country": "Turkey"
  },
  {
    "username": "LAGirl781",
    "followingArtist": "win butler",
    "country_code": "California City Blvd",
    "country": "California City Blvd"
  },
  {
    "username": "BarissErdal",
    "followingArtist": "win butler",
    "country_code": "TR",
    "country": "Turkey"
  },
  {
    "username": "Bukalem68175149",
    "followingArtist": "win butler",
    "country_code": "TR",
    "country": "Turkey"
  },
  {
    "username": "Selina11881058",
    "followingArtist": "win butler",
    "country_code": "TR",
    "country": "Turkey"
  },
  {
    "username": "msb7dSyHHpdGbOM",
    "followingArtist": "win butler",
    "country_code": "TR",
    "country": "Turkey"
  },
  {
    "username": "Cesur54321",
    "followingArtist": "win butler",
    "country_code": "TR",
    "country": "Turkey"
  },
  {
    "username": "Rad57029315",
    "followingArtist": "win butler",
    "country_code": "TR",
    "country": "Turkey"
  },
  {
    "username": "airembalik",
    "followingArtist": "win butler",
    "country_code": "TR",
    "country": "Turkey"
  },
  {
    "username": "kantarcisevval",
    "followingArtist": "win butler",
    "country_code": "TR",
    "country": "Turkey"
  },
  {
    "username": "deniizoztrk04",
    "followingArtist": "win butler",
    "country_code": "TR",
    "country": "Turkey"
  },
  {
    "username": "balkizofficall",
    "followingArtist": "win butler",
    "country_code": "US",
    "country": "USA"
  },
  {
    "username": "ShinaLucy",
    "followingArtist": "win butler",
    "country_code": "TR",
    "country": "Turkey"
  },
  {
    "username": "mjXdKe7mPNjqq8A",
    "followingArtist": "win butler",
    "country_code": "TR",
    "country": "Turkey"
  },
  {
    "username": "Bora45945681",
    "followingArtist": "win butler",
    "country_code": "TR",
    "country": "Turkey"
  },
  {
    "username": "lorielewis621",
    "followingArtist": "win butler",
    "country_code": "TR",
    "country": "Turkey"
  },
  {
    "username": "handegultekin_",
    "followingArtist": "win butler",
    "country_code": "TR",
    "country": "Turkey"
  },
  {
    "username": "ahmet96803390",
    "followingArtist": "win butler",
    "country_code": "TR",
    "country": "Turkey"
  },
  {
    "username": "gzem_cnc",
    "followingArtist": "win butler",
    "country_code": "ZA",
    "country": "South Africa"
  },
  {
    "username": "mlk_ozbay",
    "followingArtist": "win butler",
    "country_code": "TR",
    "country": "Turkey"
  },
  {
    "username": "adellakkus",
    "followingArtist": "win butler",
    "country_code": "TR",
    "country": "Turkey"
  },
  {
    "username": "Cellat95016308",
    "followingArtist": "win butler",
    "country_code": "TR",
    "country": "Turkey"
  },
  {
    "username": "ImanDarwish8",
    "followingArtist": "win butler",
    "country_code": "TR",
    "country": "Turkey"
  },
  {
    "username": "SimondsEleni",
    "followingArtist": "win butler",
    "country_code": "TR",
    "country": "Turkey"
  },
  {
    "username": "christucker2267",
    "followingArtist": "win butler",
    "country_code": "TR",
    "country": "Turkey"
  },
  {
    "username": "Muhamma54987563",
    "followingArtist": "win butler",
    "country_code": "TR",
    "country": "Turkey"
  },
  {
    "username": "ArasBalci",
    "followingArtist": "win butler",
    "country_code": "TR",
    "country": "Turkey"
  },
  {
    "username": "narkolepsis34",
    "followingArtist": "win butler",
    "country_code": "TR",
    "country": "Turkey"
  },
  {
    "username": "emre0781",
    "followingArtist": "win butler",
    "country_code": "TR",
    "country": "Turkey"
  },
  {
    "username": "NataliaC0198",
    "followingArtist": "win butler",
    "country_code": "VU",
    "country": "Vanuatu"
  },
  {
    "username": "maryleerobbins7",
    "followingArtist": "win butler",
    "country_code": "TR",
    "country": "Turkey"
  },
  {
    "username": "oonurhimself",
    "followingArtist": "win butler",
    "country_code": "TR",
    "country": "Turkey"
  },
  {
    "username": "yasar__tatar",
    "followingArtist": "win butler",
    "country_code": "TR",
    "country": "Turkey"
  },
  {
    "username": "yokyoksallama",
    "followingArtist": "win butler",
    "country_code": "BA",
    "country": "Bosnia and Herzegovina"
  },
  {
    "username": "FundaCankul",
    "followingArtist": "win butler",
    "country_code": "TR",
    "country": "Turkey"
  },
  {
    "username": "Prinkiipo",
    "followingArtist": "win butler",
    "country_code": "TR",
    "country": "Turkey"
  },
  {
    "username": "sevvaalbeyaz",
    "followingArtist": "win butler",
    "country_code": "TR",
    "country": "Turkey"
  },
  {
    "username": "IboComert",
    "followingArtist": "win butler",
    "country_code": "TR",
    "country": "Turkey"
  },
  {
    "username": "TR_tkligktn",
    "followingArtist": "win butler",
    "country_code": "DK",
    "country": "Denmark"
  },
  {
    "username": "aakcengiz",
    "followingArtist": "win butler",
    "country_code": "TR",
    "country": "Turkey"
  },
  {
    "username": "Kml2019",
    "followingArtist": "win butler",
    "country_code": "TR",
    "country": "Turkey"
  },
  {
    "username": "zellazagorskas2",
    "followingArtist": "win butler",
    "country_code": "TR",
    "country": "Turkey"
  },
  {
    "username": "danamele603",
    "followingArtist": "win butler",
    "country_code": "TR",
    "country": "Turkey"
  },
  {
    "username": "milissarunsewe1",
    "followingArtist": "win butler",
    "country_code": "TR",
    "country": "Turkey"
  },
  {
    "username": "Tugce_Ackgz_",
    "followingArtist": "win butler",
    "country_code": "US",
    "country": "USA"
  },
  {
    "username": "KardesEsmer",
    "followingArtist": "win butler",
    "country_code": "TR",
    "country": "Turkey"
  },
  {
    "username": "Muhammedbrhom",
    "followingArtist": "win butler",
    "country_code": "ES",
    "country": "Spain"
  },
  {
    "username": "tugcebasverr",
    "followingArtist": "win butler",
    "country_code": "TR",
    "country": "Turkey"
  },
  {
    "username": "58GelvLpy37RrWs",
    "followingArtist": "win butler",
    "country_code": "TR",
    "country": "Turkey"
  },
  {
    "username": "ZahideYaln5",
    "followingArtist": "win butler",
    "country_code": "TR",
    "country": "Turkey"
  },
  {
    "username": "TarkanBekcan",
    "followingArtist": "win butler",
    "country_code": "TR",
    "country": "Turkey"
  },
  {
    "username": "Mazlum36327962",
    "followingArtist": "win butler",
    "country_code": "TR",
    "country": "Turkey"
  },
  {
    "username": "CeyLeventSenguN",
    "followingArtist": "win butler",
    "country_code": "CA",
    "country": "Canada"
  },
  {
    "username": "Fratkan13",
    "followingArtist": "win butler",
    "country_code": "TR",
    "country": "Turkey"
  },
  {
    "username": "TKocayolcu",
    "followingArtist": "win butler",
    "country_code": "TR",
    "country": "Turkey"
  },
  {
    "username": "chantayostrin81",
    "followingArtist": "win butler",
    "country_code": "TR",
    "country": "Turkey"
  },
  {
    "username": "georgiannemurr6",
    "followingArtist": "win butler",
    "country_code": "TR",
    "country": "Turkey"
  },
  {
    "username": "AlzeadanBaker",
    "followingArtist": "win butler",
    "country_code": "TR",
    "country": "Turkey"
  },
  {
    "username": "nazklcg1881",
    "followingArtist": "win butler",
    "country_code": "TR",
    "country": "Turkey"
  },
  {
    "username": "eboniependzial4",
    "followingArtist": "win butler",
    "country_code": "DK",
    "country": "Denmark"
  },
  {
    "username": "selenkenger",
    "followingArtist": "win butler",
    "country_code": "TR",
    "country": "Turkey"
  },
  {
    "username": "AhmadMunirSafi3",
    "followingArtist": "win butler",
    "country_code": "TR",
    "country": "Turkey"
  },
  {
    "username": "demir_serk",
    "followingArtist": "win butler",
    "country_code": "TR",
    "country": "Turkey"
  },
  {
    "username": "glsmdlk",
    "followingArtist": "win butler",
    "country_code": "TR",
    "country": "Turkey"
  },
  {
    "username": "esrcbnn",
    "followingArtist": "win butler",
    "country_code": "TR",
    "country": "Turkey"
  },
  {
    "username": "Abdulla49012584",
    "followingArtist": "win butler",
    "country_code": "TR",
    "country": "Turkey"
  },
  {
    "username": "corrierangel101",
    "followingArtist": "win butler",
    "country_code": "TR",
    "country": "Turkey"
  },
  {
    "username": "onur5678",
    "followingArtist": "win butler",
    "country_code": "TR",
    "country": "Turkey"
  }
]