[
  {
    "username": "mauricio_cp_25",
    "followingArtist": "GARNiDELiA STAFF",
    "country_code": "MX",
    "country": "Mexico"
  },
  {
    "username": "marnhee",
    "followingArtist": "GARNiDELiA STAFF",
    "country_code": "Pennsylvania Furnace Rd",
    "country": "Pennsylvania Furnace Rd"
  },
  {
    "username": "RolliePollietv",
    "followingArtist": "GARNiDELiA STAFF",
    "country_code": "NG",
    "country": "Nigeria"
  },
  {
    "username": "versaggo",
    "followingArtist": "GARNiDELiA STAFF",
    "country_code": "MX",
    "country": "Mexico"
  },
  {
    "username": "aiFmE9RNzTZedjA",
    "followingArtist": "GARNiDELiA STAFF",
    "country_code": "US",
    "country": "USA"
  },
  {
    "username": "JungHyunRimhyun",
    "followingArtist": "GARNiDELiA STAFF",
    "country_code": "IR",
    "country": "Iran"
  },
  {
    "username": "Ze_Wang233",
    "followingArtist": "GARNiDELiA STAFF",
    "country_code": "CN",
    "country": "China"
  },
  {
    "username": "Hurly_Seki",
    "followingArtist": "GARNiDELiA STAFF",
    "country_code": "CN",
    "country": "China"
  },
  {
    "username": "XSCM888",
    "followingArtist": "GARNiDELiA STAFF",
    "country_code": "MO",
    "country": "Macau"
  },
  {
    "username": "y1494519360",
    "followingArtist": "GARNiDELiA STAFF",
    "country_code": "US",
    "country": "USA"
  },
  {
    "username": "Endsein",
    "followingArtist": "GARNiDELiA STAFF",
    "country_code": "TW",
    "country": "Taiwan"
  },
  {
    "username": "CiuraArtist",
    "followingArtist": "GARNiDELiA STAFF",
    "country_code": "GB",
    "country": "Great Britain"
  },
  {
    "username": "HuynhThaiDuong3",
    "followingArtist": "GARNiDELiA STAFF",
    "country_code": "GH",
    "country": "Ghana"
  },
  {
    "username": "drachechocho",
    "followingArtist": "GARNiDELiA STAFF",
    "country_code": "AT",
    "country": "Austria"
  },
  {
    "username": "ZakPeriodico",
    "followingArtist": "GARNiDELiA STAFF",
    "country_code": "US",
    "country": "USA"
  },
  {
    "username": "ElysianAcoustic",
    "followingArtist": "GARNiDELiA STAFF",
    "country_code": "MY",
    "country": "Malaysia"
  },
  {
    "username": "Lnloveat",
    "followingArtist": "GARNiDELiA STAFF",
    "country_code": "CN",
    "country": "China"
  },
  {
    "username": "yoshitmasu",
    "followingArtist": "GARNiDELiA STAFF",
    "country_code": "BR",
    "country": "Brazil"
  },
  {
    "username": "0o_kanoele_o0",
    "followingArtist": "GARNiDELiA STAFF",
    "country_code": "JP",
    "country": "Japan"
  },
  {
    "username": "qianqiansama894",
    "followingArtist": "GARNiDELiA STAFF",
    "country_code": "US",
    "country": "USA"
  },
  {
    "username": "hakuku_gu",
    "followingArtist": "GARNiDELiA STAFF",
    "country_code": "CN",
    "country": "China"
  },
  {
    "username": "Darth_Clarke",
    "followingArtist": "GARNiDELiA STAFF",
    "country_code": "GB",
    "country": "Great Britain"
  },
  {
    "username": "hunter_alluring",
    "followingArtist": "GARNiDELiA STAFF",
    "country_code": "TK",
    "country": "Tokelau"
  },
  {
    "username": "AKBPhotosphere",
    "followingArtist": "GARNiDELiA STAFF",
    "country_code": "US",
    "country": "USA"
  },
  {
    "username": "milkdrinker_twt",
    "followingArtist": "GARNiDELiA STAFF",
    "country_code": "US",
    "country": "USA"
  },
  {
    "username": "hanakotorii",
    "followingArtist": "GARNiDELiA STAFF",
    "country_code": "US",
    "country": "USA"
  },
  {
    "username": "daichi_marquis",
    "followingArtist": "GARNiDELiA STAFF",
    "country_code": "US",
    "country": "USA"
  },
  {
    "username": "egbahx6tSQdywqJ",
    "followingArtist": "GARNiDELiA STAFF",
    "country_code": "CN",
    "country": "China"
  },
  {
    "username": "JxingX",
    "followingArtist": "GARNiDELiA STAFF",
    "country_code": "CN",
    "country": "China"
  },
  {
    "username": "miyamotorarako",
    "followingArtist": "GARNiDELiA STAFF",
    "country_code": "US",
    "country": "USA"
  },
  {
    "username": "KopyNC",
    "followingArtist": "GARNiDELiA STAFF",
    "country_code": "ES",
    "country": "Spain"
  },
  {
    "username": "ffcristi13",
    "followingArtist": "GARNiDELiA STAFF",
    "country_code": "US",
    "country": "USA"
  },
  {
    "username": "BORNTOBEYOUR1",
    "followingArtist": "GARNiDELiA STAFF",
    "country_code": "SJ",
    "country": "Svalbard and Jan Mayen Islands"
  },
  {
    "username": "cnacryw4",
    "followingArtist": "GARNiDELiA STAFF",
    "country_code": "TW",
    "country": "Taiwan"
  },
  {
    "username": "Nguyenhd2003",
    "followingArtist": "GARNiDELiA STAFF",
    "country_code": "US",
    "country": "USA"
  },
  {
    "username": "violin_920119",
    "followingArtist": "GARNiDELiA STAFF",
    "country_code": "TW",
    "country": "Taiwan"
  },
  {
    "username": "kakarrotShun",
    "followingArtist": "GARNiDELiA STAFF",
    "country_code": "TR",
    "country": "Turkey"
  },
  {
    "username": "AlifRizki6",
    "followingArtist": "GARNiDELiA STAFF",
    "country_code": "ID",
    "country": "Indonesia"
  },
  {
    "username": "mikoto_nyancafe",
    "followingArtist": "GARNiDELiA STAFF",
    "country_code": "TK",
    "country": "Tokelau"
  },
  {
    "username": "Al39526578",
    "followingArtist": "GARNiDELiA STAFF",
    "country_code": "US",
    "country": "USA"
  },
  {
    "username": "jasmine0Zeng",
    "followingArtist": "GARNiDELiA STAFF",
    "country_code": "US",
    "country": "USA"
  },
  {
    "username": "CheungKaito",
    "followingArtist": "GARNiDELiA STAFF",
    "country_code": "DK",
    "country": "Denmark"
  },
  {
    "username": "gettoterebi",
    "followingArtist": "GARNiDELiA STAFF",
    "country_code": "ID",
    "country": "Indonesia"
  },
  {
    "username": "KPOP_BAP33",
    "followingArtist": "GARNiDELiA STAFF",
    "country_code": "FR",
    "country": "France"
  },
  {
    "username": "eder0alegria",
    "followingArtist": "GARNiDELiA STAFF",
    "country_code": "MX",
    "country": "Mexico"
  },
  {
    "username": "KotaHirano96",
    "followingArtist": "GARNiDELiA STAFF",
    "country_code": "IT",
    "country": "Italy"
  },
  {
    "username": "8greefr",
    "followingArtist": "GARNiDELiA STAFF",
    "country_code": "ID",
    "country": "Indonesia"
  },
  {
    "username": "Zidane149",
    "followingArtist": "GARNiDELiA STAFF",
    "country_code": "ID",
    "country": "Indonesia"
  },
  {
    "username": "NikoBel22625541",
    "followingArtist": "GARNiDELiA STAFF",
    "country_code": "CN",
    "country": "China"
  },
  {
    "username": "XiaoLee89934553",
    "followingArtist": "GARNiDELiA STAFF",
    "country_code": "US",
    "country": "USA"
  },
  {
    "username": "SantoyoQuiroz",
    "followingArtist": "GARNiDELiA STAFF",
    "country_code": "MX",
    "country": "Mexico"
  },
  {
    "username": "osn3k",
    "followingArtist": "GARNiDELiA STAFF",
    "country_code": "MX",
    "country": "Mexico"
  },
  {
    "username": "garesc_lsa19",
    "followingArtist": "GARNiDELiA STAFF",
    "country_code": "MX",
    "country": "Mexico"
  },
  {
    "username": "TranCalvin3",
    "followingArtist": "GARNiDELiA STAFF",
    "country_code": "FR",
    "country": "France"
  },
  {
    "username": "JosioLol",
    "followingArtist": "GARNiDELiA STAFF",
    "country_code": "MX",
    "country": "Mexico"
  },
  {
    "username": "ckyang0318",
    "followingArtist": "GARNiDELiA STAFF",
    "country_code": "TW",
    "country": "Taiwan"
  },
  {
    "username": "mcvain1964",
    "followingArtist": "GARNiDELiA STAFF",
    "country_code": "UK",
    "country": "United Kingdom"
  },
  {
    "username": "i4kawaKun",
    "followingArtist": "GARNiDELiA STAFF",
    "country_code": "US",
    "country": "USA"
  },
  {
    "username": "nemuriia",
    "followingArtist": "GARNiDELiA STAFF",
    "country_code": "US",
    "country": "USA"
  },
  {
    "username": "PoncoAjiSaputr1",
    "followingArtist": "GARNiDELiA STAFF",
    "country_code": "ID",
    "country": "Indonesia"
  },
  {
    "username": "maikel_lucifer",
    "followingArtist": "GARNiDELiA STAFF",
    "country_code": "ES",
    "country": "Spain"
  },
  {
    "username": "fish0731500",
    "followingArtist": "GARNiDELiA STAFF",
    "country_code": "TW",
    "country": "Taiwan"
  },
  {
    "username": "nyanma_ru13",
    "followingArtist": "GARNiDELiA STAFF",
    "country_code": "IT",
    "country": "Italy"
  },
  {
    "username": "Maiteheart",
    "followingArtist": "GARNiDELiA STAFF",
    "country_code": "ES",
    "country": "Spain"
  },
  {
    "username": "Soyjuancarlosb",
    "followingArtist": "GARNiDELiA STAFF",
    "country_code": "MX",
    "country": "Mexico"
  },
  {
    "username": "OrLit7WHMLA05NF",
    "followingArtist": "GARNiDELiA STAFF",
    "country_code": "CN",
    "country": "China"
  },
  {
    "username": "BG47774329",
    "followingArtist": "GARNiDELiA STAFF",
    "country_code": "CN",
    "country": "China"
  },
  {
    "username": "kenyylol",
    "followingArtist": "GARNiDELiA STAFF",
    "country_code": "ET",
    "country": "Ethiopia"
  },
  {
    "username": "gomezk37",
    "followingArtist": "GARNiDELiA STAFF",
    "country_code": "CL",
    "country": "Chile"
  },
  {
    "username": "qq779299501",
    "followingArtist": "GARNiDELiA STAFF",
    "country_code": "CN",
    "country": "China"
  },
  {
    "username": "KyoshDP",
    "followingArtist": "GARNiDELiA STAFF",
    "country_code": "US",
    "country": "USA"
  },
  {
    "username": "tona_0808",
    "followingArtist": "GARNiDELiA STAFF",
    "country_code": "JP",
    "country": "Japan"
  },
  {
    "username": "KarenDoblas1",
    "followingArtist": "GARNiDELiA STAFF",
    "country_code": "MX",
    "country": "Mexico"
  },
  {
    "username": "JoseCavazosC",
    "followingArtist": "GARNiDELiA STAFF",
    "country_code": "MX",
    "country": "Mexico"
  },
  {
    "username": "j_am99",
    "followingArtist": "GARNiDELiA STAFF",
    "country_code": "CO",
    "country": "Colombia"
  },
  {
    "username": "JSsi1995",
    "followingArtist": "GARNiDELiA STAFF",
    "country_code": "US",
    "country": "USA"
  },
  {
    "username": "rugiapso2",
    "followingArtist": "GARNiDELiA STAFF",
    "country_code": "in",
    "country": "India"
  },
  {
    "username": "liuwenyong1",
    "followingArtist": "GARNiDELiA STAFF",
    "country_code": "CN",
    "country": "China"
  },
  {
    "username": "sansankelvin",
    "followingArtist": "GARNiDELiA STAFF",
    "country_code": "US",
    "country": "USA"
  },
  {
    "username": "walker123455",
    "followingArtist": "GARNiDELiA STAFF",
    "country_code": "TW",
    "country": "Taiwan"
  },
  {
    "username": "ks980313",
    "followingArtist": "GARNiDELiA STAFF",
    "country_code": "CN",
    "country": "China"
  },
  {
    "username": "ps1429",
    "followingArtist": "GARNiDELiA STAFF",
    "country_code": "DK",
    "country": "Denmark"
  },
  {
    "username": "icegreenorange",
    "followingArtist": "GARNiDELiA STAFF",
    "country_code": "CN",
    "country": "China"
  },
  {
    "username": "sean9104012",
    "followingArtist": "GARNiDELiA STAFF",
    "country_code": "TW",
    "country": "Taiwan"
  },
  {
    "username": "yuusuketkuc98",
    "followingArtist": "GARNiDELiA STAFF",
    "country_code": "JP",
    "country": "Japan"
  },
  {
    "username": "Mychel13031961",
    "followingArtist": "GARNiDELiA STAFF",
    "country_code": "MX",
    "country": "Mexico"
  },
  {
    "username": "Gentoli",
    "followingArtist": "GARNiDELiA STAFF",
    "country_code": "CA",
    "country": "Canada"
  },
  {
    "username": "belleb75630",
    "followingArtist": "GARNiDELiA STAFF",
    "country_code": "TW",
    "country": "Taiwan"
  },
  {
    "username": "s31629079",
    "followingArtist": "GARNiDELiA STAFF",
    "country_code": "TW",
    "country": "Taiwan"
  },
  {
    "username": "Keleemanaos27",
    "followingArtist": "GARNiDELiA STAFF",
    "country_code": "US",
    "country": "USA"
  },
  {
    "username": "YukiLuChan",
    "followingArtist": "GARNiDELiA STAFF",
    "country_code": "US",
    "country": "USA"
  },
  {
    "username": "wu_gege",
    "followingArtist": "GARNiDELiA STAFF",
    "country_code": "AU",
    "country": "Australia"
  },
  {
    "username": "ccvb1233",
    "followingArtist": "GARNiDELiA STAFF",
    "country_code": "DK",
    "country": "Denmark"
  },
  {
    "username": "spice_kuriri",
    "followingArtist": "GARNiDELiA STAFF",
    "country_code": "US",
    "country": "USA"
  },
  {
    "username": "Chikaitsme1",
    "followingArtist": "GARNiDELiA STAFF",
    "country_code": "ID",
    "country": "Indonesia"
  },
  {
    "username": "Seph_Kunstler",
    "followingArtist": "GARNiDELiA STAFF",
    "country_code": "ES",
    "country": "Spain"
  },
  {
    "username": "Fanteasy",
    "followingArtist": "GARNiDELiA STAFF",
    "country_code": "TW",
    "country": "Taiwan"
  },
  {
    "username": "teamABC1203",
    "followingArtist": "GARNiDELiA STAFF",
    "country_code": "JP",
    "country": "Japan"
  },
  {
    "username": "NickWoodman6",
    "followingArtist": "GARNiDELiA STAFF",
    "country_code": "TR",
    "country": "Turkey"
  },
  {
    "username": "mottan__11",
    "followingArtist": "GARNiDELiA STAFF",
    "country_code": "JP",
    "country": "Japan"
  },
  {
    "username": "hubertchow211",
    "followingArtist": "GARNiDELiA STAFF",
    "country_code": "DK",
    "country": "Denmark"
  },
  {
    "username": "susumu_komatsu",
    "followingArtist": "GARNiDELiA STAFF",
    "country_code": "US",
    "country": "USA"
  },
  {
    "username": "NbJZfCIz15hX1u4",
    "followingArtist": "GARNiDELiA STAFF",
    "country_code": "CN",
    "country": "China"
  },
  {
    "username": "siuming1118",
    "followingArtist": "GARNiDELiA STAFF",
    "country_code": "DK",
    "country": "Denmark"
  },
  {
    "username": "ABoldTuna",
    "followingArtist": "GARNiDELiA STAFF",
    "country_code": "US",
    "country": "USA"
  },
  {
    "username": "XinWen48944347",
    "followingArtist": "GARNiDELiA STAFF",
    "country_code": "NL",
    "country": "Netherlands"
  },
  {
    "username": "aohana_ka",
    "followingArtist": "GARNiDELiA STAFF",
    "country_code": "DK",
    "country": "Denmark"
  },
  {
    "username": "harcore_team",
    "followingArtist": "GARNiDELiA STAFF",
    "country_code": "FR",
    "country": "France"
  },
  {
    "username": "PokeGirl1369",
    "followingArtist": "GARNiDELiA STAFF",
    "country_code": "MY",
    "country": "Malaysia"
  },
  {
    "username": "mby727964487",
    "followingArtist": "GARNiDELiA STAFF",
    "country_code": "CN",
    "country": "China"
  },
  {
    "username": "Brandon_bees",
    "followingArtist": "GARNiDELiA STAFF",
    "country_code": "IN",
    "country": "India"
  },
  {
    "username": "KennyRu737",
    "followingArtist": "GARNiDELiA STAFF",
    "country_code": "US",
    "country": "USA"
  },
  {
    "username": "faithntes",
    "followingArtist": "GARNiDELiA STAFF",
    "country_code": "US",
    "country": "USA"
  },
  {
    "username": "FAKESTARUSA",
    "followingArtist": "GARNiDELiA STAFF",
    "country_code": "NG",
    "country": "Nigeria"
  },
  {
    "username": "ferly_FGS",
    "followingArtist": "GARNiDELiA STAFF",
    "country_code": "ID",
    "country": "Indonesia"
  },
  {
    "username": "RabbitBarista",
    "followingArtist": "GARNiDELiA STAFF",
    "country_code": "US",
    "country": "USA"
  },
  {
    "username": "AhrielTheTenshi",
    "followingArtist": "GARNiDELiA STAFF",
    "country_code": "MX",
    "country": "Mexico"
  },
  {
    "username": "FiripuuKAi",
    "followingArtist": "GARNiDELiA STAFF",
    "country_code": "US",
    "country": "USA"
  },
  {
    "username": "_R__39_",
    "followingArtist": "GARNiDELiA STAFF",
    "country_code": "BR",
    "country": "Brazil"
  },
  {
    "username": "MiAo13_",
    "followingArtist": "GARNiDELiA STAFF",
    "country_code": "CN",
    "country": "China"
  },
  {
    "username": "Adindachan2",
    "followingArtist": "GARNiDELiA STAFF",
    "country_code": "ID",
    "country": "Indonesia"
  },
  {
    "username": "riko_riko_123",
    "followingArtist": "GARNiDELiA STAFF",
    "country_code": "GB",
    "country": "Great Britain"
  },
  {
    "username": "auelneider100",
    "followingArtist": "GARNiDELiA STAFF",
    "country_code": "NP",
    "country": "Nepal"
  },
  {
    "username": "daisuke_wj",
    "followingArtist": "GARNiDELiA STAFF",
    "country_code": "US",
    "country": "USA"
  },
  {
    "username": "twbetep",
    "followingArtist": "GARNiDELiA STAFF",
    "country_code": "TW",
    "country": "Taiwan"
  },
  {
    "username": "RONISKY5",
    "followingArtist": "GARNiDELiA STAFF",
    "country_code": "DK",
    "country": "Denmark"
  },
  {
    "username": "hakuno1427",
    "followingArtist": "GARNiDELiA STAFF",
    "country_code": "AU",
    "country": "Australia"
  },
  {
    "username": "HabibSyekhUmaru",
    "followingArtist": "GARNiDELiA STAFF",
    "country_code": "NP",
    "country": "Nepal"
  },
  {
    "username": "GHLEO97",
    "followingArtist": "GARNiDELiA STAFF",
    "country_code": "MY",
    "country": "Malaysia"
  },
  {
    "username": "ARARAGIKUN9",
    "followingArtist": "GARNiDELiA STAFF",
    "country_code": "BR",
    "country": "Brazil"
  },
  {
    "username": "SlyyyBlues",
    "followingArtist": "GARNiDELiA STAFF",
    "country_code": "FR",
    "country": "France"
  },
  {
    "username": "PoTaTo_Honaka",
    "followingArtist": "GARNiDELiA STAFF",
    "country_code": "CO",
    "country": "Colombia"
  },
  {
    "username": "Tiago_SSilva",
    "followingArtist": "GARNiDELiA STAFF",
    "country_code": "BR",
    "country": "Brazil"
  },
  {
    "username": "Ger9029",
    "followingArtist": "GARNiDELiA STAFF",
    "country_code": "US",
    "country": "USA"
  },
  {
    "username": "CristianCasana1",
    "followingArtist": "GARNiDELiA STAFF",
    "country_code": "PT",
    "country": "Portugal"
  },
  {
    "username": "Lemueh",
    "followingArtist": "GARNiDELiA STAFF",
    "country_code": "DE",
    "country": "Germany"
  },
  {
    "username": "YibBoXingShu",
    "followingArtist": "GARNiDELiA STAFF",
    "country_code": "US",
    "country": "USA"
  },
  {
    "username": "S_BanGDream_S",
    "followingArtist": "GARNiDELiA STAFF",
    "country_code": "ID",
    "country": "Indonesia"
  },
  {
    "username": "tranman733",
    "followingArtist": "GARNiDELiA STAFF",
    "country_code": "ES",
    "country": "Spain"
  },
  {
    "username": "LlamaQueen15",
    "followingArtist": "GARNiDELiA STAFF",
    "country_code": "US",
    "country": "USA"
  },
  {
    "username": "TUKKU_TT",
    "followingArtist": "GARNiDELiA STAFF",
    "country_code": "TH",
    "country": "Thailand"
  },
  {
    "username": "DeadbyBon",
    "followingArtist": "GARNiDELiA STAFF",
    "country_code": "BR",
    "country": "Brazil"
  },
  {
    "username": "Pacylio",
    "followingArtist": "GARNiDELiA STAFF",
    "country_code": "BE",
    "country": "Belgium"
  },
  {
    "username": "zjw885508316",
    "followingArtist": "GARNiDELiA STAFF",
    "country_code": "BR",
    "country": "Brazil"
  },
  {
    "username": "bagasiommi",
    "followingArtist": "GARNiDELiA STAFF",
    "country_code": "ID",
    "country": "Indonesia"
  },
  {
    "username": "Setsuya13",
    "followingArtist": "GARNiDELiA STAFF",
    "country_code": "DK",
    "country": "Denmark"
  },
  {
    "username": "2Maa0Us82lekomm",
    "followingArtist": "GARNiDELiA STAFF",
    "country_code": "CZ",
    "country": "Czech Republic"
  },
  {
    "username": "kurukotokmj",
    "followingArtist": "GARNiDELiA STAFF",
    "country_code": "US",
    "country": "USA"
  },
  {
    "username": "SpringGhost1",
    "followingArtist": "GARNiDELiA STAFF",
    "country_code": "US",
    "country": "USA"
  },
  {
    "username": "boss_suchat",
    "followingArtist": "GARNiDELiA STAFF",
    "country_code": "US",
    "country": "USA"
  },
  {
    "username": "DANGO_TH",
    "followingArtist": "GARNiDELiA STAFF",
    "country_code": "US",
    "country": "USA"
  },
  {
    "username": "TwoChunz",
    "followingArtist": "GARNiDELiA STAFF",
    "country_code": "GH",
    "country": "Ghana"
  },
  {
    "username": "MonFerArt",
    "followingArtist": "GARNiDELiA STAFF",
    "country_code": "ES",
    "country": "Spain"
  },
  {
    "username": "Kutahani_Sayo",
    "followingArtist": "GARNiDELiA STAFF",
    "country_code": "CN",
    "country": "China"
  },
  {
    "username": "gatchaWOW",
    "followingArtist": "GARNiDELiA STAFF",
    "country_code": "GB",
    "country": "Great Britain"
  },
  {
    "username": "LW_MZF",
    "followingArtist": "GARNiDELiA STAFF",
    "country_code": "AU",
    "country": "Australia"
  },
  {
    "username": "Gshock99",
    "followingArtist": "GARNiDELiA STAFF",
    "country_code": "US",
    "country": "USA"
  },
  {
    "username": "yuru_4213",
    "followingArtist": "GARNiDELiA STAFF",
    "country_code": "GU",
    "country": "Guam"
  },
  {
    "username": "KATFYR",
    "followingArtist": "GARNiDELiA STAFF",
    "country_code": "NG",
    "country": "Nigeria"
  },
  {
    "username": "MZLStuart_TWI",
    "followingArtist": "GARNiDELiA STAFF",
    "country_code": "NR",
    "country": "Nauru"
  },
  {
    "username": "Spectre_Bazza",
    "followingArtist": "GARNiDELiA STAFF",
    "country_code": "UK",
    "country": "United Kingdom"
  },
  {
    "username": "yuta_chan098",
    "followingArtist": "GARNiDELiA STAFF",
    "country_code": "IN",
    "country": "India"
  },
  {
    "username": "immfung36",
    "followingArtist": "GARNiDELiA STAFF",
    "country_code": "ID",
    "country": "Indonesia"
  },
  {
    "username": "sikusikuas",
    "followingArtist": "GARNiDELiA STAFF",
    "country_code": "DK",
    "country": "Denmark"
  },
  {
    "username": "rik_sdtrg",
    "followingArtist": "GARNiDELiA STAFF",
    "country_code": "JP",
    "country": "Japan"
  },
  {
    "username": "Son_0f_darkness",
    "followingArtist": "GARNiDELiA STAFF",
    "country_code": "US",
    "country": "USA"
  },
  {
    "username": "Chocobozilla",
    "followingArtist": "GARNiDELiA STAFF",
    "country_code": "US",
    "country": "USA"
  },
  {
    "username": "David79991646",
    "followingArtist": "GARNiDELiA STAFF",
    "country_code": "PE",
    "country": "Peru"
  },
  {
    "username": "SungTaeHyungV",
    "followingArtist": "GARNiDELiA STAFF",
    "country_code": "KR",
    "country": "South Korea"
  },
  {
    "username": "WokerAllen",
    "followingArtist": "GARNiDELiA STAFF",
    "country_code": "CN",
    "country": "China"
  },
  {
    "username": "Gu123_Lopes",
    "followingArtist": "GARNiDELiA STAFF",
    "country_code": "BR",
    "country": "Brazil"
  },
  {
    "username": "CMNless",
    "followingArtist": "GARNiDELiA STAFF",
    "country_code": "TD",
    "country": "Chad"
  },
  {
    "username": "490654017",
    "followingArtist": "GARNiDELiA STAFF",
    "country_code": "UK",
    "country": "United Kingdom"
  },
  {
    "username": "KoeiKyun",
    "followingArtist": "GARNiDELiA STAFF",
    "country_code": "ES",
    "country": "Spain"
  },
  {
    "username": "abadzein",
    "followingArtist": "GARNiDELiA STAFF",
    "country_code": "IN",
    "country": "India"
  },
  {
    "username": "NYaketa",
    "followingArtist": "GARNiDELiA STAFF",
    "country_code": "JP",
    "country": "Japan"
  },
  {
    "username": "Jikoui0909",
    "followingArtist": "GARNiDELiA STAFF",
    "country_code": "CN",
    "country": "China"
  },
  {
    "username": "Bruce73900225",
    "followingArtist": "GARNiDELiA STAFF",
    "country_code": "US",
    "country": "USA"
  },
  {
    "username": "SokphannyTith28",
    "followingArtist": "GARNiDELiA STAFF",
    "country_code": "California City Blvd",
    "country": "California City Blvd"
  },
  {
    "username": "yukira2018",
    "followingArtist": "GARNiDELiA STAFF",
    "country_code": "PH",
    "country": "Philippines"
  },
  {
    "username": "ShiradaA",
    "followingArtist": "GARNiDELiA STAFF",
    "country_code": "ID",
    "country": "Indonesia"
  },
  {
    "username": "rikoerichi",
    "followingArtist": "GARNiDELiA STAFF",
    "country_code": "TR",
    "country": "Turkey"
  },
  {
    "username": "abc97175",
    "followingArtist": "GARNiDELiA STAFF",
    "country_code": "TW",
    "country": "Taiwan"
  },
  {
    "username": "K1ztAycJI0hsZzj",
    "followingArtist": "GARNiDELiA STAFF",
    "country_code": "US",
    "country": "USA"
  },
  {
    "username": "LnFleuret",
    "followingArtist": "GARNiDELiA STAFF",
    "country_code": "JP",
    "country": "Japan"
  },
  {
    "username": "maundo9118",
    "followingArtist": "GARNiDELiA STAFF",
    "country_code": "TW",
    "country": "Taiwan"
  },
  {
    "username": "nagareboshi_P",
    "followingArtist": "GARNiDELiA STAFF",
    "country_code": "GB",
    "country": "Great Britain"
  },
  {
    "username": "aeiroum",
    "followingArtist": "GARNiDELiA STAFF",
    "country_code": "US",
    "country": "USA"
  },
  {
    "username": "EkiHolic_",
    "followingArtist": "GARNiDELiA STAFF",
    "country_code": "JP",
    "country": "Japan"
  },
  {
    "username": "StephandImmy",
    "followingArtist": "GARNiDELiA STAFF",
    "country_code": "AU",
    "country": "Australia"
  },
  {
    "username": "Koney0188",
    "followingArtist": "GARNiDELiA STAFF",
    "country_code": "US",
    "country": "USA"
  },
  {
    "username": "oJPusaEnAuOxjxy",
    "followingArtist": "GARNiDELiA STAFF",
    "country_code": "ID",
    "country": "Indonesia"
  },
  {
    "username": "LopperKung",
    "followingArtist": "GARNiDELiA STAFF",
    "country_code": "NG",
    "country": "Nigeria"
  },
  {
    "username": "aoisakishiro",
    "followingArtist": "GARNiDELiA STAFF",
    "country_code": "DK",
    "country": "Denmark"
  },
  {
    "username": "XF_GAL",
    "followingArtist": "GARNiDELiA STAFF",
    "country_code": "California City Blvd",
    "country": "California City Blvd"
  },
  {
    "username": "sho_u_n_nu",
    "followingArtist": "GARNiDELiA STAFF",
    "country_code": "UG",
    "country": "Uganda"
  },
  {
    "username": "2g3g_",
    "followingArtist": "GARNiDELiA STAFF",
    "country_code": "US",
    "country": "USA"
  },
  {
    "username": "Harley23807797",
    "followingArtist": "GARNiDELiA STAFF",
    "country_code": "DK",
    "country": "Denmark"
  },
  {
    "username": "zhutony123",
    "followingArtist": "GARNiDELiA STAFF",
    "country_code": "US",
    "country": "USA"
  },
  {
    "username": "NGZK4607",
    "followingArtist": "GARNiDELiA STAFF",
    "country_code": "US",
    "country": "USA"
  },
  {
    "username": "josueyael2004",
    "followingArtist": "GARNiDELiA STAFF",
    "country_code": "MX",
    "country": "Mexico"
  },
  {
    "username": "HeatHazeDazed",
    "followingArtist": "GARNiDELiA STAFF",
    "country_code": "AU",
    "country": "Australia"
  },
  {
    "username": "Suzun_gr",
    "followingArtist": "GARNiDELiA STAFF",
    "country_code": "CN",
    "country": "China"
  },
  {
    "username": "onegaishimasta",
    "followingArtist": "GARNiDELiA STAFF",
    "country_code": "ID",
    "country": "Indonesia"
  },
  {
    "username": "2oYpcns96JeDueL",
    "followingArtist": "GARNiDELiA STAFF",
    "country_code": "CN",
    "country": "China"
  },
  {
    "username": "AtoJ_Info",
    "followingArtist": "GARNiDELiA STAFF",
    "country_code": "NG",
    "country": "Nigeria"
  },
  {
    "username": "crystalHDremade",
    "followingArtist": "GARNiDELiA STAFF",
    "country_code": "US",
    "country": "USA"
  },
  {
    "username": "MirkoGonzlez1",
    "followingArtist": "GARNiDELiA STAFF",
    "country_code": "ES",
    "country": "Spain"
  },
  {
    "username": "ShinChven",
    "followingArtist": "GARNiDELiA STAFF",
    "country_code": "CN",
    "country": "China"
  },
  {
    "username": "KAVABAN",
    "followingArtist": "GARNiDELiA STAFF",
    "country_code": "US",
    "country": "USA"
  },
  {
    "username": "LaiCorrine",
    "followingArtist": "GARNiDELiA STAFF",
    "country_code": "TW",
    "country": "Taiwan"
  },
  {
    "username": "mikamineko0118",
    "followingArtist": "GARNiDELiA STAFF",
    "country_code": "MO",
    "country": "Macau"
  },
  {
    "username": "PurbayuB",
    "followingArtist": "GARNiDELiA STAFF",
    "country_code": "ID",
    "country": "Indonesia"
  },
  {
    "username": "Meloddy345",
    "followingArtist": "GARNiDELiA STAFF",
    "country_code": "HU",
    "country": "Hungary"
  },
  {
    "username": "Surya_Pramono07",
    "followingArtist": "GARNiDELiA STAFF",
    "country_code": "ID",
    "country": "Indonesia"
  },
  {
    "username": "darksolink33",
    "followingArtist": "GARNiDELiA STAFF",
    "country_code": "RE",
    "country": "Reunion"
  },
  {
    "username": "JustineJia2",
    "followingArtist": "GARNiDELiA STAFF",
    "country_code": "CN",
    "country": "China"
  },
  {
    "username": "kekRicardo",
    "followingArtist": "GARNiDELiA STAFF",
    "country_code": "MX",
    "country": "Mexico"
  },
  {
    "username": "Sagara96022553",
    "followingArtist": "GARNiDELiA STAFF",
    "country_code": "ES",
    "country": "Spain"
  },
  {
    "username": "m_32y",
    "followingArtist": "GARNiDELiA STAFF",
    "country_code": "CO",
    "country": "Colombia"
  },
  {
    "username": "ya_phil_me_",
    "followingArtist": "GARNiDELiA STAFF",
    "country_code": "US",
    "country": "USA"
  },
  {
    "username": "sha807479905",
    "followingArtist": "GARNiDELiA STAFF",
    "country_code": "IN",
    "country": "India"
  },
  {
    "username": "shiorinonsan",
    "followingArtist": "GARNiDELiA STAFF",
    "country_code": "NG",
    "country": "Nigeria"
  },
  {
    "username": "NapN_K",
    "followingArtist": "GARNiDELiA STAFF",
    "country_code": "US",
    "country": "USA"
  },
  {
    "username": "nokaus33",
    "followingArtist": "GARNiDELiA STAFF",
    "country_code": "US",
    "country": "USA"
  },
  {
    "username": "KiruaAlter",
    "followingArtist": "GARNiDELiA STAFF",
    "country_code": "IT",
    "country": "Italy"
  },
  {
    "username": "kisslashi",
    "followingArtist": "GARNiDELiA STAFF",
    "country_code": "NO",
    "country": "Norway"
  },
  {
    "username": "mitsukiroselia",
    "followingArtist": "GARNiDELiA STAFF",
    "country_code": "DK",
    "country": "Denmark"
  },
  {
    "username": "ammarhafiy666",
    "followingArtist": "GARNiDELiA STAFF",
    "country_code": "MY",
    "country": "Malaysia"
  },
  {
    "username": "VEzITWs8bxHF8XA",
    "followingArtist": "GARNiDELiA STAFF",
    "country_code": "US",
    "country": "USA"
  },
  {
    "username": "kronos_bryan",
    "followingArtist": "GARNiDELiA STAFF",
    "country_code": "PT",
    "country": "Portugal"
  },
  {
    "username": "Pikapi_X",
    "followingArtist": "GARNiDELiA STAFF",
    "country_code": "US",
    "country": "USA"
  },
  {
    "username": "JooEman27701208",
    "followingArtist": "GARNiDELiA STAFF",
    "country_code": "GM",
    "country": "Gambia"
  },
  {
    "username": "G95tBZHOuCjVngA",
    "followingArtist": "GARNiDELiA STAFF",
    "country_code": "MY",
    "country": "Malaysia"
  },
  {
    "username": "jesuscience",
    "followingArtist": "GARNiDELiA STAFF",
    "country_code": "SI",
    "country": "Slovenia"
  },
  {
    "username": "RingoChow_",
    "followingArtist": "GARNiDELiA STAFF",
    "country_code": "CN",
    "country": "China"
  },
  {
    "username": "JW64Music",
    "followingArtist": "GARNiDELiA STAFF",
    "country_code": "US",
    "country": "USA"
  },
  {
    "username": "atgagtmgwhwg",
    "followingArtist": "GARNiDELiA STAFF",
    "country_code": "US",
    "country": "USA"
  },
  {
    "username": "GreenLi82929005",
    "followingArtist": "GARNiDELiA STAFF",
    "country_code": "MX",
    "country": "Mexico"
  },
  {
    "username": "IQnCEr4d47jD4Hp",
    "followingArtist": "GARNiDELiA STAFF",
    "country_code": "US",
    "country": "USA"
  },
  {
    "username": "rurgpcvBuc4C8Jj",
    "followingArtist": "GARNiDELiA STAFF",
    "country_code": "TW",
    "country": "Taiwan"
  },
  {
    "username": "renarena11218",
    "followingArtist": "GARNiDELiA STAFF",
    "country_code": "TK",
    "country": "Tokelau"
  },
  {
    "username": "Dadda56874157",
    "followingArtist": "GARNiDELiA STAFF",
    "country_code": "IT",
    "country": "Italy"
  },
  {
    "username": "0916_tokei",
    "followingArtist": "GARNiDELiA STAFF",
    "country_code": "CA",
    "country": "Canada"
  },
  {
    "username": "Yaumilputrikan3",
    "followingArtist": "GARNiDELiA STAFF",
    "country_code": "US",
    "country": "USA"
  },
  {
    "username": "China_233333",
    "followingArtist": "GARNiDELiA STAFF",
    "country_code": "US",
    "country": "USA"
  },
  {
    "username": "reichert_carlos",
    "followingArtist": "GARNiDELiA STAFF",
    "country_code": "BR",
    "country": "Brazil"
  },
  {
    "username": "yukaxxxchan",
    "followingArtist": "GARNiDELiA STAFF",
    "country_code": "US",
    "country": "USA"
  },
  {
    "username": "Sao12182",
    "followingArtist": "GARNiDELiA STAFF",
    "country_code": "US",
    "country": "USA"
  },
  {
    "username": "liuhongyi017",
    "followingArtist": "GARNiDELiA STAFF",
    "country_code": "CN",
    "country": "China"
  },
  {
    "username": "RANUARTWORK",
    "followingArtist": "GARNiDELiA STAFF",
    "country_code": "JO",
    "country": "Jordan"
  },
  {
    "username": "buradoriikun001",
    "followingArtist": "GARNiDELiA STAFF",
    "country_code": "US",
    "country": "USA"
  },
  {
    "username": "luckz125",
    "followingArtist": "GARNiDELiA STAFF",
    "country_code": "TH",
    "country": "Thailand"
  }
]