[
  {
    "username": "tonycommenter",
    "followingArtist": "Rob Brydon",
    "country_code": "US",
    "country": "USA"
  },
  {
    "username": "spconstellation",
    "followingArtist": "Rob Brydon",
    "country_code": "US",
    "country": "USA"
  },
  {
    "username": "AdamFrankalin",
    "followingArtist": "Rob Brydon",
    "country_code": "US",
    "country": "USA"
  },
  {
    "username": "tecordeon",
    "followingArtist": "Rob Brydon",
    "country_code": "US",
    "country": "USA"
  },
  {
    "username": "BukolaE",
    "followingArtist": "Rob Brydon",
    "country_code": "US",
    "country": "USA"
  },
  {
    "username": "maxtremaine",
    "followingArtist": "Rob Brydon",
    "country_code": "CA",
    "country": "Canada"
  },
  {
    "username": "alliemfelix",
    "followingArtist": "Rob Brydon",
    "country_code": "US",
    "country": "USA"
  },
  {
    "username": "extrawilling",
    "followingArtist": "Rob Brydon",
    "country_code": "US",
    "country": "USA"
  },
  {
    "username": "friedmank",
    "followingArtist": "Rob Brydon",
    "country_code": "US",
    "country": "USA"
  },
  {
    "username": "screamish",
    "followingArtist": "Rob Brydon",
    "country_code": "AU",
    "country": "Australia"
  },
  {
    "username": "tylerdave",
    "followingArtist": "Rob Brydon",
    "country_code": "US",
    "country": "USA"
  },
  {
    "username": "DropTheMicIO",
    "followingArtist": "Rob Brydon",
    "country_code": "US",
    "country": "USA"
  },
  {
    "username": "gregchristian",
    "followingArtist": "Rob Brydon",
    "country_code": "US",
    "country": "USA"
  },
  {
    "username": "adiuoos",
    "followingArtist": "Rob Brydon",
    "country_code": "California City Blvd",
    "country": "California City Blvd"
  },
  {
    "username": "SnglrtyWatch",
    "followingArtist": "Rob Brydon",
    "country_code": "DK",
    "country": "Denmark"
  },
  {
    "username": "WendySchwartz22",
    "followingArtist": "Rob Brydon",
    "country_code": "US",
    "country": "USA"
  },
  {
    "username": "LaurenLaCapra",
    "followingArtist": "Rob Brydon",
    "country_code": "US",
    "country": "USA"
  },
  {
    "username": "justinchando",
    "followingArtist": "Rob Brydon",
    "country_code": "US",
    "country": "USA"
  },
  {
    "username": "socialstartny",
    "followingArtist": "Rob Brydon",
    "country_code": "US",
    "country": "USA"
  },
  {
    "username": "mattconvente",
    "followingArtist": "Rob Brydon",
    "country_code": "US",
    "country": "USA"
  },
  {
    "username": "keiths",
    "followingArtist": "Rob Brydon",
    "country_code": "US",
    "country": "USA"
  },
  {
    "username": "grom_kids",
    "followingArtist": "Rob Brydon",
    "country_code": "IT",
    "country": "Italy"
  },
  {
    "username": "mnewmanphotos",
    "followingArtist": "Rob Brydon",
    "country_code": "GB",
    "country": "Scotland"
  },
  {
    "username": "Chen_Liang_",
    "followingArtist": "Rob Brydon",
    "country_code": "CN",
    "country": "China"
  },
  {
    "username": "stgmaier",
    "followingArtist": "Rob Brydon",
    "country_code": "US",
    "country": "USA"
  },
  {
    "username": "dafrankel",
    "followingArtist": "Rob Brydon",
    "country_code": "US",
    "country": "USA"
  },
  {
    "username": "camitellez13",
    "followingArtist": "Rob Brydon",
    "country_code": "US",
    "country": "USA"
  },
  {
    "username": "alexkendrick332",
    "followingArtist": "Rob Brydon",
    "country_code": "US",
    "country": "USA"
  },
  {
    "username": "AndrewDumont",
    "followingArtist": "Rob Brydon",
    "country_code": "US",
    "country": "USA"
  },
  {
    "username": "MarieProkopets",
    "followingArtist": "Rob Brydon",
    "country_code": "US",
    "country": "USA"
  },
  {
    "username": "karlclement",
    "followingArtist": "Rob Brydon",
    "country_code": "CA",
    "country": "Canada"
  },
  {
    "username": "jaykimsalinger",
    "followingArtist": "Rob Brydon",
    "country_code": "NG",
    "country": "Nigeria"
  },
  {
    "username": "VL",
    "followingArtist": "Rob Brydon",
    "country_code": "US",
    "country": "USA"
  },
  {
    "username": "hnshah",
    "followingArtist": "Rob Brydon",
    "country_code": "GH",
    "country": "Ghana"
  },
  {
    "username": "emilyca5",
    "followingArtist": "Rob Brydon",
    "country_code": "US",
    "country": "USA"
  },
  {
    "username": "jsoffen",
    "followingArtist": "Rob Brydon",
    "country_code": "US",
    "country": "USA"
  },
  {
    "username": "chaddickerson",
    "followingArtist": "Rob Brydon",
    "country_code": "US",
    "country": "USA"
  },
  {
    "username": "maestro_egypt",
    "followingArtist": "Rob Brydon",
    "country_code": "EG",
    "country": "Egypt"
  },
  {
    "username": "ctbarna",
    "followingArtist": "Rob Brydon",
    "country_code": "US",
    "country": "USA"
  },
  {
    "username": "bojan_vidanovic",
    "followingArtist": "Rob Brydon",
    "country_code": "IT",
    "country": "Italy"
  },
  {
    "username": "grumpystartups",
    "followingArtist": "Rob Brydon",
    "country_code": "UK",
    "country": "United Kingdom"
  },
  {
    "username": "thisplacestudio",
    "followingArtist": "Rob Brydon",
    "country_code": "UK",
    "country": "United Kingdom"
  },
  {
    "username": "jttamaru",
    "followingArtist": "Rob Brydon",
    "country_code": "US",
    "country": "USA"
  },
  {
    "username": "cofame_keiko",
    "followingArtist": "Rob Brydon",
    "country_code": "PH",
    "country": "Philippines"
  },
  {
    "username": "SamGimbel",
    "followingArtist": "Rob Brydon",
    "country_code": "US",
    "country": "USA"
  },
  {
    "username": "ashwindeshmukh",
    "followingArtist": "Rob Brydon",
    "country_code": "US",
    "country": "USA"
  },
  {
    "username": "6BillionPeople",
    "followingArtist": "Rob Brydon",
    "country_code": "NG",
    "country": "Nigeria"
  },
  {
    "username": "kagisobond",
    "followingArtist": "Rob Brydon",
    "country_code": "US",
    "country": "USA"
  },
  {
    "username": "ramseychapin",
    "followingArtist": "Rob Brydon",
    "country_code": "US",
    "country": "USA"
  },
  {
    "username": "CameronCollie",
    "followingArtist": "Rob Brydon",
    "country_code": "AU",
    "country": "Australia"
  },
  {
    "username": "PitchCrunch",
    "followingArtist": "Rob Brydon",
    "country_code": "US",
    "country": "USA"
  },
  {
    "username": "_alexpiazza",
    "followingArtist": "Rob Brydon",
    "country_code": "NG",
    "country": "Nigeria"
  },
  {
    "username": "ajr771",
    "followingArtist": "Rob Brydon",
    "country_code": "US",
    "country": "USA"
  },
  {
    "username": "nickymquinn",
    "followingArtist": "Rob Brydon",
    "country_code": "US",
    "country": "USA"
  },
  {
    "username": "launch_lister",
    "followingArtist": "Rob Brydon",
    "country_code": "BR",
    "country": "Brazil"
  },
  {
    "username": "Mohamed77260452",
    "followingArtist": "Rob Brydon",
    "country_code": "BE",
    "country": "Belgium"
  },
  {
    "username": "rommelddsrtfx",
    "followingArtist": "Rob Brydon",
    "country_code": "CA",
    "country": "Canada"
  },
  {
    "username": "sarahaustin",
    "followingArtist": "Rob Brydon",
    "country_code": "US",
    "country": "USA"
  },
  {
    "username": "vueglasses",
    "followingArtist": "Rob Brydon",
    "country_code": "US",
    "country": "USA"
  },
  {
    "username": "emrosario",
    "followingArtist": "Rob Brydon",
    "country_code": "US",
    "country": "USA"
  },
  {
    "username": "gamesandpanties",
    "followingArtist": "Rob Brydon",
    "country_code": "US",
    "country": "USA"
  },
  {
    "username": "ganeumann",
    "followingArtist": "Rob Brydon",
    "country_code": "US",
    "country": "USA"
  },
  {
    "username": "ljdnk",
    "followingArtist": "Rob Brydon",
    "country_code": "US",
    "country": "USA"
  },
  {
    "username": "itsjasonblack",
    "followingArtist": "Rob Brydon",
    "country_code": "US",
    "country": "USA"
  },
  {
    "username": "WinL",
    "followingArtist": "Rob Brydon",
    "country_code": "US",
    "country": "USA"
  },
  {
    "username": "def_PD",
    "followingArtist": "Rob Brydon",
    "country_code": "US",
    "country": "USA"
  },
  {
    "username": "life_is_a_sport",
    "followingArtist": "Rob Brydon",
    "country_code": "NG",
    "country": "Nigeria"
  },
  {
    "username": "coopervz",
    "followingArtist": "Rob Brydon",
    "country_code": "US",
    "country": "USA"
  },
  {
    "username": "TopLevelMind",
    "followingArtist": "Rob Brydon",
    "country_code": "US",
    "country": "USA"
  },
  {
    "username": "RebootHQ",
    "followingArtist": "Rob Brydon",
    "country_code": "US",
    "country": "USA"
  },
  {
    "username": "ProductizedConf",
    "followingArtist": "Rob Brydon",
    "country_code": "PT",
    "country": "Portugal"
  },
  {
    "username": "CristinaUpton",
    "followingArtist": "Rob Brydon",
    "country_code": "US",
    "country": "USA"
  },
  {
    "username": "bjvanw",
    "followingArtist": "Rob Brydon",
    "country_code": "ID",
    "country": "Indonesia"
  },
  {
    "username": "amywutoo",
    "followingArtist": "Rob Brydon",
    "country_code": "US",
    "country": "USA"
  },
  {
    "username": "cdouvos",
    "followingArtist": "Rob Brydon",
    "country_code": "PH",
    "country": "Philippines"
  },
  {
    "username": "AriannaSimpson",
    "followingArtist": "Rob Brydon",
    "country_code": "US",
    "country": "USA"
  },
  {
    "username": "9Mousa",
    "followingArtist": "Rob Brydon",
    "country_code": "US",
    "country": "USA"
  },
  {
    "username": "khemaridh",
    "followingArtist": "Rob Brydon",
    "country_code": "NG",
    "country": "Nigeria"
  },
  {
    "username": "savjani",
    "followingArtist": "Rob Brydon",
    "country_code": "US",
    "country": "USA"
  },
  {
    "username": "keithrhernandez",
    "followingArtist": "Rob Brydon",
    "country_code": "US",
    "country": "USA"
  },
  {
    "username": "mariacavassuto",
    "followingArtist": "Rob Brydon",
    "country_code": "NG",
    "country": "Nigeria"
  },
  {
    "username": "daniburgr",
    "followingArtist": "Rob Brydon",
    "country_code": "UK",
    "country": "United Kingdom"
  },
  {
    "username": "Soengle",
    "followingArtist": "Rob Brydon",
    "country_code": "US",
    "country": "USA"
  },
  {
    "username": "TBerghane",
    "followingArtist": "Rob Brydon",
    "country_code": "US",
    "country": "USA"
  },
  {
    "username": "DariaV",
    "followingArtist": "Rob Brydon",
    "country_code": "PT",
    "country": "Portugal"
  },
  {
    "username": "DataRoleHQ",
    "followingArtist": "Rob Brydon",
    "country_code": "US",
    "country": "USA"
  },
  {
    "username": "dasjoshua",
    "followingArtist": "Rob Brydon",
    "country_code": "US",
    "country": "USA"
  },
  {
    "username": "tmcbrideSPMH",
    "followingArtist": "Rob Brydon",
    "country_code": "US",
    "country": "USA"
  },
  {
    "username": "thuwan_hashan",
    "followingArtist": "Rob Brydon",
    "country_code": "ID",
    "country": "Indonesia"
  },
  {
    "username": "BrittanyKrystle",
    "followingArtist": "Rob Brydon",
    "country_code": "NG",
    "country": "Nigeria"
  },
  {
    "username": "recordifyio",
    "followingArtist": "Rob Brydon",
    "country_code": "US",
    "country": "USA"
  },
  {
    "username": "AaronnMarshall1",
    "followingArtist": "Rob Brydon",
    "country_code": "US",
    "country": "USA"
  },
  {
    "username": "LizMartinezG",
    "followingArtist": "Rob Brydon",
    "country_code": "NL",
    "country": "Netherlands"
  },
  {
    "username": "WhatsInStore2",
    "followingArtist": "Rob Brydon",
    "country_code": "NG",
    "country": "Nigeria"
  },
  {
    "username": "MoyaStudiosNet",
    "followingArtist": "Rob Brydon",
    "country_code": "US",
    "country": "USA"
  },
  {
    "username": "GRK",
    "followingArtist": "Rob Brydon",
    "country_code": "AU",
    "country": "Australia"
  },
  {
    "username": "tryoften",
    "followingArtist": "Rob Brydon",
    "country_code": "US",
    "country": "USA"
  },
  {
    "username": "mulderbean",
    "followingArtist": "Rob Brydon",
    "country_code": "US",
    "country": "USA"
  },
  {
    "username": "bobbilee19",
    "followingArtist": "Rob Brydon",
    "country_code": "US",
    "country": "USA"
  },
  {
    "username": "ruohanchenux",
    "followingArtist": "Rob Brydon",
    "country_code": "US",
    "country": "USA"
  },
  {
    "username": "MrScottEddy",
    "followingArtist": "Rob Brydon",
    "country_code": "US",
    "country": "USA"
  },
  {
    "username": "bmorrissey",
    "followingArtist": "Rob Brydon",
    "country_code": "US",
    "country": "USA"
  },
  {
    "username": "calebd",
    "followingArtist": "Rob Brydon",
    "country_code": "California City Blvd",
    "country": "California City Blvd"
  },
  {
    "username": "hollyccc",
    "followingArtist": "Rob Brydon",
    "country_code": "AU",
    "country": "Australia"
  },
  {
    "username": "mr_erikthomas",
    "followingArtist": "Rob Brydon",
    "country_code": "US",
    "country": "USA"
  },
  {
    "username": "coffeebotinc",
    "followingArtist": "Rob Brydon",
    "country_code": "US",
    "country": "USA"
  },
  {
    "username": "sfhippie",
    "followingArtist": "Rob Brydon",
    "country_code": "California City Blvd",
    "country": "California City Blvd"
  },
  {
    "username": "ZoeLaHenry",
    "followingArtist": "Rob Brydon",
    "country_code": "US",
    "country": "USA"
  },
  {
    "username": "heychalk",
    "followingArtist": "Rob Brydon",
    "country_code": "US",
    "country": "USA"
  },
  {
    "username": "logobagus_",
    "followingArtist": "Rob Brydon",
    "country_code": "ID",
    "country": "Indonesia"
  },
  {
    "username": "hoomanradfar",
    "followingArtist": "Rob Brydon",
    "country_code": "US",
    "country": "USA"
  },
  {
    "username": "RebeccaSlatkin",
    "followingArtist": "Rob Brydon",
    "country_code": "US",
    "country": "USA"
  },
  {
    "username": "HeatherHartnett",
    "followingArtist": "Rob Brydon",
    "country_code": "US",
    "country": "USA"
  },
  {
    "username": "Samchitananda",
    "followingArtist": "Rob Brydon",
    "country_code": "US",
    "country": "USA"
  },
  {
    "username": "thesophiapaloma",
    "followingArtist": "Rob Brydon",
    "country_code": "US",
    "country": "USA"
  },
  {
    "username": "teaandcoffee_1",
    "followingArtist": "Rob Brydon",
    "country_code": "US",
    "country": "USA"
  },
  {
    "username": "hellohovly",
    "followingArtist": "Rob Brydon",
    "country_code": "NG",
    "country": "Nigeria"
  },
  {
    "username": "badun",
    "followingArtist": "Rob Brydon",
    "country_code": "UG",
    "country": "Uganda"
  },
  {
    "username": "albtweetin",
    "followingArtist": "Rob Brydon",
    "country_code": "US",
    "country": "USA"
  },
  {
    "username": "clara_buchanan",
    "followingArtist": "Rob Brydon",
    "country_code": "US",
    "country": "USA"
  },
  {
    "username": "edwardlando",
    "followingArtist": "Rob Brydon",
    "country_code": "US",
    "country": "USA"
  },
  {
    "username": "LuxuryTimeStore",
    "followingArtist": "Rob Brydon",
    "country_code": "FR",
    "country": "France"
  },
  {
    "username": "tylertate",
    "followingArtist": "Rob Brydon",
    "country_code": "US",
    "country": "USA"
  },
  {
    "username": "kane",
    "followingArtist": "Rob Brydon",
    "country_code": "US",
    "country": "USA"
  },
  {
    "username": "amandahwood",
    "followingArtist": "Rob Brydon",
    "country_code": "CA",
    "country": "Canada"
  },
  {
    "username": "MauryaCouvares",
    "followingArtist": "Rob Brydon",
    "country_code": "US",
    "country": "USA"
  },
  {
    "username": "infiniteloopco",
    "followingArtist": "Rob Brydon",
    "country_code": "NG",
    "country": "Nigeria"
  },
  {
    "username": "iamzaki",
    "followingArtist": "Rob Brydon",
    "country_code": "US",
    "country": "USA"
  },
  {
    "username": "WineConfidant",
    "followingArtist": "Rob Brydon",
    "country_code": "US",
    "country": "USA"
  },
  {
    "username": "Jessica6676",
    "followingArtist": "Rob Brydon",
    "country_code": "US",
    "country": "USA"
  },
  {
    "username": "TheHorologyPad",
    "followingArtist": "Rob Brydon",
    "country_code": "US",
    "country": "USA"
  },
  {
    "username": "MeltingIce",
    "followingArtist": "Rob Brydon",
    "country_code": "US",
    "country": "USA"
  },
  {
    "username": "ScientifikCIO",
    "followingArtist": "Rob Brydon",
    "country_code": "US",
    "country": "USA"
  },
  {
    "username": "DewanLuban",
    "followingArtist": "Rob Brydon",
    "country_code": "BD",
    "country": "Bangladesh"
  },
  {
    "username": "kevinrose",
    "followingArtist": "Rob Brydon",
    "country_code": "US",
    "country": "USA"
  },
  {
    "username": "hemeon",
    "followingArtist": "Rob Brydon",
    "country_code": "US",
    "country": "USA"
  },
  {
    "username": "AlpacaHQ",
    "followingArtist": "Rob Brydon",
    "country_code": "US",
    "country": "USA"
  },
  {
    "username": "ZoeWeintraub",
    "followingArtist": "Rob Brydon",
    "country_code": "US",
    "country": "USA"
  },
  {
    "username": "TeeAndEeeShow",
    "followingArtist": "Rob Brydon",
    "country_code": "US",
    "country": "USA"
  },
  {
    "username": "rmande09",
    "followingArtist": "Rob Brydon",
    "country_code": "NG",
    "country": "Nigeria"
  },
  {
    "username": "BryanHackett",
    "followingArtist": "Rob Brydon",
    "country_code": "US",
    "country": "USA"
  },
  {
    "username": "christina3996",
    "followingArtist": "Rob Brydon",
    "country_code": "US",
    "country": "USA"
  },
  {
    "username": "flyvictortech",
    "followingArtist": "Rob Brydon",
    "country_code": "UK",
    "country": "United Kingdom"
  },
  {
    "username": "Partybassics",
    "followingArtist": "Rob Brydon",
    "country_code": "US",
    "country": "USA"
  },
  {
    "username": "Jobs4Bands",
    "followingArtist": "Rob Brydon",
    "country_code": "UK",
    "country": "United Kingdom"
  },
  {
    "username": "Jagrithi62",
    "followingArtist": "Rob Brydon",
    "country_code": "IN",
    "country": "India"
  },
  {
    "username": "sturohrer",
    "followingArtist": "Rob Brydon",
    "country_code": "US",
    "country": "USA"
  },
  {
    "username": "sfgray26",
    "followingArtist": "Rob Brydon",
    "country_code": "US",
    "country": "USA"
  },
  {
    "username": "bsstoner",
    "followingArtist": "Rob Brydon",
    "country_code": "US",
    "country": "USA"
  },
  {
    "username": "TammyFabulous",
    "followingArtist": "Rob Brydon",
    "country_code": "US",
    "country": "USA"
  },
  {
    "username": "IndieCrafted",
    "followingArtist": "Rob Brydon",
    "country_code": "US",
    "country": "USA"
  },
  {
    "username": "ModernBendMusic",
    "followingArtist": "Rob Brydon",
    "country_code": "US",
    "country": "USA"
  },
  {
    "username": "arcovertla",
    "followingArtist": "Rob Brydon",
    "country_code": "NG",
    "country": "Nigeria"
  },
  {
    "username": "lolololori",
    "followingArtist": "Rob Brydon",
    "country_code": "US",
    "country": "USA"
  },
  {
    "username": "barryedwards_",
    "followingArtist": "Rob Brydon",
    "country_code": "UK",
    "country": "United Kingdom"
  },
  {
    "username": "eMarcoBizzarri",
    "followingArtist": "Rob Brydon",
    "country_code": "IT",
    "country": "Italy"
  },
  {
    "username": "BDLongSutton",
    "followingArtist": "Rob Brydon",
    "country_code": "TH",
    "country": "Thailand"
  },
  {
    "username": "jeffschram",
    "followingArtist": "Rob Brydon",
    "country_code": "US",
    "country": "USA"
  },
  {
    "username": "theshahzaib5",
    "followingArtist": "Rob Brydon",
    "country_code": "PK",
    "country": "Pakistan"
  },
  {
    "username": "mrburkins",
    "followingArtist": "Rob Brydon",
    "country_code": "US",
    "country": "USA"
  },
  {
    "username": "kteare",
    "followingArtist": "Rob Brydon",
    "country_code": "PH",
    "country": "Philippines"
  },
  {
    "username": "KMITB14",
    "followingArtist": "Rob Brydon",
    "country_code": "US",
    "country": "USA"
  },
  {
    "username": "JackCollingeAF",
    "followingArtist": "Rob Brydon",
    "country_code": "UK",
    "country": "United Kingdom"
  },
  {
    "username": "Variety",
    "followingArtist": "Rob Brydon",
    "country_code": "NG",
    "country": "Nigeria"
  },
  {
    "username": "umurgdk",
    "followingArtist": "Rob Brydon",
    "country_code": "JP",
    "country": "Japan"
  },
  {
    "username": "NORCSocialMedia",
    "followingArtist": "Rob Brydon",
    "country_code": "US",
    "country": "USA"
  },
  {
    "username": "jerewallweb",
    "followingArtist": "Rob Brydon",
    "country_code": "GB",
    "country": "Scotland"
  },
  {
    "username": "amcontractorllc",
    "followingArtist": "Rob Brydon",
    "country_code": "US",
    "country": "USA"
  },
  {
    "username": "daniquinn85",
    "followingArtist": "Rob Brydon",
    "country_code": "GB",
    "country": "Scotland"
  },
  {
    "username": "ScottPetruska",
    "followingArtist": "Rob Brydon",
    "country_code": "US",
    "country": "USA"
  },
  {
    "username": "FILDIT",
    "followingArtist": "Rob Brydon",
    "country_code": "NG",
    "country": "Nigeria"
  },
  {
    "username": "kellogglaw",
    "followingArtist": "Rob Brydon",
    "country_code": "US",
    "country": "USA"
  },
  {
    "username": "JillTay90",
    "followingArtist": "Rob Brydon",
    "country_code": "US",
    "country": "USA"
  },
  {
    "username": "VitaminAdriani",
    "followingArtist": "Rob Brydon",
    "country_code": "US",
    "country": "USA"
  },
  {
    "username": "FrenchWineMan",
    "followingArtist": "Rob Brydon",
    "country_code": "AU",
    "country": "Australia"
  },
  {
    "username": "IsidoreIsou",
    "followingArtist": "Rob Brydon",
    "country_code": "US",
    "country": "USA"
  },
  {
    "username": "DenverHaps",
    "followingArtist": "Rob Brydon",
    "country_code": "US",
    "country": "USA"
  },
  {
    "username": "LILBTHEBASEDGOD",
    "followingArtist": "Rob Brydon",
    "country_code": "US",
    "country": "USA"
  },
  {
    "username": "misskittyinNYC",
    "followingArtist": "Rob Brydon",
    "country_code": "US",
    "country": "USA"
  },
  {
    "username": "Makeupreneur",
    "followingArtist": "Rob Brydon",
    "country_code": "US",
    "country": "USA"
  },
  {
    "username": "kevingeorgemd",
    "followingArtist": "Rob Brydon",
    "country_code": "US",
    "country": "USA"
  },
  {
    "username": "musicxtech",
    "followingArtist": "Rob Brydon",
    "country_code": "NG",
    "country": "Nigeria"
  },
  {
    "username": "realmeaniehead",
    "followingArtist": "Rob Brydon",
    "country_code": "US",
    "country": "USA"
  },
  {
    "username": "AlexMcQ",
    "followingArtist": "Rob Brydon",
    "country_code": "US",
    "country": "USA"
  },
  {
    "username": "ChelseaAtOgilvy",
    "followingArtist": "Rob Brydon",
    "country_code": "US",
    "country": "USA"
  },
  {
    "username": "VitaminTKris",
    "followingArtist": "Rob Brydon",
    "country_code": "US",
    "country": "USA"
  },
  {
    "username": "JillSharpeMusic",
    "followingArtist": "Rob Brydon",
    "country_code": "US",
    "country": "USA"
  },
  {
    "username": "stellawongo",
    "followingArtist": "Rob Brydon",
    "country_code": "US",
    "country": "USA"
  },
  {
    "username": "dinivino",
    "followingArtist": "Rob Brydon",
    "country_code": "US",
    "country": "USA"
  },
  {
    "username": "kfalter",
    "followingArtist": "Rob Brydon",
    "country_code": "US",
    "country": "USA"
  },
  {
    "username": "tabicusmaximus",
    "followingArtist": "Rob Brydon",
    "country_code": "US",
    "country": "USA"
  },
  {
    "username": "stevenjpate",
    "followingArtist": "Rob Brydon",
    "country_code": "US",
    "country": "USA"
  },
  {
    "username": "lexilewtan",
    "followingArtist": "Rob Brydon",
    "country_code": "US",
    "country": "USA"
  },
  {
    "username": "pareesha",
    "followingArtist": "Rob Brydon",
    "country_code": "US",
    "country": "USA"
  },
  {
    "username": "ddeviamita97",
    "followingArtist": "Rob Brydon",
    "country_code": "ID",
    "country": "Indonesia"
  },
  {
    "username": "danleatherman",
    "followingArtist": "Rob Brydon",
    "country_code": "US",
    "country": "USA"
  },
  {
    "username": "createbang",
    "followingArtist": "Rob Brydon",
    "country_code": "US",
    "country": "USA"
  },
  {
    "username": "elliotPR",
    "followingArtist": "Rob Brydon",
    "country_code": "US",
    "country": "USA"
  },
  {
    "username": "yourKarma",
    "followingArtist": "Rob Brydon",
    "country_code": "US",
    "country": "USA"
  },
  {
    "username": "Path_To",
    "followingArtist": "Rob Brydon",
    "country_code": "US",
    "country": "USA"
  },
  {
    "username": "jjakecox",
    "followingArtist": "Rob Brydon",
    "country_code": "US",
    "country": "USA"
  },
  {
    "username": "readysetlegal",
    "followingArtist": "Rob Brydon",
    "country_code": "US",
    "country": "USA"
  },
  {
    "username": "shervinscafe",
    "followingArtist": "Rob Brydon",
    "country_code": "NP",
    "country": "Nepal"
  },
  {
    "username": "wirecutter",
    "followingArtist": "Rob Brydon",
    "country_code": "US",
    "country": "USA"
  },
  {
    "username": "robmillis",
    "followingArtist": "Rob Brydon",
    "country_code": "US",
    "country": "USA"
  },
  {
    "username": "BadassBK",
    "followingArtist": "Rob Brydon",
    "country_code": "US",
    "country": "USA"
  },
  {
    "username": "andy2226",
    "followingArtist": "Rob Brydon",
    "country_code": "California City Blvd",
    "country": "California City Blvd"
  },
  {
    "username": "whatareyoufour",
    "followingArtist": "Rob Brydon",
    "country_code": "BR",
    "country": "Brazil"
  },
  {
    "username": "dianehepps",
    "followingArtist": "Rob Brydon",
    "country_code": "US",
    "country": "USA"
  },
  {
    "username": "tmrly",
    "followingArtist": "Rob Brydon",
    "country_code": "US",
    "country": "USA"
  },
  {
    "username": "JulieOrtolon",
    "followingArtist": "Rob Brydon",
    "country_code": "US",
    "country": "USA"
  },
  {
    "username": "uptownsherm",
    "followingArtist": "Rob Brydon",
    "country_code": "US",
    "country": "USA"
  },
  {
    "username": "StartupMonthly",
    "followingArtist": "Rob Brydon",
    "country_code": "US",
    "country": "USA"
  },
  {
    "username": "nginxorg",
    "followingArtist": "Rob Brydon",
    "country_code": "RU",
    "country": "Russia"
  },
  {
    "username": "ninastylechic",
    "followingArtist": "Rob Brydon",
    "country_code": "US",
    "country": "USA"
  },
  {
    "username": "AliseFisher",
    "followingArtist": "Rob Brydon",
    "country_code": "US",
    "country": "USA"
  },
  {
    "username": "how2enjoyDotNET",
    "followingArtist": "Rob Brydon",
    "country_code": "UK",
    "country": "United Kingdom"
  },
  {
    "username": "joemoser",
    "followingArtist": "Rob Brydon",
    "country_code": "US",
    "country": "USA"
  },
  {
    "username": "abbeyrdfestival",
    "followingArtist": "Rob Brydon",
    "country_code": "US",
    "country": "USA"
  },
  {
    "username": "Syke_ent",
    "followingArtist": "Rob Brydon",
    "country_code": "US",
    "country": "USA"
  },
  {
    "username": "Dan_Stathos",
    "followingArtist": "Rob Brydon",
    "country_code": "US",
    "country": "USA"
  },
  {
    "username": "ariel_n",
    "followingArtist": "Rob Brydon",
    "country_code": "US",
    "country": "USA"
  },
  {
    "username": "klusterr",
    "followingArtist": "Rob Brydon",
    "country_code": "CH",
    "country": "Switzerland"
  },
  {
    "username": "Nieves_Marrano",
    "followingArtist": "Rob Brydon",
    "country_code": "Hawi Rd",
    "country": "Hawi Rd"
  },
  {
    "username": "snapjoy",
    "followingArtist": "Rob Brydon",
    "country_code": "US",
    "country": "USA"
  },
  {
    "username": "Jadanbnj",
    "followingArtist": "Rob Brydon",
    "country_code": "US",
    "country": "USA"
  },
  {
    "username": "prabhat19899",
    "followingArtist": "Rob Brydon",
    "country_code": "IN",
    "country": "India"
  },
  {
    "username": "NVOmusic",
    "followingArtist": "Rob Brydon",
    "country_code": "US",
    "country": "USA"
  },
  {
    "username": "Mobsoundstudio",
    "followingArtist": "Rob Brydon",
    "country_code": "US",
    "country": "USA"
  },
  {
    "username": "CAGuitarGirl",
    "followingArtist": "Rob Brydon",
    "country_code": "TH",
    "country": "Thailand"
  },
  {
    "username": "Bottom2thatop",
    "followingArtist": "Rob Brydon",
    "country_code": "NG",
    "country": "Nigeria"
  },
  {
    "username": "adamboyden",
    "followingArtist": "Rob Brydon",
    "country_code": "US",
    "country": "USA"
  },
  {
    "username": "johntregan",
    "followingArtist": "Rob Brydon",
    "country_code": "US",
    "country": "USA"
  },
  {
    "username": "otherkatie",
    "followingArtist": "Rob Brydon",
    "country_code": "AU",
    "country": "Australia"
  },
  {
    "username": "Birdiewp87",
    "followingArtist": "Rob Brydon",
    "country_code": "BJ",
    "country": "Benin"
  },
  {
    "username": "JonPalmer4",
    "followingArtist": "Rob Brydon",
    "country_code": "ES",
    "country": "Spain"
  },
  {
    "username": "poorrix",
    "followingArtist": "Rob Brydon",
    "country_code": "US",
    "country": "USA"
  },
  {
    "username": "Michelazos",
    "followingArtist": "Rob Brydon",
    "country_code": "US",
    "country": "USA"
  },
  {
    "username": "Kenyonuym",
    "followingArtist": "Rob Brydon",
    "country_code": "Pennsylvania Furnace Rd",
    "country": "Pennsylvania Furnace Rd"
  },
  {
    "username": "TheEggman411",
    "followingArtist": "Rob Brydon",
    "country_code": "US",
    "country": "USA"
  },
  {
    "username": "brianlevin",
    "followingArtist": "Rob Brydon",
    "country_code": "US",
    "country": "USA"
  },
  {
    "username": "gfreelancing",
    "followingArtist": "Rob Brydon",
    "country_code": "BR",
    "country": "Brazil"
  },
  {
    "username": "Adefagrafika",
    "followingArtist": "Rob Brydon",
    "country_code": "ID",
    "country": "Indonesia"
  },
  {
    "username": "dj_ivaldo",
    "followingArtist": "Rob Brydon",
    "country_code": "US",
    "country": "USA"
  },
  {
    "username": "timothyjcoulter",
    "followingArtist": "Rob Brydon",
    "country_code": "US",
    "country": "USA"
  },
  {
    "username": "snapengage",
    "followingArtist": "Rob Brydon",
    "country_code": "US",
    "country": "USA"
  },
  {
    "username": "jonasbalch",
    "followingArtist": "Rob Brydon",
    "country_code": "US",
    "country": "USA"
  },
  {
    "username": "tinaavalon",
    "followingArtist": "Rob Brydon",
    "country_code": "US",
    "country": "USA"
  },
  {
    "username": "BerkleeAlumniLA",
    "followingArtist": "Rob Brydon",
    "country_code": "NG",
    "country": "Nigeria"
  },
  {
    "username": "BeyondtheCage",
    "followingArtist": "Rob Brydon",
    "country_code": "CA",
    "country": "Canada"
  },
  {
    "username": "seanparz",
    "followingArtist": "Rob Brydon",
    "country_code": "US",
    "country": "USA"
  },
  {
    "username": "janiceLricci",
    "followingArtist": "Rob Brydon",
    "country_code": "US",
    "country": "USA"
  },
  {
    "username": "faithannyoung",
    "followingArtist": "Rob Brydon",
    "country_code": "IT",
    "country": "Italy"
  },
  {
    "username": "jasonspitz",
    "followingArtist": "Rob Brydon",
    "country_code": "NG",
    "country": "Nigeria"
  },
  {
    "username": "JoeBellanca",
    "followingArtist": "Rob Brydon",
    "country_code": "US",
    "country": "USA"
  },
  {
    "username": "ClosDuValNapa",
    "followingArtist": "Rob Brydon",
    "country_code": "US",
    "country": "USA"
  },
  {
    "username": "Scoota_DaMayor",
    "followingArtist": "Rob Brydon",
    "country_code": "US",
    "country": "USA"
  },
  {
    "username": "SoGST8ofGRACE",
    "followingArtist": "Rob Brydon",
    "country_code": "US",
    "country": "USA"
  },
  {
    "username": "OnPitch",
    "followingArtist": "Rob Brydon",
    "country_code": "RO",
    "country": "Romania"
  },
  {
    "username": "mosician",
    "followingArtist": "Rob Brydon",
    "country_code": "CA",
    "country": "Canada"
  },
  {
    "username": "coffeeandpower",
    "followingArtist": "Rob Brydon",
    "country_code": "US",
    "country": "USA"
  },
  {
    "username": "ebflute",
    "followingArtist": "Rob Brydon",
    "country_code": "US",
    "country": "USA"
  },
  {
    "username": "joshmartin_ny",
    "followingArtist": "Rob Brydon",
    "country_code": "US",
    "country": "USA"
  },
  {
    "username": "infinitydre",
    "followingArtist": "Rob Brydon",
    "country_code": "US",
    "country": "USA"
  },
  {
    "username": "SFMusicTech",
    "followingArtist": "Rob Brydon",
    "country_code": "US",
    "country": "USA"
  },
  {
    "username": "toddtate",
    "followingArtist": "Rob Brydon",
    "country_code": "US",
    "country": "USA"
  },
  {
    "username": "ztartup",
    "followingArtist": "Rob Brydon",
    "country_code": "PH",
    "country": "Philippines"
  },
  {
    "username": "melissacarney",
    "followingArtist": "Rob Brydon",
    "country_code": "ZA",
    "country": "South Africa"
  },
  {
    "username": "NetworkStore",
    "followingArtist": "Rob Brydon",
    "country_code": "UK",
    "country": "United Kingdom"
  },
  {
    "username": "clairespera3",
    "followingArtist": "Rob Brydon",
    "country_code": "California City Blvd",
    "country": "California City Blvd"
  },
  {
    "username": "DpointgroupLo",
    "followingArtist": "Rob Brydon",
    "country_code": "ES",
    "country": "Spain"
  },
  {
    "username": "gwestr",
    "followingArtist": "Rob Brydon",
    "country_code": "US",
    "country": "USA"
  },
  {
    "username": "amberreyn",
    "followingArtist": "Rob Brydon",
    "country_code": "US",
    "country": "USA"
  },
  {
    "username": "UberRob",
    "followingArtist": "Rob Brydon",
    "country_code": "US",
    "country": "USA"
  },
  {
    "username": "Khalilahooi",
    "followingArtist": "Rob Brydon",
    "country_code": "US",
    "country": "USA"
  },
  {
    "username": "jessevondoom",
    "followingArtist": "Rob Brydon",
    "country_code": "UK",
    "country": "United Kingdom"
  },
  {
    "username": "neomuso",
    "followingArtist": "Rob Brydon",
    "country_code": "US",
    "country": "USA"
  },
  {
    "username": "indieleap",
    "followingArtist": "Rob Brydon",
    "country_code": "Main St",
    "country": "Main St"
  },
  {
    "username": "FearTheHero",
    "followingArtist": "Rob Brydon",
    "country_code": "US",
    "country": "USA"
  },
  {
    "username": "meetbeat",
    "followingArtist": "Rob Brydon",
    "country_code": "UK",
    "country": "United Kingdom"
  },
  {
    "username": "MWorksMastering",
    "followingArtist": "Rob Brydon",
    "country_code": "UK",
    "country": "United Kingdom"
  },
  {
    "username": "ONEHOPEWINE",
    "followingArtist": "Rob Brydon",
    "country_code": "IT",
    "country": "Italy"
  },
  {
    "username": "terrazoom",
    "followingArtist": "Rob Brydon",
    "country_code": "US",
    "country": "USA"
  },
  {
    "username": "astorialaundry",
    "followingArtist": "Rob Brydon",
    "country_code": "US",
    "country": "USA"
  },
  {
    "username": "unicorn",
    "followingArtist": "Rob Brydon",
    "country_code": "US",
    "country": "USA"
  },
  {
    "username": "NoPieNoSledge",
    "followingArtist": "Rob Brydon",
    "country_code": "US",
    "country": "USA"
  },
  {
    "username": "HobanPress",
    "followingArtist": "Rob Brydon",
    "country_code": "US",
    "country": "USA"
  },
  {
    "username": "zzramesses",
    "followingArtist": "Rob Brydon",
    "country_code": "US",
    "country": "USA"
  },
  {
    "username": "webmusicguy",
    "followingArtist": "Rob Brydon",
    "country_code": "US",
    "country": "USA"
  },
  {
    "username": "TimPhillips63",
    "followingArtist": "Rob Brydon",
    "country_code": "US",
    "country": "USA"
  },
  {
    "username": "Cherrybloodme",
    "followingArtist": "Rob Brydon",
    "country_code": "US",
    "country": "USA"
  },
  {
    "username": "UEBOiC",
    "followingArtist": "Rob Brydon",
    "country_code": "IT",
    "country": "Italy"
  },
  {
    "username": "andrebolla",
    "followingArtist": "Rob Brydon",
    "country_code": "NG",
    "country": "Nigeria"
  },
  {
    "username": "GeraldBuckley",
    "followingArtist": "Rob Brydon",
    "country_code": "US",
    "country": "USA"
  },
  {
    "username": "topspinmedia",
    "followingArtist": "Rob Brydon",
    "country_code": "US",
    "country": "USA"
  },
  {
    "username": "WillyNilly118",
    "followingArtist": "Rob Brydon",
    "country_code": "US",
    "country": "USA"
  },
  {
    "username": "_APPVOL_",
    "followingArtist": "Rob Brydon",
    "country_code": "US",
    "country": "USA"
  },
  {
    "username": "time_machine",
    "followingArtist": "Rob Brydon",
    "country_code": "CH",
    "country": "Switzerland"
  },
  {
    "username": "gabealonso",
    "followingArtist": "Rob Brydon",
    "country_code": "NG",
    "country": "Nigeria"
  },
  {
    "username": "CaniLIV",
    "followingArtist": "Rob Brydon",
    "country_code": "GB",
    "country": "Scotland"
  },
  {
    "username": "Jilz",
    "followingArtist": "Rob Brydon",
    "country_code": "US",
    "country": "USA"
  },
  {
    "username": "LunchboxAudio",
    "followingArtist": "Rob Brydon",
    "country_code": "US",
    "country": "USA"
  },
  {
    "username": "EricaSorensen",
    "followingArtist": "Rob Brydon",
    "country_code": "US",
    "country": "USA"
  },
  {
    "username": "ericingram",
    "followingArtist": "Rob Brydon",
    "country_code": "US",
    "country": "USA"
  },
  {
    "username": "arsachs",
    "followingArtist": "Rob Brydon",
    "country_code": "NG",
    "country": "Nigeria"
  },
  {
    "username": "KeithGriffis",
    "followingArtist": "Rob Brydon",
    "country_code": "US",
    "country": "USA"
  },
  {
    "username": "GregHertzke",
    "followingArtist": "Rob Brydon",
    "country_code": "US",
    "country": "USA"
  },
  {
    "username": "pravin_bashte",
    "followingArtist": "Rob Brydon",
    "country_code": "IN",
    "country": "India"
  },
  {
    "username": "nickaspar",
    "followingArtist": "Rob Brydon",
    "country_code": "NG",
    "country": "Nigeria"
  },
  {
    "username": "BlueSunPA",
    "followingArtist": "Rob Brydon",
    "country_code": "US",
    "country": "USA"
  },
  {
    "username": "grubandvine",
    "followingArtist": "Rob Brydon",
    "country_code": "US",
    "country": "USA"
  },
  {
    "username": "FaydeRecords",
    "followingArtist": "Rob Brydon",
    "country_code": "NG",
    "country": "Nigeria"
  },
  {
    "username": "indiebandmgr",
    "followingArtist": "Rob Brydon",
    "country_code": "BR",
    "country": "Brazil"
  },
  {
    "username": "MaiaYogurt",
    "followingArtist": "Rob Brydon",
    "country_code": "US",
    "country": "USA"
  },
  {
    "username": "TedSkala",
    "followingArtist": "Rob Brydon",
    "country_code": "US",
    "country": "USA"
  },
  {
    "username": "OtisGrove",
    "followingArtist": "Rob Brydon",
    "country_code": "US",
    "country": "USA"
  },
  {
    "username": "roojwright",
    "followingArtist": "Rob Brydon",
    "country_code": "AU",
    "country": "Australia"
  },
  {
    "username": "theemperor129",
    "followingArtist": "Rob Brydon",
    "country_code": "US",
    "country": "USA"
  },
  {
    "username": "kevinbluer",
    "followingArtist": "Rob Brydon",
    "country_code": "US",
    "country": "USA"
  },
  {
    "username": "WestCoastGreen",
    "followingArtist": "Rob Brydon",
    "country_code": "US",
    "country": "USA"
  },
  {
    "username": "amayer_",
    "followingArtist": "Rob Brydon",
    "country_code": "US",
    "country": "USA"
  },
  {
    "username": "pornococaine",
    "followingArtist": "Rob Brydon",
    "country_code": "RU",
    "country": "Russia"
  },
  {
    "username": "macalaca",
    "followingArtist": "Rob Brydon",
    "country_code": "US",
    "country": "USA"
  },
  {
    "username": "FakeIrvingAzoff",
    "followingArtist": "Rob Brydon",
    "country_code": "ID",
    "country": "Indonesia"
  },
  {
    "username": "FoodieLore",
    "followingArtist": "Rob Brydon",
    "country_code": "US",
    "country": "USA"
  },
  {
    "username": "IO_Mod",
    "followingArtist": "Rob Brydon",
    "country_code": "US",
    "country": "USA"
  },
  {
    "username": "TOMS",
    "followingArtist": "Rob Brydon",
    "country_code": "NG",
    "country": "Nigeria"
  },
  {
    "username": "PowderRoomTalk",
    "followingArtist": "Rob Brydon",
    "country_code": "US",
    "country": "USA"
  },
  {
    "username": "Superbrands",
    "followingArtist": "Rob Brydon",
    "country_code": "HR",
    "country": "Croatia"
  },
  {
    "username": "TWINetwork",
    "followingArtist": "Rob Brydon",
    "country_code": "IT",
    "country": "Italy"
  },
  {
    "username": "JamesKuriku",
    "followingArtist": "Rob Brydon",
    "country_code": "GB",
    "country": "Scotland"
  },
  {
    "username": "TWiSocialMedia",
    "followingArtist": "Rob Brydon",
    "country_code": "NG",
    "country": "Nigeria"
  },
  {
    "username": "jchurch616",
    "followingArtist": "Rob Brydon",
    "country_code": "US",
    "country": "USA"
  },
  {
    "username": "720Strategies",
    "followingArtist": "Rob Brydon",
    "country_code": "US",
    "country": "USA"
  },
  {
    "username": "notgoth007",
    "followingArtist": "Rob Brydon",
    "country_code": "US",
    "country": "USA"
  },
  {
    "username": "jhooie",
    "followingArtist": "Rob Brydon",
    "country_code": "US",
    "country": "USA"
  },
  {
    "username": "moycanomusic",
    "followingArtist": "Rob Brydon",
    "country_code": "UK",
    "country": "United Kingdom"
  },
  {
    "username": "micmountain",
    "followingArtist": "Rob Brydon",
    "country_code": "US",
    "country": "USA"
  },
  {
    "username": "GrahamTobias",
    "followingArtist": "Rob Brydon",
    "country_code": "US",
    "country": "USA"
  },
  {
    "username": "nielr1",
    "followingArtist": "Rob Brydon",
    "country_code": "US",
    "country": "USA"
  },
  {
    "username": "pooptales2",
    "followingArtist": "Rob Brydon",
    "country_code": "US",
    "country": "USA"
  },
  {
    "username": "shorttonpro",
    "followingArtist": "Rob Brydon",
    "country_code": "CZ",
    "country": "Czech Republic"
  },
  {
    "username": "BSD",
    "followingArtist": "Rob Brydon",
    "country_code": "US",
    "country": "USA"
  },
  {
    "username": "shallamusic",
    "followingArtist": "Rob Brydon",
    "country_code": "NL",
    "country": "Netherlands"
  },
  {
    "username": "Jesscapade",
    "followingArtist": "Rob Brydon",
    "country_code": "US",
    "country": "USA"
  },
  {
    "username": "PieterSperling",
    "followingArtist": "Rob Brydon",
    "country_code": "NL",
    "country": "Netherlands"
  },
  {
    "username": "PeggyOSpeaks",
    "followingArtist": "Rob Brydon",
    "country_code": "US",
    "country": "USA"
  },
  {
    "username": "TheRideBand",
    "followingArtist": "Rob Brydon",
    "country_code": "US",
    "country": "USA"
  },
  {
    "username": "mimipruitt",
    "followingArtist": "Rob Brydon",
    "country_code": "JO",
    "country": "Jordan"
  },
  {
    "username": "travelingbaker",
    "followingArtist": "Rob Brydon",
    "country_code": "US",
    "country": "USA"
  },
  {
    "username": "EndOfArcane",
    "followingArtist": "Rob Brydon",
    "country_code": "US",
    "country": "USA"
  },
  {
    "username": "rosenz",
    "followingArtist": "Rob Brydon",
    "country_code": "US",
    "country": "USA"
  },
  {
    "username": "DynaTrail",
    "followingArtist": "Rob Brydon",
    "country_code": "CA",
    "country": "Canada"
  },
  {
    "username": "TCwebsite",
    "followingArtist": "Rob Brydon",
    "country_code": "GB",
    "country": "Scotland"
  },
  {
    "username": "SCMoney77",
    "followingArtist": "Rob Brydon",
    "country_code": "IQ",
    "country": "Iraq"
  },
  {
    "username": "Brambler",
    "followingArtist": "Rob Brydon",
    "country_code": "California City Blvd",
    "country": "California City Blvd"
  },
  {
    "username": "GreyboyAllstars",
    "followingArtist": "Rob Brydon",
    "country_code": "US",
    "country": "USA"
  },
  {
    "username": "tipsheet",
    "followingArtist": "Rob Brydon",
    "country_code": "NG",
    "country": "Nigeria"
  },
  {
    "username": "ColtonPiano",
    "followingArtist": "Rob Brydon",
    "country_code": "IT",
    "country": "Italy"
  },
  {
    "username": "decortica",
    "followingArtist": "Rob Brydon",
    "country_code": "NZ",
    "country": "Aotearoa"
  },
  {
    "username": "bettylinh",
    "followingArtist": "Rob Brydon",
    "country_code": "US",
    "country": "USA"
  },
  {
    "username": "Fancorps",
    "followingArtist": "Rob Brydon",
    "country_code": "US",
    "country": "USA"
  },
  {
    "username": "djbonseye",
    "followingArtist": "Rob Brydon",
    "country_code": "US",
    "country": "USA"
  },
  {
    "username": "DonMatook",
    "followingArtist": "Rob Brydon",
    "country_code": "CI",
    "country": "Ivory Coast"
  },
  {
    "username": "KarlDenson",
    "followingArtist": "Rob Brydon",
    "country_code": "US",
    "country": "USA"
  },
  {
    "username": "tayedrums",
    "followingArtist": "Rob Brydon",
    "country_code": "US",
    "country": "USA"
  },
  {
    "username": "140hiphop",
    "followingArtist": "Rob Brydon",
    "country_code": "US",
    "country": "USA"
  },
  {
    "username": "conexitosfm",
    "followingArtist": "Rob Brydon",
    "country_code": "NG",
    "country": "Nigeria"
  },
  {
    "username": "derekeb",
    "followingArtist": "Rob Brydon",
    "country_code": "US",
    "country": "USA"
  },
  {
    "username": "DebSivard",
    "followingArtist": "Rob Brydon",
    "country_code": "US",
    "country": "USA"
  },
  {
    "username": "stemcast",
    "followingArtist": "Rob Brydon",
    "country_code": "NG",
    "country": "Nigeria"
  },
  {
    "username": "jrpowers",
    "followingArtist": "Rob Brydon",
    "country_code": "US",
    "country": "USA"
  },
  {
    "username": "brushfire",
    "followingArtist": "Rob Brydon",
    "country_code": "NG",
    "country": "Nigeria"
  },
  {
    "username": "fanteraction",
    "followingArtist": "Rob Brydon",
    "country_code": "CA",
    "country": "Canada"
  },
  {
    "username": "lunchlearning",
    "followingArtist": "Rob Brydon",
    "country_code": "US",
    "country": "USA"
  },
  {
    "username": "RandyFabian",
    "followingArtist": "Rob Brydon",
    "country_code": "US",
    "country": "USA"
  },
  {
    "username": "ADPublishing",
    "followingArtist": "Rob Brydon",
    "country_code": "US",
    "country": "USA"
  },
  {
    "username": "BootzOrchestra",
    "followingArtist": "Rob Brydon",
    "country_code": "US",
    "country": "USA"
  },
  {
    "username": "Caprickah",
    "followingArtist": "Rob Brydon",
    "country_code": "US",
    "country": "USA"
  },
  {
    "username": "tweetboytellem",
    "followingArtist": "Rob Brydon",
    "country_code": "US",
    "country": "USA"
  },
  {
    "username": "the2noelle",
    "followingArtist": "Rob Brydon",
    "country_code": "US",
    "country": "USA"
  },
  {
    "username": "gerosarecords",
    "followingArtist": "Rob Brydon",
    "country_code": "US",
    "country": "USA"
  },
  {
    "username": "mynameisrene",
    "followingArtist": "Rob Brydon",
    "country_code": "US",
    "country": "USA"
  },
  {
    "username": "yvonnemoneira",
    "followingArtist": "Rob Brydon",
    "country_code": "US",
    "country": "USA"
  },
  {
    "username": "imsuth",
    "followingArtist": "Rob Brydon",
    "country_code": "UK",
    "country": "United Kingdom"
  },
  {
    "username": "chopchopmusic",
    "followingArtist": "Rob Brydon",
    "country_code": "NG",
    "country": "Nigeria"
  },
  {
    "username": "HansDekline",
    "followingArtist": "Rob Brydon",
    "country_code": "NG",
    "country": "Nigeria"
  },
  {
    "username": "adamsam",
    "followingArtist": "Rob Brydon",
    "country_code": "US",
    "country": "USA"
  },
  {
    "username": "yosahaki",
    "followingArtist": "Rob Brydon",
    "country_code": "TH",
    "country": "Thailand"
  },
  {
    "username": "bigdrydell",
    "followingArtist": "Rob Brydon",
    "country_code": "US",
    "country": "USA"
  },
  {
    "username": "kennyhuynh",
    "followingArtist": "Rob Brydon",
    "country_code": "CA",
    "country": "Canada"
  },
  {
    "username": "francisdale",
    "followingArtist": "Rob Brydon",
    "country_code": "PT",
    "country": "Portugal"
  },
  {
    "username": "charley",
    "followingArtist": "Rob Brydon",
    "country_code": "US",
    "country": "USA"
  },
  {
    "username": "benny4life2",
    "followingArtist": "Rob Brydon",
    "country_code": "US",
    "country": "USA"
  },
  {
    "username": "kungpowpro",
    "followingArtist": "Rob Brydon",
    "country_code": "NG",
    "country": "Nigeria"
  },
  {
    "username": "PhoenixHart",
    "followingArtist": "Rob Brydon",
    "country_code": "US",
    "country": "USA"
  },
  {
    "username": "sbennett182",
    "followingArtist": "Rob Brydon",
    "country_code": "US",
    "country": "USA"
  },
  {
    "username": "theyosemiteguy",
    "followingArtist": "Rob Brydon",
    "country_code": "US",
    "country": "USA"
  },
  {
    "username": "LinsayTyler",
    "followingArtist": "Rob Brydon",
    "country_code": "UK",
    "country": "United Kingdom"
  },
  {
    "username": "ygpholiday",
    "followingArtist": "Rob Brydon",
    "country_code": "BG",
    "country": "Bulgaria"
  },
  {
    "username": "harterbrothers",
    "followingArtist": "Rob Brydon",
    "country_code": "US",
    "country": "USA"
  },
  {
    "username": "austincollins",
    "followingArtist": "Rob Brydon",
    "country_code": "US",
    "country": "USA"
  },
  {
    "username": "NewAgeRecordZ",
    "followingArtist": "Rob Brydon",
    "country_code": "US",
    "country": "USA"
  },
  {
    "username": "rosshagan",
    "followingArtist": "Rob Brydon",
    "country_code": "DE",
    "country": "Germany"
  },
  {
    "username": "DEMOmn",
    "followingArtist": "Rob Brydon",
    "country_code": "US",
    "country": "USA"
  },
  {
    "username": "chrisguitarguy",
    "followingArtist": "Rob Brydon",
    "country_code": "US",
    "country": "USA"
  },
  {
    "username": "hymnalgymnal",
    "followingArtist": "Rob Brydon",
    "country_code": "US",
    "country": "USA"
  },
  {
    "username": "XezarW",
    "followingArtist": "Rob Brydon",
    "country_code": "PR",
    "country": "Puerto Rico"
  },
  {
    "username": "atomzooey",
    "followingArtist": "Rob Brydon",
    "country_code": "UK",
    "country": "United Kingdom"
  },
  {
    "username": "rollingrazor",
    "followingArtist": "Rob Brydon",
    "country_code": "NG",
    "country": "Nigeria"
  },
  {
    "username": "NyBoro121",
    "followingArtist": "Rob Brydon",
    "country_code": "UK",
    "country": "United Kingdom"
  },
  {
    "username": "trimspaevi",
    "followingArtist": "Rob Brydon",
    "country_code": "California City Blvd",
    "country": "California City Blvd"
  },
  {
    "username": "webprofitz",
    "followingArtist": "Rob Brydon",
    "country_code": "US",
    "country": "USA"
  },
  {
    "username": "future_of_music",
    "followingArtist": "Rob Brydon",
    "country_code": "US",
    "country": "USA"
  },
  {
    "username": "marjae",
    "followingArtist": "Rob Brydon",
    "country_code": "CA",
    "country": "Canada"
  },
  {
    "username": "amwilt",
    "followingArtist": "Rob Brydon",
    "country_code": "US",
    "country": "USA"
  },
  {
    "username": "do2w",
    "followingArtist": "Rob Brydon",
    "country_code": "US",
    "country": "USA"
  },
  {
    "username": "gavinmann",
    "followingArtist": "Rob Brydon",
    "country_code": "GB",
    "country": "Scotland"
  },
  {
    "username": "tweetium",
    "followingArtist": "Rob Brydon",
    "country_code": "NG",
    "country": "Nigeria"
  },
  {
    "username": "da_cracker",
    "followingArtist": "Rob Brydon",
    "country_code": "US",
    "country": "USA"
  },
  {
    "username": "christinaluna",
    "followingArtist": "Rob Brydon",
    "country_code": "US",
    "country": "USA"
  },
  {
    "username": "fanfarlomusic",
    "followingArtist": "Rob Brydon",
    "country_code": "UK",
    "country": "United Kingdom"
  },
  {
    "username": "krystallee4life",
    "followingArtist": "Rob Brydon",
    "country_code": "US",
    "country": "USA"
  },
  {
    "username": "jasonfeinberg",
    "followingArtist": "Rob Brydon",
    "country_code": "NG",
    "country": "Nigeria"
  },
  {
    "username": "tywhite",
    "followingArtist": "Rob Brydon",
    "country_code": "US",
    "country": "USA"
  },
  {
    "username": "erikkerr",
    "followingArtist": "Rob Brydon",
    "country_code": "US",
    "country": "USA"
  },
  {
    "username": "silvermusic",
    "followingArtist": "Rob Brydon",
    "country_code": "US",
    "country": "USA"
  },
  {
    "username": "BassVintageShop",
    "followingArtist": "Rob Brydon",
    "country_code": "NG",
    "country": "Nigeria"
  },
  {
    "username": "LosAngelesNow",
    "followingArtist": "Rob Brydon",
    "country_code": "NG",
    "country": "Nigeria"
  },
  {
    "username": "poidog123",
    "followingArtist": "Rob Brydon",
    "country_code": "US",
    "country": "USA"
  },
  {
    "username": "uclamusicbiz",
    "followingArtist": "Rob Brydon",
    "country_code": "NG",
    "country": "Nigeria"
  },
  {
    "username": "BreakMedia",
    "followingArtist": "Rob Brydon",
    "country_code": "NG",
    "country": "Nigeria"
  },
  {
    "username": "amateria",
    "followingArtist": "Rob Brydon",
    "country_code": "BR",
    "country": "Brazil"
  },
  {
    "username": "haroldgutierrez",
    "followingArtist": "Rob Brydon",
    "country_code": "NG",
    "country": "Nigeria"
  },
  {
    "username": "musicstreamfm",
    "followingArtist": "Rob Brydon",
    "country_code": "CA",
    "country": "Canada"
  },
  {
    "username": "TweetLovers",
    "followingArtist": "Rob Brydon",
    "country_code": "US",
    "country": "USA"
  },
  {
    "username": "GeoTechInfo",
    "followingArtist": "Rob Brydon",
    "country_code": "IN",
    "country": "India"
  },
  {
    "username": "SeesmicTips",
    "followingArtist": "Rob Brydon",
    "country_code": "CA",
    "country": "Canada"
  },
  {
    "username": "wwbroadcast",
    "followingArtist": "Rob Brydon",
    "country_code": "US",
    "country": "USA"
  },
  {
    "username": "MedOkss",
    "followingArtist": "Rob Brydon",
    "country_code": "PT",
    "country": "Portugal"
  },
  {
    "username": "belladonna47",
    "followingArtist": "Rob Brydon",
    "country_code": "US",
    "country": "USA"
  },
  {
    "username": "GiftBasketTrend",
    "followingArtist": "Rob Brydon",
    "country_code": "N Oklahoma",
    "country": "N Oklahoma"
  },
  {
    "username": "pericson",
    "followingArtist": "Rob Brydon",
    "country_code": "GB",
    "country": "Scotland"
  },
  {
    "username": "jbum",
    "followingArtist": "Rob Brydon",
    "country_code": "NG",
    "country": "Nigeria"
  },
  {
    "username": "thatDAVE",
    "followingArtist": "Rob Brydon",
    "country_code": "UG",
    "country": "Uganda"
  },
  {
    "username": "Coolnews2010",
    "followingArtist": "Rob Brydon",
    "country_code": "NG",
    "country": "Nigeria"
  },
  {
    "username": "lapelpinworks",
    "followingArtist": "Rob Brydon",
    "country_code": "BJ",
    "country": "Benin"
  },
  {
    "username": "alikesanto",
    "followingArtist": "Rob Brydon",
    "country_code": "FI",
    "country": "Finland"
  },
  {
    "username": "softrockgirl",
    "followingArtist": "Rob Brydon",
    "country_code": "California City Blvd",
    "country": "California City Blvd"
  },
  {
    "username": "AndyACB",
    "followingArtist": "Rob Brydon",
    "country_code": "UK",
    "country": "United Kingdom"
  },
  {
    "username": "LindaThompson1",
    "followingArtist": "Rob Brydon",
    "country_code": "UK",
    "country": "United Kingdom"
  },
  {
    "username": "roodeeoliv",
    "followingArtist": "Rob Brydon",
    "country_code": "US",
    "country": "USA"
  },
  {
    "username": "GummieD",
    "followingArtist": "Rob Brydon",
    "country_code": "US",
    "country": "USA"
  },
  {
    "username": "wadsquad",
    "followingArtist": "Rob Brydon",
    "country_code": "US",
    "country": "USA"
  },
  {
    "username": "hartke",
    "followingArtist": "Rob Brydon",
    "country_code": "US",
    "country": "USA"
  },
  {
    "username": "faceseast",
    "followingArtist": "Rob Brydon",
    "country_code": "US",
    "country": "USA"
  },
  {
    "username": "mobypicture",
    "followingArtist": "Rob Brydon",
    "country_code": "NL",
    "country": "Netherlands"
  },
  {
    "username": "SmoothWebDesign",
    "followingArtist": "Rob Brydon",
    "country_code": "BJ",
    "country": "Benin"
  },
  {
    "username": "joeldarling",
    "followingArtist": "Rob Brydon",
    "country_code": "US",
    "country": "USA"
  },
  {
    "username": "dojimaster",
    "followingArtist": "Rob Brydon",
    "country_code": "US",
    "country": "USA"
  },
  {
    "username": "GloombergNews",
    "followingArtist": "Rob Brydon",
    "country_code": "US",
    "country": "USA"
  },
  {
    "username": "BostonTweetUp",
    "followingArtist": "Rob Brydon",
    "country_code": "US",
    "country": "USA"
  },
  {
    "username": "peterfranken",
    "followingArtist": "Rob Brydon",
    "country_code": "NL",
    "country": "Netherlands"
  },
  {
    "username": "musicbizjobs",
    "followingArtist": "Rob Brydon",
    "country_code": "US",
    "country": "USA"
  },
  {
    "username": "CDRNY",
    "followingArtist": "Rob Brydon",
    "country_code": "KR",
    "country": "South Korea"
  },
  {
    "username": "Lensrentals",
    "followingArtist": "Rob Brydon",
    "country_code": "US",
    "country": "USA"
  },
  {
    "username": "filmcrave",
    "followingArtist": "Rob Brydon",
    "country_code": "US",
    "country": "USA"
  },
  {
    "username": "gcn1",
    "followingArtist": "Rob Brydon",
    "country_code": "CA",
    "country": "Canada"
  },
  {
    "username": "SuzieN",
    "followingArtist": "Rob Brydon",
    "country_code": "US",
    "country": "USA"
  },
  {
    "username": "stevegarfield",
    "followingArtist": "Rob Brydon",
    "country_code": "US",
    "country": "USA"
  },
  {
    "username": "dbraunschweiger",
    "followingArtist": "Rob Brydon",
    "country_code": "US",
    "country": "USA"
  },
  {
    "username": "BluPsych",
    "followingArtist": "Rob Brydon",
    "country_code": "NG",
    "country": "Nigeria"
  },
  {
    "username": "bostonmarketer",
    "followingArtist": "Rob Brydon",
    "country_code": "US",
    "country": "USA"
  },
  {
    "username": "topnewsonweb",
    "followingArtist": "Rob Brydon",
    "country_code": "US",
    "country": "USA"
  },
  {
    "username": "mikeelliott",
    "followingArtist": "Rob Brydon",
    "country_code": "US",
    "country": "USA"
  },
  {
    "username": "SouthernBoyTeas",
    "followingArtist": "Rob Brydon",
    "country_code": "US",
    "country": "USA"
  },
  {
    "username": "onlinetvstream",
    "followingArtist": "Rob Brydon",
    "country_code": "CO",
    "country": "Colombia"
  },
  {
    "username": "BostonNorthFam",
    "followingArtist": "Rob Brydon",
    "country_code": "US",
    "country": "USA"
  },
  {
    "username": "ghdude",
    "followingArtist": "Rob Brydon",
    "country_code": "US",
    "country": "USA"
  },
  {
    "username": "socialtrak_beta",
    "followingArtist": "Rob Brydon",
    "country_code": "IT",
    "country": "Italy"
  },
  {
    "username": "artistlaunch",
    "followingArtist": "Rob Brydon",
    "country_code": "US",
    "country": "USA"
  },
  {
    "username": "AllisonInnSpa",
    "followingArtist": "Rob Brydon",
    "country_code": "US",
    "country": "USA"
  },
  {
    "username": "adolforosado",
    "followingArtist": "Rob Brydon",
    "country_code": "US",
    "country": "USA"
  },
  {
    "username": "ronaldcoyle",
    "followingArtist": "Rob Brydon",
    "country_code": "US",
    "country": "USA"
  },
  {
    "username": "bpfromMG",
    "followingArtist": "Rob Brydon",
    "country_code": "US",
    "country": "USA"
  },
  {
    "username": "NathanHalbrooks",
    "followingArtist": "Rob Brydon",
    "country_code": "US",
    "country": "USA"
  },
  {
    "username": "calvinhansen",
    "followingArtist": "Rob Brydon",
    "country_code": "UK",
    "country": "United Kingdom"
  },
  {
    "username": "oniricrecords",
    "followingArtist": "Rob Brydon",
    "country_code": "IT",
    "country": "Italy"
  },
  {
    "username": "PeterBayreuther",
    "followingArtist": "Rob Brydon",
    "country_code": "DE",
    "country": "Germany"
  },
  {
    "username": "FirstAct",
    "followingArtist": "Rob Brydon",
    "country_code": "US",
    "country": "USA"
  },
  {
    "username": "tylercamp413",
    "followingArtist": "Rob Brydon",
    "country_code": "US",
    "country": "USA"
  },
  {
    "username": "tamikajones",
    "followingArtist": "Rob Brydon",
    "country_code": "US",
    "country": "USA"
  },
  {
    "username": "Treebird619",
    "followingArtist": "Rob Brydon",
    "country_code": "California City Blvd",
    "country": "California City Blvd"
  },
  {
    "username": "gigigirls88",
    "followingArtist": "Rob Brydon",
    "country_code": "US",
    "country": "USA"
  },
  {
    "username": "achaia",
    "followingArtist": "Rob Brydon",
    "country_code": "US",
    "country": "USA"
  },
  {
    "username": "BerkleeOnline",
    "followingArtist": "Rob Brydon",
    "country_code": "US",
    "country": "USA"
  },
  {
    "username": "gleonhard",
    "followingArtist": "Rob Brydon",
    "country_code": "CH",
    "country": "Switzerland"
  },
  {
    "username": "jgoldstein",
    "followingArtist": "Rob Brydon",
    "country_code": "US",
    "country": "USA"
  },
  {
    "username": "Starbucks",
    "followingArtist": "Rob Brydon",
    "country_code": "US",
    "country": "USA"
  },
  {
    "username": "HHDB",
    "followingArtist": "Rob Brydon",
    "country_code": "US",
    "country": "USA"
  },
  {
    "username": "waterhasnoenemy",
    "followingArtist": "Rob Brydon",
    "country_code": "California City Blvd",
    "country": "California City Blvd"
  },
  {
    "username": "LouPaniccia",
    "followingArtist": "Rob Brydon",
    "country_code": "US",
    "country": "USA"
  },
  {
    "username": "WholeFoods",
    "followingArtist": "Rob Brydon",
    "country_code": "US",
    "country": "USA"
  },
  {
    "username": "MyBodySite",
    "followingArtist": "Rob Brydon",
    "country_code": "US",
    "country": "USA"
  },
  {
    "username": "BeerAmericaTV",
    "followingArtist": "Rob Brydon",
    "country_code": "US",
    "country": "USA"
  },
  {
    "username": "BillGatesZune",
    "followingArtist": "Rob Brydon",
    "country_code": "US",
    "country": "USA"
  },
  {
    "username": "britneyspears",
    "followingArtist": "Rob Brydon",
    "country_code": "NG",
    "country": "Nigeria"
  },
  {
    "username": "rockacademy",
    "followingArtist": "Rob Brydon",
    "country_code": "US",
    "country": "USA"
  },
  {
    "username": "cultvines",
    "followingArtist": "Rob Brydon",
    "country_code": "US",
    "country": "USA"
  },
  {
    "username": "Micro_Cap_Pulse",
    "followingArtist": "Rob Brydon",
    "country_code": "US",
    "country": "USA"
  },
  {
    "username": "Small_Cap_Alert",
    "followingArtist": "Rob Brydon",
    "country_code": "IN",
    "country": "India"
  },
  {
    "username": "bradcrowell",
    "followingArtist": "Rob Brydon",
    "country_code": "NG",
    "country": "Nigeria"
  },
  {
    "username": "MSProfit",
    "followingArtist": "Rob Brydon",
    "country_code": "US",
    "country": "USA"
  },
  {
    "username": "harrisonhoffman",
    "followingArtist": "Rob Brydon",
    "country_code": "US",
    "country": "USA"
  },
  {
    "username": "spiritualjaye",
    "followingArtist": "Rob Brydon",
    "country_code": "UK",
    "country": "United Kingdom"
  },
  {
    "username": "Studio43",
    "followingArtist": "Rob Brydon",
    "country_code": "NG",
    "country": "Nigeria"
  },
  {
    "username": "aaronarcuri",
    "followingArtist": "Rob Brydon",
    "country_code": "NG",
    "country": "Nigeria"
  },
  {
    "username": "NXNorth",
    "followingArtist": "Rob Brydon",
    "country_code": "US",
    "country": "USA"
  },
  {
    "username": "sean_keely",
    "followingArtist": "Rob Brydon",
    "country_code": "NZ",
    "country": "Aotearoa"
  },
  {
    "username": "Israel_Ellner",
    "followingArtist": "Rob Brydon",
    "country_code": "US",
    "country": "USA"
  },
  {
    "username": "quadshottv",
    "followingArtist": "Rob Brydon",
    "country_code": "US",
    "country": "USA"
  },
  {
    "username": "tommyfreestyle",
    "followingArtist": "Rob Brydon",
    "country_code": "US",
    "country": "USA"
  },
  {
    "username": "MicControl",
    "followingArtist": "Rob Brydon",
    "country_code": "US",
    "country": "USA"
  },
  {
    "username": "mistyeyed",
    "followingArtist": "Rob Brydon",
    "country_code": "US",
    "country": "USA"
  },
  {
    "username": "Hisunwu",
    "followingArtist": "Rob Brydon",
    "country_code": "CN",
    "country": "China"
  },
  {
    "username": "CalStateStudent",
    "followingArtist": "Rob Brydon",
    "country_code": "TR",
    "country": "Turkey"
  },
  {
    "username": "thesaraolive",
    "followingArtist": "Rob Brydon",
    "country_code": "US",
    "country": "USA"
  },
  {
    "username": "runway2reality",
    "followingArtist": "Rob Brydon",
    "country_code": "PH",
    "country": "Philippines"
  },
  {
    "username": "CakeFinancial",
    "followingArtist": "Rob Brydon",
    "country_code": "US",
    "country": "USA"
  },
  {
    "username": "TUBEdotTV",
    "followingArtist": "Rob Brydon",
    "country_code": "NG",
    "country": "Nigeria"
  },
  {
    "username": "Bhadragrandma",
    "followingArtist": "Rob Brydon",
    "country_code": "US",
    "country": "USA"
  },
  {
    "username": "BerkleeCollege",
    "followingArtist": "Rob Brydon",
    "country_code": "US",
    "country": "USA"
  },
  {
    "username": "vassko",
    "followingArtist": "Rob Brydon",
    "country_code": "US",
    "country": "USA"
  },
  {
    "username": "she0foreclosure",
    "followingArtist": "Rob Brydon",
    "country_code": "US",
    "country": "USA"
  },
  {
    "username": "UltraXS",
    "followingArtist": "Rob Brydon",
    "country_code": "IT",
    "country": "Italy"
  },
  {
    "username": "kibbutz",
    "followingArtist": "Rob Brydon",
    "country_code": "US",
    "country": "USA"
  },
  {
    "username": "jbrecording",
    "followingArtist": "Rob Brydon",
    "country_code": "US",
    "country": "USA"
  },
  {
    "username": "chefkate67",
    "followingArtist": "Rob Brydon",
    "country_code": "US",
    "country": "USA"
  },
  {
    "username": "AdobeAdCloud",
    "followingArtist": "Rob Brydon",
    "country_code": "US",
    "country": "USA"
  },
  {
    "username": "ylive",
    "followingArtist": "Rob Brydon",
    "country_code": "US",
    "country": "USA"
  },
  {
    "username": "studio3k",
    "followingArtist": "Rob Brydon",
    "country_code": "US",
    "country": "USA"
  },
  {
    "username": "lunarloot",
    "followingArtist": "Rob Brydon",
    "country_code": "GB",
    "country": "Scotland"
  },
  {
    "username": "UnpopularMan",
    "followingArtist": "Rob Brydon",
    "country_code": "US",
    "country": "USA"
  },
  {
    "username": "fapman",
    "followingArtist": "Rob Brydon",
    "country_code": "ES",
    "country": "Spain"
  },
  {
    "username": "PublicBlend",
    "followingArtist": "Rob Brydon",
    "country_code": "US",
    "country": "USA"
  },
  {
    "username": "wattorney",
    "followingArtist": "Rob Brydon",
    "country_code": "US",
    "country": "USA"
  },
  {
    "username": "madstatter",
    "followingArtist": "Rob Brydon",
    "country_code": "BR",
    "country": "Brazil"
  },
  {
    "username": "theoutsidr",
    "followingArtist": "Rob Brydon",
    "country_code": "US",
    "country": "USA"
  },
  {
    "username": "patobryan",
    "followingArtist": "Rob Brydon",
    "country_code": "US",
    "country": "USA"
  },
  {
    "username": "ThommyB",
    "followingArtist": "Rob Brydon",
    "country_code": "US",
    "country": "USA"
  },
  {
    "username": "theEye",
    "followingArtist": "Rob Brydon",
    "country_code": "UA",
    "country": "Ukraine"
  },
  {
    "username": "Zappos",
    "followingArtist": "Rob Brydon",
    "country_code": "US",
    "country": "USA"
  },
  {
    "username": "theILLife",
    "followingArtist": "Rob Brydon",
    "country_code": "US",
    "country": "USA"
  },
  {
    "username": "kittie2171",
    "followingArtist": "Rob Brydon",
    "country_code": "GH",
    "country": "Ghana"
  },
  {
    "username": "jooliagoolia",
    "followingArtist": "Rob Brydon",
    "country_code": "US",
    "country": "USA"
  },
  {
    "username": "ePodz",
    "followingArtist": "Rob Brydon",
    "country_code": "US",
    "country": "USA"
  },
  {
    "username": "sashsavic",
    "followingArtist": "Rob Brydon",
    "country_code": "CH",
    "country": "Switzerland"
  },
  {
    "username": "jimmoon",
    "followingArtist": "Rob Brydon",
    "country_code": "US",
    "country": "USA"
  },
  {
    "username": "HashOut",
    "followingArtist": "Rob Brydon",
    "country_code": "US",
    "country": "USA"
  },
  {
    "username": "zefrank",
    "followingArtist": "Rob Brydon",
    "country_code": "NG",
    "country": "Nigeria"
  },
  {
    "username": "atlanticPDX",
    "followingArtist": "Rob Brydon",
    "country_code": "US",
    "country": "USA"
  },
  {
    "username": "drkiki",
    "followingArtist": "Rob Brydon",
    "country_code": "US",
    "country": "USA"
  },
  {
    "username": "connectedgeek",
    "followingArtist": "Rob Brydon",
    "country_code": "US",
    "country": "USA"
  },
  {
    "username": "BarackObama",
    "followingArtist": "Rob Brydon",
    "country_code": "US",
    "country": "USA"
  },
  {
    "username": "BostonMA",
    "followingArtist": "Rob Brydon",
    "country_code": "US",
    "country": "USA"
  },
  {
    "username": "ciocanc11",
    "followingArtist": "\u30c7\u30c3\u30c9\u30d7\u30fc\u30eb2",
    "country_code": "UK",
    "country": "United Kingdom"
  },
  {
    "username": "zcy0601",
    "followingArtist": "\u30c7\u30c3\u30c9\u30d7\u30fc\u30eb2",
    "country_code": "US",
    "country": "USA"
  },
  {
    "username": "yomarimalta",
    "followingArtist": "\u30c7\u30c3\u30c9\u30d7\u30fc\u30eb2",
    "country_code": "BR",
    "country": "Brazil"
  },
  {
    "username": "asai_mae",
    "followingArtist": "\u30c7\u30c3\u30c9\u30d7\u30fc\u30eb2",
    "country_code": "JP",
    "country": "Japan"
  },
  {
    "username": "halchedelic",
    "followingArtist": "\u30c7\u30c3\u30c9\u30d7\u30fc\u30eb2",
    "country_code": "JP",
    "country": "Japan"
  },
  {
    "username": "kamui_nagisa_23",
    "followingArtist": "\u30c7\u30c3\u30c9\u30d7\u30fc\u30eb2",
    "country_code": "US",
    "country": "USA"
  },
  {
    "username": "Spiderman_xxxx",
    "followingArtist": "\u30c7\u30c3\u30c9\u30d7\u30fc\u30eb2",
    "country_code": "US",
    "country": "USA"
  },
  {
    "username": "MATTHEWJOHNRIE3",
    "followingArtist": "\u30c7\u30c3\u30c9\u30d7\u30fc\u30eb2",
    "country_code": "US",
    "country": "USA"
  },
  {
    "username": "ARARAGIKUN9",
    "followingArtist": "\u30c7\u30c3\u30c9\u30d7\u30fc\u30eb2",
    "country_code": "BR",
    "country": "Brazil"
  },
  {
    "username": "hajioeun",
    "followingArtist": "\u30c7\u30c3\u30c9\u30d7\u30fc\u30eb2",
    "country_code": "US",
    "country": "USA"
  },
  {
    "username": "RasaVasanth",
    "followingArtist": "\u30c7\u30c3\u30c9\u30d7\u30fc\u30eb2",
    "country_code": "ID",
    "country": "Indonesia"
  },
  {
    "username": "Godzillas_JP",
    "followingArtist": "\u30c7\u30c3\u30c9\u30d7\u30fc\u30eb2",
    "country_code": "JP",
    "country": "Japan"
  },
  {
    "username": "iiiida1219",
    "followingArtist": "\u30c7\u30c3\u30c9\u30d7\u30fc\u30eb2",
    "country_code": "AU",
    "country": "Australia"
  },
  {
    "username": "batlizard11",
    "followingArtist": "\u30c7\u30c3\u30c9\u30d7\u30fc\u30eb2",
    "country_code": "US",
    "country": "USA"
  },
  {
    "username": "Pepe28112000",
    "followingArtist": "\u30c7\u30c3\u30c9\u30d7\u30fc\u30eb2",
    "country_code": "MG",
    "country": "Madagascar"
  },
  {
    "username": "IQWGIM",
    "followingArtist": "\u30c7\u30c3\u30c9\u30d7\u30fc\u30eb2",
    "country_code": "UK",
    "country": "United Kingdom"
  },
  {
    "username": "GKPWwyS6oMSSyCp",
    "followingArtist": "\u30c7\u30c3\u30c9\u30d7\u30fc\u30eb2",
    "country_code": "US",
    "country": "USA"
  },
  {
    "username": "Tony7198",
    "followingArtist": "\u30c7\u30c3\u30c9\u30d7\u30fc\u30eb2",
    "country_code": "US",
    "country": "USA"
  },
  {
    "username": "GabrielBerthaud",
    "followingArtist": "\u30c7\u30c3\u30c9\u30d7\u30fc\u30eb2",
    "country_code": "US",
    "country": "USA"
  },
  {
    "username": "kentamen",
    "followingArtist": "\u30c7\u30c3\u30c9\u30d7\u30fc\u30eb2",
    "country_code": "JP",
    "country": "Japan"
  },
  {
    "username": "Grassfille2648",
    "followingArtist": "\u30c7\u30c3\u30c9\u30d7\u30fc\u30eb2",
    "country_code": "JP",
    "country": "Japan"
  },
  {
    "username": "slovoss",
    "followingArtist": "\u30c7\u30c3\u30c9\u30d7\u30fc\u30eb2",
    "country_code": "MX",
    "country": "Mexico"
  },
  {
    "username": "Mell0w_Soda",
    "followingArtist": "\u30c7\u30c3\u30c9\u30d7\u30fc\u30eb2",
    "country_code": "FR",
    "country": "France"
  },
  {
    "username": "aldi_diancoy",
    "followingArtist": "\u30c7\u30c3\u30c9\u30d7\u30fc\u30eb2",
    "country_code": "ID",
    "country": "Indonesia"
  },
  {
    "username": "CafePowako",
    "followingArtist": "\u30c7\u30c3\u30c9\u30d7\u30fc\u30eb2",
    "country_code": "JP",
    "country": "Japan"
  },
  {
    "username": "Blue03mu",
    "followingArtist": "\u30c7\u30c3\u30c9\u30d7\u30fc\u30eb2",
    "country_code": "ID",
    "country": "Indonesia"
  },
  {
    "username": "carolinaparauan",
    "followingArtist": "\u30c7\u30c3\u30c9\u30d7\u30fc\u30eb2",
    "country_code": "ES",
    "country": "Spain"
  },
  {
    "username": "kevinthomas86_",
    "followingArtist": "\u30c7\u30c3\u30c9\u30d7\u30fc\u30eb2",
    "country_code": "US",
    "country": "USA"
  },
  {
    "username": "t_superhero",
    "followingArtist": "\u30c7\u30c3\u30c9\u30d7\u30fc\u30eb2",
    "country_code": "US",
    "country": "USA"
  },
  {
    "username": "BOPkame10",
    "followingArtist": "\u30c7\u30c3\u30c9\u30d7\u30fc\u30eb2",
    "country_code": "CZ",
    "country": "Czech Republic"
  },
  {
    "username": "xjtownx",
    "followingArtist": "\u30c7\u30c3\u30c9\u30d7\u30fc\u30eb2",
    "country_code": "PH",
    "country": "Philippines"
  },
  {
    "username": "UmmuhanCurie",
    "followingArtist": "\u30c7\u30c3\u30c9\u30d7\u30fc\u30eb2",
    "country_code": "BF",
    "country": "Burkina Faso"
  },
  {
    "username": "DarshanTayMP",
    "followingArtist": "\u30c7\u30c3\u30c9\u30d7\u30fc\u30eb2",
    "country_code": "US",
    "country": "USA"
  },
  {
    "username": "hanako_boo",
    "followingArtist": "\u30c7\u30c3\u30c9\u30d7\u30fc\u30eb2",
    "country_code": "GB",
    "country": "Scotland"
  },
  {
    "username": "SNYM_JP",
    "followingArtist": "\u30c7\u30c3\u30c9\u30d7\u30fc\u30eb2",
    "country_code": "JP",
    "country": "Japan"
  },
  {
    "username": "kech_faty",
    "followingArtist": "\u30c7\u30c3\u30c9\u30d7\u30fc\u30eb2",
    "country_code": "MA",
    "country": "Morocco"
  },
  {
    "username": "cnyohei",
    "followingArtist": "\u30c7\u30c3\u30c9\u30d7\u30fc\u30eb2",
    "country_code": "US",
    "country": "USA"
  },
  {
    "username": "NaimBrawn",
    "followingArtist": "\u30c7\u30c3\u30c9\u30d7\u30fc\u30eb2",
    "country_code": "DZ",
    "country": "Algeria"
  },
  {
    "username": "konumai_6",
    "followingArtist": "\u30c7\u30c3\u30c9\u30d7\u30fc\u30eb2",
    "country_code": "IT",
    "country": "Italy"
  },
  {
    "username": "kinchan_0530",
    "followingArtist": "\u30c7\u30c3\u30c9\u30d7\u30fc\u30eb2",
    "country_code": "US",
    "country": "USA"
  },
  {
    "username": "7sbR4",
    "followingArtist": "\u30c7\u30c3\u30c9\u30d7\u30fc\u30eb2",
    "country_code": "MW",
    "country": "Malawi"
  },
  {
    "username": "kigor460",
    "followingArtist": "\u30c7\u30c3\u30c9\u30d7\u30fc\u30eb2",
    "country_code": "DK",
    "country": "Denmark"
  },
  {
    "username": "K_TNK_419",
    "followingArtist": "\u30c7\u30c3\u30c9\u30d7\u30fc\u30eb2",
    "country_code": "JP",
    "country": "Japan"
  },
  {
    "username": "MFF981124marvel",
    "followingArtist": "\u30c7\u30c3\u30c9\u30d7\u30fc\u30eb2",
    "country_code": "US",
    "country": "USA"
  },
  {
    "username": "Lenaaa0707",
    "followingArtist": "\u30c7\u30c3\u30c9\u30d7\u30fc\u30eb2",
    "country_code": "JP",
    "country": "Japan"
  },
  {
    "username": "rosesofholocene",
    "followingArtist": "\u30c7\u30c3\u30c9\u30d7\u30fc\u30eb2",
    "country_code": "Wisconsin St",
    "country": "Wisconsin St"
  },
  {
    "username": "y6I8pczdNUfHus9",
    "followingArtist": "\u30c7\u30c3\u30c9\u30d7\u30fc\u30eb2",
    "country_code": "FR",
    "country": "France"
  },
  {
    "username": "kikodaime",
    "followingArtist": "\u30c7\u30c3\u30c9\u30d7\u30fc\u30eb2",
    "country_code": "MX",
    "country": "Mexico"
  },
  {
    "username": "Alice_in_Bar",
    "followingArtist": "\u30c7\u30c3\u30c9\u30d7\u30fc\u30eb2",
    "country_code": "US",
    "country": "USA"
  },
  {
    "username": "erazo121",
    "followingArtist": "\u30c7\u30c3\u30c9\u30d7\u30fc\u30eb2",
    "country_code": "US",
    "country": "USA"
  },
  {
    "username": "RedRayRoyal",
    "followingArtist": "\u30c7\u30c3\u30c9\u30d7\u30fc\u30eb2",
    "country_code": "SA",
    "country": "Saudi Arabia"
  },
  {
    "username": "MARVEL_1253",
    "followingArtist": "\u30c7\u30c3\u30c9\u30d7\u30fc\u30eb2",
    "country_code": "US",
    "country": "USA"
  },
  {
    "username": "cookie_ib",
    "followingArtist": "\u30c7\u30c3\u30c9\u30d7\u30fc\u30eb2",
    "country_code": "US",
    "country": "USA"
  },
  {
    "username": "creativecloudjp",
    "followingArtist": "\u30c7\u30c3\u30c9\u30d7\u30fc\u30eb2",
    "country_code": "JP",
    "country": "Japan"
  },
  {
    "username": "Nibin64185828",
    "followingArtist": "\u30c7\u30c3\u30c9\u30d7\u30fc\u30eb2",
    "country_code": "IN",
    "country": "India"
  },
  {
    "username": "piisonpaason",
    "followingArtist": "\u30c7\u30c3\u30c9\u30d7\u30fc\u30eb2",
    "country_code": "US",
    "country": "USA"
  },
  {
    "username": "ChevalerieN",
    "followingArtist": "\u30c7\u30c3\u30c9\u30d7\u30fc\u30eb2",
    "country_code": "JP",
    "country": "Japan"
  },
  {
    "username": "Lulu15796110",
    "followingArtist": "\u30c7\u30c3\u30c9\u30d7\u30fc\u30eb2",
    "country_code": "US",
    "country": "USA"
  },
  {
    "username": "cadzqui",
    "followingArtist": "\u30c7\u30c3\u30c9\u30d7\u30fc\u30eb2",
    "country_code": "JP",
    "country": "Japan"
  },
  {
    "username": "nyannyano6",
    "followingArtist": "\u30c7\u30c3\u30c9\u30d7\u30fc\u30eb2",
    "country_code": "US",
    "country": "USA"
  }
]