[
  {
    "username": "tana10yuki",
    "followingArtist": "\u3084\u3064\u3044\u3044\u3061\u308d\u3046",
    "country_code": "JP",
    "country": "Japan"
  },
  {
    "username": "iron_nori",
    "followingArtist": "\u3084\u3064\u3044\u3044\u3061\u308d\u3046",
    "country_code": "CA",
    "country": "Canada"
  },
  {
    "username": "saito_megumi",
    "followingArtist": "\u3084\u3064\u3044\u3044\u3061\u308d\u3046",
    "country_code": "JP",
    "country": "Japan"
  },
  {
    "username": "raisakukun",
    "followingArtist": "\u3084\u3064\u3044\u3044\u3061\u308d\u3046",
    "country_code": "JP",
    "country": "Japan"
  },
  {
    "username": "muaaaai",
    "followingArtist": "\u3084\u3064\u3044\u3044\u3061\u308d\u3046",
    "country_code": "JP",
    "country": "Japan"
  },
  {
    "username": "to0328",
    "followingArtist": "\u3084\u3064\u3044\u3044\u3061\u308d\u3046",
    "country_code": "JP",
    "country": "Japan"
  },
  {
    "username": "amimekikikirin",
    "followingArtist": "\u3084\u3064\u3044\u3044\u3061\u308d\u3046",
    "country_code": "JP",
    "country": "Japan"
  },
  {
    "username": "satoygm",
    "followingArtist": "\u3084\u3064\u3044\u3044\u3061\u308d\u3046",
    "country_code": "JP",
    "country": "Japan"
  },
  {
    "username": "mon_mon388",
    "followingArtist": "\u3084\u3064\u3044\u3044\u3061\u308d\u3046",
    "country_code": "JP",
    "country": "Japan"
  },
  {
    "username": "KE_Baby_",
    "followingArtist": "\u3084\u3064\u3044\u3044\u3061\u308d\u3046",
    "country_code": "PH",
    "country": "Philippines"
  },
  {
    "username": "hosoi_newerror",
    "followingArtist": "\u3084\u3064\u3044\u3044\u3061\u308d\u3046",
    "country_code": "JP",
    "country": "Japan"
  },
  {
    "username": "tetokayo",
    "followingArtist": "\u3084\u3064\u3044\u3044\u3061\u308d\u3046",
    "country_code": "JP",
    "country": "Japan"
  },
  {
    "username": "atk831",
    "followingArtist": "\u3084\u3064\u3044\u3044\u3061\u308d\u3046",
    "country_code": "JP",
    "country": "Japan"
  },
  {
    "username": "argentina__",
    "followingArtist": "\u3084\u3064\u3044\u3044\u3061\u308d\u3046",
    "country_code": "JP",
    "country": "Japan"
  },
  {
    "username": "yuk_dream_model",
    "followingArtist": "\u3084\u3064\u3044\u3044\u3061\u308d\u3046",
    "country_code": "JP",
    "country": "Japan"
  },
  {
    "username": "sora1204nari",
    "followingArtist": "\u3084\u3064\u3044\u3044\u3061\u308d\u3046",
    "country_code": "US",
    "country": "USA"
  },
  {
    "username": "ayu_731pop",
    "followingArtist": "\u3084\u3064\u3044\u3044\u3061\u308d\u3046",
    "country_code": "JP",
    "country": "Japan"
  },
  {
    "username": "tomitamakoto",
    "followingArtist": "\u3084\u3064\u3044\u3044\u3061\u308d\u3046",
    "country_code": "MY",
    "country": "Malaysia"
  },
  {
    "username": "yuzuco29",
    "followingArtist": "\u3084\u3064\u3044\u3044\u3061\u308d\u3046",
    "country_code": "JP",
    "country": "Japan"
  },
  {
    "username": "wakakusa",
    "followingArtist": "\u3084\u3064\u3044\u3044\u3061\u308d\u3046",
    "country_code": "JP",
    "country": "Japan"
  },
  {
    "username": "01eiko",
    "followingArtist": "\u3084\u3064\u3044\u3044\u3061\u308d\u3046",
    "country_code": "JP",
    "country": "Japan"
  },
  {
    "username": "YukinceDNAinOKI",
    "followingArtist": "\u3084\u3064\u3044\u3044\u3061\u308d\u3046",
    "country_code": "IR",
    "country": "Iran"
  },
  {
    "username": "teru_otani",
    "followingArtist": "\u3084\u3064\u3044\u3044\u3061\u308d\u3046",
    "country_code": "JP",
    "country": "Japan"
  },
  {
    "username": "tankobu_lovers1",
    "followingArtist": "\u3084\u3064\u3044\u3044\u3061\u308d\u3046",
    "country_code": "US",
    "country": "USA"
  },
  {
    "username": "takudj",
    "followingArtist": "\u3084\u3064\u3044\u3044\u3061\u308d\u3046",
    "country_code": "JP",
    "country": "Japan"
  },
  {
    "username": "Nishi_ji_max",
    "followingArtist": "\u3084\u3064\u3044\u3044\u3061\u308d\u3046",
    "country_code": "JP",
    "country": "Japan"
  },
  {
    "username": "AC_DC827",
    "followingArtist": "\u3084\u3064\u3044\u3044\u3061\u308d\u3046",
    "country_code": "JP",
    "country": "Japan"
  },
  {
    "username": "zimajimagima",
    "followingArtist": "\u3084\u3064\u3044\u3044\u3061\u308d\u3046",
    "country_code": "FR",
    "country": "France"
  },
  {
    "username": "mikimobilephone",
    "followingArtist": "\u3084\u3064\u3044\u3044\u3061\u308d\u3046",
    "country_code": "JP",
    "country": "Japan"
  },
  {
    "username": "harusons07kim10",
    "followingArtist": "\u3084\u3064\u3044\u3044\u3061\u308d\u3046",
    "country_code": "JP",
    "country": "Japan"
  },
  {
    "username": "shumichel",
    "followingArtist": "\u3084\u3064\u3044\u3044\u3061\u308d\u3046",
    "country_code": "JP",
    "country": "Japan"
  },
  {
    "username": "Lucie_too3",
    "followingArtist": "\u3084\u3064\u3044\u3044\u3061\u308d\u3046",
    "country_code": "JP",
    "country": "Japan"
  },
  {
    "username": "Zaminator125",
    "followingArtist": "\u3084\u3064\u3044\u3044\u3061\u308d\u3046",
    "country_code": "California City Blvd",
    "country": "California City Blvd"
  },
  {
    "username": "air34n",
    "followingArtist": "\u3084\u3064\u3044\u3044\u3061\u308d\u3046",
    "country_code": "JP",
    "country": "Japan"
  },
  {
    "username": "mayumoyuma",
    "followingArtist": "\u3084\u3064\u3044\u3044\u3061\u308d\u3046",
    "country_code": "FR",
    "country": "France"
  },
  {
    "username": "hiromi37373215",
    "followingArtist": "\u3084\u3064\u3044\u3044\u3061\u308d\u3046",
    "country_code": "JP",
    "country": "Japan"
  },
  {
    "username": "Charmless_zzz",
    "followingArtist": "\u3084\u3064\u3044\u3044\u3061\u308d\u3046",
    "country_code": "NP",
    "country": "Nepal"
  },
  {
    "username": "omuretuomuomu",
    "followingArtist": "\u3084\u3064\u3044\u3044\u3061\u308d\u3046",
    "country_code": "MW",
    "country": "Malawi"
  },
  {
    "username": "mashed_chicago",
    "followingArtist": "\u3084\u3064\u3044\u3044\u3061\u308d\u3046",
    "country_code": "US",
    "country": "USA"
  },
  {
    "username": "sugikyon",
    "followingArtist": "\u3084\u3064\u3044\u3044\u3061\u308d\u3046",
    "country_code": "JP",
    "country": "Japan"
  },
  {
    "username": "yuzu71800",
    "followingArtist": "\u3084\u3064\u3044\u3044\u3061\u308d\u3046",
    "country_code": "JP",
    "country": "Japan"
  },
  {
    "username": "otobokebeaver",
    "followingArtist": "\u3084\u3064\u3044\u3044\u3061\u308d\u3046",
    "country_code": "JP",
    "country": "Japan"
  },
  {
    "username": "oioiAioi",
    "followingArtist": "\u3084\u3064\u3044\u3044\u3061\u308d\u3046",
    "country_code": "JP",
    "country": "Japan"
  },
  {
    "username": "WiselyBrothers",
    "followingArtist": "\u3084\u3064\u3044\u3044\u3061\u308d\u3046",
    "country_code": "JP",
    "country": "Japan"
  },
  {
    "username": "Licaxxx",
    "followingArtist": "\u3084\u3064\u3044\u3044\u3061\u308d\u3046",
    "country_code": "JP",
    "country": "Japan"
  },
  {
    "username": "hamadakenshicha",
    "followingArtist": "\u3084\u3064\u3044\u3044\u3061\u308d\u3046",
    "country_code": "JP",
    "country": "Japan"
  },
  {
    "username": "toshio_nakazawa",
    "followingArtist": "\u3084\u3064\u3044\u3044\u3061\u308d\u3046",
    "country_code": "JP",
    "country": "Japan"
  },
  {
    "username": "nao_n_k223",
    "followingArtist": "\u3084\u3064\u3044\u3044\u3061\u308d\u3046",
    "country_code": "US",
    "country": "USA"
  },
  {
    "username": "yasue08261230",
    "followingArtist": "\u3084\u3064\u3044\u3044\u3061\u308d\u3046",
    "country_code": "TJ",
    "country": "Tajikistan"
  },
  {
    "username": "YSGYM1",
    "followingArtist": "\u3084\u3064\u3044\u3044\u3061\u308d\u3046",
    "country_code": "CZ",
    "country": "Czech Republic"
  },
  {
    "username": "ommri23",
    "followingArtist": "\u3084\u3064\u3044\u3044\u3061\u308d\u3046",
    "country_code": "JP",
    "country": "Japan"
  },
  {
    "username": "junkem",
    "followingArtist": "\u3084\u3064\u3044\u3044\u3061\u308d\u3046",
    "country_code": "JP",
    "country": "Japan"
  },
  {
    "username": "strtmen",
    "followingArtist": "\u3084\u3064\u3044\u3044\u3061\u308d\u3046",
    "country_code": "JP",
    "country": "Japan"
  },
  {
    "username": "kotorikoto",
    "followingArtist": "\u3084\u3064\u3044\u3044\u3061\u308d\u3046",
    "country_code": "JP",
    "country": "Japan"
  },
  {
    "username": "nangoku",
    "followingArtist": "\u3084\u3064\u3044\u3044\u3061\u308d\u3046",
    "country_code": "TK",
    "country": "Tokelau"
  },
  {
    "username": "syumisyumike",
    "followingArtist": "\u3084\u3064\u3044\u3044\u3061\u308d\u3046",
    "country_code": "JP",
    "country": "Japan"
  },
  {
    "username": "lubysparksband",
    "followingArtist": "\u3084\u3064\u3044\u3044\u3061\u308d\u3046",
    "country_code": "JP",
    "country": "Japan"
  },
  {
    "username": "ohnoayuka",
    "followingArtist": "\u3084\u3064\u3044\u3044\u3061\u308d\u3046",
    "country_code": "JP",
    "country": "Japan"
  },
  {
    "username": "20nichime",
    "followingArtist": "\u3084\u3064\u3044\u3044\u3061\u308d\u3046",
    "country_code": "GB",
    "country": "Great Britain"
  },
  {
    "username": "_yusato",
    "followingArtist": "\u3084\u3064\u3044\u3044\u3061\u308d\u3046",
    "country_code": "JP",
    "country": "Japan"
  },
  {
    "username": "sekaibunko",
    "followingArtist": "\u3084\u3064\u3044\u3044\u3061\u308d\u3046",
    "country_code": "JP",
    "country": "Japan"
  },
  {
    "username": "_____________ss",
    "followingArtist": "\u3084\u3064\u3044\u3044\u3061\u308d\u3046",
    "country_code": "CA",
    "country": "Canada"
  },
  {
    "username": "fromheretokyo",
    "followingArtist": "\u3084\u3064\u3044\u3044\u3061\u308d\u3046",
    "country_code": "JP",
    "country": "Japan"
  },
  {
    "username": "1shii",
    "followingArtist": "\u3084\u3064\u3044\u3044\u3061\u308d\u3046",
    "country_code": "JP",
    "country": "Japan"
  },
  {
    "username": "KoOsamu",
    "followingArtist": "\u3084\u3064\u3044\u3044\u3061\u308d\u3046",
    "country_code": "JP",
    "country": "Japan"
  },
  {
    "username": "omae03",
    "followingArtist": "\u3084\u3064\u3044\u3044\u3061\u308d\u3046",
    "country_code": "US",
    "country": "USA"
  },
  {
    "username": "saya_wk",
    "followingArtist": "\u3084\u3064\u3044\u3044\u3061\u308d\u3046",
    "country_code": "ID",
    "country": "Indonesia"
  },
  {
    "username": "positive_sence1",
    "followingArtist": "\u3084\u3064\u3044\u3044\u3061\u308d\u3046",
    "country_code": "US",
    "country": "USA"
  },
  {
    "username": "yusa_haruna",
    "followingArtist": "\u3084\u3064\u3044\u3044\u3061\u308d\u3046",
    "country_code": "JP",
    "country": "Japan"
  },
  {
    "username": "kenske19890120",
    "followingArtist": "\u3084\u3064\u3044\u3044\u3061\u308d\u3046",
    "country_code": "JP",
    "country": "Japan"
  },
  {
    "username": "portofino27",
    "followingArtist": "\u3084\u3064\u3044\u3044\u3061\u308d\u3046",
    "country_code": "JP",
    "country": "Japan"
  },
  {
    "username": "DrSpence1981",
    "followingArtist": "\u3084\u3064\u3044\u3044\u3061\u308d\u3046",
    "country_code": "US",
    "country": "USA"
  },
  {
    "username": "MITSUKI76611099",
    "followingArtist": "\u3084\u3064\u3044\u3044\u3061\u308d\u3046",
    "country_code": "ID",
    "country": "Indonesia"
  },
  {
    "username": "Hokuro2017",
    "followingArtist": "\u3084\u3064\u3044\u3044\u3061\u308d\u3046",
    "country_code": "UK",
    "country": "United Kingdom"
  },
  {
    "username": "zakiyama0501",
    "followingArtist": "\u3084\u3064\u3044\u3044\u3061\u308d\u3046",
    "country_code": "JP",
    "country": "Japan"
  },
  {
    "username": "naonao0017blue",
    "followingArtist": "\u3084\u3064\u3044\u3044\u3061\u308d\u3046",
    "country_code": "JP",
    "country": "Japan"
  },
  {
    "username": "Ch_0_5",
    "followingArtist": "\u3084\u3064\u3044\u3044\u3061\u308d\u3046",
    "country_code": "JP",
    "country": "Japan"
  },
  {
    "username": "twisugi",
    "followingArtist": "\u3084\u3064\u3044\u3044\u3061\u308d\u3046",
    "country_code": "JP",
    "country": "Japan"
  },
  {
    "username": "amino6",
    "followingArtist": "\u3084\u3064\u3044\u3044\u3061\u308d\u3046",
    "country_code": "JP",
    "country": "Japan"
  },
  {
    "username": "utai_a",
    "followingArtist": "\u3084\u3064\u3044\u3044\u3061\u308d\u3046",
    "country_code": "FR",
    "country": "France"
  },
  {
    "username": "dec10th",
    "followingArtist": "\u3084\u3064\u3044\u3044\u3061\u308d\u3046",
    "country_code": "NO",
    "country": "Norway"
  },
  {
    "username": "EVENING_MUSIC",
    "followingArtist": "\u3084\u3064\u3044\u3044\u3061\u308d\u3046",
    "country_code": "JP",
    "country": "Japan"
  },
  {
    "username": "nobublacklabel",
    "followingArtist": "\u3084\u3064\u3044\u3044\u3061\u308d\u3046",
    "country_code": "JP",
    "country": "Japan"
  },
  {
    "username": "newyork_artist",
    "followingArtist": "\u3084\u3064\u3044\u3044\u3061\u308d\u3046",
    "country_code": "JP",
    "country": "Japan"
  },
  {
    "username": "hrxm",
    "followingArtist": "\u3084\u3064\u3044\u3044\u3061\u308d\u3046",
    "country_code": "BR",
    "country": "Brazil"
  },
  {
    "username": "i_am_youna__",
    "followingArtist": "\u3084\u3064\u3044\u3044\u3061\u308d\u3046",
    "country_code": "JP",
    "country": "Japan"
  },
  {
    "username": "takeshIi_ishii",
    "followingArtist": "\u3084\u3064\u3044\u3044\u3061\u308d\u3046",
    "country_code": "JP",
    "country": "Japan"
  },
  {
    "username": "fishboulman",
    "followingArtist": "\u3084\u3064\u3044\u3044\u3061\u308d\u3046",
    "country_code": "JP",
    "country": "Japan"
  },
  {
    "username": "0n4oathsnf_700",
    "followingArtist": "\u3084\u3064\u3044\u3044\u3061\u308d\u3046",
    "country_code": "CZ",
    "country": "Czech Republic"
  },
  {
    "username": "i_am_shun",
    "followingArtist": "\u3084\u3064\u3044\u3044\u3061\u308d\u3046",
    "country_code": "JP",
    "country": "Japan"
  },
  {
    "username": "amimo_t",
    "followingArtist": "\u3084\u3064\u3044\u3044\u3061\u308d\u3046",
    "country_code": "JP",
    "country": "Japan"
  },
  {
    "username": "MSym2",
    "followingArtist": "\u3084\u3064\u3044\u3044\u3061\u308d\u3046",
    "country_code": "MR",
    "country": "Mauritania"
  },
  {
    "username": "mimimimi_mitw",
    "followingArtist": "\u3084\u3064\u3044\u3044\u3061\u308d\u3046",
    "country_code": "JP",
    "country": "Japan"
  },
  {
    "username": "co_comichi",
    "followingArtist": "\u3084\u3064\u3044\u3044\u3061\u308d\u3046",
    "country_code": "JP",
    "country": "Japan"
  },
  {
    "username": "a1224_k",
    "followingArtist": "\u3084\u3064\u3044\u3044\u3061\u308d\u3046",
    "country_code": "JP",
    "country": "Japan"
  },
  {
    "username": "edenunderground",
    "followingArtist": "\u3084\u3064\u3044\u3044\u3061\u308d\u3046",
    "country_code": "JP",
    "country": "Japan"
  },
  {
    "username": "nonbon47",
    "followingArtist": "\u3084\u3064\u3044\u3044\u3061\u308d\u3046",
    "country_code": "JP",
    "country": "Japan"
  },
  {
    "username": "bz178tak88",
    "followingArtist": "\u3084\u3064\u3044\u3044\u3061\u308d\u3046",
    "country_code": "JP",
    "country": "Japan"
  },
  {
    "username": "hirokame23",
    "followingArtist": "\u3084\u3064\u3044\u3044\u3061\u308d\u3046",
    "country_code": "JP",
    "country": "Japan"
  },
  {
    "username": "shintaro_ksgm",
    "followingArtist": "\u3084\u3064\u3044\u3044\u3061\u308d\u3046",
    "country_code": "JP",
    "country": "Japan"
  },
  {
    "username": "p_l_o_o_f_kura",
    "followingArtist": "\u3084\u3064\u3044\u3044\u3061\u308d\u3046",
    "country_code": "JP",
    "country": "Japan"
  },
  {
    "username": "lovely_kazuya23",
    "followingArtist": "\u3084\u3064\u3044\u3044\u3061\u308d\u3046",
    "country_code": "JP",
    "country": "Japan"
  },
  {
    "username": "soeji69",
    "followingArtist": "\u3084\u3064\u3044\u3044\u3061\u308d\u3046",
    "country_code": "JP",
    "country": "Japan"
  },
  {
    "username": "Iyomi_143",
    "followingArtist": "\u3084\u3064\u3044\u3044\u3061\u308d\u3046",
    "country_code": "JP",
    "country": "Japan"
  },
  {
    "username": "musashi_art",
    "followingArtist": "\u3084\u3064\u3044\u3044\u3061\u308d\u3046",
    "country_code": "JP",
    "country": "Japan"
  },
  {
    "username": "dot_410m",
    "followingArtist": "\u3084\u3064\u3044\u3044\u3061\u308d\u3046",
    "country_code": "JP",
    "country": "Japan"
  },
  {
    "username": "snakeberryxxx",
    "followingArtist": "\u3084\u3064\u3044\u3044\u3061\u308d\u3046",
    "country_code": "JP",
    "country": "Japan"
  },
  {
    "username": "masashi_tob",
    "followingArtist": "\u3084\u3064\u3044\u3044\u3061\u308d\u3046",
    "country_code": "JP",
    "country": "Japan"
  },
  {
    "username": "redstripeja",
    "followingArtist": "\u3084\u3064\u3044\u3044\u3061\u308d\u3046",
    "country_code": "JP",
    "country": "Japan"
  },
  {
    "username": "punks_okuda",
    "followingArtist": "\u3084\u3064\u3044\u3044\u3061\u308d\u3046",
    "country_code": "JP",
    "country": "Japan"
  },
  {
    "username": "miru_maru__",
    "followingArtist": "\u3084\u3064\u3044\u3044\u3061\u308d\u3046",
    "country_code": "BR",
    "country": "Brazil"
  },
  {
    "username": "31rs1111pm",
    "followingArtist": "\u3084\u3064\u3044\u3044\u3061\u308d\u3046",
    "country_code": "AG",
    "country": "Antigua and Barbuda"
  }
]