[
  {
    "username": "emtxr",
    "followingArtist": "Predawn_staff",
    "country_code": "JP",
    "country": "Japan"
  },
  {
    "username": "sghr_mkn",
    "followingArtist": "Predawn_staff",
    "country_code": "JP",
    "country": "Japan"
  },
  {
    "username": "t11tr85k",
    "followingArtist": "Predawn_staff",
    "country_code": "JP",
    "country": "Japan"
  },
  {
    "username": "excuseMemiss37",
    "followingArtist": "Predawn_staff",
    "country_code": "JP",
    "country": "Japan"
  },
  {
    "username": "_x_sachi_x_",
    "followingArtist": "Predawn_staff",
    "country_code": "JP",
    "country": "Japan"
  },
  {
    "username": "holly_dance19",
    "followingArtist": "Predawn_staff",
    "country_code": "JP",
    "country": "Japan"
  },
  {
    "username": "kikUUaki",
    "followingArtist": "Predawn_staff",
    "country_code": "JP",
    "country": "Japan"
  },
  {
    "username": "kugo16",
    "followingArtist": "Predawn_staff",
    "country_code": "JP",
    "country": "Japan"
  },
  {
    "username": "honestpoverty22",
    "followingArtist": "Predawn_staff",
    "country_code": "JP",
    "country": "Japan"
  },
  {
    "username": "TAKU_YEAH",
    "followingArtist": "Predawn_staff",
    "country_code": "JP",
    "country": "Japan"
  },
  {
    "username": "naoyaoikawa",
    "followingArtist": "Predawn_staff",
    "country_code": "JP",
    "country": "Japan"
  },
  {
    "username": "yoshi_haya",
    "followingArtist": "Predawn_staff",
    "country_code": "JP",
    "country": "Japan"
  },
  {
    "username": "UQiYO",
    "followingArtist": "Predawn_staff",
    "country_code": "JP",
    "country": "Japan"
  },
  {
    "username": "sauber_zero",
    "followingArtist": "Predawn_staff",
    "country_code": "JP",
    "country": "Japan"
  },
  {
    "username": "kp_pk208",
    "followingArtist": "Predawn_staff",
    "country_code": "US",
    "country": "USA"
  },
  {
    "username": "ponj3",
    "followingArtist": "Predawn_staff",
    "country_code": "JP",
    "country": "Japan"
  },
  {
    "username": "nekomycin",
    "followingArtist": "Predawn_staff",
    "country_code": "US",
    "country": "USA"
  },
  {
    "username": "I__Natsumi",
    "followingArtist": "Predawn_staff",
    "country_code": "JP",
    "country": "Japan"
  },
  {
    "username": "MUSICFORLIFE_tw",
    "followingArtist": "Predawn_staff",
    "country_code": "JP",
    "country": "Japan"
  },
  {
    "username": "hiiiiitom",
    "followingArtist": "Predawn_staff",
    "country_code": "JP",
    "country": "Japan"
  },
  {
    "username": "zerogow855",
    "followingArtist": "Predawn_staff",
    "country_code": "JP",
    "country": "Japan"
  },
  {
    "username": "orhami3",
    "followingArtist": "Predawn_staff",
    "country_code": "JP",
    "country": "Japan"
  },
  {
    "username": "723cm",
    "followingArtist": "Predawn_staff",
    "country_code": "JP",
    "country": "Japan"
  },
  {
    "username": "ni_ma1122",
    "followingArtist": "Predawn_staff",
    "country_code": "JP",
    "country": "Japan"
  },
  {
    "username": "atkkkkk",
    "followingArtist": "Predawn_staff",
    "country_code": "JP",
    "country": "Japan"
  },
  {
    "username": "kazuking92",
    "followingArtist": "Predawn_staff",
    "country_code": "JP",
    "country": "Japan"
  },
  {
    "username": "mharmukam",
    "followingArtist": "Predawn_staff",
    "country_code": "JP",
    "country": "Japan"
  },
  {
    "username": "do_re_mi_918",
    "followingArtist": "Predawn_staff",
    "country_code": "JP",
    "country": "Japan"
  },
  {
    "username": "miakinagai",
    "followingArtist": "Predawn_staff",
    "country_code": "JP",
    "country": "Japan"
  },
  {
    "username": "black_cat_fly",
    "followingArtist": "Predawn_staff",
    "country_code": "JP",
    "country": "Japan"
  },
  {
    "username": "EntwistleJr",
    "followingArtist": "Predawn_staff",
    "country_code": "JP",
    "country": "Japan"
  },
  {
    "username": "kura_shige",
    "followingArtist": "Predawn_staff",
    "country_code": "JP",
    "country": "Japan"
  },
  {
    "username": "Bction",
    "followingArtist": "Predawn_staff",
    "country_code": "PH",
    "country": "Philippines"
  },
  {
    "username": "_elul_",
    "followingArtist": "Predawn_staff",
    "country_code": "JP",
    "country": "Japan"
  },
  {
    "username": "FlowerAndWaltz",
    "followingArtist": "Predawn_staff",
    "country_code": "JP",
    "country": "Japan"
  },
  {
    "username": "Mantar0",
    "followingArtist": "Predawn_staff",
    "country_code": "JP",
    "country": "Japan"
  },
  {
    "username": "mitch_Lc",
    "followingArtist": "Predawn_staff",
    "country_code": "IT",
    "country": "Italy"
  },
  {
    "username": "ojii_chang",
    "followingArtist": "Predawn_staff",
    "country_code": "US",
    "country": "USA"
  },
  {
    "username": "djkingzstyle",
    "followingArtist": "Predawn_staff",
    "country_code": "US",
    "country": "USA"
  },
  {
    "username": "sepiapop",
    "followingArtist": "Predawn_staff",
    "country_code": "JP",
    "country": "Japan"
  },
  {
    "username": "kidddddddddddd",
    "followingArtist": "Predawn_staff",
    "country_code": "JP",
    "country": "Japan"
  },
  {
    "username": "lyumamama",
    "followingArtist": "Predawn_staff",
    "country_code": "JP",
    "country": "Japan"
  },
  {
    "username": "nishikaze_07",
    "followingArtist": "Predawn_staff",
    "country_code": "PH",
    "country": "Philippines"
  },
  {
    "username": "ailoverock",
    "followingArtist": "Predawn_staff",
    "country_code": "JP",
    "country": "Japan"
  },
  {
    "username": "izuizunezunezu",
    "followingArtist": "Predawn_staff",
    "country_code": "JP",
    "country": "Japan"
  },
  {
    "username": "kakikukk9",
    "followingArtist": "Predawn_staff",
    "country_code": "JP",
    "country": "Japan"
  },
  {
    "username": "yuina220",
    "followingArtist": "Predawn_staff",
    "country_code": "JP",
    "country": "Japan"
  },
  {
    "username": "sorane_sakana",
    "followingArtist": "Predawn_staff",
    "country_code": "JP",
    "country": "Japan"
  },
  {
    "username": "wataru_skgc",
    "followingArtist": "Predawn_staff",
    "country_code": "CA",
    "country": "Canada"
  },
  {
    "username": "sakenosayaka",
    "followingArtist": "Predawn_staff",
    "country_code": "GB",
    "country": "Northern Ireland"
  },
  {
    "username": "woody_stull",
    "followingArtist": "Predawn_staff",
    "country_code": "JP",
    "country": "Japan"
  },
  {
    "username": "_wakana1101",
    "followingArtist": "Predawn_staff",
    "country_code": "JP",
    "country": "Japan"
  },
  {
    "username": "723mon",
    "followingArtist": "Predawn_staff",
    "country_code": "JP",
    "country": "Japan"
  },
  {
    "username": "kaogonia",
    "followingArtist": "Predawn_staff",
    "country_code": "US",
    "country": "USA"
  },
  {
    "username": "CafeCacette3914",
    "followingArtist": "Predawn_staff",
    "country_code": "JP",
    "country": "Japan"
  },
  {
    "username": "makinco_o",
    "followingArtist": "Predawn_staff",
    "country_code": "JP",
    "country": "Japan"
  },
  {
    "username": "lalalalan_",
    "followingArtist": "Predawn_staff",
    "country_code": "JP",
    "country": "Japan"
  },
  {
    "username": "gradation0709",
    "followingArtist": "Predawn_staff",
    "country_code": "JP",
    "country": "Japan"
  },
  {
    "username": "freakingtime",
    "followingArtist": "Predawn_staff",
    "country_code": "JP",
    "country": "Japan"
  },
  {
    "username": "endore1230",
    "followingArtist": "Predawn_staff",
    "country_code": "JP",
    "country": "Japan"
  },
  {
    "username": "Kojiman_local",
    "followingArtist": "Predawn_staff",
    "country_code": "US",
    "country": "USA"
  },
  {
    "username": "yukamonchy",
    "followingArtist": "Predawn_staff",
    "country_code": "JP",
    "country": "Japan"
  },
  {
    "username": "nikkesan",
    "followingArtist": "Predawn_staff",
    "country_code": "JP",
    "country": "Japan"
  },
  {
    "username": "kasamaruuuu",
    "followingArtist": "Predawn_staff",
    "country_code": "JP",
    "country": "Japan"
  },
  {
    "username": "federico_6923",
    "followingArtist": "Predawn_staff",
    "country_code": "JP",
    "country": "Japan"
  },
  {
    "username": "siroyagi326",
    "followingArtist": "Predawn_staff",
    "country_code": "JP",
    "country": "Japan"
  },
  {
    "username": "nazaluser_akiwo",
    "followingArtist": "Predawn_staff",
    "country_code": "JP",
    "country": "Japan"
  },
  {
    "username": "gasin99",
    "followingArtist": "Predawn_staff",
    "country_code": "JP",
    "country": "Japan"
  },
  {
    "username": "higashi1004",
    "followingArtist": "Predawn_staff",
    "country_code": "TJ",
    "country": "Tajikistan"
  },
  {
    "username": "umiiiiiiiko",
    "followingArtist": "Predawn_staff",
    "country_code": "JP",
    "country": "Japan"
  },
  {
    "username": "HOKKEgayaketa",
    "followingArtist": "Predawn_staff",
    "country_code": "CA",
    "country": "Canada"
  },
  {
    "username": "_s_a_w_a_",
    "followingArtist": "Predawn_staff",
    "country_code": "JP",
    "country": "Japan"
  },
  {
    "username": "mu_mu_115",
    "followingArtist": "Predawn_staff",
    "country_code": "JP",
    "country": "Japan"
  },
  {
    "username": "zono_mii2",
    "followingArtist": "Predawn_staff",
    "country_code": "JP",
    "country": "Japan"
  },
  {
    "username": "babylion2010",
    "followingArtist": "Predawn_staff",
    "country_code": "JP",
    "country": "Japan"
  },
  {
    "username": "ymkmosa",
    "followingArtist": "Predawn_staff",
    "country_code": "JP",
    "country": "Japan"
  },
  {
    "username": "NINJA_JON",
    "followingArtist": "Predawn_staff",
    "country_code": "JP",
    "country": "Japan"
  },
  {
    "username": "tabachan375",
    "followingArtist": "Predawn_staff",
    "country_code": "FR",
    "country": "France"
  },
  {
    "username": "8peco4",
    "followingArtist": "Predawn_staff",
    "country_code": "JP",
    "country": "Japan"
  },
  {
    "username": "cmsaaaa",
    "followingArtist": "Predawn_staff",
    "country_code": "JP",
    "country": "Japan"
  },
  {
    "username": "hikaruminamo",
    "followingArtist": "Predawn_staff",
    "country_code": "JP",
    "country": "Japan"
  },
  {
    "username": "ktalow1207",
    "followingArtist": "Predawn_staff",
    "country_code": "GB",
    "country": "Northern Ireland"
  },
  {
    "username": "Arc_Rise",
    "followingArtist": "Predawn_staff",
    "country_code": "CN",
    "country": "China"
  },
  {
    "username": "sirone_s",
    "followingArtist": "Predawn_staff",
    "country_code": "JP",
    "country": "Japan"
  },
  {
    "username": "ykykykyk",
    "followingArtist": "Predawn_staff",
    "country_code": "JP",
    "country": "Japan"
  },
  {
    "username": "rrw6sv",
    "followingArtist": "Predawn_staff",
    "country_code": "JP",
    "country": "Japan"
  },
  {
    "username": "___se__",
    "followingArtist": "Predawn_staff",
    "country_code": "AU",
    "country": "Australia"
  },
  {
    "username": "Linnea1025",
    "followingArtist": "Predawn_staff",
    "country_code": "JP",
    "country": "Japan"
  },
  {
    "username": "maruko_3373",
    "followingArtist": "Predawn_staff",
    "country_code": "ZM",
    "country": "Zambia"
  },
  {
    "username": "anago2085",
    "followingArtist": "Predawn_staff",
    "country_code": "CA",
    "country": "Canada"
  },
  {
    "username": "M_Ta_",
    "followingArtist": "Predawn_staff",
    "country_code": "JP",
    "country": "Japan"
  },
  {
    "username": "Nolfi",
    "followingArtist": "Predawn_staff",
    "country_code": "JP",
    "country": "Japan"
  },
  {
    "username": "inukuma",
    "followingArtist": "Predawn_staff",
    "country_code": "JP",
    "country": "Japan"
  },
  {
    "username": "ayaaapyyy",
    "followingArtist": "Predawn_staff",
    "country_code": "JP",
    "country": "Japan"
  },
  {
    "username": "pericokinoko",
    "followingArtist": "Predawn_staff",
    "country_code": "JP",
    "country": "Japan"
  },
  {
    "username": "yui_335",
    "followingArtist": "Predawn_staff",
    "country_code": "JP",
    "country": "Japan"
  },
  {
    "username": "SynchroNagoya",
    "followingArtist": "Predawn_staff",
    "country_code": "GB",
    "country": "Northern Ireland"
  },
  {
    "username": "Chiiiiiiitos",
    "followingArtist": "Predawn_staff",
    "country_code": "JP",
    "country": "Japan"
  },
  {
    "username": "UNTAN0212",
    "followingArtist": "Predawn_staff",
    "country_code": "JP",
    "country": "Japan"
  },
  {
    "username": "shshesheep",
    "followingArtist": "Predawn_staff",
    "country_code": "JP",
    "country": "Japan"
  },
  {
    "username": "neco_yu",
    "followingArtist": "Predawn_staff",
    "country_code": "JP",
    "country": "Japan"
  },
  {
    "username": "NkbsHrs",
    "followingArtist": "Predawn_staff",
    "country_code": "JP",
    "country": "Japan"
  },
  {
    "username": "hutarinostory",
    "followingArtist": "Predawn_staff",
    "country_code": "JP",
    "country": "Japan"
  },
  {
    "username": "tweetlilly79",
    "followingArtist": "Predawn_staff",
    "country_code": "CH",
    "country": "Switzerland"
  },
  {
    "username": "yairi_kun",
    "followingArtist": "Predawn_staff",
    "country_code": "JP",
    "country": "Japan"
  },
  {
    "username": "ansyulssosjp",
    "followingArtist": "Predawn_staff",
    "country_code": "GB",
    "country": "Northern Ireland"
  },
  {
    "username": "jam302",
    "followingArtist": "Predawn_staff",
    "country_code": "JP",
    "country": "Japan"
  },
  {
    "username": "shimalco",
    "followingArtist": "Predawn_staff",
    "country_code": "JP",
    "country": "Japan"
  },
  {
    "username": "tyhts0829",
    "followingArtist": "Predawn_staff",
    "country_code": "SE",
    "country": "Sweden"
  },
  {
    "username": "suzupilow",
    "followingArtist": "Predawn_staff",
    "country_code": "JP",
    "country": "Japan"
  },
  {
    "username": "suicideofpops_",
    "followingArtist": "Predawn_staff",
    "country_code": "GB",
    "country": "Northern Ireland"
  },
  {
    "username": "haruwecky",
    "followingArtist": "Predawn_staff",
    "country_code": "JP",
    "country": "Japan"
  },
  {
    "username": "HoriHori_Horisa",
    "followingArtist": "Predawn_staff",
    "country_code": "JP",
    "country": "Japan"
  },
  {
    "username": "n_i_92",
    "followingArtist": "Predawn_staff",
    "country_code": "JP",
    "country": "Japan"
  },
  {
    "username": "mo18eeoee",
    "followingArtist": "Predawn_staff",
    "country_code": "JP",
    "country": "Japan"
  },
  {
    "username": "tgcstr",
    "followingArtist": "Predawn_staff",
    "country_code": "JP",
    "country": "Japan"
  },
  {
    "username": "qwbm",
    "followingArtist": "Predawn_staff",
    "country_code": "JP",
    "country": "Japan"
  },
  {
    "username": "heroicxspace",
    "followingArtist": "Predawn_staff",
    "country_code": "US",
    "country": "USA"
  },
  {
    "username": "muyuohk",
    "followingArtist": "Predawn_staff",
    "country_code": "JP",
    "country": "Japan"
  },
  {
    "username": "soundofcolors98",
    "followingArtist": "Predawn_staff",
    "country_code": "JP",
    "country": "Japan"
  },
  {
    "username": "awamok",
    "followingArtist": "Predawn_staff",
    "country_code": "JP",
    "country": "Japan"
  },
  {
    "username": "moriyamahatsuki",
    "followingArtist": "Predawn_staff",
    "country_code": "JP",
    "country": "Japan"
  },
  {
    "username": "s_gucchon",
    "followingArtist": "Predawn_staff",
    "country_code": "JP",
    "country": "Japan"
  },
  {
    "username": "Junya_M",
    "followingArtist": "Predawn_staff",
    "country_code": "JP",
    "country": "Japan"
  },
  {
    "username": "kikansya_toomas",
    "followingArtist": "Predawn_staff",
    "country_code": "BJ",
    "country": "Benin"
  },
  {
    "username": "Toriiimatsu",
    "followingArtist": "Predawn_staff",
    "country_code": "JP",
    "country": "Japan"
  },
  {
    "username": "bEnGoRiLLaz",
    "followingArtist": "Predawn_staff",
    "country_code": "JP",
    "country": "Japan"
  },
  {
    "username": "OSukachin",
    "followingArtist": "Predawn_staff",
    "country_code": "JP",
    "country": "Japan"
  },
  {
    "username": "cafe_Room",
    "followingArtist": "Predawn_staff",
    "country_code": "TK",
    "country": "Tokelau"
  },
  {
    "username": "youxiiiiiiiii",
    "followingArtist": "Predawn_staff",
    "country_code": "JP",
    "country": "Japan"
  },
  {
    "username": "00300",
    "followingArtist": "Predawn_staff",
    "country_code": "JP",
    "country": "Japan"
  },
  {
    "username": "taue916",
    "followingArtist": "Predawn_staff",
    "country_code": "JP",
    "country": "Japan"
  },
  {
    "username": "mike_sugino",
    "followingArtist": "Predawn_staff",
    "country_code": "JP",
    "country": "Japan"
  },
  {
    "username": "mariandy1214",
    "followingArtist": "Predawn_staff",
    "country_code": "JP",
    "country": "Japan"
  },
  {
    "username": "c_yab",
    "followingArtist": "Predawn_staff",
    "country_code": "JP",
    "country": "Japan"
  },
  {
    "username": "tomo19770218",
    "followingArtist": "Predawn_staff",
    "country_code": "JP",
    "country": "Japan"
  },
  {
    "username": "sho_chan_boy",
    "followingArtist": "Predawn_staff",
    "country_code": "JP",
    "country": "Japan"
  },
  {
    "username": "sagixiri",
    "followingArtist": "Predawn_staff",
    "country_code": "JP",
    "country": "Japan"
  },
  {
    "username": "emioapple",
    "followingArtist": "Predawn_staff",
    "country_code": "JP",
    "country": "Japan"
  },
  {
    "username": "leicainthebog",
    "followingArtist": "Predawn_staff",
    "country_code": "UG",
    "country": "Uganda"
  },
  {
    "username": "nike666666",
    "followingArtist": "Predawn_staff",
    "country_code": "JP",
    "country": "Japan"
  },
  {
    "username": "pickles307",
    "followingArtist": "Predawn_staff",
    "country_code": "JP",
    "country": "Japan"
  },
  {
    "username": "k1hb",
    "followingArtist": "Predawn_staff",
    "country_code": "GB",
    "country": "Northern Ireland"
  },
  {
    "username": "tomobea",
    "followingArtist": "Predawn_staff",
    "country_code": "JP",
    "country": "Japan"
  },
  {
    "username": "7strlght",
    "followingArtist": "Predawn_staff",
    "country_code": "JP",
    "country": "Japan"
  },
  {
    "username": "suimono",
    "followingArtist": "Predawn_staff",
    "country_code": "JP",
    "country": "Japan"
  },
  {
    "username": "lluviaderosa",
    "followingArtist": "Predawn_staff",
    "country_code": "JP",
    "country": "Japan"
  },
  {
    "username": "sleeping_moon79",
    "followingArtist": "Predawn_staff",
    "country_code": "FR",
    "country": "France"
  },
  {
    "username": "coronatwit",
    "followingArtist": "Predawn_staff",
    "country_code": "JP",
    "country": "Japan"
  },
  {
    "username": "nekomachinyaa",
    "followingArtist": "Predawn_staff",
    "country_code": "JP",
    "country": "Japan"
  },
  {
    "username": "ToTheEden",
    "followingArtist": "Predawn_staff",
    "country_code": "JP",
    "country": "Japan"
  },
  {
    "username": "Ho9to3",
    "followingArtist": "Predawn_staff",
    "country_code": "JP",
    "country": "Japan"
  },
  {
    "username": "dheeka11",
    "followingArtist": "Predawn_staff",
    "country_code": "JP",
    "country": "Japan"
  },
  {
    "username": "fc_diablo",
    "followingArtist": "Predawn_staff",
    "country_code": "JP",
    "country": "Japan"
  },
  {
    "username": "pharmacy18",
    "followingArtist": "Predawn_staff",
    "country_code": "JP",
    "country": "Japan"
  },
  {
    "username": "Rebel_Tsuboi",
    "followingArtist": "Predawn_staff",
    "country_code": "US",
    "country": "USA"
  },
  {
    "username": "akemameka",
    "followingArtist": "Predawn_staff",
    "country_code": "JP",
    "country": "Japan"
  },
  {
    "username": "obscurepoets",
    "followingArtist": "Predawn_staff",
    "country_code": "JP",
    "country": "Japan"
  },
  {
    "username": "Clara315",
    "followingArtist": "Predawn_staff",
    "country_code": "JP",
    "country": "Japan"
  },
  {
    "username": "margaret_hare",
    "followingArtist": "Predawn_staff",
    "country_code": "JP",
    "country": "Japan"
  },
  {
    "username": "tuutikii",
    "followingArtist": "Predawn_staff",
    "country_code": "JP",
    "country": "Japan"
  },
  {
    "username": "idyllic1970",
    "followingArtist": "Predawn_staff",
    "country_code": "JP",
    "country": "Japan"
  },
  {
    "username": "scall9",
    "followingArtist": "Predawn_staff",
    "country_code": "JP",
    "country": "Japan"
  },
  {
    "username": "covvvvvvv",
    "followingArtist": "Predawn_staff",
    "country_code": "JP",
    "country": "Japan"
  },
  {
    "username": "nino_suke",
    "followingArtist": "Predawn_staff",
    "country_code": "JP",
    "country": "Japan"
  },
  {
    "username": "u1_i",
    "followingArtist": "Predawn_staff",
    "country_code": "FR",
    "country": "France"
  },
  {
    "username": "kallitter",
    "followingArtist": "Predawn_staff",
    "country_code": "JP",
    "country": "Japan"
  },
  {
    "username": "tmksk8",
    "followingArtist": "Predawn_staff",
    "country_code": "JP",
    "country": "Japan"
  },
  {
    "username": "NMxTKH6",
    "followingArtist": "Predawn_staff",
    "country_code": "JP",
    "country": "Japan"
  },
  {
    "username": "oka__y",
    "followingArtist": "Predawn_staff",
    "country_code": "JP",
    "country": "Japan"
  },
  {
    "username": "eyl33mary",
    "followingArtist": "Predawn_staff",
    "country_code": "JP",
    "country": "Japan"
  },
  {
    "username": "clammmurobon",
    "followingArtist": "Predawn_staff",
    "country_code": "JP",
    "country": "Japan"
  },
  {
    "username": "MUKUSP",
    "followingArtist": "Predawn_staff",
    "country_code": "JP",
    "country": "Japan"
  },
  {
    "username": "mayu__cocoon",
    "followingArtist": "Predawn_staff",
    "country_code": "JP",
    "country": "Japan"
  },
  {
    "username": "hajikko_note",
    "followingArtist": "Predawn_staff",
    "country_code": "DE",
    "country": "Germany"
  },
  {
    "username": "takaori69",
    "followingArtist": "Predawn_staff",
    "country_code": "JP",
    "country": "Japan"
  },
  {
    "username": "u4h2o",
    "followingArtist": "Predawn_staff",
    "country_code": "JP",
    "country": "Japan"
  },
  {
    "username": "atelierh206",
    "followingArtist": "Predawn_staff",
    "country_code": "JP",
    "country": "Japan"
  },
  {
    "username": "edao75",
    "followingArtist": "Predawn_staff",
    "country_code": "JP",
    "country": "Japan"
  },
  {
    "username": "kopumiso",
    "followingArtist": "Predawn_staff",
    "country_code": "JP",
    "country": "Japan"
  },
  {
    "username": "abcding",
    "followingArtist": "Predawn_staff",
    "country_code": "JP",
    "country": "Japan"
  },
  {
    "username": "nabekoh0609",
    "followingArtist": "Predawn_staff",
    "country_code": "JP",
    "country": "Japan"
  },
  {
    "username": "junc000",
    "followingArtist": "Predawn_staff",
    "country_code": "JP",
    "country": "Japan"
  },
  {
    "username": "Kater_MT",
    "followingArtist": "Predawn_staff",
    "country_code": "JP",
    "country": "Japan"
  },
  {
    "username": "m_o_c_c_h_i_Ra_",
    "followingArtist": "Predawn_staff",
    "country_code": "GB",
    "country": "Northern Ireland"
  },
  {
    "username": "gou121",
    "followingArtist": "Predawn_staff",
    "country_code": "JP",
    "country": "Japan"
  },
  {
    "username": "yoshtomo",
    "followingArtist": "Predawn_staff",
    "country_code": "JP",
    "country": "Japan"
  },
  {
    "username": "shena_nina",
    "followingArtist": "Predawn_staff",
    "country_code": "JP",
    "country": "Japan"
  },
  {
    "username": "wattan_calimero",
    "followingArtist": "Predawn_staff",
    "country_code": "JP",
    "country": "Japan"
  },
  {
    "username": "yuisatoarc",
    "followingArtist": "Predawn_staff",
    "country_code": "JP",
    "country": "Japan"
  },
  {
    "username": "curry_gentleman",
    "followingArtist": "Predawn_staff",
    "country_code": "JP",
    "country": "Japan"
  },
  {
    "username": "warrenyoshinori",
    "followingArtist": "Predawn_staff",
    "country_code": "JP",
    "country": "Japan"
  },
  {
    "username": "nico_ha_naku",
    "followingArtist": "Predawn_staff",
    "country_code": "JP",
    "country": "Japan"
  },
  {
    "username": "rereireire",
    "followingArtist": "Predawn_staff",
    "country_code": "JP",
    "country": "Japan"
  },
  {
    "username": "colorofletter",
    "followingArtist": "Predawn_staff",
    "country_code": "JP",
    "country": "Japan"
  },
  {
    "username": "369_subrock",
    "followingArtist": "Predawn_staff",
    "country_code": "JP",
    "country": "Japan"
  },
  {
    "username": "Nobu_Hige",
    "followingArtist": "Predawn_staff",
    "country_code": "JP",
    "country": "Japan"
  },
  {
    "username": "MickyPowell",
    "followingArtist": "Predawn_staff",
    "country_code": "JP",
    "country": "Japan"
  },
  {
    "username": "yuya3i",
    "followingArtist": "Predawn_staff",
    "country_code": "JP",
    "country": "Japan"
  },
  {
    "username": "kentani11tf",
    "followingArtist": "Predawn_staff",
    "country_code": "JP",
    "country": "Japan"
  },
  {
    "username": "kokoroBRGR",
    "followingArtist": "Predawn_staff",
    "country_code": "US",
    "country": "USA"
  },
  {
    "username": "sasasshole",
    "followingArtist": "Predawn_staff",
    "country_code": "JP",
    "country": "Japan"
  },
  {
    "username": "hinajinnetwork",
    "followingArtist": "Predawn_staff",
    "country_code": "DE",
    "country": "Germany"
  },
  {
    "username": "ryuichisky",
    "followingArtist": "Predawn_staff",
    "country_code": "IN",
    "country": "India"
  },
  {
    "username": "avosalmon",
    "followingArtist": "Predawn_staff",
    "country_code": "JP",
    "country": "Japan"
  },
  {
    "username": "kanaodayoo",
    "followingArtist": "Predawn_staff",
    "country_code": "JP",
    "country": "Japan"
  },
  {
    "username": "bunkawave",
    "followingArtist": "Predawn_staff",
    "country_code": "CO",
    "country": "Colombia"
  },
  {
    "username": "pencils_office",
    "followingArtist": "Predawn_staff",
    "country_code": "JP",
    "country": "Japan"
  },
  {
    "username": "tamehiro",
    "followingArtist": "Predawn_staff",
    "country_code": "JP",
    "country": "Japan"
  },
  {
    "username": "ChuheiKubo",
    "followingArtist": "Predawn_staff",
    "country_code": "JP",
    "country": "Japan"
  },
  {
    "username": "yuki__kita",
    "followingArtist": "Predawn_staff",
    "country_code": "JP",
    "country": "Japan"
  },
  {
    "username": "u_zak_",
    "followingArtist": "Predawn_staff",
    "country_code": "JP",
    "country": "Japan"
  },
  {
    "username": "sassy_baby_go",
    "followingArtist": "Predawn_staff",
    "country_code": "JP",
    "country": "Japan"
  },
  {
    "username": "eddie0u",
    "followingArtist": "Predawn_staff",
    "country_code": "BG",
    "country": "Bulgaria"
  },
  {
    "username": "the_sekai",
    "followingArtist": "Predawn_staff",
    "country_code": "JP",
    "country": "Japan"
  },
  {
    "username": "uruo_life",
    "followingArtist": "Predawn_staff",
    "country_code": "JP",
    "country": "Japan"
  },
  {
    "username": "ti72",
    "followingArtist": "Predawn_staff",
    "country_code": "JP",
    "country": "Japan"
  },
  {
    "username": "beatl00se",
    "followingArtist": "Predawn_staff",
    "country_code": "JP",
    "country": "Japan"
  },
  {
    "username": "doremifaeiga",
    "followingArtist": "Predawn_staff",
    "country_code": "JP",
    "country": "Japan"
  },
  {
    "username": "SHO0RING",
    "followingArtist": "Predawn_staff",
    "country_code": "JP",
    "country": "Japan"
  },
  {
    "username": "tomo_yorke",
    "followingArtist": "Predawn_staff",
    "country_code": "IE",
    "country": "Ireland"
  },
  {
    "username": "Mary5Round",
    "followingArtist": "Predawn_staff",
    "country_code": "JP",
    "country": "Japan"
  },
  {
    "username": "ironoAO",
    "followingArtist": "Predawn_staff",
    "country_code": "JP",
    "country": "Japan"
  },
  {
    "username": "MusicalSnoopy",
    "followingArtist": "Predawn_staff",
    "country_code": "KR",
    "country": "South Korea"
  },
  {
    "username": "harada_03",
    "followingArtist": "Predawn_staff",
    "country_code": "JP",
    "country": "Japan"
  },
  {
    "username": "anemone_39",
    "followingArtist": "Predawn_staff",
    "country_code": "JP",
    "country": "Japan"
  },
  {
    "username": "r_o_r_o_r_o_r_o",
    "followingArtist": "Predawn_staff",
    "country_code": "GB",
    "country": "Northern Ireland"
  },
  {
    "username": "Millybee82",
    "followingArtist": "Predawn_staff",
    "country_code": "HK",
    "country": "Hong Kong"
  },
  {
    "username": "159265",
    "followingArtist": "Predawn_staff",
    "country_code": "JP",
    "country": "Japan"
  },
  {
    "username": "noe_is_calling",
    "followingArtist": "Predawn_staff",
    "country_code": "JP",
    "country": "Japan"
  },
  {
    "username": "buttidog",
    "followingArtist": "Predawn_staff",
    "country_code": "JP",
    "country": "Japan"
  },
  {
    "username": "fxdxtxl",
    "followingArtist": "Predawn_staff",
    "country_code": "JP",
    "country": "Japan"
  },
  {
    "username": "salud0218",
    "followingArtist": "Predawn_staff",
    "country_code": "JP",
    "country": "Japan"
  },
  {
    "username": "sueshun16",
    "followingArtist": "Predawn_staff",
    "country_code": "JP",
    "country": "Japan"
  },
  {
    "username": "shumitt7l7",
    "followingArtist": "Predawn_staff",
    "country_code": "ES",
    "country": "Spain"
  },
  {
    "username": "fool_me_cat",
    "followingArtist": "Predawn_staff",
    "country_code": "JP",
    "country": "Japan"
  },
  {
    "username": "Flysoundd",
    "followingArtist": "Predawn_staff",
    "country_code": "JP",
    "country": "Japan"
  },
  {
    "username": "n1985asai",
    "followingArtist": "Predawn_staff",
    "country_code": "JP",
    "country": "Japan"
  },
  {
    "username": "hayatrane",
    "followingArtist": "Predawn_staff",
    "country_code": "JP",
    "country": "Japan"
  },
  {
    "username": "pico_yagi",
    "followingArtist": "Predawn_staff",
    "country_code": "JP",
    "country": "Japan"
  },
  {
    "username": "SMIDISK",
    "followingArtist": "Predawn_staff",
    "country_code": "JP",
    "country": "Japan"
  },
  {
    "username": "m_u_g_i",
    "followingArtist": "Predawn_staff",
    "country_code": "JP",
    "country": "Japan"
  },
  {
    "username": "tiagogo7188",
    "followingArtist": "Predawn_staff",
    "country_code": "BR",
    "country": "Brazil"
  },
  {
    "username": "nikeya_s",
    "followingArtist": "Predawn_staff",
    "country_code": "JP",
    "country": "Japan"
  },
  {
    "username": "Yutaroeatrice",
    "followingArtist": "Predawn_staff",
    "country_code": "JP",
    "country": "Japan"
  },
  {
    "username": "ohirune_ohisama",
    "followingArtist": "Predawn_staff",
    "country_code": "JP",
    "country": "Japan"
  },
  {
    "username": "u_tan55",
    "followingArtist": "Predawn_staff",
    "country_code": "JP",
    "country": "Japan"
  },
  {
    "username": "qiraffe",
    "followingArtist": "Predawn_staff",
    "country_code": "JP",
    "country": "Japan"
  },
  {
    "username": "a2c1976",
    "followingArtist": "Predawn_staff",
    "country_code": "JP",
    "country": "Japan"
  },
  {
    "username": "momomoidi",
    "followingArtist": "Predawn_staff",
    "country_code": "JP",
    "country": "Japan"
  },
  {
    "username": "_weirdfishes_",
    "followingArtist": "Predawn_staff",
    "country_code": "PS",
    "country": "Palestinian Territory"
  },
  {
    "username": "junisuke",
    "followingArtist": "Predawn_staff",
    "country_code": "JP",
    "country": "Japan"
  },
  {
    "username": "karinkariko",
    "followingArtist": "Predawn_staff",
    "country_code": "IE",
    "country": "Ireland"
  },
  {
    "username": "harpy_1203",
    "followingArtist": "Predawn_staff",
    "country_code": "JP",
    "country": "Japan"
  },
  {
    "username": "andys_room",
    "followingArtist": "Predawn_staff",
    "country_code": "JP",
    "country": "Japan"
  },
  {
    "username": "michiponpon",
    "followingArtist": "Predawn_staff",
    "country_code": "JP",
    "country": "Japan"
  },
  {
    "username": "YxUxIx",
    "followingArtist": "Predawn_staff",
    "country_code": "JP",
    "country": "Japan"
  },
  {
    "username": "adzu014kanaco",
    "followingArtist": "Predawn_staff",
    "country_code": "JP",
    "country": "Japan"
  },
  {
    "username": "marblecrunch_",
    "followingArtist": "Predawn_staff",
    "country_code": "JP",
    "country": "Japan"
  },
  {
    "username": "toshi_iro",
    "followingArtist": "Predawn_staff",
    "country_code": "JP",
    "country": "Japan"
  },
  {
    "username": "momoups",
    "followingArtist": "Predawn_staff",
    "country_code": "JP",
    "country": "Japan"
  },
  {
    "username": "erisanon",
    "followingArtist": "Predawn_staff",
    "country_code": "JP",
    "country": "Japan"
  },
  {
    "username": "kei4046",
    "followingArtist": "Predawn_staff",
    "country_code": "JP",
    "country": "Japan"
  },
  {
    "username": "Jun_DA_You",
    "followingArtist": "Predawn_staff",
    "country_code": "JP",
    "country": "Japan"
  },
  {
    "username": "shunt_",
    "followingArtist": "Predawn_staff",
    "country_code": "JP",
    "country": "Japan"
  },
  {
    "username": "i_kinoco",
    "followingArtist": "Predawn_staff",
    "country_code": "KR",
    "country": "South Korea"
  },
  {
    "username": "takeshiwarren",
    "followingArtist": "Predawn_staff",
    "country_code": "JP",
    "country": "Japan"
  },
  {
    "username": "shunset",
    "followingArtist": "Predawn_staff",
    "country_code": "JP",
    "country": "Japan"
  },
  {
    "username": "pray163",
    "followingArtist": "Predawn_staff",
    "country_code": "JP",
    "country": "Japan"
  },
  {
    "username": "tommyapril",
    "followingArtist": "Predawn_staff",
    "country_code": "JP",
    "country": "Japan"
  },
  {
    "username": "makkinopo",
    "followingArtist": "Predawn_staff",
    "country_code": "US",
    "country": "USA"
  },
  {
    "username": "secondroyal",
    "followingArtist": "Predawn_staff",
    "country_code": "JP",
    "country": "Japan"
  },
  {
    "username": "churudeti",
    "followingArtist": "Predawn_staff",
    "country_code": "JP",
    "country": "Japan"
  },
  {
    "username": "pensee_",
    "followingArtist": "Predawn_staff",
    "country_code": "JP",
    "country": "Japan"
  },
  {
    "username": "_4g",
    "followingArtist": "Predawn_staff",
    "country_code": "JP",
    "country": "Japan"
  },
  {
    "username": "kokke_kmj",
    "followingArtist": "Predawn_staff",
    "country_code": "JP",
    "country": "Japan"
  },
  {
    "username": "andeq",
    "followingArtist": "Predawn_staff",
    "country_code": "JP",
    "country": "Japan"
  },
  {
    "username": "usmiechzeb",
    "followingArtist": "Predawn_staff",
    "country_code": "JP",
    "country": "Japan"
  },
  {
    "username": "EIKISM",
    "followingArtist": "Predawn_staff",
    "country_code": "JP",
    "country": "Japan"
  },
  {
    "username": "uaurpm",
    "followingArtist": "Predawn_staff",
    "country_code": "JP",
    "country": "Japan"
  },
  {
    "username": "mnappa",
    "followingArtist": "Predawn_staff",
    "country_code": "JP",
    "country": "Japan"
  },
  {
    "username": "as2943",
    "followingArtist": "Predawn_staff",
    "country_code": "JP",
    "country": "Japan"
  },
  {
    "username": "SGMiX",
    "followingArtist": "Predawn_staff",
    "country_code": "JP",
    "country": "Japan"
  },
  {
    "username": "tmy325",
    "followingArtist": "Predawn_staff",
    "country_code": "JP",
    "country": "Japan"
  },
  {
    "username": "41myg",
    "followingArtist": "Predawn_staff",
    "country_code": "JP",
    "country": "Japan"
  },
  {
    "username": "makki_k",
    "followingArtist": "Predawn_staff",
    "country_code": "NG",
    "country": "Nigeria"
  },
  {
    "username": "tsuzurasan",
    "followingArtist": "Predawn_staff",
    "country_code": "JP",
    "country": "Japan"
  },
  {
    "username": "babylon_211",
    "followingArtist": "Predawn_staff",
    "country_code": "JP",
    "country": "Japan"
  },
  {
    "username": "raycocci",
    "followingArtist": "Predawn_staff",
    "country_code": "JP",
    "country": "Japan"
  },
  {
    "username": "merciiixxx",
    "followingArtist": "Predawn_staff",
    "country_code": "JP",
    "country": "Japan"
  },
  {
    "username": "animalkingz",
    "followingArtist": "Predawn_staff",
    "country_code": "JP",
    "country": "Japan"
  },
  {
    "username": "yuRu_uBu",
    "followingArtist": "Predawn_staff",
    "country_code": "US",
    "country": "USA"
  },
  {
    "username": "tkr__sh",
    "followingArtist": "Predawn_staff",
    "country_code": "JP",
    "country": "Japan"
  },
  {
    "username": "sox_minel",
    "followingArtist": "Predawn_staff",
    "country_code": "JP",
    "country": "Japan"
  },
  {
    "username": "chikasunnyside",
    "followingArtist": "Predawn_staff",
    "country_code": "PG",
    "country": "Papua New Guinea"
  },
  {
    "username": "rychtnk",
    "followingArtist": "Predawn_staff",
    "country_code": "TK",
    "country": "Tokelau"
  },
  {
    "username": "arc_music",
    "followingArtist": "Predawn_staff",
    "country_code": "JP",
    "country": "Japan"
  },
  {
    "username": "guinpenringqui",
    "followingArtist": "Predawn_staff",
    "country_code": "US",
    "country": "USA"
  },
  {
    "username": "kankan1022",
    "followingArtist": "Predawn_staff",
    "country_code": "JP",
    "country": "Japan"
  },
  {
    "username": "tokuigenakawo",
    "followingArtist": "Predawn_staff",
    "country_code": "PE",
    "country": "Peru"
  },
  {
    "username": "hamming_s",
    "followingArtist": "Predawn_staff",
    "country_code": "JP",
    "country": "Japan"
  },
  {
    "username": "kinoshita_riki",
    "followingArtist": "Predawn_staff",
    "country_code": "JP",
    "country": "Japan"
  }
]