[
  {
    "username": "God8888888",
    "followingArtist": "SHOGO\uff08175R\uff09",
    "country_code": "JP",
    "country": "Japan"
  },
  {
    "username": "177_simple",
    "followingArtist": "SHOGO\uff08175R\uff09",
    "country_code": "JP",
    "country": "Japan"
  },
  {
    "username": "CID_Shadowfox13",
    "followingArtist": "SHOGO\uff08175R\uff09",
    "country_code": "California City Blvd",
    "country": "California City Blvd"
  },
  {
    "username": "carouselofmusic",
    "followingArtist": "SHOGO\uff08175R\uff09",
    "country_code": "US",
    "country": "United States"
  },
  {
    "username": "pinky_0323",
    "followingArtist": "SHOGO\uff08175R\uff09",
    "country_code": "JP",
    "country": "Japan"
  },
  {
    "username": "nyanchuo3",
    "followingArtist": "SHOGO\uff08175R\uff09",
    "country_code": "US",
    "country": "United States"
  },
  {
    "username": "ma_mo_196",
    "followingArtist": "SHOGO\uff08175R\uff09",
    "country_code": "JP",
    "country": "Japan"
  },
  {
    "username": "takuromiyazato",
    "followingArtist": "SHOGO\uff08175R\uff09",
    "country_code": "JP",
    "country": "Japan"
  },
  {
    "username": "chiha_151cm",
    "followingArtist": "SHOGO\uff08175R\uff09",
    "country_code": "JP",
    "country": "Japan"
  },
  {
    "username": "chihiro_96",
    "followingArtist": "SHOGO\uff08175R\uff09",
    "country_code": "JP",
    "country": "Japan"
  },
  {
    "username": "Konyfeb",
    "followingArtist": "SHOGO\uff08175R\uff09",
    "country_code": "JP",
    "country": "Japan"
  },
  {
    "username": "Anjela_garden",
    "followingArtist": "SHOGO\uff08175R\uff09",
    "country_code": "JP",
    "country": "Japan"
  },
  {
    "username": "smirfyface",
    "followingArtist": "SHOGO\uff08175R\uff09",
    "country_code": "BJ",
    "country": "Benin"
  },
  {
    "username": "omelas_tae",
    "followingArtist": "SHOGO\uff08175R\uff09",
    "country_code": "US",
    "country": "United States"
  },
  {
    "username": "vf0715",
    "followingArtist": "SHOGO\uff08175R\uff09",
    "country_code": "TW",
    "country": "Taiwan"
  },
  {
    "username": "manaminzemi",
    "followingArtist": "SHOGO\uff08175R\uff09",
    "country_code": "JP",
    "country": "Japan"
  },
  {
    "username": "lunaphoo1",
    "followingArtist": "SHOGO\uff08175R\uff09",
    "country_code": "JP",
    "country": "Japan"
  },
  {
    "username": "sakaguchianri",
    "followingArtist": "SHOGO\uff08175R\uff09",
    "country_code": "JP",
    "country": "Japan"
  },
  {
    "username": "snow247cymbals",
    "followingArtist": "SHOGO\uff08175R\uff09",
    "country_code": "UG",
    "country": "Uganda"
  },
  {
    "username": "Sixx0915",
    "followingArtist": "SHOGO\uff08175R\uff09",
    "country_code": "NG",
    "country": "Nigeria"
  },
  {
    "username": "K3285K",
    "followingArtist": "SHOGO\uff08175R\uff09",
    "country_code": "JP",
    "country": "Japan"
  },
  {
    "username": "chiruha_u",
    "followingArtist": "SHOGO\uff08175R\uff09",
    "country_code": "JP",
    "country": "Japan"
  },
  {
    "username": "nbntv_tv",
    "followingArtist": "SHOGO\uff08175R\uff09",
    "country_code": "KR",
    "country": "South Korea"
  },
  {
    "username": "62smirnoff",
    "followingArtist": "SHOGO\uff08175R\uff09",
    "country_code": "JP",
    "country": "Japan"
  },
  {
    "username": "ayabeasuka",
    "followingArtist": "SHOGO\uff08175R\uff09",
    "country_code": "US",
    "country": "United States"
  },
  {
    "username": "takajousan",
    "followingArtist": "SHOGO\uff08175R\uff09",
    "country_code": "JP",
    "country": "Japan"
  },
  {
    "username": "red_mayfair",
    "followingArtist": "SHOGO\uff08175R\uff09",
    "country_code": "MA",
    "country": "Morocco"
  },
  {
    "username": "oct3tomoco",
    "followingArtist": "SHOGO\uff08175R\uff09",
    "country_code": "JP",
    "country": "Japan"
  },
  {
    "username": "CAKC_26",
    "followingArtist": "SHOGO\uff08175R\uff09",
    "country_code": "JP",
    "country": "Japan"
  },
  {
    "username": "PLUSONEWEST",
    "followingArtist": "SHOGO\uff08175R\uff09",
    "country_code": "TK",
    "country": "Tokelau"
  },
  {
    "username": "MASAKI_TAINAKA",
    "followingArtist": "SHOGO\uff08175R\uff09",
    "country_code": "JP",
    "country": "Japan"
  },
  {
    "username": "manam1xxx",
    "followingArtist": "SHOGO\uff08175R\uff09",
    "country_code": "RO",
    "country": "Romania"
  },
  {
    "username": "akashicllc",
    "followingArtist": "SHOGO\uff08175R\uff09",
    "country_code": "JP",
    "country": "Japan"
  },
  {
    "username": "Pri2Ss",
    "followingArtist": "SHOGO\uff08175R\uff09",
    "country_code": "JP",
    "country": "Japan"
  },
  {
    "username": "to8m3ochin",
    "followingArtist": "SHOGO\uff08175R\uff09",
    "country_code": "MR",
    "country": "Mauritania"
  },
  {
    "username": "biggun7dai",
    "followingArtist": "SHOGO\uff08175R\uff09",
    "country_code": "GB",
    "country": "Wales"
  },
  {
    "username": "K__Sin",
    "followingArtist": "SHOGO\uff08175R\uff09",
    "country_code": "JP",
    "country": "Japan"
  },
  {
    "username": "ichihoffer",
    "followingArtist": "SHOGO\uff08175R\uff09",
    "country_code": "CL",
    "country": "Chile"
  },
  {
    "username": "chili_tsumo",
    "followingArtist": "SHOGO\uff08175R\uff09",
    "country_code": "JP",
    "country": "Japan"
  },
  {
    "username": "pooo3579",
    "followingArtist": "SHOGO\uff08175R\uff09",
    "country_code": "JP",
    "country": "Japan"
  },
  {
    "username": "ppprk_629",
    "followingArtist": "SHOGO\uff08175R\uff09",
    "country_code": "JP",
    "country": "Japan"
  },
  {
    "username": "id_ea1ae_r",
    "followingArtist": "SHOGO\uff08175R\uff09",
    "country_code": "JP",
    "country": "Japan"
  },
  {
    "username": "heee_chan",
    "followingArtist": "SHOGO\uff08175R\uff09",
    "country_code": "JP",
    "country": "Japan"
  },
  {
    "username": "pirosiki8359",
    "followingArtist": "SHOGO\uff08175R\uff09",
    "country_code": "JP",
    "country": "Japan"
  },
  {
    "username": "uw8com",
    "followingArtist": "SHOGO\uff08175R\uff09",
    "country_code": "GB",
    "country": "Wales"
  },
  {
    "username": "happymanJr",
    "followingArtist": "SHOGO\uff08175R\uff09",
    "country_code": "US",
    "country": "United States"
  },
  {
    "username": "kindletabb7",
    "followingArtist": "SHOGO\uff08175R\uff09",
    "country_code": "US",
    "country": "United States"
  },
  {
    "username": "machitukuri",
    "followingArtist": "SHOGO\uff08175R\uff09",
    "country_code": "JP",
    "country": "Japan"
  },
  {
    "username": "yb897",
    "followingArtist": "SHOGO\uff08175R\uff09",
    "country_code": "JP",
    "country": "Japan"
  },
  {
    "username": "Friendsonchung",
    "followingArtist": "SHOGO\uff08175R\uff09",
    "country_code": "DK",
    "country": "Denmark"
  },
  {
    "username": "ichi_0220",
    "followingArtist": "SHOGO\uff08175R\uff09",
    "country_code": "JP",
    "country": "Japan"
  },
  {
    "username": "yoko__spancle",
    "followingArtist": "SHOGO\uff08175R\uff09",
    "country_code": "JP",
    "country": "Japan"
  },
  {
    "username": "1021yYuki",
    "followingArtist": "SHOGO\uff08175R\uff09",
    "country_code": "JP",
    "country": "Japan"
  },
  {
    "username": "NaNa78609121",
    "followingArtist": "SHOGO\uff08175R\uff09",
    "country_code": "JP",
    "country": "Japan"
  },
  {
    "username": "23uw_14",
    "followingArtist": "SHOGO\uff08175R\uff09",
    "country_code": "GB",
    "country": "Wales"
  },
  {
    "username": "akiko_33",
    "followingArtist": "SHOGO\uff08175R\uff09",
    "country_code": "JP",
    "country": "Japan"
  },
  {
    "username": "miamia0612",
    "followingArtist": "SHOGO\uff08175R\uff09",
    "country_code": "TW",
    "country": "Taiwan"
  },
  {
    "username": "yk_0146",
    "followingArtist": "SHOGO\uff08175R\uff09",
    "country_code": "JP",
    "country": "Japan"
  },
  {
    "username": "rssinya",
    "followingArtist": "SHOGO\uff08175R\uff09",
    "country_code": "JP",
    "country": "Japan"
  },
  {
    "username": "take4013_harin",
    "followingArtist": "SHOGO\uff08175R\uff09",
    "country_code": "JP",
    "country": "Japan"
  },
  {
    "username": "info75650378",
    "followingArtist": "SHOGO\uff08175R\uff09",
    "country_code": "TK",
    "country": "Tokelau"
  },
  {
    "username": "Ryujiro13bzk",
    "followingArtist": "SHOGO\uff08175R\uff09",
    "country_code": "JP",
    "country": "Japan"
  },
  {
    "username": "ramen_emoto",
    "followingArtist": "SHOGO\uff08175R\uff09",
    "country_code": "UG",
    "country": "Uganda"
  },
  {
    "username": "hrmi0714",
    "followingArtist": "SHOGO\uff08175R\uff09",
    "country_code": "JP",
    "country": "Japan"
  },
  {
    "username": "rhts2921",
    "followingArtist": "SHOGO\uff08175R\uff09",
    "country_code": "JP",
    "country": "Japan"
  },
  {
    "username": "v3152",
    "followingArtist": "SHOGO\uff08175R\uff09",
    "country_code": "JP",
    "country": "Japan"
  },
  {
    "username": "uwmu7",
    "followingArtist": "SHOGO\uff08175R\uff09",
    "country_code": "GB",
    "country": "Wales"
  },
  {
    "username": "ttgctkk",
    "followingArtist": "SHOGO\uff08175R\uff09",
    "country_code": "JP",
    "country": "Japan"
  },
  {
    "username": "ace_infinity8uw",
    "followingArtist": "SHOGO\uff08175R\uff09",
    "country_code": "JP",
    "country": "Japan"
  },
  {
    "username": "ELymchris",
    "followingArtist": "SHOGO\uff08175R\uff09",
    "country_code": "JP",
    "country": "Japan"
  },
  {
    "username": "reikoman",
    "followingArtist": "SHOGO\uff08175R\uff09",
    "country_code": "JP",
    "country": "Japan"
  },
  {
    "username": "12ayaka23",
    "followingArtist": "SHOGO\uff08175R\uff09",
    "country_code": "ES",
    "country": "Spain"
  },
  {
    "username": "maya93k",
    "followingArtist": "SHOGO\uff08175R\uff09",
    "country_code": "JP",
    "country": "Japan"
  },
  {
    "username": "tatsusaid",
    "followingArtist": "SHOGO\uff08175R\uff09",
    "country_code": "TL",
    "country": "TL"
  },
  {
    "username": "torikuru0320",
    "followingArtist": "SHOGO\uff08175R\uff09",
    "country_code": "GB",
    "country": "Wales"
  },
  {
    "username": "tokomokotoko",
    "followingArtist": "SHOGO\uff08175R\uff09",
    "country_code": "JP",
    "country": "Japan"
  },
  {
    "username": "ShinichiOkamot3",
    "followingArtist": "SHOGO\uff08175R\uff09",
    "country_code": "JP",
    "country": "Japan"
  },
  {
    "username": "megxza3",
    "followingArtist": "SHOGO\uff08175R\uff09",
    "country_code": "PR",
    "country": "Puerto Rico"
  },
  {
    "username": "Eddis1122",
    "followingArtist": "SHOGO\uff08175R\uff09",
    "country_code": "JP",
    "country": "Japan"
  },
  {
    "username": "1106Kori",
    "followingArtist": "SHOGO\uff08175R\uff09",
    "country_code": "JP",
    "country": "Japan"
  },
  {
    "username": "Khakuno1",
    "followingArtist": "SHOGO\uff08175R\uff09",
    "country_code": "JP",
    "country": "Japan"
  },
  {
    "username": "tanitashota",
    "followingArtist": "SHOGO\uff08175R\uff09",
    "country_code": "JP",
    "country": "Japan"
  },
  {
    "username": "Vivijannemomoka",
    "followingArtist": "SHOGO\uff08175R\uff09",
    "country_code": "JP",
    "country": "Japan"
  },
  {
    "username": "19501227",
    "followingArtist": "SHOGO\uff08175R\uff09",
    "country_code": "JP",
    "country": "Japan"
  },
  {
    "username": "happyset57",
    "followingArtist": "SHOGO\uff08175R\uff09",
    "country_code": "JP",
    "country": "Japan"
  },
  {
    "username": "GraviityFalls",
    "followingArtist": "SHOGO\uff08175R\uff09",
    "country_code": "BR",
    "country": "Brazil"
  },
  {
    "username": "WAZACREW",
    "followingArtist": "SHOGO\uff08175R\uff09",
    "country_code": "JP",
    "country": "Japan"
  },
  {
    "username": "ryu3797",
    "followingArtist": "SHOGO\uff08175R\uff09",
    "country_code": "JP",
    "country": "Japan"
  },
  {
    "username": "lalangalipya1",
    "followingArtist": "SHOGO\uff08175R\uff09",
    "country_code": "US",
    "country": "United States"
  },
  {
    "username": "TheMegadudes",
    "followingArtist": "SHOGO\uff08175R\uff09",
    "country_code": "UK",
    "country": "United Kingdom"
  },
  {
    "username": "ryovibes",
    "followingArtist": "SHOGO\uff08175R\uff09",
    "country_code": "US",
    "country": "United States"
  },
  {
    "username": "Margarita_Heel",
    "followingArtist": "SHOGO\uff08175R\uff09",
    "country_code": "UK",
    "country": "United Kingdom"
  },
  {
    "username": "tommitchelldrum",
    "followingArtist": "SHOGO\uff08175R\uff09",
    "country_code": "UK",
    "country": "United Kingdom"
  },
  {
    "username": "HeelLondon",
    "followingArtist": "SHOGO\uff08175R\uff09",
    "country_code": "UK",
    "country": "United Kingdom"
  },
  {
    "username": "kazuyan916",
    "followingArtist": "SHOGO\uff08175R\uff09",
    "country_code": "IT",
    "country": "Italy"
  },
  {
    "username": "mymixoxo",
    "followingArtist": "SHOGO\uff08175R\uff09",
    "country_code": "GB",
    "country": "Wales"
  },
  {
    "username": "JPUrecords",
    "followingArtist": "SHOGO\uff08175R\uff09",
    "country_code": "UK",
    "country": "United Kingdom"
  },
  {
    "username": "loove__uw",
    "followingArtist": "SHOGO\uff08175R\uff09",
    "country_code": "GB",
    "country": "Wales"
  },
  {
    "username": "tany_atm",
    "followingArtist": "SHOGO\uff08175R\uff09",
    "country_code": "JP",
    "country": "Japan"
  },
  {
    "username": "yuka12vk",
    "followingArtist": "SHOGO\uff08175R\uff09",
    "country_code": "JP",
    "country": "Japan"
  },
  {
    "username": "Dietz8Dietz",
    "followingArtist": "Breedlove",
    "country_code": "DE",
    "country": "Germany"
  },
  {
    "username": "yuyimonster",
    "followingArtist": "Breedlove",
    "country_code": "ES",
    "country": "Spain"
  },
  {
    "username": "missnodoubt",
    "followingArtist": "Breedlove",
    "country_code": "FR",
    "country": "France"
  },
  {
    "username": "GaspardLd",
    "followingArtist": "Breedlove",
    "country_code": "FR",
    "country": "France"
  },
  {
    "username": "RahRahEnigma",
    "followingArtist": "Breedlove",
    "country_code": "US",
    "country": "United States"
  },
  {
    "username": "Lisatho92364619",
    "followingArtist": "Breedlove",
    "country_code": "UK",
    "country": "United Kingdom"
  },
  {
    "username": "BobbyMcIntyre2",
    "followingArtist": "Breedlove",
    "country_code": "US",
    "country": "United States"
  },
  {
    "username": "Scrapping4Needy",
    "followingArtist": "Breedlove",
    "country_code": "US",
    "country": "United States"
  },
  {
    "username": "jpspecial",
    "followingArtist": "Breedlove",
    "country_code": "US",
    "country": "United States"
  },
  {
    "username": "mouse_mimmie",
    "followingArtist": "Breedlove",
    "country_code": "US",
    "country": "United States"
  },
  {
    "username": "touchmyspirit",
    "followingArtist": "Breedlove",
    "country_code": "US",
    "country": "United States"
  },
  {
    "username": "hausofgabor",
    "followingArtist": "Breedlove",
    "country_code": "HU",
    "country": "Hungary"
  },
  {
    "username": "zyleekerbe",
    "followingArtist": "Breedlove",
    "country_code": "US",
    "country": "United States"
  },
  {
    "username": "janessasl53q16i",
    "followingArtist": "Breedlove",
    "country_code": "US",
    "country": "United States"
  },
  {
    "username": "theMegelodeon",
    "followingArtist": "Breedlove",
    "country_code": "US",
    "country": "United States"
  },
  {
    "username": "wowkola2",
    "followingArtist": "Breedlove",
    "country_code": "US",
    "country": "United States"
  },
  {
    "username": "latinagoth23",
    "followingArtist": "Breedlove",
    "country_code": "US",
    "country": "United States"
  },
  {
    "username": "RowdiRavers",
    "followingArtist": "Breedlove",
    "country_code": "UK",
    "country": "United Kingdom"
  },
  {
    "username": "CarlosB23895469",
    "followingArtist": "Breedlove",
    "country_code": "MX",
    "country": "Mexico"
  },
  {
    "username": "lif3less",
    "followingArtist": "Breedlove",
    "country_code": "BR",
    "country": "Brazil"
  },
  {
    "username": "pogson_jack",
    "followingArtist": "Breedlove",
    "country_code": "GB",
    "country": "Wales"
  },
  {
    "username": "nuragitta",
    "followingArtist": "Breedlove",
    "country_code": "NG",
    "country": "Nigeria"
  },
  {
    "username": "bbronstein",
    "followingArtist": "Breedlove",
    "country_code": "US",
    "country": "United States"
  },
  {
    "username": "MorteNera_xo",
    "followingArtist": "Breedlove",
    "country_code": "California City Blvd",
    "country": "California City Blvd"
  },
  {
    "username": "thebritinews",
    "followingArtist": "Breedlove",
    "country_code": "US",
    "country": "United States"
  },
  {
    "username": "solalexasch",
    "followingArtist": "Breedlove",
    "country_code": "BR",
    "country": "Brazil"
  },
  {
    "username": "SVRECCO",
    "followingArtist": "Breedlove",
    "country_code": "US",
    "country": "United States"
  },
  {
    "username": "dofuo",
    "followingArtist": "Breedlove",
    "country_code": "NG",
    "country": "Nigeria"
  },
  {
    "username": "Pabhilash1S",
    "followingArtist": "Breedlove",
    "country_code": "ID",
    "country": "Indonesia"
  },
  {
    "username": "LIFEONARAINBOW",
    "followingArtist": "Breedlove",
    "country_code": "US",
    "country": "United States"
  },
  {
    "username": "ErGurucharan",
    "followingArtist": "Breedlove",
    "country_code": "IN",
    "country": "India"
  },
  {
    "username": "noguecatoira",
    "followingArtist": "Breedlove",
    "country_code": "ES",
    "country": "Spain"
  },
  {
    "username": "Medlenink",
    "followingArtist": "Breedlove",
    "country_code": "US",
    "country": "United States"
  },
  {
    "username": "Jodiecooper1986",
    "followingArtist": "Breedlove",
    "country_code": "US",
    "country": "United States"
  },
  {
    "username": "drunkstereotype",
    "followingArtist": "Breedlove",
    "country_code": "IE",
    "country": "Ireland"
  },
  {
    "username": "AlienRMUSIC",
    "followingArtist": "Breedlove",
    "country_code": "US",
    "country": "United States"
  },
  {
    "username": "Nahij_m",
    "followingArtist": "Breedlove",
    "country_code": "ID",
    "country": "Indonesia"
  },
  {
    "username": "Darren11805676",
    "followingArtist": "Breedlove",
    "country_code": "US",
    "country": "United States"
  },
  {
    "username": "NoFlyListShirts",
    "followingArtist": "Breedlove",
    "country_code": "US",
    "country": "United States"
  },
  {
    "username": "Lavoore_mfundo",
    "followingArtist": "Breedlove",
    "country_code": "ZA",
    "country": "South Africa"
  },
  {
    "username": "badwess",
    "followingArtist": "Breedlove",
    "country_code": "MZ",
    "country": "Mozambique"
  },
  {
    "username": "kharafifoods",
    "followingArtist": "Breedlove",
    "country_code": "PK",
    "country": "Pakistan"
  },
  {
    "username": "dayacurley",
    "followingArtist": "Breedlove",
    "country_code": "US",
    "country": "United States"
  },
  {
    "username": "BORNFLEA1",
    "followingArtist": "Breedlove",
    "country_code": "US",
    "country": "United States"
  },
  {
    "username": "addyfuntimes",
    "followingArtist": "Breedlove",
    "country_code": "US",
    "country": "United States"
  },
  {
    "username": "DydgSeflin",
    "followingArtist": "Breedlove",
    "country_code": "US",
    "country": "United States"
  },
  {
    "username": "annettepratt",
    "followingArtist": "Breedlove",
    "country_code": "US",
    "country": "United States"
  },
  {
    "username": "godscheatinggf",
    "followingArtist": "Breedlove",
    "country_code": "US",
    "country": "United States"
  },
  {
    "username": "KayaWolf7",
    "followingArtist": "Breedlove",
    "country_code": "US",
    "country": "United States"
  },
  {
    "username": "henriquenalla",
    "followingArtist": "Breedlove",
    "country_code": "FR",
    "country": "France"
  },
  {
    "username": "Satya23740909",
    "followingArtist": "Breedlove",
    "country_code": "BJ",
    "country": "Benin"
  },
  {
    "username": "JnniferNell",
    "followingArtist": "Breedlove",
    "country_code": "US",
    "country": "United States"
  },
  {
    "username": "LGTourNews",
    "followingArtist": "Breedlove",
    "country_code": "BY",
    "country": "Belarus"
  },
  {
    "username": "taylmademecrazy",
    "followingArtist": "Breedlove",
    "country_code": "CZ",
    "country": "Czech Republic"
  },
  {
    "username": "saraheisaacson",
    "followingArtist": "Breedlove",
    "country_code": "NG",
    "country": "Nigeria"
  },
  {
    "username": "ShyNe_99",
    "followingArtist": "Breedlove",
    "country_code": "US",
    "country": "United States"
  },
  {
    "username": "SeaineLove",
    "followingArtist": "Breedlove",
    "country_code": "NG",
    "country": "Nigeria"
  },
  {
    "username": "Viktor50119185",
    "followingArtist": "Breedlove",
    "country_code": "GB",
    "country": "Wales"
  },
  {
    "username": "mackenz91983652",
    "followingArtist": "Breedlove",
    "country_code": "US",
    "country": "United States"
  },
  {
    "username": "HempsectorKerry",
    "followingArtist": "Breedlove",
    "country_code": "US",
    "country": "United States"
  },
  {
    "username": "Nambiolive",
    "followingArtist": "Breedlove",
    "country_code": "UG",
    "country": "Uganda"
  },
  {
    "username": "Rah_Rah_Bish",
    "followingArtist": "Breedlove",
    "country_code": "US",
    "country": "United States"
  },
  {
    "username": "JBSchantz",
    "followingArtist": "Breedlove",
    "country_code": "US",
    "country": "United States"
  },
  {
    "username": "UptownGuitars",
    "followingArtist": "Breedlove",
    "country_code": "US",
    "country": "United States"
  },
  {
    "username": "AlexisLives",
    "followingArtist": "Breedlove",
    "country_code": "US",
    "country": "United States"
  },
  {
    "username": "katyrosemusic",
    "followingArtist": "Breedlove",
    "country_code": "NG",
    "country": "Nigeria"
  },
  {
    "username": "maxstunts",
    "followingArtist": "Breedlove",
    "country_code": "US",
    "country": "United States"
  },
  {
    "username": "VVAlex14",
    "followingArtist": "Breedlove",
    "country_code": "GR",
    "country": "Greece"
  },
  {
    "username": "chriseko",
    "followingArtist": "Breedlove",
    "country_code": "US",
    "country": "United States"
  },
  {
    "username": "iamkerryoneill",
    "followingArtist": "Breedlove",
    "country_code": "NG",
    "country": "Nigeria"
  },
  {
    "username": "fynnwyatt",
    "followingArtist": "Breedlove",
    "country_code": "US",
    "country": "United States"
  },
  {
    "username": "EEKoskimies",
    "followingArtist": "Breedlove",
    "country_code": "FI",
    "country": "Finland"
  },
  {
    "username": "BeachSideSunnie",
    "followingArtist": "Breedlove",
    "country_code": "US",
    "country": "United States"
  },
  {
    "username": "TheAustinMonk",
    "followingArtist": "Breedlove",
    "country_code": "Pennsylvania Furnace Rd",
    "country": "Pennsylvania Furnace Rd"
  },
  {
    "username": "RiosMusic_",
    "followingArtist": "Breedlove",
    "country_code": "NL",
    "country": "Netherlands"
  },
  {
    "username": "prestyboi",
    "followingArtist": "Breedlove",
    "country_code": "UK",
    "country": "United Kingdom"
  },
  {
    "username": "SinfulAttract",
    "followingArtist": "Breedlove",
    "country_code": "US",
    "country": "United States"
  },
  {
    "username": "heterophobitch",
    "followingArtist": "Breedlove",
    "country_code": "US",
    "country": "United States"
  },
  {
    "username": "2hot2heavy",
    "followingArtist": "Breedlove",
    "country_code": "US",
    "country": "United States"
  },
  {
    "username": "MistressMiff",
    "followingArtist": "Breedlove",
    "country_code": "AU",
    "country": "Australia"
  },
  {
    "username": "natasharomanew",
    "followingArtist": "Breedlove",
    "country_code": "US",
    "country": "United States"
  },
  {
    "username": "vikturdavid",
    "followingArtist": "Breedlove",
    "country_code": "MA",
    "country": "Morocco"
  },
  {
    "username": "OnePlusBand",
    "followingArtist": "Breedlove",
    "country_code": "IN",
    "country": "India"
  },
  {
    "username": "basketspodcast",
    "followingArtist": "Breedlove",
    "country_code": "US",
    "country": "United States"
  },
  {
    "username": "gem_uoy",
    "followingArtist": "Breedlove",
    "country_code": "UK",
    "country": "United Kingdom"
  },
  {
    "username": "Watcharintanon2",
    "followingArtist": "Breedlove",
    "country_code": "TH",
    "country": "Thailand"
  },
  {
    "username": "s_petrowsky",
    "followingArtist": "Breedlove",
    "country_code": "RS",
    "country": "Serbia"
  },
  {
    "username": "samjrosenthal",
    "followingArtist": "Breedlove",
    "country_code": "US",
    "country": "United States"
  },
  {
    "username": "welzyboston",
    "followingArtist": "Breedlove",
    "country_code": "US",
    "country": "United States"
  },
  {
    "username": "scarlett_polito",
    "followingArtist": "Breedlove",
    "country_code": "US",
    "country": "United States"
  },
  {
    "username": "danilo_lg79",
    "followingArtist": "Breedlove",
    "country_code": "US",
    "country": "United States"
  },
  {
    "username": "edenlane",
    "followingArtist": "Breedlove",
    "country_code": "US",
    "country": "United States"
  },
  {
    "username": "NMeadowsFashion",
    "followingArtist": "Breedlove",
    "country_code": "US",
    "country": "United States"
  },
  {
    "username": "AMD1_CEO",
    "followingArtist": "Breedlove",
    "country_code": "AU",
    "country": "Australia"
  },
  {
    "username": "MonsterLovatic3",
    "followingArtist": "Breedlove",
    "country_code": "US",
    "country": "United States"
  },
  {
    "username": "judi_melcher",
    "followingArtist": "Breedlove",
    "country_code": "US",
    "country": "United States"
  },
  {
    "username": "ryankickassa",
    "followingArtist": "Breedlove",
    "country_code": "US",
    "country": "United States"
  },
  {
    "username": "ragnaroksangel",
    "followingArtist": "Breedlove",
    "country_code": "US",
    "country": "United States"
  },
  {
    "username": "michell71911408",
    "followingArtist": "Breedlove",
    "country_code": "IE",
    "country": "Ireland"
  },
  {
    "username": "MichaelSimpson7",
    "followingArtist": "Breedlove",
    "country_code": "UK",
    "country": "United Kingdom"
  },
  {
    "username": "_fxmemxnster",
    "followingArtist": "Breedlove",
    "country_code": "US",
    "country": "United States"
  },
  {
    "username": "fabiflores77",
    "followingArtist": "Breedlove",
    "country_code": "AR",
    "country": "Argentina"
  },
  {
    "username": "TheCount97",
    "followingArtist": "Breedlove",
    "country_code": "US",
    "country": "United States"
  },
  {
    "username": "tweetsbybry",
    "followingArtist": "Breedlove",
    "country_code": "US",
    "country": "United States"
  },
  {
    "username": "AkramBurhan",
    "followingArtist": "Breedlove",
    "country_code": "PK",
    "country": "Pakistan"
  },
  {
    "username": "OnTheRocks1066",
    "followingArtist": "Breedlove",
    "country_code": "GB",
    "country": "Wales"
  },
  {
    "username": "Foster0701",
    "followingArtist": "Breedlove",
    "country_code": "MX",
    "country": "Mexico"
  },
  {
    "username": "MaryJonaHolland",
    "followingArtist": "Breedlove",
    "country_code": "RU",
    "country": "Russian Federation"
  },
  {
    "username": "daltranstravel1",
    "followingArtist": "Breedlove",
    "country_code": "IN",
    "country": "India"
  },
  {
    "username": "lisaballew1",
    "followingArtist": "Breedlove",
    "country_code": "CO",
    "country": "Colombia"
  },
  {
    "username": "mdvaldez1980",
    "followingArtist": "Breedlove",
    "country_code": "MX",
    "country": "Mexico"
  },
  {
    "username": "CaolyT",
    "followingArtist": "Breedlove",
    "country_code": "GH",
    "country": "Ghana"
  },
  {
    "username": "DiogoClaudio",
    "followingArtist": "Breedlove",
    "country_code": "BR",
    "country": "Brazil"
  },
  {
    "username": "Kira_MicheleC",
    "followingArtist": "Breedlove",
    "country_code": "US",
    "country": "United States"
  },
  {
    "username": "haley_a_rice_",
    "followingArtist": "Breedlove",
    "country_code": "US",
    "country": "United States"
  },
  {
    "username": "Berenic03686261",
    "followingArtist": "Breedlove",
    "country_code": "ES",
    "country": "Spain"
  },
  {
    "username": "LKGibson900",
    "followingArtist": "Breedlove",
    "country_code": "US",
    "country": "United States"
  },
  {
    "username": "MimranQ15155704",
    "followingArtist": "Breedlove",
    "country_code": "PK",
    "country": "Pakistan"
  },
  {
    "username": "AmyDouglasSings",
    "followingArtist": "Breedlove",
    "country_code": "US",
    "country": "United States"
  },
  {
    "username": "JaimePate76",
    "followingArtist": "Breedlove",
    "country_code": "DE",
    "country": "Germany"
  },
  {
    "username": "brandonhatmaker",
    "followingArtist": "Breedlove",
    "country_code": "US",
    "country": "United States"
  },
  {
    "username": "GagaInfOfficial",
    "followingArtist": "Breedlove",
    "country_code": "US",
    "country": "United States"
  },
  {
    "username": "kngpaull",
    "followingArtist": "Breedlove",
    "country_code": "IT",
    "country": "Italy"
  },
  {
    "username": "ManimalsBand",
    "followingArtist": "Breedlove",
    "country_code": "US",
    "country": "United States"
  },
  {
    "username": "Xponentt",
    "followingArtist": "Breedlove",
    "country_code": "US",
    "country": "United States"
  },
  {
    "username": "KarenSt77989863",
    "followingArtist": "Breedlove",
    "country_code": "US",
    "country": "United States"
  },
  {
    "username": "salouir",
    "followingArtist": "Breedlove",
    "country_code": "JP",
    "country": "Japan"
  },
  {
    "username": "norm47303819",
    "followingArtist": "Breedlove",
    "country_code": "US",
    "country": "United States"
  },
  {
    "username": "DelRioNoElCampo",
    "followingArtist": "Breedlove",
    "country_code": "US",
    "country": "United States"
  },
  {
    "username": "courtneyXxmusic",
    "followingArtist": "Breedlove",
    "country_code": "US",
    "country": "United States"
  },
  {
    "username": "letgoandletgaga",
    "followingArtist": "Breedlove",
    "country_code": "US",
    "country": "United States"
  },
  {
    "username": "ELavette30",
    "followingArtist": "Breedlove",
    "country_code": "US",
    "country": "United States"
  },
  {
    "username": "eeseebee",
    "followingArtist": "Breedlove",
    "country_code": "UK",
    "country": "United Kingdom"
  },
  {
    "username": "SparksArchive",
    "followingArtist": "Breedlove",
    "country_code": "UK",
    "country": "United Kingdom"
  },
  {
    "username": "OnCastApp",
    "followingArtist": "Breedlove",
    "country_code": "FR",
    "country": "France"
  },
  {
    "username": "AilinHei",
    "followingArtist": "Breedlove",
    "country_code": "US",
    "country": "United States"
  },
  {
    "username": "JESSICAJOANNE6",
    "followingArtist": "Breedlove",
    "country_code": "GB",
    "country": "Wales"
  },
  {
    "username": "horselover0228",
    "followingArtist": "Breedlove",
    "country_code": "Tennessee Ave",
    "country": "Tennessee Ave"
  },
  {
    "username": "darrensano13",
    "followingArtist": "Breedlove",
    "country_code": "BR",
    "country": "Brazil"
  },
  {
    "username": "JUANACOSTA__",
    "followingArtist": "Breedlove",
    "country_code": "US",
    "country": "United States"
  },
  {
    "username": "Luisita6660",
    "followingArtist": "Breedlove",
    "country_code": "US",
    "country": "United States"
  },
  {
    "username": "_GagaFanSpain",
    "followingArtist": "Breedlove",
    "country_code": "AE",
    "country": "United Arab Emirates"
  },
  {
    "username": "lspublicity",
    "followingArtist": "Breedlove",
    "country_code": "US",
    "country": "United States"
  },
  {
    "username": "marshallstackz",
    "followingArtist": "Breedlove",
    "country_code": "US",
    "country": "United States"
  },
  {
    "username": "TheLissNy",
    "followingArtist": "Breedlove",
    "country_code": "TH",
    "country": "Thailand"
  },
  {
    "username": "jvlika",
    "followingArtist": "Breedlove",
    "country_code": "US",
    "country": "United States"
  },
  {
    "username": "MantanrcMuhittn",
    "followingArtist": "Breedlove",
    "country_code": "TR",
    "country": "Turkey"
  },
  {
    "username": "PopMusicPrince",
    "followingArtist": "Breedlove",
    "country_code": "US",
    "country": "United States"
  },
  {
    "username": "Gagaismyidol91",
    "followingArtist": "Breedlove",
    "country_code": "UK",
    "country": "United Kingdom"
  },
  {
    "username": "MateoViceStan",
    "followingArtist": "Breedlove",
    "country_code": "NG",
    "country": "Nigeria"
  },
  {
    "username": "MarioMVilabu",
    "followingArtist": "Breedlove",
    "country_code": "ES",
    "country": "Spain"
  },
  {
    "username": "_maaayr",
    "followingArtist": "Breedlove",
    "country_code": "DE",
    "country": "Germany"
  },
  {
    "username": "greengirlclub",
    "followingArtist": "Breedlove",
    "country_code": "US",
    "country": "United States"
  },
  {
    "username": "old_rake",
    "followingArtist": "Breedlove",
    "country_code": "GB",
    "country": "Wales"
  },
  {
    "username": "NgomaReabetsoe",
    "followingArtist": "Breedlove",
    "country_code": "US",
    "country": "United States"
  },
  {
    "username": "lousqueiroz",
    "followingArtist": "Breedlove",
    "country_code": "BR",
    "country": "Brazil"
  },
  {
    "username": "JavierLunaV1",
    "followingArtist": "Breedlove",
    "country_code": "PE",
    "country": "Peru"
  },
  {
    "username": "botoxnsmokes",
    "followingArtist": "Breedlove",
    "country_code": "GB",
    "country": "Wales"
  },
  {
    "username": "mnewby397694",
    "followingArtist": "Breedlove",
    "country_code": "US",
    "country": "United States"
  },
  {
    "username": "ladygagance",
    "followingArtist": "Breedlove",
    "country_code": "FR",
    "country": "France"
  },
  {
    "username": "DaHitz1",
    "followingArtist": "Breedlove",
    "country_code": "US",
    "country": "United States"
  },
  {
    "username": "TrevorLewan",
    "followingArtist": "Breedlove",
    "country_code": "Wisconsin St",
    "country": "Wisconsin St"
  }
]