[
  {
    "username": "gabbic97",
    "followingArtist": "Disney Music",
    "country_code": "US",
    "country": "USA"
  },
  {
    "username": "tiziigabe",
    "followingArtist": "Disney Music",
    "country_code": "US",
    "country": "USA"
  },
  {
    "username": "andy_nass",
    "followingArtist": "Disney Music",
    "country_code": "UK",
    "country": "United Kingdom"
  },
  {
    "username": "aandg13",
    "followingArtist": "Disney Music",
    "country_code": "US",
    "country": "USA"
  },
  {
    "username": "indra20099",
    "followingArtist": "Disney Music",
    "country_code": "IN",
    "country": "India"
  },
  {
    "username": "neume_",
    "followingArtist": "Disney Music",
    "country_code": "US",
    "country": "USA"
  },
  {
    "username": "topasiollc",
    "followingArtist": "Disney Music",
    "country_code": "US",
    "country": "USA"
  },
  {
    "username": "Leeeonville",
    "followingArtist": "Disney Music",
    "country_code": "US",
    "country": "USA"
  },
  {
    "username": "lena97010317",
    "followingArtist": "Disney Music",
    "country_code": "PL",
    "country": "Poland"
  },
  {
    "username": "TCcreativeC",
    "followingArtist": "Disney Music",
    "country_code": "US",
    "country": "USA"
  },
  {
    "username": "abbi_miller18",
    "followingArtist": "Disney Music",
    "country_code": "US",
    "country": "USA"
  },
  {
    "username": "matiastm29",
    "followingArtist": "Disney Music",
    "country_code": "PE",
    "country": "Peru"
  },
  {
    "username": "TheSelectionF19",
    "followingArtist": "Disney Music",
    "country_code": "US",
    "country": "USA"
  },
  {
    "username": "Steph_Hobbit",
    "followingArtist": "Disney Music",
    "country_code": "US",
    "country": "USA"
  },
  {
    "username": "itskellycherry",
    "followingArtist": "Disney Music",
    "country_code": "UK",
    "country": "United Kingdom"
  },
  {
    "username": "LauraMarieMar13",
    "followingArtist": "Disney Music",
    "country_code": "NG",
    "country": "Nigeria"
  },
  {
    "username": "StefVanRossem",
    "followingArtist": "Disney Music",
    "country_code": "UG",
    "country": "Uganda"
  },
  {
    "username": "Hieda90162903",
    "followingArtist": "Disney Music",
    "country_code": "BR",
    "country": "Brazil"
  },
  {
    "username": "Rea_Disney20",
    "followingArtist": "Disney Music",
    "country_code": "US",
    "country": "USA"
  },
  {
    "username": "SD6PRODUCTION",
    "followingArtist": "Disney Music",
    "country_code": "FR",
    "country": "France"
  },
  {
    "username": "engmsai3ed",
    "followingArtist": "Disney Music",
    "country_code": "SA",
    "country": "Saudi Arabia"
  },
  {
    "username": "FlackCourtney",
    "followingArtist": "Disney Music",
    "country_code": "GB",
    "country": "Wales"
  },
  {
    "username": "OscarMa37950458",
    "followingArtist": "Disney Music",
    "country_code": "US",
    "country": "USA"
  },
  {
    "username": "sr_christovam",
    "followingArtist": "Disney Music",
    "country_code": "BR",
    "country": "Brazil"
  },
  {
    "username": "mdferozislam310",
    "followingArtist": "Disney Music",
    "country_code": "BD",
    "country": "Bangladesh"
  },
  {
    "username": "drewmagta",
    "followingArtist": "Disney Music",
    "country_code": "AU",
    "country": "Australia"
  },
  {
    "username": "jazmini3mous3",
    "followingArtist": "Disney Music",
    "country_code": "California City Blvd",
    "country": "California City Blvd"
  },
  {
    "username": "AlanCruz",
    "followingArtist": "Disney Music",
    "country_code": "US",
    "country": "USA"
  },
  {
    "username": "jonahbonah",
    "followingArtist": "Disney Music",
    "country_code": "US",
    "country": "USA"
  },
  {
    "username": "Mickey_mom51",
    "followingArtist": "Disney Music",
    "country_code": "US",
    "country": "USA"
  },
  {
    "username": "JHA_Inc",
    "followingArtist": "Disney Music",
    "country_code": "California City Blvd",
    "country": "California City Blvd"
  },
  {
    "username": "Letshelega",
    "followingArtist": "Disney Music",
    "country_code": "CA",
    "country": "Canada"
  },
  {
    "username": "Kittys99",
    "followingArtist": "Disney Music",
    "country_code": "US",
    "country": "USA"
  },
  {
    "username": "IlaLiga97",
    "followingArtist": "Disney Music",
    "country_code": "BR",
    "country": "Brazil"
  },
  {
    "username": "LRDreaming",
    "followingArtist": "Disney Music",
    "country_code": "BJ",
    "country": "Benin"
  },
  {
    "username": "bnygrl_btrcup",
    "followingArtist": "Disney Music",
    "country_code": "US",
    "country": "USA"
  },
  {
    "username": "PalomaAbarcaa",
    "followingArtist": "Disney Music",
    "country_code": "MX",
    "country": "Mexico"
  },
  {
    "username": "tiffanyywoo",
    "followingArtist": "Disney Music",
    "country_code": "NG",
    "country": "Nigeria"
  },
  {
    "username": "rnlee24",
    "followingArtist": "Disney Music",
    "country_code": "US",
    "country": "USA"
  },
  {
    "username": "ka_thadej",
    "followingArtist": "Disney Music",
    "country_code": "FR",
    "country": "France"
  },
  {
    "username": "EuEdinei20",
    "followingArtist": "Disney Music",
    "country_code": "PT",
    "country": "Portugal"
  },
  {
    "username": "Abigail_Grace",
    "followingArtist": "Disney Music",
    "country_code": "US",
    "country": "USA"
  },
  {
    "username": "JuliaEKThomas71",
    "followingArtist": "Disney Music",
    "country_code": "GB",
    "country": "Wales"
  },
  {
    "username": "stanley_smith48",
    "followingArtist": "Disney Music",
    "country_code": "US",
    "country": "USA"
  },
  {
    "username": "mahi379",
    "followingArtist": "Disney Music",
    "country_code": "PK",
    "country": "Pakistan"
  },
  {
    "username": "anamagal",
    "followingArtist": "Disney Music",
    "country_code": "BR",
    "country": "Brazil"
  },
  {
    "username": "iamfvega",
    "followingArtist": "Disney Music",
    "country_code": "ID",
    "country": "Indonesia"
  },
  {
    "username": "Klade101",
    "followingArtist": "Disney Music",
    "country_code": "US",
    "country": "USA"
  },
  {
    "username": "MeggieSetGo",
    "followingArtist": "Disney Music",
    "country_code": "US",
    "country": "USA"
  },
  {
    "username": "missAmiewest",
    "followingArtist": "Disney Music",
    "country_code": "US",
    "country": "USA"
  },
  {
    "username": "theba71",
    "followingArtist": "Disney Music",
    "country_code": "US",
    "country": "USA"
  },
  {
    "username": "LikitungEmpire",
    "followingArtist": "Disney Music",
    "country_code": "PL",
    "country": "Poland"
  },
  {
    "username": "mnpassow",
    "followingArtist": "Disney Music",
    "country_code": "US",
    "country": "USA"
  },
  {
    "username": "kels_heart",
    "followingArtist": "Disney Music",
    "country_code": "Pennsylvania Furnace Rd",
    "country": "Pennsylvania Furnace Rd"
  },
  {
    "username": "ShardonnayH",
    "followingArtist": "Disney Music",
    "country_code": "UK",
    "country": "United Kingdom"
  },
  {
    "username": "KatieMu1997",
    "followingArtist": "Disney Music",
    "country_code": "GB",
    "country": "Wales"
  },
  {
    "username": "ferdousmahmud77",
    "followingArtist": "Disney Music",
    "country_code": "BD",
    "country": "Bangladesh"
  },
  {
    "username": "immawierdwierd",
    "followingArtist": "Disney Music",
    "country_code": "US",
    "country": "USA"
  },
  {
    "username": "FanPagin",
    "followingArtist": "Disney Music",
    "country_code": "IT",
    "country": "Italy"
  },
  {
    "username": "gloomydia",
    "followingArtist": "Disney Music",
    "country_code": "US",
    "country": "USA"
  },
  {
    "username": "disneyap_uorlap",
    "followingArtist": "Disney Music",
    "country_code": "US",
    "country": "USA"
  },
  {
    "username": "NateGoreMusic",
    "followingArtist": "Disney Music",
    "country_code": "US",
    "country": "USA"
  },
  {
    "username": "snugglyduckpod",
    "followingArtist": "Disney Music",
    "country_code": "US",
    "country": "USA"
  },
  {
    "username": "hotmessbossbabe",
    "followingArtist": "Disney Music",
    "country_code": "US",
    "country": "USA"
  },
  {
    "username": "noonachannel",
    "followingArtist": "Disney Music",
    "country_code": "ID",
    "country": "Indonesia"
  },
  {
    "username": "QuantumToxic",
    "followingArtist": "Disney Music",
    "country_code": "US",
    "country": "USA"
  },
  {
    "username": "81Rishabh84",
    "followingArtist": "Disney Music",
    "country_code": "California City Blvd",
    "country": "California City Blvd"
  },
  {
    "username": "KarolSe1259",
    "followingArtist": "Disney Music",
    "country_code": "US",
    "country": "USA"
  },
  {
    "username": "KristieBailey18",
    "followingArtist": "Disney Music",
    "country_code": "US",
    "country": "USA"
  },
  {
    "username": "SammieJoy",
    "followingArtist": "Disney Music",
    "country_code": "NG",
    "country": "Nigeria"
  },
  {
    "username": "pdmerr",
    "followingArtist": "Disney Music",
    "country_code": "BJ",
    "country": "Benin"
  },
  {
    "username": "SlytherinGirl47",
    "followingArtist": "Disney Music",
    "country_code": "US",
    "country": "USA"
  },
  {
    "username": "_treeesa_",
    "followingArtist": "Disney Music",
    "country_code": "California City Blvd",
    "country": "California City Blvd"
  },
  {
    "username": "BPrincess426",
    "followingArtist": "Disney Music",
    "country_code": "US",
    "country": "USA"
  },
  {
    "username": "brookapple18",
    "followingArtist": "Disney Music",
    "country_code": "US",
    "country": "USA"
  },
  {
    "username": "EarImagin",
    "followingArtist": "Disney Music",
    "country_code": "US",
    "country": "USA"
  },
  {
    "username": "vicnsc2000",
    "followingArtist": "Disney Music",
    "country_code": "BJ",
    "country": "Benin"
  },
  {
    "username": "shivam94451002",
    "followingArtist": "Disney Music",
    "country_code": "IN",
    "country": "India"
  },
  {
    "username": "Akkiku_Sy",
    "followingArtist": "Disney Music",
    "country_code": "PH",
    "country": "Philippines"
  },
  {
    "username": "therealmoormaid",
    "followingArtist": "Disney Music",
    "country_code": "US",
    "country": "USA"
  },
  {
    "username": "Janua0801",
    "followingArtist": "Disney Music",
    "country_code": "ML",
    "country": "Mali"
  },
  {
    "username": "DaronScott_",
    "followingArtist": "Disney Music",
    "country_code": "US",
    "country": "USA"
  },
  {
    "username": "OliviaF16496613",
    "followingArtist": "Disney Music",
    "country_code": "US",
    "country": "USA"
  },
  {
    "username": "vevochavez1",
    "followingArtist": "Disney Music",
    "country_code": "MX",
    "country": "Mexico"
  },
  {
    "username": "ChaseMaszle",
    "followingArtist": "Disney Music",
    "country_code": "NG",
    "country": "Nigeria"
  },
  {
    "username": "witp_blog",
    "followingArtist": "Disney Music",
    "country_code": "GB",
    "country": "Wales"
  },
  {
    "username": "SiboniIlana",
    "followingArtist": "Disney Music",
    "country_code": "VE",
    "country": "Venezuela"
  },
  {
    "username": "BradleyKeding",
    "followingArtist": "Disney Music",
    "country_code": "US",
    "country": "USA"
  },
  {
    "username": "bongz_lindiwe",
    "followingArtist": "Disney Music",
    "country_code": "CA",
    "country": "Canada"
  },
  {
    "username": "Shineb56814848",
    "followingArtist": "Disney Music",
    "country_code": "US",
    "country": "USA"
  },
  {
    "username": "CCabello1GDL",
    "followingArtist": "Disney Music",
    "country_code": "MX",
    "country": "Mexico"
  },
  {
    "username": "gokul_bas",
    "followingArtist": "Disney Music",
    "country_code": "IN",
    "country": "India"
  },
  {
    "username": "AshleeKaye",
    "followingArtist": "Disney Music",
    "country_code": "GB",
    "country": "Wales"
  },
  {
    "username": "ayuskmaaa",
    "followingArtist": "Disney Music",
    "country_code": "ID",
    "country": "Indonesia"
  },
  {
    "username": "KylieYo10377349",
    "followingArtist": "Disney Music",
    "country_code": "US",
    "country": "USA"
  },
  {
    "username": "canpechanin",
    "followingArtist": "Disney Music",
    "country_code": "MX",
    "country": "Mexico"
  },
  {
    "username": "DanielFindley11",
    "followingArtist": "Disney Music",
    "country_code": "US",
    "country": "USA"
  },
  {
    "username": "ouradvwithbuzz",
    "followingArtist": "Disney Music",
    "country_code": "UK",
    "country": "United Kingdom"
  },
  {
    "username": "connorsplace",
    "followingArtist": "Disney Music",
    "country_code": "NG",
    "country": "Nigeria"
  },
  {
    "username": "Dulcecarbajal00",
    "followingArtist": "Disney Music",
    "country_code": "MX",
    "country": "Mexico"
  },
  {
    "username": "holly_gyenes",
    "followingArtist": "Disney Music",
    "country_code": "US",
    "country": "USA"
  },
  {
    "username": "kayelynrobinson",
    "followingArtist": "Disney Music",
    "country_code": "US",
    "country": "USA"
  },
  {
    "username": "FunkyFrogz23",
    "followingArtist": "Disney Music",
    "country_code": "US",
    "country": "USA"
  },
  {
    "username": "mintswag1st",
    "followingArtist": "Disney Music",
    "country_code": "VN",
    "country": "Viet Nam"
  },
  {
    "username": "Fran_Gg96",
    "followingArtist": "Disney Music",
    "country_code": "PT",
    "country": "Portugal"
  },
  {
    "username": "arabella13_G",
    "followingArtist": "Disney Music",
    "country_code": "KR",
    "country": "South Korea"
  },
  {
    "username": "KateInPacific",
    "followingArtist": "Disney Music",
    "country_code": "US",
    "country": "USA"
  },
  {
    "username": "maryemz2212",
    "followingArtist": "Disney Music",
    "country_code": "US",
    "country": "USA"
  },
  {
    "username": "iHeartRadio_Lat",
    "followingArtist": "Disney Music",
    "country_code": "US",
    "country": "USA"
  },
  {
    "username": "SabrinaGijsbers",
    "followingArtist": "Disney Music",
    "country_code": "NL",
    "country": "Netherlands"
  },
  {
    "username": "ddaniys",
    "followingArtist": "Disney Music",
    "country_code": "BR",
    "country": "Brazil"
  },
  {
    "username": "CristinaColagr4",
    "followingArtist": "Disney Music",
    "country_code": "SE",
    "country": "Sweden"
  },
  {
    "username": "alvarez17pablo",
    "followingArtist": "Disney Music",
    "country_code": "ES",
    "country": "Spain"
  },
  {
    "username": "DrSeanWilkes",
    "followingArtist": "Disney Music",
    "country_code": "Hawi Rd",
    "country": "Hawi Rd"
  },
  {
    "username": "jenxdisney",
    "followingArtist": "Disney Music",
    "country_code": "California City Blvd",
    "country": "California City Blvd"
  },
  {
    "username": "alexa_lacayo",
    "followingArtist": "Disney Music",
    "country_code": "US",
    "country": "USA"
  },
  {
    "username": "KidowwK",
    "followingArtist": "Disney Music",
    "country_code": "ZA",
    "country": "South Africa"
  },
  {
    "username": "disneymagichom1",
    "followingArtist": "Disney Music",
    "country_code": "US",
    "country": "USA"
  },
  {
    "username": "Camilla28123918",
    "followingArtist": "Disney Music",
    "country_code": "US",
    "country": "USA"
  },
  {
    "username": "Inkiadk",
    "followingArtist": "Disney Music",
    "country_code": "BR",
    "country": "Brazil"
  },
  {
    "username": "Kimberlyanne102",
    "followingArtist": "Disney Music",
    "country_code": "ES",
    "country": "Spain"
  },
  {
    "username": "Michica_cb",
    "followingArtist": "Disney Music",
    "country_code": "MX",
    "country": "Mexico"
  },
  {
    "username": "sitojones",
    "followingArtist": "Disney Music",
    "country_code": "ES",
    "country": "Spain"
  },
  {
    "username": "HeatherMaimone",
    "followingArtist": "Disney Music",
    "country_code": "US",
    "country": "USA"
  },
  {
    "username": "refai_yasmeen",
    "followingArtist": "Disney Music",
    "country_code": "US",
    "country": "USA"
  },
  {
    "username": "Magys11732564",
    "followingArtist": "Disney Music",
    "country_code": "MX",
    "country": "Mexico"
  },
  {
    "username": "jordnsinkiewich",
    "followingArtist": "Disney Music",
    "country_code": "US",
    "country": "USA"
  },
  {
    "username": "SeanAndrewNeil",
    "followingArtist": "Disney Music",
    "country_code": "US",
    "country": "USA"
  },
  {
    "username": "AVAcado95",
    "followingArtist": "Disney Music",
    "country_code": "NG",
    "country": "Nigeria"
  },
  {
    "username": "_kdcruz",
    "followingArtist": "Disney Music",
    "country_code": "California City Blvd",
    "country": "California City Blvd"
  },
  {
    "username": "LipeQueens",
    "followingArtist": "Disney Music",
    "country_code": "US",
    "country": "USA"
  },
  {
    "username": "mirek7899",
    "followingArtist": "Disney Music",
    "country_code": "TR",
    "country": "Turkey"
  },
  {
    "username": "tzaqyaaglathik",
    "followingArtist": "Disney Music",
    "country_code": "JO",
    "country": "Jordan"
  },
  {
    "username": "seccallaghan",
    "followingArtist": "Disney Music",
    "country_code": "GB",
    "country": "Wales"
  },
  {
    "username": "bellamyann27",
    "followingArtist": "Disney Music",
    "country_code": "UK",
    "country": "United Kingdom"
  },
  {
    "username": "Eileen1956",
    "followingArtist": "Disney Music",
    "country_code": "CA",
    "country": "Canada"
  },
  {
    "username": "samueldeverdade",
    "followingArtist": "Disney Music",
    "country_code": "BR",
    "country": "Brazil"
  },
  {
    "username": "rsultana0323",
    "followingArtist": "Disney Music",
    "country_code": "US",
    "country": "USA"
  },
  {
    "username": "Erykah_84",
    "followingArtist": "Disney Music",
    "country_code": "California City Blvd",
    "country": "California City Blvd"
  },
  {
    "username": "jem520",
    "followingArtist": "Disney Music",
    "country_code": "US",
    "country": "USA"
  },
  {
    "username": "Pedrocaicedom",
    "followingArtist": "Disney Music",
    "country_code": "EC",
    "country": "Ecuador"
  },
  {
    "username": "dianamwright72",
    "followingArtist": "Disney Music",
    "country_code": "US",
    "country": "USA"
  },
  {
    "username": "Saravanan_July",
    "followingArtist": "Disney Music",
    "country_code": "IN",
    "country": "India"
  },
  {
    "username": "kris10wilke",
    "followingArtist": "Disney Music",
    "country_code": "US",
    "country": "USA"
  },
  {
    "username": "FlaviaShSL",
    "followingArtist": "Disney Music",
    "country_code": "IN",
    "country": "India"
  },
  {
    "username": "lisagemeni",
    "followingArtist": "Disney Music",
    "country_code": "NG",
    "country": "Nigeria"
  },
  {
    "username": "80sand90sshit",
    "followingArtist": "Disney Music",
    "country_code": "AL",
    "country": "Albania"
  },
  {
    "username": "Liz10042872",
    "followingArtist": "Disney Music",
    "country_code": "NG",
    "country": "Nigeria"
  },
  {
    "username": "nurikabemonster",
    "followingArtist": "Disney Music",
    "country_code": "MX",
    "country": "Mexico"
  },
  {
    "username": "Mousemerchbox",
    "followingArtist": "Disney Music",
    "country_code": "US",
    "country": "USA"
  },
  {
    "username": "ItsKrisLuke",
    "followingArtist": "Disney Music",
    "country_code": "GB",
    "country": "Wales"
  },
  {
    "username": "LusneidyCVegasG",
    "followingArtist": "Disney Music",
    "country_code": "VE",
    "country": "Venezuela"
  },
  {
    "username": "pixieice6d",
    "followingArtist": "Disney Music",
    "country_code": "US",
    "country": "USA"
  },
  {
    "username": "MakhubeleWendy",
    "followingArtist": "Disney Music",
    "country_code": "ZA",
    "country": "South Africa"
  },
  {
    "username": "KrystelSpiro",
    "followingArtist": "Disney Music",
    "country_code": "US",
    "country": "USA"
  },
  {
    "username": "TrevWillVerd",
    "followingArtist": "Disney Music",
    "country_code": "BR",
    "country": "Brazil"
  },
  {
    "username": "salvatoretrias",
    "followingArtist": "Disney Music",
    "country_code": "VE",
    "country": "Venezuela"
  },
  {
    "username": "ordinarydrummer",
    "followingArtist": "Disney Music",
    "country_code": "US",
    "country": "USA"
  },
  {
    "username": "BoiteloMotsoto",
    "followingArtist": "Disney Music",
    "country_code": "ZA",
    "country": "South Africa"
  },
  {
    "username": "dulce1000000",
    "followingArtist": "Disney Music",
    "country_code": "MX",
    "country": "Mexico"
  },
  {
    "username": "Jitua5082",
    "followingArtist": "Disney Music",
    "country_code": "US",
    "country": "USA"
  },
  {
    "username": "RubenJRamos2",
    "followingArtist": "Disney Music",
    "country_code": "GB",
    "country": "Wales"
  },
  {
    "username": "halford_krystal",
    "followingArtist": "Disney Music",
    "country_code": "MA",
    "country": "Morocco"
  },
  {
    "username": "Thekmorrisonxo",
    "followingArtist": "Disney Music",
    "country_code": "GB",
    "country": "Wales"
  },
  {
    "username": "rlyvee",
    "followingArtist": "Disney Music",
    "country_code": "US",
    "country": "USA"
  },
  {
    "username": "anwynbradford",
    "followingArtist": "Disney Music",
    "country_code": "GB",
    "country": "Wales"
  },
  {
    "username": "any_adventure",
    "followingArtist": "Disney Music",
    "country_code": "US",
    "country": "USA"
  },
  {
    "username": "Kreger4hotmail1",
    "followingArtist": "Disney Music",
    "country_code": "US",
    "country": "USA"
  },
  {
    "username": "TechDesign_HD",
    "followingArtist": "Disney Music",
    "country_code": "ID",
    "country": "Indonesia"
  },
  {
    "username": "paulinalikesu",
    "followingArtist": "Disney Music",
    "country_code": "GB",
    "country": "Wales"
  },
  {
    "username": "duhme4a",
    "followingArtist": "Disney Music",
    "country_code": "US",
    "country": "USA"
  },
  {
    "username": "AndyZunoNews",
    "followingArtist": "Disney Music",
    "country_code": "VE",
    "country": "Venezuela"
  },
  {
    "username": "WDWCatDaddy",
    "followingArtist": "Disney Music",
    "country_code": "US",
    "country": "USA"
  },
  {
    "username": "eiji1026p",
    "followingArtist": "Disney Music",
    "country_code": "US",
    "country": "USA"
  },
  {
    "username": "RonaldFit4",
    "followingArtist": "Disney Music",
    "country_code": "RW",
    "country": "Rwanda"
  },
  {
    "username": "le_cartier",
    "followingArtist": "Disney Music",
    "country_code": "AU",
    "country": "Australia"
  },
  {
    "username": "joyangelprayer",
    "followingArtist": "Disney Music",
    "country_code": "California City Blvd",
    "country": "California City Blvd"
  },
  {
    "username": "jessicaconner_",
    "followingArtist": "Disney Music",
    "country_code": "US",
    "country": "USA"
  },
  {
    "username": "Marthap50252883",
    "followingArtist": "Disney Music",
    "country_code": "PR",
    "country": "Puerto Rico"
  },
  {
    "username": "AllisonDurham15",
    "followingArtist": "Disney Music",
    "country_code": "DE",
    "country": "Germany"
  },
  {
    "username": "filmbysarah",
    "followingArtist": "Disney Music",
    "country_code": "UK",
    "country": "United Kingdom"
  },
  {
    "username": "Utraaslan1905B",
    "followingArtist": "Disney Music",
    "country_code": "DE",
    "country": "Germany"
  },
  {
    "username": "mairabarrera13",
    "followingArtist": "Disney Music",
    "country_code": "ES",
    "country": "Spain"
  },
  {
    "username": "PaulinaBermeo2",
    "followingArtist": "Disney Music",
    "country_code": "EC",
    "country": "Ecuador"
  },
  {
    "username": "storiesforgen",
    "followingArtist": "Disney Music",
    "country_code": "US",
    "country": "USA"
  },
  {
    "username": "DisneyEntrprses",
    "followingArtist": "Disney Music",
    "country_code": "US",
    "country": "USA"
  },
  {
    "username": "ElliottMaxwell7",
    "followingArtist": "Disney Music",
    "country_code": "NL",
    "country": "Netherlands"
  },
  {
    "username": "novitaekawardh1",
    "followingArtist": "Disney Music",
    "country_code": "ID",
    "country": "Indonesia"
  },
  {
    "username": "noodle_jpeg",
    "followingArtist": "Disney Music",
    "country_code": "NO",
    "country": "Norway"
  },
  {
    "username": "Lucia03659148",
    "followingArtist": "Disney Music",
    "country_code": "US",
    "country": "USA"
  },
  {
    "username": "skylike0cean",
    "followingArtist": "Disney Music",
    "country_code": "NG",
    "country": "Nigeria"
  },
  {
    "username": "hanluvbrags06",
    "followingArtist": "Disney Music",
    "country_code": "CL",
    "country": "Chile"
  },
  {
    "username": "MikeyWax",
    "followingArtist": "Disney Music",
    "country_code": "US",
    "country": "USA"
  },
  {
    "username": "Fuzion_BillnacZ",
    "followingArtist": "Disney Music",
    "country_code": "US",
    "country": "USA"
  },
  {
    "username": "limitlessmaroy",
    "followingArtist": "Disney Music",
    "country_code": "US",
    "country": "USA"
  },
  {
    "username": "IsabelaSantist3",
    "followingArtist": "Disney Music",
    "country_code": "US",
    "country": "USA"
  },
  {
    "username": "ENaimaier",
    "followingArtist": "Disney Music",
    "country_code": "PT",
    "country": "Portugal"
  },
  {
    "username": "riobaloes",
    "followingArtist": "Disney Music",
    "country_code": "BR",
    "country": "Brazil"
  },
  {
    "username": "Mouseguru2",
    "followingArtist": "Disney Music",
    "country_code": "US",
    "country": "USA"
  },
  {
    "username": "Anna25190085",
    "followingArtist": "Disney Music",
    "country_code": "ES",
    "country": "Spain"
  },
  {
    "username": "AmandaLMoen",
    "followingArtist": "Disney Music",
    "country_code": "US",
    "country": "USA"
  },
  {
    "username": "diegophvideo",
    "followingArtist": "Disney Music",
    "country_code": "US",
    "country": "USA"
  },
  {
    "username": "Amanda_Riendeau",
    "followingArtist": "Disney Music",
    "country_code": "CA",
    "country": "Canada"
  },
  {
    "username": "sussaneeeee",
    "followingArtist": "Disney Music",
    "country_code": "US",
    "country": "USA"
  },
  {
    "username": "Elisha95423788",
    "followingArtist": "Disney Music",
    "country_code": "IN",
    "country": "India"
  },
  {
    "username": "destiny2hk",
    "followingArtist": "Disney Music",
    "country_code": "DK",
    "country": "Denmark"
  },
  {
    "username": "Tamara65616729",
    "followingArtist": "Disney Music",
    "country_code": "AU",
    "country": "Australia"
  },
  {
    "username": "Megozar2725",
    "followingArtist": "Disney Music",
    "country_code": "US",
    "country": "USA"
  },
  {
    "username": "AndersonJama",
    "followingArtist": "Disney Music",
    "country_code": "US",
    "country": "USA"
  },
  {
    "username": "itsmaprang",
    "followingArtist": "Disney Music",
    "country_code": "TH",
    "country": "Thailand"
  },
  {
    "username": "Hongbo_Miao",
    "followingArtist": "Disney Music",
    "country_code": "US",
    "country": "USA"
  },
  {
    "username": "jackiep204",
    "followingArtist": "Disney Music",
    "country_code": "AU",
    "country": "Australia"
  },
  {
    "username": "_arauj0082",
    "followingArtist": "Disney Music",
    "country_code": "BR",
    "country": "Brazil"
  },
  {
    "username": "rahulsenapati94",
    "followingArtist": "Disney Music",
    "country_code": "IN",
    "country": "India"
  },
  {
    "username": "A13XI5NICH013",
    "followingArtist": "Disney Music",
    "country_code": "Maryland Park Dr",
    "country": "Maryland Park Dr"
  },
  {
    "username": "tiq_lucie",
    "followingArtist": "Disney Music",
    "country_code": "FR",
    "country": "France"
  },
  {
    "username": "Pfvrtorrao",
    "followingArtist": "Disney Music",
    "country_code": "BR",
    "country": "Brazil"
  },
  {
    "username": "khaylila_nanda",
    "followingArtist": "Disney Music",
    "country_code": "ID",
    "country": "Indonesia"
  },
  {
    "username": "Anime764456",
    "followingArtist": "Disney Music",
    "country_code": "CO",
    "country": "Colombia"
  },
  {
    "username": "SilvinoGomes2",
    "followingArtist": "Disney Music",
    "country_code": "US",
    "country": "USA"
  },
  {
    "username": "Bernade45753937",
    "followingArtist": "Disney Music",
    "country_code": "US",
    "country": "USA"
  },
  {
    "username": "dspolter",
    "followingArtist": "Disney Music",
    "country_code": "TH",
    "country": "Thailand"
  },
  {
    "username": "MsDee512",
    "followingArtist": "Disney Music",
    "country_code": "US",
    "country": "USA"
  },
  {
    "username": "SaltyMangoHead",
    "followingArtist": "Disney Music",
    "country_code": "PH",
    "country": "Philippines"
  },
  {
    "username": "mr_nl_26",
    "followingArtist": "Disney Music",
    "country_code": "IN",
    "country": "India"
  },
  {
    "username": "verdozzzzzz",
    "followingArtist": "Disney Music",
    "country_code": "ZA",
    "country": "South Africa"
  },
  {
    "username": "TheBerrysTweet",
    "followingArtist": "Disney Music",
    "country_code": "US",
    "country": "USA"
  },
  {
    "username": "TheOriginal28_",
    "followingArtist": "Disney Music",
    "country_code": "US",
    "country": "USA"
  },
  {
    "username": "kimharrismvp",
    "followingArtist": "Disney Music",
    "country_code": "US",
    "country": "USA"
  },
  {
    "username": "vroxas10",
    "followingArtist": "Disney Music",
    "country_code": "US",
    "country": "USA"
  },
  {
    "username": "PrakashParit4",
    "followingArtist": "Disney Music",
    "country_code": "IN",
    "country": "India"
  },
  {
    "username": "UMusicPub_UK",
    "followingArtist": "Disney Music",
    "country_code": "UK",
    "country": "United Kingdom"
  },
  {
    "username": "Megan17289350",
    "followingArtist": "Disney Music",
    "country_code": "US",
    "country": "USA"
  },
  {
    "username": "smplysarahsmith",
    "followingArtist": "Disney Music",
    "country_code": "US",
    "country": "USA"
  },
  {
    "username": "GaryT502",
    "followingArtist": "Disney Music",
    "country_code": "NG",
    "country": "Nigeria"
  },
  {
    "username": "Matheus92558230",
    "followingArtist": "Disney Music",
    "country_code": "FR",
    "country": "France"
  },
  {
    "username": "LyndaMessina",
    "followingArtist": "Disney Music",
    "country_code": "US",
    "country": "USA"
  },
  {
    "username": "seandun84057106",
    "followingArtist": "Disney Music",
    "country_code": "CH",
    "country": "Switzerland"
  },
  {
    "username": "mayjunegeminis",
    "followingArtist": "Disney Music",
    "country_code": "US",
    "country": "USA"
  },
  {
    "username": "luz_rivass",
    "followingArtist": "Disney Music",
    "country_code": "US",
    "country": "USA"
  },
  {
    "username": "iTiffanyMoore",
    "followingArtist": "Disney Music",
    "country_code": "US",
    "country": "USA"
  },
  {
    "username": "jasonculley",
    "followingArtist": "Disney Music",
    "country_code": "US",
    "country": "USA"
  },
  {
    "username": "JJQJr",
    "followingArtist": "Disney Music",
    "country_code": "US",
    "country": "USA"
  },
  {
    "username": "Atorrez01",
    "followingArtist": "Disney Music",
    "country_code": "US",
    "country": "USA"
  },
  {
    "username": "Theglitch___",
    "followingArtist": "Disney Music",
    "country_code": "US",
    "country": "USA"
  },
  {
    "username": "Mia07952321",
    "followingArtist": "Disney Music",
    "country_code": "PR",
    "country": "Puerto Rico"
  },
  {
    "username": "Jes012918",
    "followingArtist": "Disney Music",
    "country_code": "US",
    "country": "USA"
  },
  {
    "username": "maikol_perales",
    "followingArtist": "Disney Music",
    "country_code": "ES",
    "country": "Spain"
  },
  {
    "username": "ALIRVAcom",
    "followingArtist": "Disney Music",
    "country_code": "US",
    "country": "USA"
  },
  {
    "username": "gpamela952",
    "followingArtist": "Disney Music",
    "country_code": "GB",
    "country": "Wales"
  },
  {
    "username": "ArtByJubee",
    "followingArtist": "Disney Music",
    "country_code": "US",
    "country": "USA"
  },
  {
    "username": "Hopie07874437",
    "followingArtist": "Disney Music",
    "country_code": "US",
    "country": "USA"
  },
  {
    "username": "ScorpionKing_28",
    "followingArtist": "Disney Music",
    "country_code": "US",
    "country": "USA"
  },
  {
    "username": "_CamilaST1",
    "followingArtist": "Disney Music",
    "country_code": "US",
    "country": "USA"
  },
  {
    "username": "gscol123",
    "followingArtist": "Disney Music",
    "country_code": "CA",
    "country": "Canada"
  },
  {
    "username": "victoriarenee20",
    "followingArtist": "Disney Music",
    "country_code": "BJ",
    "country": "Benin"
  },
  {
    "username": "MelindaMotherw4",
    "followingArtist": "Disney Music",
    "country_code": "US",
    "country": "USA"
  },
  {
    "username": "Kirstybright5",
    "followingArtist": "Disney Music",
    "country_code": "UK",
    "country": "United Kingdom"
  },
  {
    "username": "itspaigeyybaby",
    "followingArtist": "Disney Music",
    "country_code": "UK",
    "country": "United Kingdom"
  },
  {
    "username": "JazImages",
    "followingArtist": "Disney Music",
    "country_code": "US",
    "country": "USA"
  },
  {
    "username": "SophieBonilla2",
    "followingArtist": "Disney Music",
    "country_code": "US",
    "country": "USA"
  },
  {
    "username": "realLukeBatten",
    "followingArtist": "Disney Music",
    "country_code": "US",
    "country": "USA"
  },
  {
    "username": "ayannapappas",
    "followingArtist": "Disney Music",
    "country_code": "Main St",
    "country": "Main St"
  },
  {
    "username": "Rafka68536629",
    "followingArtist": "Disney Music",
    "country_code": "MX",
    "country": "Mexico"
  },
  {
    "username": "yateschas1975",
    "followingArtist": "Disney Music",
    "country_code": "US",
    "country": "USA"
  },
  {
    "username": "_jakey92",
    "followingArtist": "Disney Music",
    "country_code": "UK",
    "country": "United Kingdom"
  },
  {
    "username": "Vicky_Herrera1",
    "followingArtist": "Disney Music",
    "country_code": "US",
    "country": "USA"
  },
  {
    "username": "Katness18033978",
    "followingArtist": "Disney Music",
    "country_code": "ZA",
    "country": "South Africa"
  },
  {
    "username": "skarabaeueus",
    "followingArtist": "Disney Music",
    "country_code": "DE",
    "country": "Germany"
  },
  {
    "username": "_brandoneastman",
    "followingArtist": "Disney Music",
    "country_code": "US",
    "country": "USA"
  },
  {
    "username": "CarolGuadro",
    "followingArtist": "Disney Music",
    "country_code": "SV",
    "country": "El Salvador"
  },
  {
    "username": "RealWieldimus",
    "followingArtist": "Disney Music",
    "country_code": "US",
    "country": "USA"
  },
  {
    "username": "bernardosouo",
    "followingArtist": "Disney Music",
    "country_code": "BR",
    "country": "Brazil"
  },
  {
    "username": "CatarinaLagos",
    "followingArtist": "Disney Music",
    "country_code": "BR",
    "country": "Brazil"
  },
  {
    "username": "Floor_Barrozoo",
    "followingArtist": "Disney Music",
    "country_code": "AR",
    "country": "Argentina"
  },
  {
    "username": "Nosibus55594795",
    "followingArtist": "Disney Music",
    "country_code": "AU",
    "country": "Australia"
  },
  {
    "username": "LittleDucky_WM",
    "followingArtist": "Disney Music",
    "country_code": "NL",
    "country": "Netherlands"
  },
  {
    "username": "ChantalMenardxo",
    "followingArtist": "Disney Music",
    "country_code": "CA",
    "country": "Canada"
  },
  {
    "username": "leilalovasz1",
    "followingArtist": "Disney Music",
    "country_code": "HU",
    "country": "Hungary"
  },
  {
    "username": "dr_ice_mc2",
    "followingArtist": "Disney Music",
    "country_code": "QA",
    "country": "Qatar"
  },
  {
    "username": "Thecrazychicke6",
    "followingArtist": "Disney Music",
    "country_code": "GB",
    "country": "Wales"
  },
  {
    "username": "TylerBr61600898",
    "followingArtist": "Disney Music",
    "country_code": "US",
    "country": "USA"
  },
  {
    "username": "Charriess",
    "followingArtist": "Disney Music",
    "country_code": "US",
    "country": "USA"
  },
  {
    "username": "ToledaPritchett",
    "followingArtist": "Disney Music",
    "country_code": "GB",
    "country": "Wales"
  },
  {
    "username": "razaneadra",
    "followingArtist": "Disney Music",
    "country_code": "SA",
    "country": "Saudi Arabia"
  },
  {
    "username": "lauradaphinie",
    "followingArtist": "Disney Music",
    "country_code": "US",
    "country": "USA"
  },
  {
    "username": "ZPyrtova",
    "followingArtist": "Disney Music",
    "country_code": "US",
    "country": "USA"
  },
  {
    "username": "DmDoreenmunini",
    "followingArtist": "Disney Music",
    "country_code": "KE",
    "country": "Kenya"
  },
  {
    "username": "GabyGabo19",
    "followingArtist": "Disney Music",
    "country_code": "ES",
    "country": "Spain"
  },
  {
    "username": "malak_mohhamed",
    "followingArtist": "Disney Music",
    "country_code": "JO",
    "country": "Jordan"
  },
  {
    "username": "kevz_paul",
    "followingArtist": "Disney Music",
    "country_code": "PH",
    "country": "Philippines"
  },
  {
    "username": "serendipity2w",
    "followingArtist": "Disney Music",
    "country_code": "US",
    "country": "USA"
  },
  {
    "username": "Angie736090711",
    "followingArtist": "Disney Music",
    "country_code": "US",
    "country": "USA"
  },
  {
    "username": "disnerdkitten",
    "followingArtist": "Disney Music",
    "country_code": "US",
    "country": "USA"
  },
  {
    "username": "PuppyMama95",
    "followingArtist": "Disney Music",
    "country_code": "US",
    "country": "USA"
  },
  {
    "username": "juleaganda",
    "followingArtist": "Disney Music",
    "country_code": "PH",
    "country": "Philippines"
  },
  {
    "username": "Liz15059701",
    "followingArtist": "Disney Music",
    "country_code": "PR",
    "country": "Puerto Rico"
  },
  {
    "username": "SamuelDuchesne9",
    "followingArtist": "Disney Music",
    "country_code": "CA",
    "country": "Canada"
  },
  {
    "username": "SassyC2323",
    "followingArtist": "Disney Music",
    "country_code": "US",
    "country": "USA"
  },
  {
    "username": "AngieRu71183693",
    "followingArtist": "Disney Music",
    "country_code": "US",
    "country": "USA"
  },
  {
    "username": "crystalforjesus",
    "followingArtist": "Disney Music",
    "country_code": "US",
    "country": "USA"
  },
  {
    "username": "ShilanGholami",
    "followingArtist": "Disney Music",
    "country_code": "UK",
    "country": "United Kingdom"
  },
  {
    "username": "fahim_78",
    "followingArtist": "Disney Music",
    "country_code": "IN",
    "country": "India"
  },
  {
    "username": "baraniprasath97",
    "followingArtist": "Disney Music",
    "country_code": "IN",
    "country": "India"
  },
  {
    "username": "cynthia64260974",
    "followingArtist": "Disney Music",
    "country_code": "US",
    "country": "USA"
  },
  {
    "username": "APerkDisGirl87",
    "followingArtist": "Disney Music",
    "country_code": "US",
    "country": "USA"
  },
  {
    "username": "melannie1906",
    "followingArtist": "Disney Music",
    "country_code": "ES",
    "country": "Spain"
  },
  {
    "username": "geozaxari",
    "followingArtist": "Disney Music",
    "country_code": "GR",
    "country": "Greece"
  },
  {
    "username": "Sapphire_Mighty",
    "followingArtist": "Disney Music",
    "country_code": "TT",
    "country": "Trinidad and Tobago"
  },
  {
    "username": "stephyg45",
    "followingArtist": "Disney Music",
    "country_code": "NO",
    "country": "Norway"
  },
  {
    "username": "mireiamorgan521",
    "followingArtist": "Disney Music",
    "country_code": "ES",
    "country": "Spain"
  },
  {
    "username": "MbasaSiphokuhle",
    "followingArtist": "Disney Music",
    "country_code": "BJ",
    "country": "Benin"
  },
  {
    "username": "mireia43134452",
    "followingArtist": "Disney Music",
    "country_code": "ES",
    "country": "Spain"
  },
  {
    "username": "Fatimag92068624",
    "followingArtist": "Disney Music",
    "country_code": "NL",
    "country": "Netherlands"
  },
  {
    "username": "karelysmendoz13",
    "followingArtist": "Disney Music",
    "country_code": "IR",
    "country": "Iran"
  },
  {
    "username": "fitzlovesjemma",
    "followingArtist": "Disney Music",
    "country_code": "BR",
    "country": "Brazil"
  },
  {
    "username": "DianaVeronik",
    "followingArtist": "Disney Music",
    "country_code": "EC",
    "country": "Ecuador"
  },
  {
    "username": "BigMike17708630",
    "followingArtist": "Disney Music",
    "country_code": "BR",
    "country": "Brazil"
  },
  {
    "username": "gotoinorlando",
    "followingArtist": "Disney Music",
    "country_code": "US",
    "country": "USA"
  },
  {
    "username": "93AlyMarie",
    "followingArtist": "Disney Music",
    "country_code": "Hawi Rd",
    "country": "Hawi Rd"
  },
  {
    "username": "hufflepufflovr",
    "followingArtist": "Disney Music",
    "country_code": "US",
    "country": "USA"
  },
  {
    "username": "daalexcadi",
    "followingArtist": "Disney Music",
    "country_code": "PE",
    "country": "Peru"
  },
  {
    "username": "Dr_M_Issa",
    "followingArtist": "Disney Music",
    "country_code": "EG",
    "country": "Egypt"
  },
  {
    "username": "dayavega2012",
    "followingArtist": "Disney Music",
    "country_code": "PT",
    "country": "Portugal"
  },
  {
    "username": "Luxx_007",
    "followingArtist": "Disney Music",
    "country_code": "US",
    "country": "USA"
  },
  {
    "username": "AlanAquinoR",
    "followingArtist": "Disney Music",
    "country_code": "US",
    "country": "USA"
  },
  {
    "username": "ngelaJimnez8",
    "followingArtist": "Disney Music",
    "country_code": "PH",
    "country": "Philippines"
  },
  {
    "username": "Luxielena",
    "followingArtist": "Disney Music",
    "country_code": "MX",
    "country": "Mexico"
  },
  {
    "username": "Bobbi32456088",
    "followingArtist": "Disney Music",
    "country_code": "US",
    "country": "USA"
  },
  {
    "username": "Stephan63875036",
    "followingArtist": "Disney Music",
    "country_code": "US",
    "country": "USA"
  },
  {
    "username": "its__emelie",
    "followingArtist": "Disney Music",
    "country_code": "SE",
    "country": "Sweden"
  },
  {
    "username": "Paullined",
    "followingArtist": "Disney Music",
    "country_code": "GB",
    "country": "Wales"
  },
  {
    "username": "fanJDBM",
    "followingArtist": "Disney Music",
    "country_code": "US",
    "country": "USA"
  },
  {
    "username": "livingstonmckay",
    "followingArtist": "Disney Music",
    "country_code": "US",
    "country": "USA"
  },
  {
    "username": "ThinkTankSch",
    "followingArtist": "Disney Music",
    "country_code": "California City Blvd",
    "country": "California City Blvd"
  },
  {
    "username": "Karen_Angeles27",
    "followingArtist": "Disney Music",
    "country_code": "PE",
    "country": "Peru"
  },
  {
    "username": "VanesaToro2001",
    "followingArtist": "Disney Music",
    "country_code": "US",
    "country": "USA"
  },
  {
    "username": "JackieMoseley4",
    "followingArtist": "Disney Music",
    "country_code": "GB",
    "country": "Wales"
  },
  {
    "username": "mydsnylife",
    "followingArtist": "Disney Music",
    "country_code": "US",
    "country": "USA"
  },
  {
    "username": "WilliamsManii",
    "followingArtist": "Disney Music",
    "country_code": "Maryland Park Dr",
    "country": "Maryland Park Dr"
  },
  {
    "username": "jessica89210974",
    "followingArtist": "Disney Music",
    "country_code": "PH",
    "country": "Philippines"
  },
  {
    "username": "nawaf_saleh_86",
    "followingArtist": "Disney Music",
    "country_code": "SA",
    "country": "Saudi Arabia"
  },
  {
    "username": "wendizney",
    "followingArtist": "Disney Music",
    "country_code": "US",
    "country": "USA"
  },
  {
    "username": "sashibro25",
    "followingArtist": "Disney Music",
    "country_code": "IN",
    "country": "India"
  },
  {
    "username": "blueeyeddeary",
    "followingArtist": "Disney Music",
    "country_code": "US",
    "country": "USA"
  },
  {
    "username": "jarrar_yara",
    "followingArtist": "Disney Music",
    "country_code": "JO",
    "country": "Jordan"
  },
  {
    "username": "CarolAnnBoweJMS",
    "followingArtist": "Disney Music",
    "country_code": "PT",
    "country": "Portugal"
  },
  {
    "username": "GoNerdYourself",
    "followingArtist": "Disney Music",
    "country_code": "BR",
    "country": "Brazil"
  },
  {
    "username": "LOTMpodcast",
    "followingArtist": "Disney Music",
    "country_code": "US",
    "country": "USA"
  },
  {
    "username": "Jessica52296744",
    "followingArtist": "Disney Music",
    "country_code": "NL",
    "country": "Netherlands"
  },
  {
    "username": "lidia_jimena75",
    "followingArtist": "Disney Music",
    "country_code": "MX",
    "country": "Mexico"
  },
  {
    "username": "doraisa14",
    "followingArtist": "Disney Music",
    "country_code": "BR",
    "country": "Brazil"
  },
  {
    "username": "Douglaswrenn1",
    "followingArtist": "Disney Music",
    "country_code": "US",
    "country": "USA"
  },
  {
    "username": "snapeph",
    "followingArtist": "Disney Music",
    "country_code": "US",
    "country": "USA"
  },
  {
    "username": "EEliphat",
    "followingArtist": "Disney Music",
    "country_code": "BJ",
    "country": "Benin"
  },
  {
    "username": "SummerAllison25",
    "followingArtist": "Disney Music",
    "country_code": "US",
    "country": "USA"
  },
  {
    "username": "DulceCarbajal0",
    "followingArtist": "Disney Music",
    "country_code": "MX",
    "country": "Mexico"
  },
  {
    "username": "TVMusicNetwork",
    "followingArtist": "Disney Music",
    "country_code": "NG",
    "country": "Nigeria"
  },
  {
    "username": "Cbsmj518",
    "followingArtist": "Disney Music",
    "country_code": "US",
    "country": "USA"
  },
  {
    "username": "mk256858",
    "followingArtist": "Disney Music",
    "country_code": "IN",
    "country": "India"
  },
  {
    "username": "dsn_kmchtk",
    "followingArtist": "Disney Music",
    "country_code": "US",
    "country": "USA"
  },
  {
    "username": "view35films",
    "followingArtist": "Disney Music",
    "country_code": "UK",
    "country": "United Kingdom"
  },
  {
    "username": "Andreac56789",
    "followingArtist": "Disney Music",
    "country_code": "MX",
    "country": "Mexico"
  },
  {
    "username": "Ruggarolista4",
    "followingArtist": "Disney Music",
    "country_code": "YT",
    "country": "Mayotte"
  },
  {
    "username": "Dulcecarbajal01",
    "followingArtist": "Disney Music",
    "country_code": "MX",
    "country": "Mexico"
  },
  {
    "username": "MsEnvyJingles",
    "followingArtist": "Disney Music",
    "country_code": "US",
    "country": "USA"
  },
  {
    "username": "Haydeebarra31",
    "followingArtist": "Disney Music",
    "country_code": "CL",
    "country": "Chile"
  },
  {
    "username": "CameronJarman7",
    "followingArtist": "Disney Music",
    "country_code": "GB",
    "country": "Wales"
  },
  {
    "username": "krymar_",
    "followingArtist": "Disney Music",
    "country_code": "PR",
    "country": "Puerto Rico"
  },
  {
    "username": "SophieLouise032",
    "followingArtist": "Disney Music",
    "country_code": "UK",
    "country": "United Kingdom"
  },
  {
    "username": "MaryRoseCJC",
    "followingArtist": "Disney Music",
    "country_code": "FR",
    "country": "France"
  },
  {
    "username": "braham_amy",
    "followingArtist": "Disney Music",
    "country_code": "US",
    "country": "USA"
  },
  {
    "username": "irtsjulia",
    "followingArtist": "Disney Music",
    "country_code": "BR",
    "country": "Brazil"
  },
  {
    "username": "djuniperd",
    "followingArtist": "Disney Music",
    "country_code": "IT",
    "country": "Italy"
  },
  {
    "username": "vegasbling",
    "followingArtist": "Disney Music",
    "country_code": "US",
    "country": "USA"
  },
  {
    "username": "Katli49962615",
    "followingArtist": "Disney Music",
    "country_code": "ZA",
    "country": "South Africa"
  },
  {
    "username": "duarteinsights",
    "followingArtist": "Disney Music",
    "country_code": "NG",
    "country": "Nigeria"
  },
  {
    "username": "hauteashell_",
    "followingArtist": "Disney Music",
    "country_code": "BJ",
    "country": "Benin"
  },
  {
    "username": "PAOLAISABELFAN1",
    "followingArtist": "Disney Music",
    "country_code": "ES",
    "country": "Spain"
  },
  {
    "username": "TylerWi29729399",
    "followingArtist": "Disney Music",
    "country_code": "NG",
    "country": "Nigeria"
  },
  {
    "username": "smcalcutt",
    "followingArtist": "Disney Music",
    "country_code": "IT",
    "country": "Italy"
  },
  {
    "username": "x2dancemom",
    "followingArtist": "Disney Music",
    "country_code": "US",
    "country": "USA"
  },
  {
    "username": "BurtonBrown",
    "followingArtist": "Disney Music",
    "country_code": "US",
    "country": "USA"
  },
  {
    "username": "JacksonEbonye",
    "followingArtist": "Disney Music",
    "country_code": "US",
    "country": "USA"
  },
  {
    "username": "BONGAGU87",
    "followingArtist": "Disney Music",
    "country_code": "ZA",
    "country": "South Africa"
  },
  {
    "username": "icanfly_icanfly",
    "followingArtist": "Disney Music",
    "country_code": "US",
    "country": "USA"
  },
  {
    "username": "ribombo12",
    "followingArtist": "Disney Music",
    "country_code": "CD",
    "country": "Democratic Republic of Congo"
  },
  {
    "username": "tainamatli",
    "followingArtist": "Disney Music",
    "country_code": "BJ",
    "country": "Benin"
  },
  {
    "username": "Tucker10773965",
    "followingArtist": "Disney Music",
    "country_code": "Pennsylvania Furnace Rd",
    "country": "Pennsylvania Furnace Rd"
  },
  {
    "username": "amarsh1295",
    "followingArtist": "Disney Music",
    "country_code": "US",
    "country": "USA"
  },
  {
    "username": "price_andrianna",
    "followingArtist": "Disney Music",
    "country_code": "NG",
    "country": "Nigeria"
  },
  {
    "username": "gradconn",
    "followingArtist": "Disney Music",
    "country_code": "US",
    "country": "USA"
  },
  {
    "username": "AndrewL70225950",
    "followingArtist": "Disney Music",
    "country_code": "Maryland Park Dr",
    "country": "Maryland Park Dr"
  },
  {
    "username": "MosiyaNeo",
    "followingArtist": "Disney Music",
    "country_code": "BJ",
    "country": "Benin"
  },
  {
    "username": "yrnjayvion",
    "followingArtist": "Disney Music",
    "country_code": "US",
    "country": "USA"
  },
  {
    "username": "valpini13",
    "followingArtist": "Disney Music",
    "country_code": "US",
    "country": "USA"
  },
  {
    "username": "molloyamber7",
    "followingArtist": "Disney Music",
    "country_code": "GB",
    "country": "Wales"
  },
  {
    "username": "pmariedismsr",
    "followingArtist": "Disney Music",
    "country_code": "Pennsylvania Furnace Rd",
    "country": "Pennsylvania Furnace Rd"
  },
  {
    "username": "Ifaz2409",
    "followingArtist": "Disney Music",
    "country_code": "ID",
    "country": "Indonesia"
  },
  {
    "username": "Gaiarosa4",
    "followingArtist": "Disney Music",
    "country_code": "TR",
    "country": "Turkey"
  },
  {
    "username": "Kutloan85476415",
    "followingArtist": "Disney Music",
    "country_code": "ZA",
    "country": "South Africa"
  },
  {
    "username": "Katleho31052865",
    "followingArtist": "Disney Music",
    "country_code": "ZA",
    "country": "South Africa"
  },
  {
    "username": "kelseysprenger",
    "followingArtist": "Disney Music",
    "country_code": "US",
    "country": "USA"
  },
  {
    "username": "antonettegaile",
    "followingArtist": "Disney Music",
    "country_code": "US",
    "country": "USA"
  },
  {
    "username": "GiftedSurprise",
    "followingArtist": "Disney Music",
    "country_code": "US",
    "country": "USA"
  },
  {
    "username": "KatieAnneKAR",
    "followingArtist": "Disney Music",
    "country_code": "NG",
    "country": "Nigeria"
  },
  {
    "username": "MafucciMalena",
    "followingArtist": "Disney Music",
    "country_code": "US",
    "country": "USA"
  },
  {
    "username": "JorgeBaleta23",
    "followingArtist": "Disney Music",
    "country_code": "CO",
    "country": "Colombia"
  },
  {
    "username": "DGMiller7693",
    "followingArtist": "Disney Music",
    "country_code": "US",
    "country": "USA"
  },
  {
    "username": "Cin80741504",
    "followingArtist": "Disney Music",
    "country_code": "BR",
    "country": "Brazil"
  },
  {
    "username": "Ama3rylis_",
    "followingArtist": "Disney Music",
    "country_code": "BR",
    "country": "Brazil"
  },
  {
    "username": "StitchBumblebe",
    "followingArtist": "Disney Music",
    "country_code": "PT",
    "country": "Portugal"
  },
  {
    "username": "Derrick81559912",
    "followingArtist": "Disney Music",
    "country_code": "US",
    "country": "USA"
  },
  {
    "username": "_fansdelakarola",
    "followingArtist": "Disney Music",
    "country_code": "US",
    "country": "USA"
  },
  {
    "username": "lounkotb",
    "followingArtist": "Disney Music",
    "country_code": "UK",
    "country": "United Kingdom"
  },
  {
    "username": "Mom2ERK",
    "followingArtist": "Disney Music",
    "country_code": "US",
    "country": "USA"
  },
  {
    "username": "karla__hernandz",
    "followingArtist": "Disney Music",
    "country_code": "MX",
    "country": "Mexico"
  },
  {
    "username": "katherinascoh",
    "followingArtist": "Disney Music",
    "country_code": "PT",
    "country": "Portugal"
  },
  {
    "username": "revealthemagic",
    "followingArtist": "Disney Music",
    "country_code": "US",
    "country": "USA"
  },
  {
    "username": "AtbMovement19",
    "followingArtist": "Disney Music",
    "country_code": "NG",
    "country": "Nigeria"
  },
  {
    "username": "eslodki",
    "followingArtist": "Disney Music",
    "country_code": "US",
    "country": "USA"
  },
  {
    "username": "Keke0630919927",
    "followingArtist": "Disney Music",
    "country_code": "US",
    "country": "USA"
  },
  {
    "username": "ThHug0",
    "followingArtist": "Disney Music",
    "country_code": "FR",
    "country": "France"
  },
  {
    "username": "jeortegons",
    "followingArtist": "Disney Music",
    "country_code": "CO",
    "country": "Colombia"
  },
  {
    "username": "yaydisneytweets",
    "followingArtist": "Disney Music",
    "country_code": "US",
    "country": "USA"
  },
  {
    "username": "Mphoriaaza",
    "followingArtist": "Disney Music",
    "country_code": "ZA",
    "country": "South Africa"
  },
  {
    "username": "DemKirbz",
    "followingArtist": "Disney Music",
    "country_code": "US",
    "country": "USA"
  },
  {
    "username": "LohCosta123",
    "followingArtist": "Disney Music",
    "country_code": "BR",
    "country": "Brazil"
  },
  {
    "username": "Beluulorenz1",
    "followingArtist": "Disney Music",
    "country_code": "AR",
    "country": "Argentina"
  },
  {
    "username": "Hayleyrbrown",
    "followingArtist": "Disney Music",
    "country_code": "AU",
    "country": "Australia"
  },
  {
    "username": "LuisPaz85163296",
    "followingArtist": "Disney Music",
    "country_code": "MX",
    "country": "Mexico"
  },
  {
    "username": "Tracyd90161",
    "followingArtist": "Disney Music",
    "country_code": "Arkansas St",
    "country": "Arkansas St"
  },
  {
    "username": "ziftydg",
    "followingArtist": "Disney Music",
    "country_code": "US",
    "country": "USA"
  },
  {
    "username": "MWT_Christina",
    "followingArtist": "Disney Music",
    "country_code": "Maryland Park Dr",
    "country": "Maryland Park Dr"
  },
  {
    "username": "Helloitsjimmy",
    "followingArtist": "Disney Music",
    "country_code": "US",
    "country": "USA"
  },
  {
    "username": "CreationsHannah",
    "followingArtist": "Disney Music",
    "country_code": "US",
    "country": "USA"
  },
  {
    "username": "vaalentinatuvi",
    "followingArtist": "Disney Music",
    "country_code": "UY",
    "country": "Uruguay"
  },
  {
    "username": "DavidDPollock",
    "followingArtist": "Disney Music",
    "country_code": "US",
    "country": "USA"
  },
  {
    "username": "simply_shantele",
    "followingArtist": "Disney Music",
    "country_code": "US",
    "country": "USA"
  },
  {
    "username": "FilmTruckMedia",
    "followingArtist": "Disney Music",
    "country_code": "AU",
    "country": "Australia"
  },
  {
    "username": "Na_dia_girl",
    "followingArtist": "Disney Music",
    "country_code": "US",
    "country": "USA"
  },
  {
    "username": "imanilenae_",
    "followingArtist": "Disney Music",
    "country_code": "US",
    "country": "USA"
  },
  {
    "username": "nakaharahatara",
    "followingArtist": "Disney Music",
    "country_code": "CO",
    "country": "Colombia"
  },
  {
    "username": "HannahHarman5",
    "followingArtist": "Disney Music",
    "country_code": "US",
    "country": "USA"
  },
  {
    "username": "sajwat93",
    "followingArtist": "Disney Music",
    "country_code": "US",
    "country": "USA"
  },
  {
    "username": "jerlg",
    "followingArtist": "Disney Music",
    "country_code": "US",
    "country": "USA"
  },
  {
    "username": "Alexarose11",
    "followingArtist": "Disney Music",
    "country_code": "CA",
    "country": "Canada"
  },
  {
    "username": "TheStevieD555",
    "followingArtist": "Disney Music",
    "country_code": "GB",
    "country": "Wales"
  },
  {
    "username": "analianabelreta",
    "followingArtist": "Disney Music",
    "country_code": "PE",
    "country": "Peru"
  },
  {
    "username": "Jmlove90",
    "followingArtist": "Disney Music",
    "country_code": "US",
    "country": "USA"
  },
  {
    "username": "mr_gwapito101",
    "followingArtist": "Disney Music",
    "country_code": "US",
    "country": "USA"
  },
  {
    "username": "Henry26243981",
    "followingArtist": "Disney Music",
    "country_code": "US",
    "country": "USA"
  },
  {
    "username": "MoniLives",
    "followingArtist": "Disney Music",
    "country_code": "NG",
    "country": "Nigeria"
  },
  {
    "username": "Lisha75295550",
    "followingArtist": "Disney Music",
    "country_code": "ZA",
    "country": "South Africa"
  },
  {
    "username": "dylancinjee",
    "followingArtist": "Disney Music",
    "country_code": "BR",
    "country": "Brazil"
  },
  {
    "username": "iNicolsita",
    "followingArtist": "Disney Music",
    "country_code": "US",
    "country": "USA"
  },
  {
    "username": "LuanaLpez10",
    "followingArtist": "Disney Music",
    "country_code": "PY",
    "country": "Paraguay"
  },
  {
    "username": "Adam_OClay",
    "followingArtist": "Disney Music",
    "country_code": "US",
    "country": "USA"
  },
  {
    "username": "katherineh1128",
    "followingArtist": "Disney Music",
    "country_code": "US",
    "country": "USA"
  },
  {
    "username": "Rachael24674944",
    "followingArtist": "Disney Music",
    "country_code": "US",
    "country": "USA"
  },
  {
    "username": "HippyDisneyGuy",
    "followingArtist": "Disney Music",
    "country_code": "US",
    "country": "USA"
  },
  {
    "username": "starkjedi3",
    "followingArtist": "Disney Music",
    "country_code": "NG",
    "country": "Nigeria"
  },
  {
    "username": "_winchster_",
    "followingArtist": "Disney Music",
    "country_code": "California City Blvd",
    "country": "California City Blvd"
  },
  {
    "username": "misssomer1",
    "followingArtist": "Disney Music",
    "country_code": "US",
    "country": "USA"
  },
  {
    "username": "HiroRichards202",
    "followingArtist": "Disney Music",
    "country_code": "PH",
    "country": "Philippines"
  },
  {
    "username": "sassyred1220",
    "followingArtist": "Disney Music",
    "country_code": "US",
    "country": "USA"
  },
  {
    "username": "Moni2435",
    "followingArtist": "Disney Music",
    "country_code": "MX",
    "country": "Mexico"
  },
  {
    "username": "brest526",
    "followingArtist": "Disney Music",
    "country_code": "BR",
    "country": "Brazil"
  },
  {
    "username": "Guntasm3",
    "followingArtist": "Disney Music",
    "country_code": "US",
    "country": "USA"
  },
  {
    "username": "MVPKat",
    "followingArtist": "Disney Music",
    "country_code": "US",
    "country": "USA"
  },
  {
    "username": "ahanachakra_93",
    "followingArtist": "Disney Music",
    "country_code": "US",
    "country": "USA"
  },
  {
    "username": "WayneManorCave",
    "followingArtist": "Disney Music",
    "country_code": "GB",
    "country": "Wales"
  },
  {
    "username": "Vukona54713058",
    "followingArtist": "Disney Music",
    "country_code": "ZA",
    "country": "South Africa"
  },
  {
    "username": "Pitso58220300",
    "followingArtist": "Disney Music",
    "country_code": "ZA",
    "country": "South Africa"
  },
  {
    "username": "DyorQueen",
    "followingArtist": "Disney Music",
    "country_code": "CO",
    "country": "Colombia"
  },
  {
    "username": "Plzrlax",
    "followingArtist": "Disney Music",
    "country_code": "BR",
    "country": "Brazil"
  },
  {
    "username": "Maryalissaaaa",
    "followingArtist": "Disney Music",
    "country_code": "NZ",
    "country": "Aotearoa"
  },
  {
    "username": "CarrieNyuChan88",
    "followingArtist": "Disney Music",
    "country_code": "US",
    "country": "USA"
  },
  {
    "username": "loveena_simon",
    "followingArtist": "Disney Music",
    "country_code": "GB",
    "country": "Wales"
  },
  {
    "username": "HannahT07",
    "followingArtist": "Disney Music",
    "country_code": "AU",
    "country": "Australia"
  },
  {
    "username": "bbastiendisney",
    "followingArtist": "Disney Music",
    "country_code": "US",
    "country": "USA"
  },
  {
    "username": "dlsolomon24",
    "followingArtist": "Disney Music",
    "country_code": "US",
    "country": "USA"
  },
  {
    "username": "Crusador11",
    "followingArtist": "Disney Music",
    "country_code": "US",
    "country": "USA"
  },
  {
    "username": "FURNER82",
    "followingArtist": "Disney Music",
    "country_code": "US",
    "country": "USA"
  },
  {
    "username": "carlosdsoria014",
    "followingArtist": "Disney Music",
    "country_code": "BR",
    "country": "Brazil"
  },
  {
    "username": "dcatourupdates",
    "followingArtist": "Disney Music",
    "country_code": "US",
    "country": "USA"
  },
  {
    "username": "natethegreat736",
    "followingArtist": "Disney Music",
    "country_code": "US",
    "country": "USA"
  },
  {
    "username": "HollyRMumford",
    "followingArtist": "Disney Music",
    "country_code": "GB",
    "country": "Wales"
  },
  {
    "username": "thecardswedrew",
    "followingArtist": "Disney Music",
    "country_code": "US",
    "country": "USA"
  },
  {
    "username": "tracklistOST",
    "followingArtist": "Disney Music",
    "country_code": "US",
    "country": "USA"
  },
  {
    "username": "curesam",
    "followingArtist": "Disney Music",
    "country_code": "GB",
    "country": "Wales"
  },
  {
    "username": "GwihanPark",
    "followingArtist": "Disney Music",
    "country_code": "BJ",
    "country": "Benin"
  },
  {
    "username": "vyroreidory",
    "followingArtist": "Disney Music",
    "country_code": "PY",
    "country": "Paraguay"
  },
  {
    "username": "worldofJAMJAM",
    "followingArtist": "Disney Music",
    "country_code": "US",
    "country": "USA"
  },
  {
    "username": "EuAmoC0xinha",
    "followingArtist": "Disney Music",
    "country_code": "BR",
    "country": "Brazil"
  },
  {
    "username": "juc3m4g0",
    "followingArtist": "Disney Music",
    "country_code": "US",
    "country": "USA"
  },
  {
    "username": "Nathaly75036525",
    "followingArtist": "Disney Music",
    "country_code": "US",
    "country": "USA"
  },
  {
    "username": "KassyKat115",
    "followingArtist": "Disney Music",
    "country_code": "US",
    "country": "USA"
  },
  {
    "username": "srogers4216",
    "followingArtist": "Disney Music",
    "country_code": "US",
    "country": "USA"
  },
  {
    "username": "MICKEYPEREZ_1",
    "followingArtist": "Disney Music",
    "country_code": "ES",
    "country": "Spain"
  },
  {
    "username": "SaNiyah95126302",
    "followingArtist": "Disney Music",
    "country_code": "Tennessee Ave",
    "country": "Tennessee Ave"
  },
  {
    "username": "ciarastevens33",
    "followingArtist": "Disney Music",
    "country_code": "US",
    "country": "USA"
  },
  {
    "username": "PixxieDust86",
    "followingArtist": "Disney Music",
    "country_code": "US",
    "country": "USA"
  },
  {
    "username": "plsstandclear",
    "followingArtist": "Disney Music",
    "country_code": "US",
    "country": "USA"
  },
  {
    "username": "UTJollyRoger",
    "followingArtist": "Disney Music",
    "country_code": "US",
    "country": "USA"
  },
  {
    "username": "TakeMyHandTrvl",
    "followingArtist": "Disney Music",
    "country_code": "US",
    "country": "USA"
  },
  {
    "username": "OrlandoAirbnb",
    "followingArtist": "Disney Music",
    "country_code": "US",
    "country": "USA"
  },
  {
    "username": "Cinthya_ruano",
    "followingArtist": "Disney Music",
    "country_code": "NL",
    "country": "Netherlands"
  },
  {
    "username": "angelaroseeee_",
    "followingArtist": "Disney Music",
    "country_code": "CZ",
    "country": "Czech Republic"
  },
  {
    "username": "sidd_abd",
    "followingArtist": "Disney Music",
    "country_code": "PK",
    "country": "Pakistan"
  },
  {
    "username": "Tshepo97045348",
    "followingArtist": "Disney Music",
    "country_code": "ZA",
    "country": "South Africa"
  },
  {
    "username": "greendayfan55",
    "followingArtist": "Disney Music",
    "country_code": "US",
    "country": "USA"
  },
  {
    "username": "ArispeDestiny",
    "followingArtist": "Disney Music",
    "country_code": "US",
    "country": "USA"
  },
  {
    "username": "KeiilaUG",
    "followingArtist": "Disney Music",
    "country_code": "MX",
    "country": "Mexico"
  },
  {
    "username": "IndiraBiswas16",
    "followingArtist": "Disney Music",
    "country_code": "IN",
    "country": "India"
  },
  {
    "username": "PaulSeria",
    "followingArtist": "Disney Music",
    "country_code": "PH",
    "country": "Philippines"
  },
  {
    "username": "snfadilahh",
    "followingArtist": "Disney Music",
    "country_code": "ID",
    "country": "Indonesia"
  },
  {
    "username": "PennyLooWho",
    "followingArtist": "Disney Music",
    "country_code": "US",
    "country": "USA"
  },
  {
    "username": "chefwillbeats",
    "followingArtist": "Disney Music",
    "country_code": "California City Blvd",
    "country": "California City Blvd"
  },
  {
    "username": "SolarGalOrtiz",
    "followingArtist": "Disney Music",
    "country_code": "US",
    "country": "USA"
  },
  {
    "username": "Clauvet_8514",
    "followingArtist": "Disney Music",
    "country_code": "US",
    "country": "USA"
  },
  {
    "username": "cunningham2leah",
    "followingArtist": "Disney Music",
    "country_code": "US",
    "country": "USA"
  },
  {
    "username": "KaylaYo78218954",
    "followingArtist": "Disney Music",
    "country_code": "US",
    "country": "USA"
  },
  {
    "username": "RaquelmenezesN2",
    "followingArtist": "Disney Music",
    "country_code": "CU",
    "country": "Cuba"
  },
  {
    "username": "_AlenaWard",
    "followingArtist": "Disney Music",
    "country_code": "US",
    "country": "USA"
  },
  {
    "username": "icecoldzminnie",
    "followingArtist": "Disney Music",
    "country_code": "US",
    "country": "USA"
  },
  {
    "username": "zenerexbernas",
    "followingArtist": "Disney Music",
    "country_code": "IR",
    "country": "Iran"
  },
  {
    "username": "CristianaBucata",
    "followingArtist": "Disney Music",
    "country_code": "GR",
    "country": "Greece"
  },
  {
    "username": "JadeSt0n3",
    "followingArtist": "Disney Music",
    "country_code": "Tennessee Ave",
    "country": "Tennessee Ave"
  },
  {
    "username": "GaneshBhantana2",
    "followingArtist": "Disney Music",
    "country_code": "NG",
    "country": "Nigeria"
  },
  {
    "username": "Nohemi98499667",
    "followingArtist": "Disney Music",
    "country_code": "NL",
    "country": "Netherlands"
  },
  {
    "username": "IsmaelAdrianSa1",
    "followingArtist": "Disney Music",
    "country_code": "AR",
    "country": "Argentina"
  },
  {
    "username": "sandracclayton",
    "followingArtist": "Disney Music",
    "country_code": "US",
    "country": "USA"
  },
  {
    "username": "Goldenbird13",
    "followingArtist": "Disney Music",
    "country_code": "NL",
    "country": "Netherlands"
  },
  {
    "username": "dkim04",
    "followingArtist": "Disney Music",
    "country_code": "US",
    "country": "USA"
  },
  {
    "username": "anuhsevilla",
    "followingArtist": "Disney Music",
    "country_code": "US",
    "country": "USA"
  },
  {
    "username": "adaptablemouse",
    "followingArtist": "Disney Music",
    "country_code": "US",
    "country": "USA"
  },
  {
    "username": "itsacrocodile",
    "followingArtist": "Disney Music",
    "country_code": "US",
    "country": "USA"
  },
  {
    "username": "bejdo_lorena",
    "followingArtist": "Disney Music",
    "country_code": "UK",
    "country": "United Kingdom"
  },
  {
    "username": "SpookyStormy",
    "followingArtist": "Disney Music",
    "country_code": "US",
    "country": "USA"
  },
  {
    "username": "Vitria09272519",
    "followingArtist": "Disney Music",
    "country_code": "BR",
    "country": "Brazil"
  },
  {
    "username": "anahi_melara",
    "followingArtist": "Disney Music",
    "country_code": "NL",
    "country": "Netherlands"
  },
  {
    "username": "Lesley596611",
    "followingArtist": "Disney Music",
    "country_code": "US",
    "country": "USA"
  },
  {
    "username": "_ALIENTEETH",
    "followingArtist": "Disney Music",
    "country_code": "NG",
    "country": "Nigeria"
  },
  {
    "username": "Gise_c90",
    "followingArtist": "Disney Music",
    "country_code": "PY",
    "country": "Paraguay"
  },
  {
    "username": "PanMcevn",
    "followingArtist": "Disney Music",
    "country_code": "ZW",
    "country": "Zimbabwe"
  },
  {
    "username": "yo_estefania2",
    "followingArtist": "Disney Music",
    "country_code": "CL",
    "country": "Chile"
  },
  {
    "username": "basstiofc",
    "followingArtist": "Disney Music",
    "country_code": "CL",
    "country": "Chile"
  },
  {
    "username": "valeem97",
    "followingArtist": "Disney Music",
    "country_code": "MX",
    "country": "Mexico"
  },
  {
    "username": "abizavalaofc",
    "followingArtist": "Disney Music",
    "country_code": "NG",
    "country": "Nigeria"
  },
  {
    "username": "nazamaca5sos",
    "followingArtist": "Disney Music",
    "country_code": "FR",
    "country": "France"
  },
  {
    "username": "Rebe_123_ofc",
    "followingArtist": "Disney Music",
    "country_code": "VE",
    "country": "Venezuela"
  },
  {
    "username": "BethCncowners",
    "followingArtist": "Disney Music",
    "country_code": "MX",
    "country": "Mexico"
  },
  {
    "username": "Milenny91",
    "followingArtist": "Disney Music",
    "country_code": "US",
    "country": "USA"
  },
  {
    "username": "rochiykarol",
    "followingArtist": "Disney Music",
    "country_code": "CO",
    "country": "Colombia"
  },
  {
    "username": "jAhzEeldOs",
    "followingArtist": "Disney Music",
    "country_code": "US",
    "country": "USA"
  },
  {
    "username": "Karo22071",
    "followingArtist": "Disney Music",
    "country_code": "CO",
    "country": "Colombia"
  },
  {
    "username": "timbnurse",
    "followingArtist": "Disney Music",
    "country_code": "US",
    "country": "USA"
  },
  {
    "username": "E37OC",
    "followingArtist": "Disney Music",
    "country_code": "US",
    "country": "USA"
  },
  {
    "username": "Isabell96048559",
    "followingArtist": "Disney Music",
    "country_code": "BR",
    "country": "Brazil"
  },
  {
    "username": "Valeria07185575",
    "followingArtist": "Disney Music",
    "country_code": "MX",
    "country": "Mexico"
  },
  {
    "username": "WandaRoxana3",
    "followingArtist": "Disney Music",
    "country_code": "US",
    "country": "USA"
  },
  {
    "username": "marypinho98",
    "followingArtist": "Disney Music",
    "country_code": "VU",
    "country": "Vanuatu"
  },
  {
    "username": "Maria74495184",
    "followingArtist": "Disney Music",
    "country_code": "BR",
    "country": "Brazil"
  },
  {
    "username": "sunshinekarol_",
    "followingArtist": "Disney Music",
    "country_code": "PE",
    "country": "Peru"
  },
  {
    "username": "michelar17",
    "followingArtist": "Disney Music",
    "country_code": "IT",
    "country": "Italy"
  },
  {
    "username": "noviaderugge",
    "followingArtist": "Disney Music",
    "country_code": "IT",
    "country": "Italy"
  },
  {
    "username": "yesitacecita",
    "followingArtist": "Disney Music",
    "country_code": "US",
    "country": "USA"
  },
  {
    "username": "Nahomyguevara2",
    "followingArtist": "Disney Music",
    "country_code": "MX",
    "country": "Mexico"
  },
  {
    "username": "KarolistaFann",
    "followingArtist": "Disney Music",
    "country_code": "US",
    "country": "USA"
  },
  {
    "username": "AndreinaPotter",
    "followingArtist": "Disney Music",
    "country_code": "US",
    "country": "USA"
  },
  {
    "username": "arana_arana9",
    "followingArtist": "Disney Music",
    "country_code": "US",
    "country": "USA"
  },
  {
    "username": "Fernandagar09",
    "followingArtist": "Disney Music",
    "country_code": "US",
    "country": "USA"
  },
  {
    "username": "SevillaRuggarol",
    "followingArtist": "Disney Music",
    "country_code": "ES",
    "country": "Spain"
  },
  {
    "username": "ForevLutteo",
    "followingArtist": "Disney Music",
    "country_code": "EC",
    "country": "Ecuador"
  },
  {
    "username": "armandotort234",
    "followingArtist": "Disney Music",
    "country_code": "ES",
    "country": "Spain"
  },
  {
    "username": "JustinEstes",
    "followingArtist": "Disney Music",
    "country_code": "US",
    "country": "USA"
  },
  {
    "username": "Abigail12Sandra",
    "followingArtist": "Disney Music",
    "country_code": "PE",
    "country": "Peru"
  },
  {
    "username": "Adricalderon24",
    "followingArtist": "Disney Music",
    "country_code": "PT",
    "country": "Portugal"
  },
  {
    "username": "jennyfe01907985",
    "followingArtist": "Disney Music",
    "country_code": "NG",
    "country": "Nigeria"
  },
  {
    "username": "suarezcamila24",
    "followingArtist": "Disney Music",
    "country_code": "AR",
    "country": "Argentina"
  },
  {
    "username": "CerecedoLizeth",
    "followingArtist": "Disney Music",
    "country_code": "MX",
    "country": "Mexico"
  },
  {
    "username": "katherinea240",
    "followingArtist": "Disney Music",
    "country_code": "EC",
    "country": "Ecuador"
  },
  {
    "username": "Cayandracosta12",
    "followingArtist": "Disney Music",
    "country_code": "BR",
    "country": "Brazil"
  },
  {
    "username": "Priscil10680071",
    "followingArtist": "Disney Music",
    "country_code": "US",
    "country": "USA"
  },
  {
    "username": "Karolista_ON_3",
    "followingArtist": "Disney Music",
    "country_code": "BR",
    "country": "Brazil"
  },
  {
    "username": "JanethMarily",
    "followingArtist": "Disney Music",
    "country_code": "IT",
    "country": "Italy"
  },
  {
    "username": "maartivac",
    "followingArtist": "Disney Music",
    "country_code": "PH",
    "country": "Philippines"
  },
  {
    "username": "Arukyure22Y",
    "followingArtist": "SHOGO\uff08175R\uff09",
    "country_code": "UG",
    "country": "Uganda"
  },
  {
    "username": "SenS_of_wonder",
    "followingArtist": "SHOGO\uff08175R\uff09",
    "country_code": "DE",
    "country": "Germany"
  },
  {
    "username": "Unte1u",
    "followingArtist": "SHOGO\uff08175R\uff09",
    "country_code": "IE",
    "country": "Ireland"
  },
  {
    "username": "3rosy_",
    "followingArtist": "SHOGO\uff08175R\uff09",
    "country_code": "UG",
    "country": "Uganda"
  },
  {
    "username": "JJpAq3AGBVQyAkI",
    "followingArtist": "SHOGO\uff08175R\uff09",
    "country_code": "VE",
    "country": "Venezuela"
  },
  {
    "username": "luxsven",
    "followingArtist": "SHOGO\uff08175R\uff09",
    "country_code": "LU",
    "country": "Luxembourg"
  },
  {
    "username": "dash1365121",
    "followingArtist": "SHOGO\uff08175R\uff09",
    "country_code": "JP",
    "country": "Japan"
  },
  {
    "username": "speed_4colors_",
    "followingArtist": "SHOGO\uff08175R\uff09",
    "country_code": "JP",
    "country": "Japan"
  },
  {
    "username": "ALXD15_FEET",
    "followingArtist": "SHOGO\uff08175R\uff09",
    "country_code": "JP",
    "country": "Japan"
  },
  {
    "username": "a_yanaka",
    "followingArtist": "SHOGO\uff08175R\uff09",
    "country_code": "JP",
    "country": "Japan"
  },
  {
    "username": "rin5yuka",
    "followingArtist": "SHOGO\uff08175R\uff09",
    "country_code": "JP",
    "country": "Japan"
  },
  {
    "username": "a_y_k_____",
    "followingArtist": "SHOGO\uff08175R\uff09",
    "country_code": "JP",
    "country": "Japan"
  },
  {
    "username": "issetwo",
    "followingArtist": "SHOGO\uff08175R\uff09",
    "country_code": "JP",
    "country": "Japan"
  },
  {
    "username": "API550A",
    "followingArtist": "SHOGO\uff08175R\uff09",
    "country_code": "JP",
    "country": "Japan"
  },
  {
    "username": "adieuler",
    "followingArtist": "SHOGO\uff08175R\uff09",
    "country_code": "JP",
    "country": "Japan"
  },
  {
    "username": "Misa_Kanemiii",
    "followingArtist": "SHOGO\uff08175R\uff09",
    "country_code": "JP",
    "country": "Japan"
  },
  {
    "username": "yahiro_striker",
    "followingArtist": "SHOGO\uff08175R\uff09",
    "country_code": "JP",
    "country": "Japan"
  },
  {
    "username": "auldrockdad",
    "followingArtist": "SHOGO\uff08175R\uff09",
    "country_code": "UK",
    "country": "United Kingdom"
  },
  {
    "username": "kumagai_moe",
    "followingArtist": "SHOGO\uff08175R\uff09",
    "country_code": "UK",
    "country": "United Kingdom"
  },
  {
    "username": "umi_drive",
    "followingArtist": "SHOGO\uff08175R\uff09",
    "country_code": "JP",
    "country": "Japan"
  },
  {
    "username": "HMV_Akita",
    "followingArtist": "SHOGO\uff08175R\uff09",
    "country_code": "TK",
    "country": "Tokelau"
  },
  {
    "username": "doyamasakura",
    "followingArtist": "SHOGO\uff08175R\uff09",
    "country_code": "TK",
    "country": "Tokelau"
  },
  {
    "username": "NayiTVJapan",
    "followingArtist": "SHOGO\uff08175R\uff09",
    "country_code": "DK",
    "country": "Denmark"
  },
  {
    "username": "kanetomomomo",
    "followingArtist": "SHOGO\uff08175R\uff09",
    "country_code": "JP",
    "country": "Japan"
  },
  {
    "username": "100nyan4",
    "followingArtist": "SHOGO\uff08175R\uff09",
    "country_code": "JP",
    "country": "Japan"
  },
  {
    "username": "cudiehungary",
    "followingArtist": "SHOGO\uff08175R\uff09",
    "country_code": "US",
    "country": "USA"
  },
  {
    "username": "LOVEFES1",
    "followingArtist": "SHOGO\uff08175R\uff09",
    "country_code": "JP",
    "country": "Japan"
  },
  {
    "username": "sasucce",
    "followingArtist": "SHOGO\uff08175R\uff09",
    "country_code": "RO",
    "country": "Romania"
  },
  {
    "username": "okyonsmith",
    "followingArtist": "SHOGO\uff08175R\uff09",
    "country_code": "JP",
    "country": "Japan"
  },
  {
    "username": "bgm_88_",
    "followingArtist": "SHOGO\uff08175R\uff09",
    "country_code": "JP",
    "country": "Japan"
  },
  {
    "username": "shinji0728",
    "followingArtist": "SHOGO\uff08175R\uff09",
    "country_code": "JP",
    "country": "Japan"
  },
  {
    "username": "MiyaM717",
    "followingArtist": "SHOGO\uff08175R\uff09",
    "country_code": "JP",
    "country": "Japan"
  },
  {
    "username": "nobuofeet05",
    "followingArtist": "SHOGO\uff08175R\uff09",
    "country_code": "JP",
    "country": "Japan"
  },
  {
    "username": "NEWkazuakingdom",
    "followingArtist": "SHOGO\uff08175R\uff09",
    "country_code": "US",
    "country": "USA"
  },
  {
    "username": "syumisyumike",
    "followingArtist": "SHOGO\uff08175R\uff09",
    "country_code": "JP",
    "country": "Japan"
  },
  {
    "username": "Riieee_0113",
    "followingArtist": "SHOGO\uff08175R\uff09",
    "country_code": "JP",
    "country": "Japan"
  },
  {
    "username": "superkillyou",
    "followingArtist": "SHOGO\uff08175R\uff09",
    "country_code": "BR",
    "country": "Brazil"
  },
  {
    "username": "pocochaaann",
    "followingArtist": "SHOGO\uff08175R\uff09",
    "country_code": "JP",
    "country": "Japan"
  },
  {
    "username": "Uw_yu_Shun_CRPL",
    "followingArtist": "SHOGO\uff08175R\uff09",
    "country_code": "GB",
    "country": "Wales"
  },
  {
    "username": "alexmaeda5",
    "followingArtist": "SHOGO\uff08175R\uff09",
    "country_code": "JP",
    "country": "Japan"
  },
  {
    "username": "ZimaStrong",
    "followingArtist": "SHOGO\uff08175R\uff09",
    "country_code": "RU",
    "country": "Russia"
  },
  {
    "username": "t_kitano",
    "followingArtist": "SHOGO\uff08175R\uff09",
    "country_code": "JP",
    "country": "Japan"
  },
  {
    "username": "ao_tb_sbm",
    "followingArtist": "SHOGO\uff08175R\uff09",
    "country_code": "JP",
    "country": "Japan"
  },
  {
    "username": "shiiinnngo7",
    "followingArtist": "SHOGO\uff08175R\uff09",
    "country_code": "NG",
    "country": "Nigeria"
  },
  {
    "username": "my_bc7210",
    "followingArtist": "SHOGO\uff08175R\uff09",
    "country_code": "JP",
    "country": "Japan"
  },
  {
    "username": "elementarywolf9",
    "followingArtist": "SHOGO\uff08175R\uff09",
    "country_code": "BR",
    "country": "Brazil"
  },
  {
    "username": "AyuKarl08391497",
    "followingArtist": "SHOGO\uff08175R\uff09",
    "country_code": "ID",
    "country": "Indonesia"
  },
  {
    "username": "poyo_0414",
    "followingArtist": "SHOGO\uff08175R\uff09",
    "country_code": "JP",
    "country": "Japan"
  },
  {
    "username": "ACF898",
    "followingArtist": "SHOGO\uff08175R\uff09",
    "country_code": "JP",
    "country": "Japan"
  },
  {
    "username": "Newsome340",
    "followingArtist": "SHOGO\uff08175R\uff09",
    "country_code": "US",
    "country": "USA"
  },
  {
    "username": "Snaiiiil",
    "followingArtist": "SHOGO\uff08175R\uff09",
    "country_code": "AU",
    "country": "Australia"
  },
  {
    "username": "mah_SiM10",
    "followingArtist": "SHOGO\uff08175R\uff09",
    "country_code": "GB",
    "country": "Wales"
  }
]