[
  {
    "username": "sephy_g",
    "followingArtist": "IV OF SPADES",
    "country_code": "PH",
    "country": "Philippines"
  },
  {
    "username": "angelo_manibo",
    "followingArtist": "IV OF SPADES",
    "country_code": "PH",
    "country": "Philippines"
  },
  {
    "username": "conchobaradid",
    "followingArtist": "IV OF SPADES",
    "country_code": "NL",
    "country": "Netherlands"
  },
  {
    "username": "Angelo78197721",
    "followingArtist": "IV OF SPADES",
    "country_code": "PH",
    "country": "Philippines"
  },
  {
    "username": "Alex73969936",
    "followingArtist": "IV OF SPADES",
    "country_code": "US",
    "country": "United States"
  },
  {
    "username": "Kathlee32002336",
    "followingArtist": "IV OF SPADES",
    "country_code": "CD",
    "country": "Democratic Republic of Congo"
  },
  {
    "username": "hey_imHere12",
    "followingArtist": "IV OF SPADES",
    "country_code": "US",
    "country": "United States"
  },
  {
    "username": "pjamoree",
    "followingArtist": "IV OF SPADES",
    "country_code": "PH",
    "country": "Philippines"
  },
  {
    "username": "QuijanoRichmond",
    "followingArtist": "IV OF SPADES",
    "country_code": "PH",
    "country": "Philippines"
  },
  {
    "username": "christineLabas4",
    "followingArtist": "IV OF SPADES",
    "country_code": "California City Blvd",
    "country": "California City Blvd"
  },
  {
    "username": "KarlNullas",
    "followingArtist": "IV OF SPADES",
    "country_code": "US",
    "country": "United States"
  },
  {
    "username": "btchenad",
    "followingArtist": "IV OF SPADES",
    "country_code": "US",
    "country": "United States"
  },
  {
    "username": "KennethMactal5",
    "followingArtist": "IV OF SPADES",
    "country_code": "US",
    "country": "United States"
  },
  {
    "username": "JaneNacase",
    "followingArtist": "IV OF SPADES",
    "country_code": "PH",
    "country": "Philippines"
  },
  {
    "username": "moonp0p",
    "followingArtist": "IV OF SPADES",
    "country_code": "PH",
    "country": "Philippines"
  },
  {
    "username": "PryxyB",
    "followingArtist": "IV OF SPADES",
    "country_code": "US",
    "country": "United States"
  },
  {
    "username": "KimmeyMouse",
    "followingArtist": "IV OF SPADES",
    "country_code": "US",
    "country": "United States"
  },
  {
    "username": "peyyy4",
    "followingArtist": "IV OF SPADES",
    "country_code": "PH",
    "country": "Philippines"
  },
  {
    "username": "Lheanie_",
    "followingArtist": "IV OF SPADES",
    "country_code": "PH",
    "country": "Philippines"
  },
  {
    "username": "ColleraPatricia",
    "followingArtist": "IV OF SPADES",
    "country_code": "PH",
    "country": "Philippines"
  },
  {
    "username": "erikuuhlargo",
    "followingArtist": "IV OF SPADES",
    "country_code": "PH",
    "country": "Philippines"
  },
  {
    "username": "iris05525270",
    "followingArtist": "IV OF SPADES",
    "country_code": "PH",
    "country": "Philippines"
  },
  {
    "username": "HeartsforF",
    "followingArtist": "IV OF SPADES",
    "country_code": "NG",
    "country": "Nigeria"
  },
  {
    "username": "GiannnnGarciaa1",
    "followingArtist": "IV OF SPADES",
    "country_code": "US",
    "country": "United States"
  },
  {
    "username": "Ravencl89491399",
    "followingArtist": "IV OF SPADES",
    "country_code": "US",
    "country": "United States"
  },
  {
    "username": "EddGuia",
    "followingArtist": "IV OF SPADES",
    "country_code": "GB",
    "country": "Northern Ireland"
  },
  {
    "username": "Yoshi21124256",
    "followingArtist": "IV OF SPADES",
    "country_code": "CI",
    "country": "Cote D'Ivoire"
  },
  {
    "username": "Kyle62894859",
    "followingArtist": "IV OF SPADES",
    "country_code": "PH",
    "country": "Philippines"
  },
  {
    "username": "TiamsonGlexis",
    "followingArtist": "IV OF SPADES",
    "country_code": "US",
    "country": "United States"
  },
  {
    "username": "JoeyLacbayo",
    "followingArtist": "IV OF SPADES",
    "country_code": "PH",
    "country": "Philippines"
  },
  {
    "username": "itsannlorriane",
    "followingArtist": "IV OF SPADES",
    "country_code": "US",
    "country": "United States"
  },
  {
    "username": "xyzmnop",
    "followingArtist": "IV OF SPADES",
    "country_code": "PH",
    "country": "Philippines"
  },
  {
    "username": "mjherms1",
    "followingArtist": "IV OF SPADES",
    "country_code": "PH",
    "country": "Philippines"
  },
  {
    "username": "belaahdjrhm",
    "followingArtist": "IV OF SPADES",
    "country_code": "PH",
    "country": "Philippines"
  },
  {
    "username": "NikitaV24812136",
    "followingArtist": "IV OF SPADES",
    "country_code": "HN",
    "country": "Honduras"
  },
  {
    "username": "Shem_Casem",
    "followingArtist": "IV OF SPADES",
    "country_code": "PH",
    "country": "Philippines"
  },
  {
    "username": "Nyyyeeesss",
    "followingArtist": "IV OF SPADES",
    "country_code": "US",
    "country": "United States"
  },
  {
    "username": "oliver75924395",
    "followingArtist": "IV OF SPADES",
    "country_code": "US",
    "country": "United States"
  },
  {
    "username": "Mabwii_",
    "followingArtist": "IV OF SPADES",
    "country_code": "PH",
    "country": "Philippines"
  },
  {
    "username": "_huncybaek",
    "followingArtist": "IV OF SPADES",
    "country_code": "US",
    "country": "United States"
  },
  {
    "username": "DicalJamel",
    "followingArtist": "IV OF SPADES",
    "country_code": "PH",
    "country": "Philippines"
  },
  {
    "username": "coralinerey",
    "followingArtist": "IV OF SPADES",
    "country_code": "NO",
    "country": "Norway"
  },
  {
    "username": "GallenoLester",
    "followingArtist": "IV OF SPADES",
    "country_code": "PH",
    "country": "Philippines"
  },
  {
    "username": "Shimmie_94",
    "followingArtist": "IV OF SPADES",
    "country_code": "PH",
    "country": "Philippines"
  },
  {
    "username": "LibresShara",
    "followingArtist": "IV OF SPADES",
    "country_code": "US",
    "country": "United States"
  },
  {
    "username": "SeoEunkateLee1",
    "followingArtist": "IV OF SPADES",
    "country_code": "US",
    "country": "United States"
  },
  {
    "username": "xXRAVIN_DAVEXx",
    "followingArtist": "IV OF SPADES",
    "country_code": "PH",
    "country": "Philippines"
  },
  {
    "username": "Dyosangbitter01",
    "followingArtist": "IV OF SPADES",
    "country_code": "KR",
    "country": "South Korea"
  },
  {
    "username": "Olbega23",
    "followingArtist": "IV OF SPADES",
    "country_code": "AR",
    "country": "Argentina"
  },
  {
    "username": "BabesAveguil",
    "followingArtist": "IV OF SPADES",
    "country_code": "PH",
    "country": "Philippines"
  },
  {
    "username": "JessaBatoy",
    "followingArtist": "IV OF SPADES",
    "country_code": "NL",
    "country": "Netherlands"
  },
  {
    "username": "rosznel",
    "followingArtist": "IV OF SPADES",
    "country_code": "US",
    "country": "United States"
  },
  {
    "username": "torrejas_ann30",
    "followingArtist": "IV OF SPADES",
    "country_code": "AR",
    "country": "Argentina"
  },
  {
    "username": "MargarethMayca1",
    "followingArtist": "IV OF SPADES",
    "country_code": "PH",
    "country": "Philippines"
  },
  {
    "username": "Nikeethecold",
    "followingArtist": "IV OF SPADES",
    "country_code": "PH",
    "country": "Philippines"
  },
  {
    "username": "RRfyFKQ842FWINI",
    "followingArtist": "IV OF SPADES",
    "country_code": "US",
    "country": "United States"
  },
  {
    "username": "jennalynpascua1",
    "followingArtist": "IV OF SPADES",
    "country_code": "KR",
    "country": "South Korea"
  },
  {
    "username": "jmlhtby",
    "followingArtist": "IV OF SPADES",
    "country_code": "AO",
    "country": "Angola"
  },
  {
    "username": "spadesguitarist",
    "followingArtist": "IV OF SPADES",
    "country_code": "PH",
    "country": "Philippines"
  },
  {
    "username": "Cyntaxxx09",
    "followingArtist": "IV OF SPADES",
    "country_code": "GB",
    "country": "Northern Ireland"
  },
  {
    "username": "ayrishsabolo24",
    "followingArtist": "IV OF SPADES",
    "country_code": "PH",
    "country": "Philippines"
  },
  {
    "username": "CrisssMalik",
    "followingArtist": "IV OF SPADES",
    "country_code": "GB",
    "country": "Northern Ireland"
  },
  {
    "username": "Rencefries",
    "followingArtist": "IV OF SPADES",
    "country_code": "US",
    "country": "United States"
  },
  {
    "username": "MarkTin05925405",
    "followingArtist": "IV OF SPADES",
    "country_code": "US",
    "country": "United States"
  },
  {
    "username": "rommel_remorque",
    "followingArtist": "IV OF SPADES",
    "country_code": "PH",
    "country": "Philippines"
  },
  {
    "username": "jessicarole89_",
    "followingArtist": "IV OF SPADES",
    "country_code": "US",
    "country": "United States"
  },
  {
    "username": "IsyaMengg",
    "followingArtist": "IV OF SPADES",
    "country_code": "PH",
    "country": "Philippines"
  },
  {
    "username": "RyanNocal",
    "followingArtist": "IV OF SPADES",
    "country_code": "US",
    "country": "United States"
  },
  {
    "username": "joellimpiado1",
    "followingArtist": "IV OF SPADES",
    "country_code": "PH",
    "country": "Philippines"
  },
  {
    "username": "Ajvreyes1",
    "followingArtist": "IV OF SPADES",
    "country_code": "US",
    "country": "United States"
  },
  {
    "username": "Xamgacutan",
    "followingArtist": "IV OF SPADES",
    "country_code": "PH",
    "country": "Philippines"
  },
  {
    "username": "patrickgoldwinn",
    "followingArtist": "IV OF SPADES",
    "country_code": "PH",
    "country": "Philippines"
  },
  {
    "username": "pat_kmagtagnob",
    "followingArtist": "IV OF SPADES",
    "country_code": "PH",
    "country": "Philippines"
  },
  {
    "username": "Gors729",
    "followingArtist": "IV OF SPADES",
    "country_code": "PH",
    "country": "Philippines"
  },
  {
    "username": "barlizojude",
    "followingArtist": "IV OF SPADES",
    "country_code": "PH",
    "country": "Philippines"
  },
  {
    "username": "galan_philip",
    "followingArtist": "IV OF SPADES",
    "country_code": "PH",
    "country": "Philippines"
  },
  {
    "username": "cloeguisadio041",
    "followingArtist": "IV OF SPADES",
    "country_code": "US",
    "country": "United States"
  },
  {
    "username": "Ririyaaannn",
    "followingArtist": "IV OF SPADES",
    "country_code": "US",
    "country": "United States"
  },
  {
    "username": "crisargoncillo",
    "followingArtist": "IV OF SPADES",
    "country_code": "US",
    "country": "United States"
  },
  {
    "username": "jeydreaming",
    "followingArtist": "IV OF SPADES",
    "country_code": "US",
    "country": "United States"
  },
  {
    "username": "BarcelonGoco",
    "followingArtist": "IV OF SPADES",
    "country_code": "PH",
    "country": "Philippines"
  },
  {
    "username": "kahreeenleeeee",
    "followingArtist": "IV OF SPADES",
    "country_code": "UG",
    "country": "Uganda"
  },
  {
    "username": "Christi_2006b",
    "followingArtist": "IV OF SPADES",
    "country_code": "US",
    "country": "United States"
  },
  {
    "username": "meyshyyyyy",
    "followingArtist": "IV OF SPADES",
    "country_code": "FR",
    "country": "France"
  },
  {
    "username": "KwrysB",
    "followingArtist": "IV OF SPADES",
    "country_code": "US",
    "country": "United States"
  },
  {
    "username": "LawTelles",
    "followingArtist": "IV OF SPADES",
    "country_code": "PH",
    "country": "Philippines"
  },
  {
    "username": "BiscochoOlee",
    "followingArtist": "IV OF SPADES",
    "country_code": "US",
    "country": "United States"
  },
  {
    "username": "pwansshes",
    "followingArtist": "IV OF SPADES",
    "country_code": "PH",
    "country": "Philippines"
  },
  {
    "username": "CyrilYonce",
    "followingArtist": "IV OF SPADES",
    "country_code": "PH",
    "country": "Philippines"
  },
  {
    "username": "jariol_nicole",
    "followingArtist": "IV OF SPADES",
    "country_code": "US",
    "country": "United States"
  },
  {
    "username": "neangggg03",
    "followingArtist": "IV OF SPADES",
    "country_code": "PH",
    "country": "Philippines"
  },
  {
    "username": "chiaroscuro_ev",
    "followingArtist": "IV OF SPADES",
    "country_code": "PH",
    "country": "Philippines"
  },
  {
    "username": "songrubelaine",
    "followingArtist": "IV OF SPADES",
    "country_code": "US",
    "country": "United States"
  },
  {
    "username": "mkllaaaaaaaaa",
    "followingArtist": "IV OF SPADES",
    "country_code": "PH",
    "country": "Philippines"
  },
  {
    "username": "nicoleataop",
    "followingArtist": "IV OF SPADES",
    "country_code": "US",
    "country": "United States"
  },
  {
    "username": "sab_aw",
    "followingArtist": "IV OF SPADES",
    "country_code": "US",
    "country": "United States"
  },
  {
    "username": "AraqueNaissa",
    "followingArtist": "IV OF SPADES",
    "country_code": "PH",
    "country": "Philippines"
  },
  {
    "username": "Arabella1905",
    "followingArtist": "IV OF SPADES",
    "country_code": "NG",
    "country": "Nigeria"
  },
  {
    "username": "hanj_atido",
    "followingArtist": "IV OF SPADES",
    "country_code": "PH",
    "country": "Philippines"
  },
  {
    "username": "AshleyJ79789349",
    "followingArtist": "IV OF SPADES",
    "country_code": "PY",
    "country": "Paraguay"
  },
  {
    "username": "shanegabanoo",
    "followingArtist": "IV OF SPADES",
    "country_code": "PH",
    "country": "Philippines"
  },
  {
    "username": "thisismirayow",
    "followingArtist": "IV OF SPADES",
    "country_code": "PH",
    "country": "Philippines"
  },
  {
    "username": "CaymoKurt",
    "followingArtist": "IV OF SPADES",
    "country_code": "ET",
    "country": "Ethiopia"
  },
  {
    "username": "RoperoMhae",
    "followingArtist": "IV OF SPADES",
    "country_code": "CN",
    "country": "China"
  },
  {
    "username": "AlyssaDeMata2",
    "followingArtist": "IV OF SPADES",
    "country_code": "PH",
    "country": "Philippines"
  },
  {
    "username": "Rizza24711538",
    "followingArtist": "IV OF SPADES",
    "country_code": "GB",
    "country": "Northern Ireland"
  },
  {
    "username": "JohnMelvin023",
    "followingArtist": "IV OF SPADES",
    "country_code": "PH",
    "country": "Philippines"
  },
  {
    "username": "Hermie58877296",
    "followingArtist": "IV OF SPADES",
    "country_code": "PH",
    "country": "Philippines"
  },
  {
    "username": "neojameswilliam",
    "followingArtist": "IV OF SPADES",
    "country_code": "PH",
    "country": "Philippines"
  },
  {
    "username": "MarymaeOn",
    "followingArtist": "IV OF SPADES",
    "country_code": "PH",
    "country": "Philippines"
  },
  {
    "username": "LaberonNunoy",
    "followingArtist": "IV OF SPADES",
    "country_code": "PH",
    "country": "Philippines"
  },
  {
    "username": "bulijuan",
    "followingArtist": "IV OF SPADES",
    "country_code": "PH",
    "country": "Philippines"
  },
  {
    "username": "Jacquil40739069",
    "followingArtist": "IV OF SPADES",
    "country_code": "PH",
    "country": "Philippines"
  },
  {
    "username": "SalisRonald",
    "followingArtist": "IV OF SPADES",
    "country_code": "PH",
    "country": "Philippines"
  },
  {
    "username": "Ms_Pimpyy_08",
    "followingArtist": "IV OF SPADES",
    "country_code": "PH",
    "country": "Philippines"
  },
  {
    "username": "Aizsirt_Eiram",
    "followingArtist": "IV OF SPADES",
    "country_code": "PH",
    "country": "Philippines"
  },
  {
    "username": "m1qkmck",
    "followingArtist": "IV OF SPADES",
    "country_code": "AU",
    "country": "Australia"
  },
  {
    "username": "yhelliebagtas",
    "followingArtist": "IV OF SPADES",
    "country_code": "US",
    "country": "United States"
  },
  {
    "username": "elcrozsieto",
    "followingArtist": "IV OF SPADES",
    "country_code": "PH",
    "country": "Philippines"
  },
  {
    "username": "ElleHye",
    "followingArtist": "IV OF SPADES",
    "country_code": "PH",
    "country": "Philippines"
  },
  {
    "username": "jrielle12",
    "followingArtist": "IV OF SPADES",
    "country_code": "PH",
    "country": "Philippines"
  },
  {
    "username": "daoooooong",
    "followingArtist": "IV OF SPADES",
    "country_code": "PH",
    "country": "Philippines"
  },
  {
    "username": "yiebeal",
    "followingArtist": "IV OF SPADES",
    "country_code": "GB",
    "country": "Northern Ireland"
  },
  {
    "username": "blngbwn",
    "followingArtist": "IV OF SPADES",
    "country_code": "FR",
    "country": "France"
  },
  {
    "username": "AltheaSpades",
    "followingArtist": "IV OF SPADES",
    "country_code": "CM",
    "country": "Cameroon"
  },
  {
    "username": "JaydeeTubal",
    "followingArtist": "IV OF SPADES",
    "country_code": "GB",
    "country": "Northern Ireland"
  },
  {
    "username": "eishaeyanna",
    "followingArtist": "IV OF SPADES",
    "country_code": "US",
    "country": "United States"
  },
  {
    "username": "RyanaTest",
    "followingArtist": "IV OF SPADES",
    "country_code": "IL",
    "country": "Israel"
  },
  {
    "username": "Cams_Potter",
    "followingArtist": "IV OF SPADES",
    "country_code": "US",
    "country": "United States"
  },
  {
    "username": "alejand96054122",
    "followingArtist": "IV OF SPADES",
    "country_code": "US",
    "country": "United States"
  },
  {
    "username": "m_amili",
    "followingArtist": "IV OF SPADES",
    "country_code": "GB",
    "country": "Northern Ireland"
  },
  {
    "username": "TheYanaaaa",
    "followingArtist": "IV OF SPADES",
    "country_code": "PH",
    "country": "Philippines"
  },
  {
    "username": "Sean23857381",
    "followingArtist": "IV OF SPADES",
    "country_code": "PH",
    "country": "Philippines"
  },
  {
    "username": "missy_aylaaaa",
    "followingArtist": "IV OF SPADES",
    "country_code": "PH",
    "country": "Philippines"
  },
  {
    "username": "wawix6",
    "followingArtist": "IV OF SPADES",
    "country_code": "US",
    "country": "United States"
  },
  {
    "username": "canete_rachelle",
    "followingArtist": "IV OF SPADES",
    "country_code": "PH",
    "country": "Philippines"
  },
  {
    "username": "raine_charotm",
    "followingArtist": "IV OF SPADES",
    "country_code": "PH",
    "country": "Philippines"
  },
  {
    "username": "MernethMae",
    "followingArtist": "IV OF SPADES",
    "country_code": "PH",
    "country": "Philippines"
  },
  {
    "username": "mikaythefool",
    "followingArtist": "IV OF SPADES",
    "country_code": "PH",
    "country": "Philippines"
  },
  {
    "username": "superloyen123",
    "followingArtist": "IV OF SPADES",
    "country_code": "PH",
    "country": "Philippines"
  },
  {
    "username": "AngelBesus",
    "followingArtist": "IV OF SPADES",
    "country_code": "PH",
    "country": "Philippines"
  },
  {
    "username": "Dooopen27",
    "followingArtist": "IV OF SPADES",
    "country_code": "PH",
    "country": "Philippines"
  },
  {
    "username": "Madonna40557446",
    "followingArtist": "IV OF SPADES",
    "country_code": "US",
    "country": "United States"
  },
  {
    "username": "iamnotmeeeeeee",
    "followingArtist": "IV OF SPADES",
    "country_code": "PT",
    "country": "Portugal"
  },
  {
    "username": "My77Tods",
    "followingArtist": "IV OF SPADES",
    "country_code": "US",
    "country": "United States"
  },
  {
    "username": "boholJoannah",
    "followingArtist": "IV OF SPADES",
    "country_code": "PH",
    "country": "Philippines"
  },
  {
    "username": "Kimberl01401879",
    "followingArtist": "IV OF SPADES",
    "country_code": "PH",
    "country": "Philippines"
  },
  {
    "username": "ailahisipbataa",
    "followingArtist": "IV OF SPADES",
    "country_code": "PH",
    "country": "Philippines"
  },
  {
    "username": "Patwiciaxx",
    "followingArtist": "IV OF SPADES",
    "country_code": "PH",
    "country": "Philippines"
  },
  {
    "username": "andreij07979558",
    "followingArtist": "IV OF SPADES",
    "country_code": "ES",
    "country": "Spain"
  },
  {
    "username": "annierynasataya",
    "followingArtist": "IV OF SPADES",
    "country_code": "GB",
    "country": "Northern Ireland"
  },
  {
    "username": "MontalbanNoy",
    "followingArtist": "IV OF SPADES",
    "country_code": "PH",
    "country": "Philippines"
  },
  {
    "username": "PrejolesRegine",
    "followingArtist": "IV OF SPADES",
    "country_code": "US",
    "country": "United States"
  },
  {
    "username": "dbbyblbn",
    "followingArtist": "IV OF SPADES",
    "country_code": "PH",
    "country": "Philippines"
  },
  {
    "username": "khyzn_mnque",
    "followingArtist": "IV OF SPADES",
    "country_code": "PH",
    "country": "Philippines"
  },
  {
    "username": "selaareyb",
    "followingArtist": "IV OF SPADES",
    "country_code": "PH",
    "country": "Philippines"
  },
  {
    "username": "Elizabeth020693",
    "followingArtist": "IV OF SPADES",
    "country_code": "PH",
    "country": "Philippines"
  },
  {
    "username": "mae_enguerra",
    "followingArtist": "IV OF SPADES",
    "country_code": "PH",
    "country": "Philippines"
  },
  {
    "username": "nglclst",
    "followingArtist": "IV OF SPADES",
    "country_code": "FR",
    "country": "France"
  },
  {
    "username": "Mariah13Angela1",
    "followingArtist": "IV OF SPADES",
    "country_code": "PH",
    "country": "Philippines"
  },
  {
    "username": "airamlimatog",
    "followingArtist": "IV OF SPADES",
    "country_code": "US",
    "country": "United States"
  },
  {
    "username": "1621Mark",
    "followingArtist": "IV OF SPADES",
    "country_code": "PH",
    "country": "Philippines"
  },
  {
    "username": "Xhie_Chai",
    "followingArtist": "IV OF SPADES",
    "country_code": "PH",
    "country": "Philippines"
  },
  {
    "username": "BinibiningHydro",
    "followingArtist": "IV OF SPADES",
    "country_code": "PH",
    "country": "Philippines"
  },
  {
    "username": "GboyG26",
    "followingArtist": "IV OF SPADES",
    "country_code": "PH",
    "country": "Philippines"
  },
  {
    "username": "PatriciaElyza",
    "followingArtist": "IV OF SPADES",
    "country_code": "PH",
    "country": "Philippines"
  },
  {
    "username": "BolodoRaphy",
    "followingArtist": "IV OF SPADES",
    "country_code": "PH",
    "country": "Philippines"
  },
  {
    "username": "oohellee",
    "followingArtist": "IV OF SPADES",
    "country_code": "ID",
    "country": "Indonesia"
  },
  {
    "username": "mycaparyusiiii",
    "followingArtist": "IV OF SPADES",
    "country_code": "PH",
    "country": "Philippines"
  },
  {
    "username": "KhentPepito",
    "followingArtist": "IV OF SPADES",
    "country_code": "CU",
    "country": "Cuba"
  },
  {
    "username": "jeandenzalsori1",
    "followingArtist": "IV OF SPADES",
    "country_code": "PH",
    "country": "Philippines"
  },
  {
    "username": "Mj56351508",
    "followingArtist": "IV OF SPADES",
    "country_code": "PH",
    "country": "Philippines"
  },
  {
    "username": "Markczyrille",
    "followingArtist": "IV OF SPADES",
    "country_code": "PH",
    "country": "Philippines"
  },
  {
    "username": "PaulGendoma",
    "followingArtist": "IV OF SPADES",
    "country_code": "PH",
    "country": "Philippines"
  },
  {
    "username": "shhherwin",
    "followingArtist": "IV OF SPADES",
    "country_code": "CA",
    "country": "Canada"
  },
  {
    "username": "Kimberl67717645",
    "followingArtist": "IV OF SPADES",
    "country_code": "US",
    "country": "United States"
  },
  {
    "username": "xxjchrissgxx",
    "followingArtist": "IV OF SPADES",
    "country_code": "CA",
    "country": "Canada"
  },
  {
    "username": "jrarncllo",
    "followingArtist": "IV OF SPADES",
    "country_code": "PH",
    "country": "Philippines"
  },
  {
    "username": "anonymous30102",
    "followingArtist": "IV OF SPADES",
    "country_code": "PH",
    "country": "Philippines"
  },
  {
    "username": "Reillaaaa_",
    "followingArtist": "IV OF SPADES",
    "country_code": "US",
    "country": "United States"
  },
  {
    "username": "areysiXXVII",
    "followingArtist": "IV OF SPADES",
    "country_code": "PH",
    "country": "Philippines"
  },
  {
    "username": "DaizJhone",
    "followingArtist": "IV OF SPADES",
    "country_code": "PH",
    "country": "Philippines"
  },
  {
    "username": "ametszs",
    "followingArtist": "IV OF SPADES",
    "country_code": "PH",
    "country": "Philippines"
  },
  {
    "username": "ada_marielle",
    "followingArtist": "IV OF SPADES",
    "country_code": "PH",
    "country": "Philippines"
  },
  {
    "username": "tumalip_aaron",
    "followingArtist": "IV OF SPADES",
    "country_code": "PH",
    "country": "Philippines"
  },
  {
    "username": "CristialynDell1",
    "followingArtist": "IV OF SPADES",
    "country_code": "PH",
    "country": "Philippines"
  },
  {
    "username": "BeatyooAss",
    "followingArtist": "IV OF SPADES",
    "country_code": "PH",
    "country": "Philippines"
  },
  {
    "username": "amoretorii",
    "followingArtist": "IV OF SPADES",
    "country_code": "MW",
    "country": "Malawi"
  },
  {
    "username": "FrancJoseph10",
    "followingArtist": "IV OF SPADES",
    "country_code": "PH",
    "country": "Philippines"
  },
  {
    "username": "kriscel_obdin",
    "followingArtist": "IV OF SPADES",
    "country_code": "US",
    "country": "United States"
  },
  {
    "username": "enitsujgarcia",
    "followingArtist": "IV OF SPADES",
    "country_code": "PH",
    "country": "Philippines"
  },
  {
    "username": "DesenganoMae",
    "followingArtist": "IV OF SPADES",
    "country_code": "PH",
    "country": "Philippines"
  },
  {
    "username": "KPasalan",
    "followingArtist": "IV OF SPADES",
    "country_code": "US",
    "country": "United States"
  },
  {
    "username": "obniala_aj",
    "followingArtist": "IV OF SPADES",
    "country_code": "PH",
    "country": "Philippines"
  },
  {
    "username": "__irism",
    "followingArtist": "IV OF SPADES",
    "country_code": "US",
    "country": "United States"
  },
  {
    "username": "NievaGelo",
    "followingArtist": "IV OF SPADES",
    "country_code": "PH",
    "country": "Philippines"
  },
  {
    "username": "missuniqueorn_s",
    "followingArtist": "IV OF SPADES",
    "country_code": "PH",
    "country": "Philippines"
  },
  {
    "username": "ronchieee",
    "followingArtist": "IV OF SPADES",
    "country_code": "US",
    "country": "United States"
  },
  {
    "username": "jecarpadilla",
    "followingArtist": "IV OF SPADES",
    "country_code": "PH",
    "country": "Philippines"
  },
  {
    "username": "GonzalesChiin",
    "followingArtist": "IV OF SPADES",
    "country_code": "GB",
    "country": "Northern Ireland"
  },
  {
    "username": "JaycelGaril",
    "followingArtist": "IV OF SPADES",
    "country_code": "PH",
    "country": "Philippines"
  },
  {
    "username": "slayer_mage",
    "followingArtist": "IV OF SPADES",
    "country_code": "ES",
    "country": "Spain"
  },
  {
    "username": "selle_rhoxi",
    "followingArtist": "IV OF SPADES",
    "country_code": "PH",
    "country": "Philippines"
  },
  {
    "username": "bernardokiara6",
    "followingArtist": "IV OF SPADES",
    "country_code": "PH",
    "country": "Philippines"
  },
  {
    "username": "iaMangelica1617",
    "followingArtist": "IV OF SPADES",
    "country_code": "PH",
    "country": "Philippines"
  },
  {
    "username": "Kimmy94097143",
    "followingArtist": "IV OF SPADES",
    "country_code": "PH",
    "country": "Philippines"
  },
  {
    "username": "fishcakePH",
    "followingArtist": "IV OF SPADES",
    "country_code": "PH",
    "country": "Philippines"
  },
  {
    "username": "DelFrancise",
    "followingArtist": "IV OF SPADES",
    "country_code": "PH",
    "country": "Philippines"
  },
  {
    "username": "Jobertoo1",
    "followingArtist": "IV OF SPADES",
    "country_code": "NG",
    "country": "Nigeria"
  },
  {
    "username": "Juffaliysrp",
    "followingArtist": "IV OF SPADES",
    "country_code": "PH",
    "country": "Philippines"
  },
  {
    "username": "xzsdfre",
    "followingArtist": "IV OF SPADES",
    "country_code": "US",
    "country": "United States"
  },
  {
    "username": "PatrickGrande14",
    "followingArtist": "IV OF SPADES",
    "country_code": "PH",
    "country": "Philippines"
  },
  {
    "username": "_itssammm",
    "followingArtist": "IV OF SPADES",
    "country_code": "PH",
    "country": "Philippines"
  },
  {
    "username": "imglaeiou",
    "followingArtist": "IV OF SPADES",
    "country_code": "PH",
    "country": "Philippines"
  },
  {
    "username": "ElainePartosa",
    "followingArtist": "IV OF SPADES",
    "country_code": "UK",
    "country": "United Kingdom"
  },
  {
    "username": "heyitsGMATS",
    "followingArtist": "IV OF SPADES",
    "country_code": "PH",
    "country": "Philippines"
  },
  {
    "username": "Camille09309929",
    "followingArtist": "IV OF SPADES",
    "country_code": "PH",
    "country": "Philippines"
  },
  {
    "username": "Deideinard",
    "followingArtist": "IV OF SPADES",
    "country_code": "PH",
    "country": "Philippines"
  },
  {
    "username": "hannah_deaa",
    "followingArtist": "IV OF SPADES",
    "country_code": "US",
    "country": "United States"
  },
  {
    "username": "RafaelKevinPau1",
    "followingArtist": "IV OF SPADES",
    "country_code": "US",
    "country": "United States"
  },
  {
    "username": "camerszx",
    "followingArtist": "IV OF SPADES",
    "country_code": "PH",
    "country": "Philippines"
  },
  {
    "username": "jannaferrer_",
    "followingArtist": "IV OF SPADES",
    "country_code": "CH",
    "country": "Switzerland"
  },
  {
    "username": "nilajhoy",
    "followingArtist": "IV OF SPADES",
    "country_code": "US",
    "country": "United States"
  },
  {
    "username": "tralalameiya_",
    "followingArtist": "IV OF SPADES",
    "country_code": "PH",
    "country": "Philippines"
  },
  {
    "username": "_thejamesramos",
    "followingArtist": "IV OF SPADES",
    "country_code": "PH",
    "country": "Philippines"
  },
  {
    "username": "Sherinajung",
    "followingArtist": "IV OF SPADES",
    "country_code": "US",
    "country": "United States"
  },
  {
    "username": "2002jmdmalazzab",
    "followingArtist": "IV OF SPADES",
    "country_code": "PH",
    "country": "Philippines"
  },
  {
    "username": "AndrewCabanilla",
    "followingArtist": "IV OF SPADES",
    "country_code": "US",
    "country": "United States"
  },
  {
    "username": "RosieAn28660650",
    "followingArtist": "IV OF SPADES",
    "country_code": "PH",
    "country": "Philippines"
  },
  {
    "username": "sauro_mae",
    "followingArtist": "IV OF SPADES",
    "country_code": "PH",
    "country": "Philippines"
  },
  {
    "username": "LitLoveGirl",
    "followingArtist": "IV OF SPADES",
    "country_code": "US",
    "country": "United States"
  },
  {
    "username": "TotoAmmarr",
    "followingArtist": "IV OF SPADES",
    "country_code": "GH",
    "country": "Ghana"
  },
  {
    "username": "AngelSuezette",
    "followingArtist": "IV OF SPADES",
    "country_code": "California City Blvd",
    "country": "California City Blvd"
  },
  {
    "username": "CONCHtellation",
    "followingArtist": "IV OF SPADES",
    "country_code": "PH",
    "country": "Philippines"
  },
  {
    "username": "uhharjo",
    "followingArtist": "IV OF SPADES",
    "country_code": "YE",
    "country": "Yemen"
  },
  {
    "username": "aliza_andres",
    "followingArtist": "IV OF SPADES",
    "country_code": "PH",
    "country": "Philippines"
  },
  {
    "username": "zeebzn27",
    "followingArtist": "IV OF SPADES",
    "country_code": "PH",
    "country": "Philippines"
  },
  {
    "username": "IQuidet",
    "followingArtist": "IV OF SPADES",
    "country_code": "PH",
    "country": "Philippines"
  },
  {
    "username": "lynetguiquing",
    "followingArtist": "IV OF SPADES",
    "country_code": "PH",
    "country": "Philippines"
  },
  {
    "username": "EnnailRikushir1",
    "followingArtist": "IV OF SPADES",
    "country_code": "PH",
    "country": "Philippines"
  },
  {
    "username": "jnllcmy_",
    "followingArtist": "IV OF SPADES",
    "country_code": "US",
    "country": "United States"
  },
  {
    "username": "castussilentium",
    "followingArtist": "IV OF SPADES",
    "country_code": "US",
    "country": "United States"
  },
  {
    "username": "cordillera_news",
    "followingArtist": "IV OF SPADES",
    "country_code": "US",
    "country": "United States"
  },
  {
    "username": "ganda_edna",
    "followingArtist": "IV OF SPADES",
    "country_code": "GB",
    "country": "Northern Ireland"
  },
  {
    "username": "_pamidlcrz",
    "followingArtist": "IV OF SPADES",
    "country_code": "PH",
    "country": "Philippines"
  },
  {
    "username": "AndresReymalyn",
    "followingArtist": "IV OF SPADES",
    "country_code": "US",
    "country": "United States"
  },
  {
    "username": "Eunice74625088",
    "followingArtist": "IV OF SPADES",
    "country_code": "PH",
    "country": "Philippines"
  },
  {
    "username": "chxrlxs_chxrlxs",
    "followingArtist": "IV OF SPADES",
    "country_code": "ES",
    "country": "Spain"
  },
  {
    "username": "PrinceA03250521",
    "followingArtist": "IV OF SPADES",
    "country_code": "PH",
    "country": "Philippines"
  },
  {
    "username": "JSexiona",
    "followingArtist": "IV OF SPADES",
    "country_code": "PH",
    "country": "Philippines"
  },
  {
    "username": "AlexxxxCruzzz",
    "followingArtist": "IV OF SPADES",
    "country_code": "PT",
    "country": "Portugal"
  },
  {
    "username": "krizzelmamadez",
    "followingArtist": "IV OF SPADES",
    "country_code": "PH",
    "country": "Philippines"
  },
  {
    "username": "thatismefafa",
    "followingArtist": "IV OF SPADES",
    "country_code": "PH",
    "country": "Philippines"
  },
  {
    "username": "valenciajunade1",
    "followingArtist": "IV OF SPADES",
    "country_code": "IT",
    "country": "Italy"
  },
  {
    "username": "robles_aeron",
    "followingArtist": "IV OF SPADES",
    "country_code": "PH",
    "country": "Philippines"
  },
  {
    "username": "FrenchCelestra",
    "followingArtist": "IV OF SPADES",
    "country_code": "PH",
    "country": "Philippines"
  },
  {
    "username": "MoisesLozare",
    "followingArtist": "IV OF SPADES",
    "country_code": "PH",
    "country": "Philippines"
  },
  {
    "username": "Xandara12",
    "followingArtist": "IV OF SPADES",
    "country_code": "PH",
    "country": "Philippines"
  },
  {
    "username": "Tel_esguerra",
    "followingArtist": "IV OF SPADES",
    "country_code": "US",
    "country": "United States"
  },
  {
    "username": "Krypton152",
    "followingArtist": "IV OF SPADES",
    "country_code": "GB",
    "country": "Northern Ireland"
  },
  {
    "username": "sameeeh03",
    "followingArtist": "IV OF SPADES",
    "country_code": "PH",
    "country": "Philippines"
  },
  {
    "username": "annemiich_",
    "followingArtist": "IV OF SPADES",
    "country_code": "PH",
    "country": "Philippines"
  },
  {
    "username": "Lorenceespedid1",
    "followingArtist": "IV OF SPADES",
    "country_code": "PH",
    "country": "Philippines"
  },
  {
    "username": "JHadjnoor",
    "followingArtist": "IV OF SPADES",
    "country_code": "PH",
    "country": "Philippines"
  },
  {
    "username": "SharBinss",
    "followingArtist": "IV OF SPADES",
    "country_code": "US",
    "country": "United States"
  },
  {
    "username": "lyksdelgado",
    "followingArtist": "IV OF SPADES",
    "country_code": "PH",
    "country": "Philippines"
  },
  {
    "username": "dyordsh",
    "followingArtist": "IV OF SPADES",
    "country_code": "CA",
    "country": "Canada"
  },
  {
    "username": "ArleneSoria13",
    "followingArtist": "IV OF SPADES",
    "country_code": "PH",
    "country": "Philippines"
  },
  {
    "username": "JmJavier20",
    "followingArtist": "IV OF SPADES",
    "country_code": "PL",
    "country": "Poland"
  },
  {
    "username": "qnredondo_",
    "followingArtist": "IV OF SPADES",
    "country_code": "US",
    "country": "United States"
  },
  {
    "username": "mumay_mendieta",
    "followingArtist": "IV OF SPADES",
    "country_code": "IN",
    "country": "India"
  },
  {
    "username": "KleyrSebastian",
    "followingArtist": "IV OF SPADES",
    "country_code": "PH",
    "country": "Philippines"
  },
  {
    "username": "wenwendelldell",
    "followingArtist": "IV OF SPADES",
    "country_code": "US",
    "country": "United States"
  },
  {
    "username": "NoelDee19",
    "followingArtist": "IV OF SPADES",
    "country_code": "US",
    "country": "United States"
  },
  {
    "username": "GenLisa2",
    "followingArtist": "IV OF SPADES",
    "country_code": "US",
    "country": "United States"
  },
  {
    "username": "beyaaang3",
    "followingArtist": "IV OF SPADES",
    "country_code": "US",
    "country": "United States"
  },
  {
    "username": "BasmayorCharlyn",
    "followingArtist": "IV OF SPADES",
    "country_code": "PH",
    "country": "Philippines"
  },
  {
    "username": "Ronelsky1",
    "followingArtist": "IV OF SPADES",
    "country_code": "US",
    "country": "United States"
  },
  {
    "username": "Anna65706766",
    "followingArtist": "IV OF SPADES",
    "country_code": "PH",
    "country": "Philippines"
  },
  {
    "username": "antonalano55",
    "followingArtist": "IV OF SPADES",
    "country_code": "ES",
    "country": "Spain"
  },
  {
    "username": "katyana_GDL",
    "followingArtist": "IV OF SPADES",
    "country_code": "US",
    "country": "United States"
  },
  {
    "username": "RandySarzaba",
    "followingArtist": "IV OF SPADES",
    "country_code": "US",
    "country": "United States"
  },
  {
    "username": "LheaDeGuzman6",
    "followingArtist": "IV OF SPADES",
    "country_code": "PH",
    "country": "Philippines"
  },
  {
    "username": "RichardapogB",
    "followingArtist": "IV OF SPADES",
    "country_code": "US",
    "country": "United States"
  },
  {
    "username": "sa_anikayasay",
    "followingArtist": "IV OF SPADES",
    "country_code": "US",
    "country": "United States"
  },
  {
    "username": "Chumms3",
    "followingArtist": "IV OF SPADES",
    "country_code": "PH",
    "country": "Philippines"
  },
  {
    "username": "jobanexx",
    "followingArtist": "IV OF SPADES",
    "country_code": "US",
    "country": "United States"
  },
  {
    "username": "ann_rivac",
    "followingArtist": "IV OF SPADES",
    "country_code": "PH",
    "country": "Philippines"
  },
  {
    "username": "biathought01",
    "followingArtist": "IV OF SPADES",
    "country_code": "PH",
    "country": "Philippines"
  },
  {
    "username": "Nalnally1",
    "followingArtist": "IV OF SPADES",
    "country_code": "GB",
    "country": "Northern Ireland"
  },
  {
    "username": "VinzRodriguez",
    "followingArtist": "IV OF SPADES",
    "country_code": "PH",
    "country": "Philippines"
  },
  {
    "username": "Camille77466715",
    "followingArtist": "IV OF SPADES",
    "country_code": "US",
    "country": "United States"
  },
  {
    "username": "camssyy12",
    "followingArtist": "IV OF SPADES",
    "country_code": "PH",
    "country": "Philippines"
  },
  {
    "username": "JessNoL83423249",
    "followingArtist": "IV OF SPADES",
    "country_code": "PH",
    "country": "Philippines"
  },
  {
    "username": "xxgail_",
    "followingArtist": "IV OF SPADES",
    "country_code": "PH",
    "country": "Philippines"
  },
  {
    "username": "Ihsaa14",
    "followingArtist": "IV OF SPADES",
    "country_code": "US",
    "country": "United States"
  },
  {
    "username": "jr_joemer",
    "followingArtist": "IV OF SPADES",
    "country_code": "IT",
    "country": "Italy"
  },
  {
    "username": "HannahR29982198",
    "followingArtist": "IV OF SPADES",
    "country_code": "PH",
    "country": "Philippines"
  },
  {
    "username": "BalaniGemma",
    "followingArtist": "IV OF SPADES",
    "country_code": "PH",
    "country": "Philippines"
  },
  {
    "username": "esdilegitimate",
    "followingArtist": "IV OF SPADES",
    "country_code": "US",
    "country": "United States"
  },
  {
    "username": "papcteo",
    "followingArtist": "IV OF SPADES",
    "country_code": "PH",
    "country": "Philippines"
  },
  {
    "username": "SniperReady1",
    "followingArtist": "IV OF SPADES",
    "country_code": "PH",
    "country": "Philippines"
  },
  {
    "username": "rebeyahash17",
    "followingArtist": "IV OF SPADES",
    "country_code": "GB",
    "country": "Northern Ireland"
  },
  {
    "username": "roseeeyjauregui",
    "followingArtist": "IV OF SPADES",
    "country_code": "US",
    "country": "United States"
  },
  {
    "username": "AlinairB",
    "followingArtist": "IV OF SPADES",
    "country_code": "PH",
    "country": "Philippines"
  },
  {
    "username": "AtePatttt",
    "followingArtist": "IV OF SPADES",
    "country_code": "PH",
    "country": "Philippines"
  },
  {
    "username": "DeniseDivinagr3",
    "followingArtist": "IV OF SPADES",
    "country_code": "PH",
    "country": "Philippines"
  },
  {
    "username": "NaelgaPabien",
    "followingArtist": "IV OF SPADES",
    "country_code": "US",
    "country": "United States"
  },
  {
    "username": "bakiiiiittt",
    "followingArtist": "IV OF SPADES",
    "country_code": "JO",
    "country": "Jordan"
  },
  {
    "username": "anielangus",
    "followingArtist": "IV OF SPADES",
    "country_code": "US",
    "country": "United States"
  },
  {
    "username": "its_angelaxx",
    "followingArtist": "IV OF SPADES",
    "country_code": "PH",
    "country": "Philippines"
  },
  {
    "username": "Peng60496019",
    "followingArtist": "IV OF SPADES",
    "country_code": "PH",
    "country": "Philippines"
  },
  {
    "username": "MariaGriffindor",
    "followingArtist": "IV OF SPADES",
    "country_code": "PH",
    "country": "Philippines"
  },
  {
    "username": "libutaquee",
    "followingArtist": "IV OF SPADES",
    "country_code": "TR",
    "country": "Turkey"
  },
  {
    "username": "hedztan",
    "followingArtist": "IV OF SPADES",
    "country_code": "US",
    "country": "United States"
  },
  {
    "username": "JohnTangco",
    "followingArtist": "IV OF SPADES",
    "country_code": "PH",
    "country": "Philippines"
  },
  {
    "username": "JohnGabrielLac3",
    "followingArtist": "IV OF SPADES",
    "country_code": "PH",
    "country": "Philippines"
  },
  {
    "username": "dvfem",
    "followingArtist": "IV OF SPADES",
    "country_code": "GB",
    "country": "Northern Ireland"
  },
  {
    "username": "Ashanti27960307",
    "followingArtist": "IV OF SPADES",
    "country_code": "DK",
    "country": "Denmark"
  },
  {
    "username": "JeraldAtibagos",
    "followingArtist": "IV OF SPADES",
    "country_code": "PH",
    "country": "Philippines"
  },
  {
    "username": "BabyshineP",
    "followingArtist": "IV OF SPADES",
    "country_code": "US",
    "country": "United States"
  },
  {
    "username": "GuardianoMarie",
    "followingArtist": "IV OF SPADES",
    "country_code": "PH",
    "country": "Philippines"
  },
  {
    "username": "DonnaJoyClaud1",
    "followingArtist": "IV OF SPADES",
    "country_code": "PH",
    "country": "Philippines"
  },
  {
    "username": "Lucian_dale",
    "followingArtist": "IV OF SPADES",
    "country_code": "PH",
    "country": "Philippines"
  },
  {
    "username": "mintwarren",
    "followingArtist": "IV OF SPADES",
    "country_code": "PH",
    "country": "Philippines"
  },
  {
    "username": "BabeTrissha",
    "followingArtist": "IV OF SPADES",
    "country_code": "US",
    "country": "United States"
  },
  {
    "username": "feya40162257",
    "followingArtist": "IV OF SPADES",
    "country_code": "PH",
    "country": "Philippines"
  },
  {
    "username": "looorenz1",
    "followingArtist": "IV OF SPADES",
    "country_code": "PH",
    "country": "Philippines"
  },
  {
    "username": "beatxxx2",
    "followingArtist": "IV OF SPADES",
    "country_code": "US",
    "country": "United States"
  },
  {
    "username": "caliisweeeg",
    "followingArtist": "IV OF SPADES",
    "country_code": "PH",
    "country": "Philippines"
  },
  {
    "username": "olayscarlett",
    "followingArtist": "IV OF SPADES",
    "country_code": "PH",
    "country": "Philippines"
  },
  {
    "username": "BhllKylie",
    "followingArtist": "IV OF SPADES",
    "country_code": "PH",
    "country": "Philippines"
  },
  {
    "username": "queenjanerose",
    "followingArtist": "IV OF SPADES",
    "country_code": "HU",
    "country": "Hungary"
  },
  {
    "username": "aian_edizer",
    "followingArtist": "IV OF SPADES",
    "country_code": "GR",
    "country": "Greece"
  },
  {
    "username": "SpencerManrique",
    "followingArtist": "IV OF SPADES",
    "country_code": "PH",
    "country": "Philippines"
  },
  {
    "username": "CharleneBalmori",
    "followingArtist": "IV OF SPADES",
    "country_code": "PH",
    "country": "Philippines"
  },
  {
    "username": "KurtElumba1",
    "followingArtist": "IV OF SPADES",
    "country_code": "GB",
    "country": "Northern Ireland"
  },
  {
    "username": "NofiezKimberly",
    "followingArtist": "IV OF SPADES",
    "country_code": "PH",
    "country": "Philippines"
  },
  {
    "username": "GacaPauline",
    "followingArtist": "IV OF SPADES",
    "country_code": "PH",
    "country": "Philippines"
  },
  {
    "username": "Itsmeella0726",
    "followingArtist": "IV OF SPADES",
    "country_code": "PH",
    "country": "Philippines"
  },
  {
    "username": "ReyezXinn",
    "followingArtist": "IV OF SPADES",
    "country_code": "PH",
    "country": "Philippines"
  },
  {
    "username": "Viganda9",
    "followingArtist": "IV OF SPADES",
    "country_code": "US",
    "country": "United States"
  },
  {
    "username": "MarianneBanzon",
    "followingArtist": "IV OF SPADES",
    "country_code": "PH",
    "country": "Philippines"
  },
  {
    "username": "maryangelied",
    "followingArtist": "IV OF SPADES",
    "country_code": "PH",
    "country": "Philippines"
  },
  {
    "username": "maedelacuevaa",
    "followingArtist": "IV OF SPADES",
    "country_code": "US",
    "country": "United States"
  },
  {
    "username": "Kimmy70118186",
    "followingArtist": "IV OF SPADES",
    "country_code": "US",
    "country": "United States"
  },
  {
    "username": "AveArvin",
    "followingArtist": "IV OF SPADES",
    "country_code": "PH",
    "country": "Philippines"
  },
  {
    "username": "jpdotoo",
    "followingArtist": "IV OF SPADES",
    "country_code": "PH",
    "country": "Philippines"
  },
  {
    "username": "AzneitaW",
    "followingArtist": "IV OF SPADES",
    "country_code": "PH",
    "country": "Philippines"
  },
  {
    "username": "yandaliciouss16",
    "followingArtist": "IV OF SPADES",
    "country_code": "PH",
    "country": "Philippines"
  },
  {
    "username": "jinanininini",
    "followingArtist": "IV OF SPADES",
    "country_code": "US",
    "country": "United States"
  },
  {
    "username": "bitch062411",
    "followingArtist": "IV OF SPADES",
    "country_code": "PH",
    "country": "Philippines"
  },
  {
    "username": "sadboi_hehe",
    "followingArtist": "IV OF SPADES",
    "country_code": "ID",
    "country": "Indonesia"
  },
  {
    "username": "BarceloBarby",
    "followingArtist": "IV OF SPADES",
    "country_code": "PH",
    "country": "Philippines"
  },
  {
    "username": "ClorionDeleon",
    "followingArtist": "IV OF SPADES",
    "country_code": "PH",
    "country": "Philippines"
  },
  {
    "username": "ChloeRodis",
    "followingArtist": "IV OF SPADES",
    "country_code": "PH",
    "country": "Philippines"
  },
  {
    "username": "mariyaa_arxblxa",
    "followingArtist": "IV OF SPADES",
    "country_code": "PH",
    "country": "Philippines"
  },
  {
    "username": "Piayayang23",
    "followingArtist": "IV OF SPADES",
    "country_code": "US",
    "country": "United States"
  },
  {
    "username": "watson_fhaye",
    "followingArtist": "IV OF SPADES",
    "country_code": "US",
    "country": "United States"
  },
  {
    "username": "Zang01953105",
    "followingArtist": "IV OF SPADES",
    "country_code": "US",
    "country": "United States"
  },
  {
    "username": "MalicahLago",
    "followingArtist": "IV OF SPADES",
    "country_code": "PH",
    "country": "Philippines"
  },
  {
    "username": "Hanpillatinen",
    "followingArtist": "IV OF SPADES",
    "country_code": "US",
    "country": "United States"
  },
  {
    "username": "BatallaNino",
    "followingArtist": "IV OF SPADES",
    "country_code": "PH",
    "country": "Philippines"
  },
  {
    "username": "menguezjilgo17",
    "followingArtist": "IV OF SPADES",
    "country_code": "PH",
    "country": "Philippines"
  },
  {
    "username": "joshxcszed",
    "followingArtist": "IV OF SPADES",
    "country_code": "PH",
    "country": "Philippines"
  },
  {
    "username": "JheannaCorpuz",
    "followingArtist": "IV OF SPADES",
    "country_code": "PH",
    "country": "Philippines"
  },
  {
    "username": "ianroneibarra",
    "followingArtist": "IV OF SPADES",
    "country_code": "IT",
    "country": "Italy"
  },
  {
    "username": "mchlrmnhn",
    "followingArtist": "IV OF SPADES",
    "country_code": "US",
    "country": "United States"
  },
  {
    "username": "MayDon23461347",
    "followingArtist": "IV OF SPADES",
    "country_code": "US",
    "country": "United States"
  },
  {
    "username": "christeeeyanne1",
    "followingArtist": "IV OF SPADES",
    "country_code": "PH",
    "country": "Philippines"
  },
  {
    "username": "CrvntsAzel",
    "followingArtist": "IV OF SPADES",
    "country_code": "PH",
    "country": "Philippines"
  },
  {
    "username": "Panggalicious1",
    "followingArtist": "IV OF SPADES",
    "country_code": "PH",
    "country": "Philippines"
  },
  {
    "username": "RommelisaEstol2",
    "followingArtist": "IV OF SPADES",
    "country_code": "NG",
    "country": "Nigeria"
  },
  {
    "username": "pearl_leanne",
    "followingArtist": "IV OF SPADES",
    "country_code": "US",
    "country": "United States"
  },
  {
    "username": "mikey53975837",
    "followingArtist": "IV OF SPADES",
    "country_code": "PH",
    "country": "Philippines"
  },
  {
    "username": "sopiya_kasandra",
    "followingArtist": "IV OF SPADES",
    "country_code": "PH",
    "country": "Philippines"
  },
  {
    "username": "egieee4",
    "followingArtist": "IV OF SPADES",
    "country_code": "PH",
    "country": "Philippines"
  },
  {
    "username": "cheng21510101",
    "followingArtist": "IV OF SPADES",
    "country_code": "US",
    "country": "United States"
  },
  {
    "username": "Iam84443848",
    "followingArtist": "IV OF SPADES",
    "country_code": "PH",
    "country": "Philippines"
  },
  {
    "username": "_marararara_",
    "followingArtist": "IV OF SPADES",
    "country_code": "PH",
    "country": "Philippines"
  },
  {
    "username": "EpicPopoi",
    "followingArtist": "IV OF SPADES",
    "country_code": "US",
    "country": "United States"
  },
  {
    "username": "bb_adelaida",
    "followingArtist": "IV OF SPADES",
    "country_code": "PH",
    "country": "Philippines"
  },
  {
    "username": "DaddyB43154822",
    "followingArtist": "IV OF SPADES",
    "country_code": "PH",
    "country": "Philippines"
  },
  {
    "username": "alrhodrona",
    "followingArtist": "IV OF SPADES",
    "country_code": "US",
    "country": "United States"
  },
  {
    "username": "JGalvantez",
    "followingArtist": "IV OF SPADES",
    "country_code": "PH",
    "country": "Philippines"
  },
  {
    "username": "Meowmemay27",
    "followingArtist": "IV OF SPADES",
    "country_code": "PH",
    "country": "Philippines"
  },
  {
    "username": "hanhkrstna",
    "followingArtist": "IV OF SPADES",
    "country_code": "PH",
    "country": "Philippines"
  },
  {
    "username": "jhnnmrd",
    "followingArtist": "IV OF SPADES",
    "country_code": "PH",
    "country": "Philippines"
  },
  {
    "username": "vanesha32396562",
    "followingArtist": "IV OF SPADES",
    "country_code": "KR",
    "country": "South Korea"
  },
  {
    "username": "Khatelynne1",
    "followingArtist": "IV OF SPADES",
    "country_code": "PH",
    "country": "Philippines"
  },
  {
    "username": "XxxMarizzxxX",
    "followingArtist": "IV OF SPADES",
    "country_code": "US",
    "country": "United States"
  },
  {
    "username": "kalabaw36815871",
    "followingArtist": "IV OF SPADES",
    "country_code": "PH",
    "country": "Philippines"
  },
  {
    "username": "Lira47303324",
    "followingArtist": "IV OF SPADES",
    "country_code": "PH",
    "country": "Philippines"
  },
  {
    "username": "BelleKayln",
    "followingArtist": "IV OF SPADES",
    "country_code": "US",
    "country": "United States"
  },
  {
    "username": "pangadamun",
    "followingArtist": "IV OF SPADES",
    "country_code": "PH",
    "country": "Philippines"
  },
  {
    "username": "DamnSon92200423",
    "followingArtist": "IV OF SPADES",
    "country_code": "PH",
    "country": "Philippines"
  },
  {
    "username": "B016776221",
    "followingArtist": "IV OF SPADES",
    "country_code": "FR",
    "country": "France"
  },
  {
    "username": "conradjoemar",
    "followingArtist": "IV OF SPADES",
    "country_code": "US",
    "country": "United States"
  },
  {
    "username": "JorolanJohnRick",
    "followingArtist": "IV OF SPADES",
    "country_code": "PH",
    "country": "Philippines"
  },
  {
    "username": "ClariceYaneza",
    "followingArtist": "IV OF SPADES",
    "country_code": "PH",
    "country": "Philippines"
  },
  {
    "username": "roditselorde02",
    "followingArtist": "IV OF SPADES",
    "country_code": "PH",
    "country": "Philippines"
  },
  {
    "username": "mayogracias",
    "followingArtist": "IV OF SPADES",
    "country_code": "PH",
    "country": "Philippines"
  },
  {
    "username": "mycuuuh_",
    "followingArtist": "IV OF SPADES",
    "country_code": "PH",
    "country": "Philippines"
  },
  {
    "username": "MaryAnn60139309",
    "followingArtist": "IV OF SPADES",
    "country_code": "US",
    "country": "United States"
  },
  {
    "username": "JeeKryle",
    "followingArtist": "IV OF SPADES",
    "country_code": "PH",
    "country": "Philippines"
  },
  {
    "username": "AstronomoRizza",
    "followingArtist": "IV OF SPADES",
    "country_code": "PH",
    "country": "Philippines"
  },
  {
    "username": "genieleelaycano",
    "followingArtist": "IV OF SPADES",
    "country_code": "PH",
    "country": "Philippines"
  },
  {
    "username": "Chestinjosef2",
    "followingArtist": "IV OF SPADES",
    "country_code": "PH",
    "country": "Philippines"
  },
  {
    "username": "QUEENPR14604763",
    "followingArtist": "IV OF SPADES",
    "country_code": "US",
    "country": "United States"
  },
  {
    "username": "JaiChristinaaa",
    "followingArtist": "IV OF SPADES",
    "country_code": "PH",
    "country": "Philippines"
  },
  {
    "username": "JustineBlasurca",
    "followingArtist": "IV OF SPADES",
    "country_code": "PH",
    "country": "Philippines"
  },
  {
    "username": "abejuela_carlo",
    "followingArtist": "IV OF SPADES",
    "country_code": "PH",
    "country": "Philippines"
  },
  {
    "username": "ShazneyDaganat4",
    "followingArtist": "IV OF SPADES",
    "country_code": "PH",
    "country": "Philippines"
  },
  {
    "username": "AbitangMarc",
    "followingArtist": "IV OF SPADES",
    "country_code": "PH",
    "country": "Philippines"
  },
  {
    "username": "DuyaCharles",
    "followingArtist": "IV OF SPADES",
    "country_code": "ES",
    "country": "Spain"
  },
  {
    "username": "Galeignacio2",
    "followingArtist": "IV OF SPADES",
    "country_code": "PH",
    "country": "Philippines"
  },
  {
    "username": "OcturaLilie",
    "followingArtist": "IV OF SPADES",
    "country_code": "GB",
    "country": "Northern Ireland"
  },
  {
    "username": "JYamud",
    "followingArtist": "IV OF SPADES",
    "country_code": "PH",
    "country": "Philippines"
  },
  {
    "username": "imcarrencate",
    "followingArtist": "IV OF SPADES",
    "country_code": "PH",
    "country": "Philippines"
  },
  {
    "username": "RezaRudyan",
    "followingArtist": "IV OF SPADES",
    "country_code": "ID",
    "country": "Indonesia"
  },
  {
    "username": "mojsohigh",
    "followingArtist": "IV OF SPADES",
    "country_code": "PH",
    "country": "Philippines"
  },
  {
    "username": "FocierM",
    "followingArtist": "IV OF SPADES",
    "country_code": "PH",
    "country": "Philippines"
  },
  {
    "username": "johnredber",
    "followingArtist": "IV OF SPADES",
    "country_code": "US",
    "country": "United States"
  },
  {
    "username": "SirJhelo",
    "followingArtist": "IV OF SPADES",
    "country_code": "PH",
    "country": "Philippines"
  },
  {
    "username": "LorelieEnrique6",
    "followingArtist": "IV OF SPADES",
    "country_code": "PH",
    "country": "Philippines"
  },
  {
    "username": "mitchgabss",
    "followingArtist": "IV OF SPADES",
    "country_code": "US",
    "country": "United States"
  },
  {
    "username": "superkayle",
    "followingArtist": "IV OF SPADES",
    "country_code": "PH",
    "country": "Philippines"
  },
  {
    "username": "chano1118",
    "followingArtist": "IV OF SPADES",
    "country_code": "PH",
    "country": "Philippines"
  },
  {
    "username": "SeanMen32046204",
    "followingArtist": "IV OF SPADES",
    "country_code": "PH",
    "country": "Philippines"
  },
  {
    "username": "sittiejafeerah",
    "followingArtist": "IV OF SPADES",
    "country_code": "PH",
    "country": "Philippines"
  },
  {
    "username": "jhellanvargas1",
    "followingArtist": "IV OF SPADES",
    "country_code": "PH",
    "country": "Philippines"
  },
  {
    "username": "MichaellaMujar",
    "followingArtist": "IV OF SPADES",
    "country_code": "PH",
    "country": "Philippines"
  },
  {
    "username": "it_aurea",
    "followingArtist": "IV OF SPADES",
    "country_code": "US",
    "country": "United States"
  },
  {
    "username": "asuang_",
    "followingArtist": "IV OF SPADES",
    "country_code": "PH",
    "country": "Philippines"
  },
  {
    "username": "zaydieeeee",
    "followingArtist": "IV OF SPADES",
    "country_code": "PH",
    "country": "Philippines"
  },
  {
    "username": "kyutie_jessa",
    "followingArtist": "IV OF SPADES",
    "country_code": "US",
    "country": "United States"
  },
  {
    "username": "Johnny_Supremo",
    "followingArtist": "IV OF SPADES",
    "country_code": "PH",
    "country": "Philippines"
  },
  {
    "username": "quiamrms",
    "followingArtist": "IV OF SPADES",
    "country_code": "CN",
    "country": "China"
  },
  {
    "username": "Delfinshane_",
    "followingArtist": "IV OF SPADES",
    "country_code": "PH",
    "country": "Philippines"
  },
  {
    "username": "JorquiaAmira",
    "followingArtist": "IV OF SPADES",
    "country_code": "US",
    "country": "United States"
  },
  {
    "username": "AngeLica80800",
    "followingArtist": "IV OF SPADES",
    "country_code": "GB",
    "country": "Northern Ireland"
  },
  {
    "username": "darknld",
    "followingArtist": "IV OF SPADES",
    "country_code": "US",
    "country": "United States"
  },
  {
    "username": "JhanbertC",
    "followingArtist": "IV OF SPADES",
    "country_code": "PH",
    "country": "Philippines"
  },
  {
    "username": "LagrioAbigail",
    "followingArtist": "IV OF SPADES",
    "country_code": "PH",
    "country": "Philippines"
  },
  {
    "username": "Kurisurinxx",
    "followingArtist": "IV OF SPADES",
    "country_code": "PH",
    "country": "Philippines"
  },
  {
    "username": "KaelaHavva",
    "followingArtist": "IV OF SPADES",
    "country_code": "US",
    "country": "United States"
  },
  {
    "username": "tyronecallejo",
    "followingArtist": "IV OF SPADES",
    "country_code": "US",
    "country": "United States"
  },
  {
    "username": "ra_kafila",
    "followingArtist": "IV OF SPADES",
    "country_code": "US",
    "country": "United States"
  },
  {
    "username": "TANGKAY_STEM",
    "followingArtist": "IV OF SPADES",
    "country_code": "US",
    "country": "United States"
  },
  {
    "username": "Alexythimia1",
    "followingArtist": "IV OF SPADES",
    "country_code": "PH",
    "country": "Philippines"
  },
  {
    "username": "Christi45022854",
    "followingArtist": "IV OF SPADES",
    "country_code": "US",
    "country": "United States"
  },
  {
    "username": "GgMjxx",
    "followingArtist": "IV OF SPADES",
    "country_code": "PH",
    "country": "Philippines"
  },
  {
    "username": "pandesal2003",
    "followingArtist": "IV OF SPADES",
    "country_code": "PH",
    "country": "Philippines"
  },
  {
    "username": "CDiano27",
    "followingArtist": "IV OF SPADES",
    "country_code": "US",
    "country": "United States"
  },
  {
    "username": "aren_kier",
    "followingArtist": "IV OF SPADES",
    "country_code": "KZ",
    "country": "Kazakhstan"
  },
  {
    "username": "jemereeeeeee",
    "followingArtist": "IV OF SPADES",
    "country_code": "PH",
    "country": "Philippines"
  },
  {
    "username": "MamuriAntonette",
    "followingArtist": "IV OF SPADES",
    "country_code": "GB",
    "country": "Northern Ireland"
  },
  {
    "username": "rachellesntg_",
    "followingArtist": "IV OF SPADES",
    "country_code": "US",
    "country": "United States"
  },
  {
    "username": "dellyykyya",
    "followingArtist": "IV OF SPADES",
    "country_code": "IT",
    "country": "Italy"
  },
  {
    "username": "tzaoskieeee",
    "followingArtist": "IV OF SPADES",
    "country_code": "PH",
    "country": "Philippines"
  },
  {
    "username": "joana_tarroza",
    "followingArtist": "IV OF SPADES",
    "country_code": "PH",
    "country": "Philippines"
  },
  {
    "username": "Stevbyyy1",
    "followingArtist": "IV OF SPADES",
    "country_code": "PH",
    "country": "Philippines"
  },
  {
    "username": "vllmrbndl",
    "followingArtist": "IV OF SPADES",
    "country_code": "OM",
    "country": "Oman"
  },
  {
    "username": "KhelseyCastillo",
    "followingArtist": "IV OF SPADES",
    "country_code": "CA",
    "country": "Canada"
  },
  {
    "username": "zyruh_duran",
    "followingArtist": "IV OF SPADES",
    "country_code": "US",
    "country": "United States"
  },
  {
    "username": "AceAlodia",
    "followingArtist": "IV OF SPADES",
    "country_code": "PH",
    "country": "Philippines"
  },
  {
    "username": "Shiro_komi",
    "followingArtist": "IV OF SPADES",
    "country_code": "PH",
    "country": "Philippines"
  },
  {
    "username": "BabyAnge7",
    "followingArtist": "IV OF SPADES",
    "country_code": "US",
    "country": "United States"
  },
  {
    "username": "MaryJoy0804",
    "followingArtist": "IV OF SPADES",
    "country_code": "PH",
    "country": "Philippines"
  },
  {
    "username": "aibellemadrida1",
    "followingArtist": "IV OF SPADES",
    "country_code": "US",
    "country": "United States"
  },
  {
    "username": "GsgLex",
    "followingArtist": "IV OF SPADES",
    "country_code": "PH",
    "country": "Philippines"
  },
  {
    "username": "thebedfordbus",
    "followingArtist": "IV OF SPADES",
    "country_code": "US",
    "country": "United States"
  },
  {
    "username": "Coleng161",
    "followingArtist": "IV OF SPADES",
    "country_code": "PH",
    "country": "Philippines"
  },
  {
    "username": "CheezySeu",
    "followingArtist": "IV OF SPADES",
    "country_code": "GB",
    "country": "Northern Ireland"
  },
  {
    "username": "OyhocSamantha",
    "followingArtist": "IV OF SPADES",
    "country_code": "PH",
    "country": "Philippines"
  },
  {
    "username": "ara_fontanilla",
    "followingArtist": "IV OF SPADES",
    "country_code": "PH",
    "country": "Philippines"
  },
  {
    "username": "prncpabya",
    "followingArtist": "IV OF SPADES",
    "country_code": "PH",
    "country": "Philippines"
  },
  {
    "username": "_KrishnaAcey",
    "followingArtist": "IV OF SPADES",
    "country_code": "US",
    "country": "United States"
  },
  {
    "username": "artsygh0st",
    "followingArtist": "IV OF SPADES",
    "country_code": "PH",
    "country": "Philippines"
  },
  {
    "username": "Ccckarlin",
    "followingArtist": "IV OF SPADES",
    "country_code": "IT",
    "country": "Italy"
  },
  {
    "username": "marzckie171",
    "followingArtist": "IV OF SPADES",
    "country_code": "MR",
    "country": "Mauritania"
  },
  {
    "username": "Jeric_Andrew",
    "followingArtist": "IV OF SPADES",
    "country_code": "US",
    "country": "United States"
  },
  {
    "username": "jelonolasco2",
    "followingArtist": "IV OF SPADES",
    "country_code": "US",
    "country": "United States"
  },
  {
    "username": "visponoriel",
    "followingArtist": "IV OF SPADES",
    "country_code": "PH",
    "country": "Philippines"
  },
  {
    "username": "jaxxxaiii",
    "followingArtist": "IV OF SPADES",
    "country_code": "FR",
    "country": "France"
  },
  {
    "username": "nicko_ferrer",
    "followingArtist": "IV OF SPADES",
    "country_code": "US",
    "country": "United States"
  },
  {
    "username": "kmtibooc",
    "followingArtist": "IV OF SPADES",
    "country_code": "PH",
    "country": "Philippines"
  },
  {
    "username": "NickDelfin2",
    "followingArtist": "IV OF SPADES",
    "country_code": "PH",
    "country": "Philippines"
  },
  {
    "username": "MoralityMs",
    "followingArtist": "IV OF SPADES",
    "country_code": "ES",
    "country": "Spain"
  },
  {
    "username": "CoverdKo",
    "followingArtist": "IV OF SPADES",
    "country_code": "GB",
    "country": "Northern Ireland"
  },
  {
    "username": "fuentes_cai",
    "followingArtist": "IV OF SPADES",
    "country_code": "PH",
    "country": "Philippines"
  },
  {
    "username": "bebengmakaluma",
    "followingArtist": "IV OF SPADES",
    "country_code": "US",
    "country": "United States"
  },
  {
    "username": "MnsMrtn",
    "followingArtist": "IV OF SPADES",
    "country_code": "PH",
    "country": "Philippines"
  },
  {
    "username": "BRMMyInitial",
    "followingArtist": "IV OF SPADES",
    "country_code": "US",
    "country": "United States"
  },
  {
    "username": "AubreySophiaEn1",
    "followingArtist": "IV OF SPADES",
    "country_code": "US",
    "country": "United States"
  },
  {
    "username": "earvin112",
    "followingArtist": "IV OF SPADES",
    "country_code": "PH",
    "country": "Philippines"
  },
  {
    "username": "janinaysabellz",
    "followingArtist": "IV OF SPADES",
    "country_code": "PH",
    "country": "Philippines"
  },
  {
    "username": "leorobin0819",
    "followingArtist": "IV OF SPADES",
    "country_code": "PE",
    "country": "Peru"
  },
  {
    "username": "Michell82739115",
    "followingArtist": "IV OF SPADES",
    "country_code": "PH",
    "country": "Philippines"
  },
  {
    "username": "jm_111193",
    "followingArtist": "IV OF SPADES",
    "country_code": "US",
    "country": "United States"
  },
  {
    "username": "ManaluzJaime",
    "followingArtist": "IV OF SPADES",
    "country_code": "AR",
    "country": "Argentina"
  },
  {
    "username": "Janeng02298554",
    "followingArtist": "IV OF SPADES",
    "country_code": "PH",
    "country": "Philippines"
  },
  {
    "username": "ilysb_aja30",
    "followingArtist": "IV OF SPADES",
    "country_code": "FR",
    "country": "France"
  },
  {
    "username": "Marcjester7",
    "followingArtist": "IV OF SPADES",
    "country_code": "PH",
    "country": "Philippines"
  },
  {
    "username": "Chinchi91575884",
    "followingArtist": "IV OF SPADES",
    "country_code": "KR",
    "country": "South Korea"
  },
  {
    "username": "itsjeancallejo",
    "followingArtist": "IV OF SPADES",
    "country_code": "PH",
    "country": "Philippines"
  },
  {
    "username": "ChaddyCute1",
    "followingArtist": "IV OF SPADES",
    "country_code": "US",
    "country": "United States"
  },
  {
    "username": "negs_one",
    "followingArtist": "IV OF SPADES",
    "country_code": "US",
    "country": "United States"
  },
  {
    "username": "_kakaiba",
    "followingArtist": "IV OF SPADES",
    "country_code": "PH",
    "country": "Philippines"
  },
  {
    "username": "shilomey",
    "followingArtist": "IV OF SPADES",
    "country_code": "PH",
    "country": "Philippines"
  },
  {
    "username": "ParrenoGladys",
    "followingArtist": "IV OF SPADES",
    "country_code": "PH",
    "country": "Philippines"
  },
  {
    "username": "MercadoNicay",
    "followingArtist": "IV OF SPADES",
    "country_code": "PH",
    "country": "Philippines"
  },
  {
    "username": "analyndrlacrux",
    "followingArtist": "IV OF SPADES",
    "country_code": "PH",
    "country": "Philippines"
  },
  {
    "username": "jessiepontino5",
    "followingArtist": "IV OF SPADES",
    "country_code": "US",
    "country": "United States"
  },
  {
    "username": "KRHugot",
    "followingArtist": "IV OF SPADES",
    "country_code": "US",
    "country": "United States"
  },
  {
    "username": "Laurence071997",
    "followingArtist": "IV OF SPADES",
    "country_code": "PH",
    "country": "Philippines"
  },
  {
    "username": "janinevllvrd",
    "followingArtist": "IV OF SPADES",
    "country_code": "PH",
    "country": "Philippines"
  },
  {
    "username": "RamesRama1",
    "followingArtist": "IV OF SPADES",
    "country_code": "US",
    "country": "United States"
  },
  {
    "username": "AllyanahLaxama1",
    "followingArtist": "IV OF SPADES",
    "country_code": "US",
    "country": "United States"
  },
  {
    "username": "JaimeAq09702123",
    "followingArtist": "IV OF SPADES",
    "country_code": "PH",
    "country": "Philippines"
  },
  {
    "username": "ylleaccul",
    "followingArtist": "IV OF SPADES",
    "country_code": "PH",
    "country": "Philippines"
  },
  {
    "username": "Mrdm24",
    "followingArtist": "IV OF SPADES",
    "country_code": "ES",
    "country": "Spain"
  },
  {
    "username": "yelmonster",
    "followingArtist": "IV OF SPADES",
    "country_code": "PH",
    "country": "Philippines"
  },
  {
    "username": "leilajennramos",
    "followingArtist": "IV OF SPADES",
    "country_code": "US",
    "country": "United States"
  },
  {
    "username": "Jasfer46609291",
    "followingArtist": "IV OF SPADES",
    "country_code": "US",
    "country": "United States"
  },
  {
    "username": "johnpaulopenaso",
    "followingArtist": "IV OF SPADES",
    "country_code": "US",
    "country": "United States"
  },
  {
    "username": "kathleya_enrile",
    "followingArtist": "IV OF SPADES",
    "country_code": "PH",
    "country": "Philippines"
  },
  {
    "username": "Jommel82338808",
    "followingArtist": "IV OF SPADES",
    "country_code": "PH",
    "country": "Philippines"
  },
  {
    "username": "ArielaLeonore",
    "followingArtist": "IV OF SPADES",
    "country_code": "US",
    "country": "United States"
  },
  {
    "username": "cooljack0006",
    "followingArtist": "IV OF SPADES",
    "country_code": "PH",
    "country": "Philippines"
  },
  {
    "username": "ego_btchs",
    "followingArtist": "IV OF SPADES",
    "country_code": "PH",
    "country": "Philippines"
  },
  {
    "username": "MaidenAngel23",
    "followingArtist": "IV OF SPADES",
    "country_code": "US",
    "country": "United States"
  },
  {
    "username": "aprilragragio",
    "followingArtist": "IV OF SPADES",
    "country_code": "US",
    "country": "United States"
  },
  {
    "username": "RovellynR",
    "followingArtist": "IV OF SPADES",
    "country_code": "PH",
    "country": "Philippines"
  },
  {
    "username": "sachi2812",
    "followingArtist": "IV OF SPADES",
    "country_code": "PH",
    "country": "Philippines"
  },
  {
    "username": "SairoGab",
    "followingArtist": "IV OF SPADES",
    "country_code": "GB",
    "country": "Northern Ireland"
  },
  {
    "username": "Jacklyn45467831",
    "followingArtist": "IV OF SPADES",
    "country_code": "US",
    "country": "United States"
  },
  {
    "username": "iamailuuuhmaria",
    "followingArtist": "IV OF SPADES",
    "country_code": "PH",
    "country": "Philippines"
  },
  {
    "username": "mha_kii",
    "followingArtist": "IV OF SPADES",
    "country_code": "GB",
    "country": "Northern Ireland"
  },
  {
    "username": "solid_uhm",
    "followingArtist": "IV OF SPADES",
    "country_code": "CA",
    "country": "Canada"
  },
  {
    "username": "AmorPortuito",
    "followingArtist": "IV OF SPADES",
    "country_code": "US",
    "country": "United States"
  },
  {
    "username": "shannedandn",
    "followingArtist": "IV OF SPADES",
    "country_code": "US",
    "country": "United States"
  },
  {
    "username": "VivienSantos10",
    "followingArtist": "IV OF SPADES",
    "country_code": "PH",
    "country": "Philippines"
  },
  {
    "username": "mxnlzrrcute",
    "followingArtist": "IV OF SPADES",
    "country_code": "US",
    "country": "United States"
  },
  {
    "username": "PAAlagaout",
    "followingArtist": "IV OF SPADES",
    "country_code": "US",
    "country": "United States"
  },
  {
    "username": "eggnogbeybeee",
    "followingArtist": "IV OF SPADES",
    "country_code": "PH",
    "country": "Philippines"
  },
  {
    "username": "jhnpulvllgs",
    "followingArtist": "IV OF SPADES",
    "country_code": "PH",
    "country": "Philippines"
  },
  {
    "username": "sean_g_sarGRL",
    "followingArtist": "IV OF SPADES",
    "country_code": "PH",
    "country": "Philippines"
  },
  {
    "username": "martsrivera",
    "followingArtist": "IV OF SPADES",
    "country_code": "PH",
    "country": "Philippines"
  },
  {
    "username": "azilra1",
    "followingArtist": "IV OF SPADES",
    "country_code": "US",
    "country": "United States"
  },
  {
    "username": "ElvesEstole",
    "followingArtist": "IV OF SPADES",
    "country_code": "CU",
    "country": "Cuba"
  },
  {
    "username": "MaycaReid",
    "followingArtist": "IV OF SPADES",
    "country_code": "US",
    "country": "United States"
  },
  {
    "username": "Hazelmaedomingo",
    "followingArtist": "IV OF SPADES",
    "country_code": "PH",
    "country": "Philippines"
  },
  {
    "username": "_myeil",
    "followingArtist": "IV OF SPADES",
    "country_code": "PH",
    "country": "Philippines"
  },
  {
    "username": "ajeshuaa",
    "followingArtist": "IV OF SPADES",
    "country_code": "AR",
    "country": "Argentina"
  },
  {
    "username": "Kheanaaaaa",
    "followingArtist": "IV OF SPADES",
    "country_code": "ES",
    "country": "Spain"
  },
  {
    "username": "lunareclipse094",
    "followingArtist": "IV OF SPADES",
    "country_code": "US",
    "country": "United States"
  },
  {
    "username": "athena_0",
    "followingArtist": "IV OF SPADES",
    "country_code": "US",
    "country": "United States"
  },
  {
    "username": "mrkfrncspd",
    "followingArtist": "IV OF SPADES",
    "country_code": "US",
    "country": "United States"
  },
  {
    "username": "plengaaaaay",
    "followingArtist": "IV OF SPADES",
    "country_code": "US",
    "country": "United States"
  },
  {
    "username": "officlalpjm",
    "followingArtist": "IV OF SPADES",
    "country_code": "US",
    "country": "United States"
  },
  {
    "username": "asdfghhjklz1",
    "followingArtist": "IV OF SPADES",
    "country_code": "US",
    "country": "United States"
  },
  {
    "username": "supertinnnnnnn",
    "followingArtist": "IV OF SPADES",
    "country_code": "PH",
    "country": "Philippines"
  },
  {
    "username": "Polo19Maria",
    "followingArtist": "IV OF SPADES",
    "country_code": "US",
    "country": "United States"
  },
  {
    "username": "Beamalupaaltam1",
    "followingArtist": "IV OF SPADES",
    "country_code": "PH",
    "country": "Philippines"
  },
  {
    "username": "Euniza8",
    "followingArtist": "IV OF SPADES",
    "country_code": "PH",
    "country": "Philippines"
  },
  {
    "username": "sykflakes64",
    "followingArtist": "IV OF SPADES",
    "country_code": "PH",
    "country": "Philippines"
  },
  {
    "username": "abimontes_cruz",
    "followingArtist": "IV OF SPADES",
    "country_code": "US",
    "country": "United States"
  },
  {
    "username": "daynyelkayt",
    "followingArtist": "IV OF SPADES",
    "country_code": "US",
    "country": "United States"
  },
  {
    "username": "NowellChristian",
    "followingArtist": "IV OF SPADES",
    "country_code": "PH",
    "country": "Philippines"
  },
  {
    "username": "Vevian49826174",
    "followingArtist": "IV OF SPADES",
    "country_code": "GB",
    "country": "Northern Ireland"
  },
  {
    "username": "Kate39797181",
    "followingArtist": "IV OF SPADES",
    "country_code": "PH",
    "country": "Philippines"
  },
  {
    "username": "marvin49966380",
    "followingArtist": "IV OF SPADES",
    "country_code": "GH",
    "country": "Ghana"
  },
  {
    "username": "CyrvilC",
    "followingArtist": "IV OF SPADES",
    "country_code": "PH",
    "country": "Philippines"
  },
  {
    "username": "CheryMa80029561",
    "followingArtist": "IV OF SPADES",
    "country_code": "US",
    "country": "United States"
  },
  {
    "username": "Diether04241462",
    "followingArtist": "IV OF SPADES",
    "country_code": "PH",
    "country": "Philippines"
  },
  {
    "username": "Miz10111",
    "followingArtist": "IV OF SPADES",
    "country_code": "PH",
    "country": "Philippines"
  },
  {
    "username": "Christian122488",
    "followingArtist": "IV OF SPADES",
    "country_code": "PH",
    "country": "Philippines"
  },
  {
    "username": "CabonitaMarkian",
    "followingArtist": "IV OF SPADES",
    "country_code": "PH",
    "country": "Philippines"
  },
  {
    "username": "RckhmR",
    "followingArtist": "IV OF SPADES",
    "country_code": "US",
    "country": "United States"
  },
  {
    "username": "karen_catacutan",
    "followingArtist": "IV OF SPADES",
    "country_code": "PH",
    "country": "Philippines"
  },
  {
    "username": "CorpuzKianna",
    "followingArtist": "IV OF SPADES",
    "country_code": "DK",
    "country": "Denmark"
  },
  {
    "username": "Knyyy05",
    "followingArtist": "IV OF SPADES",
    "country_code": "PH",
    "country": "Philippines"
  },
  {
    "username": "johnrodeldumay1",
    "followingArtist": "IV OF SPADES",
    "country_code": "PH",
    "country": "Philippines"
  },
  {
    "username": "leanajaneeee",
    "followingArtist": "IV OF SPADES",
    "country_code": "PH",
    "country": "Philippines"
  },
  {
    "username": "harriegaluzo",
    "followingArtist": "IV OF SPADES",
    "country_code": "PH",
    "country": "Philippines"
  },
  {
    "username": "kleobutter",
    "followingArtist": "IV OF SPADES",
    "country_code": "US",
    "country": "United States"
  },
  {
    "username": "jcgimps",
    "followingArtist": "IV OF SPADES",
    "country_code": "PH",
    "country": "Philippines"
  },
  {
    "username": "Jaybee08661554",
    "followingArtist": "IV OF SPADES",
    "country_code": "FR",
    "country": "France"
  },
  {
    "username": "GmagdaleraR",
    "followingArtist": "IV OF SPADES",
    "country_code": "US",
    "country": "United States"
  },
  {
    "username": "LameloB50105613",
    "followingArtist": "IV OF SPADES",
    "country_code": "PH",
    "country": "Philippines"
  },
  {
    "username": "vanissa37181060",
    "followingArtist": "IV OF SPADES",
    "country_code": "CD",
    "country": "Democratic Republic of Congo"
  },
  {
    "username": "roselynv8",
    "followingArtist": "IV OF SPADES",
    "country_code": "GB",
    "country": "Northern Ireland"
  },
  {
    "username": "Dether09642469",
    "followingArtist": "IV OF SPADES",
    "country_code": "PH",
    "country": "Philippines"
  },
  {
    "username": "itskhiiiim",
    "followingArtist": "IV OF SPADES",
    "country_code": "IT",
    "country": "Italy"
  },
  {
    "username": "GarcellanoRegie",
    "followingArtist": "IV OF SPADES",
    "country_code": "ES",
    "country": "Spain"
  },
  {
    "username": "ChrstnJoseeeph",
    "followingArtist": "IV OF SPADES",
    "country_code": "PH",
    "country": "Philippines"
  },
  {
    "username": "shielaganda_",
    "followingArtist": "IV OF SPADES",
    "country_code": "PH",
    "country": "Philippines"
  },
  {
    "username": "baneEvalobo",
    "followingArtist": "IV OF SPADES",
    "country_code": "PH",
    "country": "Philippines"
  },
  {
    "username": "mardielyn24",
    "followingArtist": "IV OF SPADES",
    "country_code": "US",
    "country": "United States"
  },
  {
    "username": "jaysonjaspher11",
    "followingArtist": "IV OF SPADES",
    "country_code": "PH",
    "country": "Philippines"
  },
  {
    "username": "PotterMaymay",
    "followingArtist": "IV OF SPADES",
    "country_code": "PH",
    "country": "Philippines"
  },
  {
    "username": "Lalainebalmes3",
    "followingArtist": "IV OF SPADES",
    "country_code": "PH",
    "country": "Philippines"
  },
  {
    "username": "AlbesElton",
    "followingArtist": "IV OF SPADES",
    "country_code": "PH",
    "country": "Philippines"
  },
  {
    "username": "reynbowslaydX",
    "followingArtist": "IV OF SPADES",
    "country_code": "PH",
    "country": "Philippines"
  },
  {
    "username": "AjocJohncris",
    "followingArtist": "IV OF SPADES",
    "country_code": "PH",
    "country": "Philippines"
  },
  {
    "username": "TellesLawrence",
    "followingArtist": "IV OF SPADES",
    "country_code": "PH",
    "country": "Philippines"
  },
  {
    "username": "SolidierY",
    "followingArtist": "IV OF SPADES",
    "country_code": "US",
    "country": "United States"
  },
  {
    "username": "IamJhilerDepaz",
    "followingArtist": "IV OF SPADES",
    "country_code": "PH",
    "country": "Philippines"
  },
  {
    "username": "manuela59866126",
    "followingArtist": "IV OF SPADES",
    "country_code": "PH",
    "country": "Philippines"
  },
  {
    "username": "asnawe_a",
    "followingArtist": "IV OF SPADES",
    "country_code": "PH",
    "country": "Philippines"
  },
  {
    "username": "Zyraaah1",
    "followingArtist": "IV OF SPADES",
    "country_code": "PH",
    "country": "Philippines"
  },
  {
    "username": "Jhnn_Prz",
    "followingArtist": "IV OF SPADES",
    "country_code": "PH",
    "country": "Philippines"
  },
  {
    "username": "cjlagartera1",
    "followingArtist": "IV OF SPADES",
    "country_code": "PH",
    "country": "Philippines"
  },
  {
    "username": "Shesheshexy14",
    "followingArtist": "IV OF SPADES",
    "country_code": "US",
    "country": "United States"
  },
  {
    "username": "hnhsese",
    "followingArtist": "IV OF SPADES",
    "country_code": "UG",
    "country": "Uganda"
  },
  {
    "username": "Cherrymuffins_",
    "followingArtist": "IV OF SPADES",
    "country_code": "PH",
    "country": "Philippines"
  },
  {
    "username": "nvbareno",
    "followingArtist": "IV OF SPADES",
    "country_code": "GB",
    "country": "Northern Ireland"
  },
  {
    "username": "jhieemailcom1",
    "followingArtist": "IV OF SPADES",
    "country_code": "PH",
    "country": "Philippines"
  },
  {
    "username": "HartlySnow",
    "followingArtist": "IV OF SPADES",
    "country_code": "US",
    "country": "United States"
  },
  {
    "username": "CarmelaAlfons21",
    "followingArtist": "IV OF SPADES",
    "country_code": "PH",
    "country": "Philippines"
  },
  {
    "username": "JannaPa21108543",
    "followingArtist": "IV OF SPADES",
    "country_code": "PH",
    "country": "Philippines"
  },
  {
    "username": "MKMendoza4",
    "followingArtist": "IV OF SPADES",
    "country_code": "PH",
    "country": "Philippines"
  },
  {
    "username": "jucooo",
    "followingArtist": "IV OF SPADES",
    "country_code": "GB",
    "country": "Northern Ireland"
  },
  {
    "username": "Kim73278264",
    "followingArtist": "IV OF SPADES",
    "country_code": "ID",
    "country": "Indonesia"
  },
  {
    "username": "JennybeeIgne",
    "followingArtist": "IV OF SPADES",
    "country_code": "PH",
    "country": "Philippines"
  },
  {
    "username": "honeylemonade2",
    "followingArtist": "IV OF SPADES",
    "country_code": "PH",
    "country": "Philippines"
  },
  {
    "username": "MickeyPaks",
    "followingArtist": "IV OF SPADES",
    "country_code": "US",
    "country": "United States"
  },
  {
    "username": "ialsolovelauren",
    "followingArtist": "IV OF SPADES",
    "country_code": "US",
    "country": "United States"
  },
  {
    "username": "23_ricka",
    "followingArtist": "IV OF SPADES",
    "country_code": "US",
    "country": "United States"
  },
  {
    "username": "itsmePrince13",
    "followingArtist": "IV OF SPADES",
    "country_code": "US",
    "country": "United States"
  },
  {
    "username": "mikaaayyys",
    "followingArtist": "IV OF SPADES",
    "country_code": "US",
    "country": "United States"
  },
  {
    "username": "teynadeleyma",
    "followingArtist": "IV OF SPADES",
    "country_code": "PH",
    "country": "Philippines"
  },
  {
    "username": "Digz17821407",
    "followingArtist": "IV OF SPADES",
    "country_code": "PH",
    "country": "Philippines"
  },
  {
    "username": "Pauralalala",
    "followingArtist": "IV OF SPADES",
    "country_code": "PH",
    "country": "Philippines"
  },
  {
    "username": "FrankieBajado",
    "followingArtist": "IV OF SPADES",
    "country_code": "US",
    "country": "United States"
  },
  {
    "username": "keian_r",
    "followingArtist": "IV OF SPADES",
    "country_code": "US",
    "country": "United States"
  },
  {
    "username": "JosephM50419922",
    "followingArtist": "IV OF SPADES",
    "country_code": "PH",
    "country": "Philippines"
  },
  {
    "username": "vargasshauny",
    "followingArtist": "IV OF SPADES",
    "country_code": "PH",
    "country": "Philippines"
  },
  {
    "username": "Veejay36310377",
    "followingArtist": "IV OF SPADES",
    "country_code": "PH",
    "country": "Philippines"
  },
  {
    "username": "Jhaaakee",
    "followingArtist": "IV OF SPADES",
    "country_code": "US",
    "country": "United States"
  },
  {
    "username": "ElyMagbanua",
    "followingArtist": "IV OF SPADES",
    "country_code": "PH",
    "country": "Philippines"
  },
  {
    "username": "iamchinitojoel",
    "followingArtist": "IV OF SPADES",
    "country_code": "PH",
    "country": "Philippines"
  },
  {
    "username": "BarconElisha",
    "followingArtist": "IV OF SPADES",
    "country_code": "US",
    "country": "United States"
  },
  {
    "username": "jonathngayagoy",
    "followingArtist": "IV OF SPADES",
    "country_code": "CL",
    "country": "Chile"
  },
  {
    "username": "AlyzzaSantiago4",
    "followingArtist": "IV OF SPADES",
    "country_code": "PH",
    "country": "Philippines"
  },
  {
    "username": "arllyrivera1",
    "followingArtist": "IV OF SPADES",
    "country_code": "US",
    "country": "United States"
  },
  {
    "username": "BaizeOsquiza",
    "followingArtist": "IV OF SPADES",
    "country_code": "PH",
    "country": "Philippines"
  },
  {
    "username": "macabugsangee",
    "followingArtist": "IV OF SPADES",
    "country_code": "PH",
    "country": "Philippines"
  },
  {
    "username": "SamCastaneda9",
    "followingArtist": "IV OF SPADES",
    "country_code": "US",
    "country": "United States"
  },
  {
    "username": "j4slynn",
    "followingArtist": "IV OF SPADES",
    "country_code": "CA",
    "country": "Canada"
  },
  {
    "username": "syl_dama",
    "followingArtist": "IV OF SPADES",
    "country_code": "KR",
    "country": "South Korea"
  },
  {
    "username": "FranciscoKamil",
    "followingArtist": "IV OF SPADES",
    "country_code": "PH",
    "country": "Philippines"
  },
  {
    "username": "nattaliaaaaah",
    "followingArtist": "IV OF SPADES",
    "country_code": "PH",
    "country": "Philippines"
  },
  {
    "username": "baynn_morena",
    "followingArtist": "IV OF SPADES",
    "country_code": "ES",
    "country": "Spain"
  },
  {
    "username": "kevsanity7",
    "followingArtist": "IV OF SPADES",
    "country_code": "PH",
    "country": "Philippines"
  },
  {
    "username": "NaboMikaella",
    "followingArtist": "IV OF SPADES",
    "country_code": "PE",
    "country": "Peru"
  },
  {
    "username": "RgnrgnG",
    "followingArtist": "IV OF SPADES",
    "country_code": "PH",
    "country": "Philippines"
  },
  {
    "username": "EricaMariaLyn3",
    "followingArtist": "IV OF SPADES",
    "country_code": "PH",
    "country": "Philippines"
  },
  {
    "username": "elaizamawieeeee",
    "followingArtist": "IV OF SPADES",
    "country_code": "US",
    "country": "United States"
  },
  {
    "username": "PalakolNaPalaka",
    "followingArtist": "IV OF SPADES",
    "country_code": "US",
    "country": "United States"
  },
  {
    "username": "Kgelle20",
    "followingArtist": "IV OF SPADES",
    "country_code": "US",
    "country": "United States"
  },
  {
    "username": "Minenie6",
    "followingArtist": "IV OF SPADES",
    "country_code": "US",
    "country": "United States"
  },
  {
    "username": "AiahlelV",
    "followingArtist": "IV OF SPADES",
    "country_code": "KR",
    "country": "South Korea"
  },
  {
    "username": "KyleSanity00",
    "followingArtist": "IV OF SPADES",
    "country_code": "PH",
    "country": "Philippines"
  },
  {
    "username": "LeuhrN",
    "followingArtist": "IV OF SPADES",
    "country_code": "PH",
    "country": "Philippines"
  },
  {
    "username": "ShtItsTheD",
    "followingArtist": "IV OF SPADES",
    "country_code": "US",
    "country": "United States"
  },
  {
    "username": "Monmon61372073",
    "followingArtist": "IV OF SPADES",
    "country_code": "PH",
    "country": "Philippines"
  },
  {
    "username": "beyamorales_",
    "followingArtist": "IV OF SPADES",
    "country_code": "US",
    "country": "United States"
  },
  {
    "username": "Asshh65577369",
    "followingArtist": "IV OF SPADES",
    "country_code": "PH",
    "country": "Philippines"
  },
  {
    "username": "Faith76067164",
    "followingArtist": "IV OF SPADES",
    "country_code": "US",
    "country": "United States"
  },
  {
    "username": "JarceJr",
    "followingArtist": "IV OF SPADES",
    "country_code": "PH",
    "country": "Philippines"
  },
  {
    "username": "louiesangelo16",
    "followingArtist": "IV OF SPADES",
    "country_code": "US",
    "country": "United States"
  },
  {
    "username": "SylviaBorja8",
    "followingArtist": "IV OF SPADES",
    "country_code": "PH",
    "country": "Philippines"
  },
  {
    "username": "Rosalie90507647",
    "followingArtist": "IV OF SPADES",
    "country_code": "PH",
    "country": "Philippines"
  },
  {
    "username": "EricaSuareeez",
    "followingArtist": "IV OF SPADES",
    "country_code": "PH",
    "country": "Philippines"
  },
  {
    "username": "Jenggelbelle",
    "followingArtist": "IV OF SPADES",
    "country_code": "PH",
    "country": "Philippines"
  }
]