[
  {
    "username": "VincentCorcora2",
    "followingArtist": "SpotifyDE",
    "country_code": "US",
    "country": "USA"
  },
  {
    "username": "unimaawards",
    "followingArtist": "SpotifyDE",
    "country_code": "NG",
    "country": "Nigeria"
  },
  {
    "username": "marfis75",
    "followingArtist": "SpotifyDE",
    "country_code": "DE",
    "country": "Germany"
  },
  {
    "username": "solcitxo",
    "followingArtist": "SpotifyDE",
    "country_code": "NG",
    "country": "Nigeria"
  },
  {
    "username": "DresselhausKay",
    "followingArtist": "SpotifyDE",
    "country_code": "DE",
    "country": "Germany"
  },
  {
    "username": "_felixxofficial",
    "followingArtist": "SpotifyDE",
    "country_code": "DE",
    "country": "Germany"
  },
  {
    "username": "jpage",
    "followingArtist": "SpotifyDE",
    "country_code": "US",
    "country": "USA"
  },
  {
    "username": "alina_hlb",
    "followingArtist": "SpotifyDE",
    "country_code": "DE",
    "country": "Germany"
  },
  {
    "username": "PopAndTalk",
    "followingArtist": "SpotifyDE",
    "country_code": "GB",
    "country": "Wales"
  },
  {
    "username": "wienervig",
    "followingArtist": "SpotifyDE",
    "country_code": "US",
    "country": "USA"
  },
  {
    "username": "tom_hille",
    "followingArtist": "SpotifyDE",
    "country_code": "DE",
    "country": "Germany"
  },
  {
    "username": "stereo_honey",
    "followingArtist": "SpotifyDE",
    "country_code": "UK",
    "country": "United Kingdom"
  },
  {
    "username": "rmtigerschwein",
    "followingArtist": "SpotifyDE",
    "country_code": "DE",
    "country": "Germany"
  },
  {
    "username": "JennyGros9",
    "followingArtist": "SpotifyDE",
    "country_code": "DE",
    "country": "Germany"
  },
  {
    "username": "drummingmongo",
    "followingArtist": "SpotifyDE",
    "country_code": "DE",
    "country": "Germany"
  },
  {
    "username": "tylersteelmusic",
    "followingArtist": "SpotifyDE",
    "country_code": "US",
    "country": "USA"
  },
  {
    "username": "ScottPQuinn",
    "followingArtist": "SpotifyDE",
    "country_code": "UK",
    "country": "United Kingdom"
  },
  {
    "username": "AugustPostler",
    "followingArtist": "SpotifyDE",
    "country_code": "DE",
    "country": "Germany"
  },
  {
    "username": "MH_ownzz",
    "followingArtist": "SpotifyDE",
    "country_code": "AT",
    "country": "Austria"
  },
  {
    "username": "AndrCamanni5",
    "followingArtist": "SpotifyDE",
    "country_code": "CH",
    "country": "Switzerland"
  },
  {
    "username": "andrewtastisch",
    "followingArtist": "SpotifyDE",
    "country_code": "DE",
    "country": "Germany"
  },
  {
    "username": "leineweber1954",
    "followingArtist": "SpotifyDE",
    "country_code": "DE",
    "country": "Germany"
  },
  {
    "username": "gradl_markus",
    "followingArtist": "SpotifyDE",
    "country_code": "DE",
    "country": "Germany"
  },
  {
    "username": "joewill76",
    "followingArtist": "SpotifyDE",
    "country_code": "DE",
    "country": "Germany"
  },
  {
    "username": "Faultier42",
    "followingArtist": "SpotifyDE",
    "country_code": "DE",
    "country": "Germany"
  },
  {
    "username": "saskia_liam",
    "followingArtist": "SpotifyDE",
    "country_code": "DE",
    "country": "Germany"
  },
  {
    "username": "Graf_Vorwerk",
    "followingArtist": "SpotifyDE",
    "country_code": "DE",
    "country": "Germany"
  },
  {
    "username": "locke1705",
    "followingArtist": "SpotifyDE",
    "country_code": "DE",
    "country": "Germany"
  },
  {
    "username": "GunnarGroth",
    "followingArtist": "SpotifyDE",
    "country_code": "US",
    "country": "USA"
  },
  {
    "username": "ThomasM15455604",
    "followingArtist": "SpotifyDE",
    "country_code": "DE",
    "country": "Germany"
  },
  {
    "username": "magdefesse",
    "followingArtist": "SpotifyDE",
    "country_code": "DE",
    "country": "Germany"
  },
  {
    "username": "AndreConin",
    "followingArtist": "SpotifyDE",
    "country_code": "RO",
    "country": "Romania"
  },
  {
    "username": "ludvic_producer",
    "followingArtist": "SpotifyDE",
    "country_code": "DE",
    "country": "Germany"
  },
  {
    "username": "emmrich_anja",
    "followingArtist": "SpotifyDE",
    "country_code": "DE",
    "country": "Germany"
  },
  {
    "username": "ErwinZuster",
    "followingArtist": "SpotifyDE",
    "country_code": "DE",
    "country": "Germany"
  },
  {
    "username": "Rainmaker91988",
    "followingArtist": "SpotifyDE",
    "country_code": "DE",
    "country": "Germany"
  },
  {
    "username": "chaosandbedlam",
    "followingArtist": "SpotifyDE",
    "country_code": "UK",
    "country": "United Kingdom"
  },
  {
    "username": "KyuubiiCSGO",
    "followingArtist": "SpotifyDE",
    "country_code": "DE",
    "country": "Germany"
  },
  {
    "username": "Olli6697",
    "followingArtist": "SpotifyDE",
    "country_code": "DE",
    "country": "Germany"
  },
  {
    "username": "lennartwawro",
    "followingArtist": "SpotifyDE",
    "country_code": "DE",
    "country": "Germany"
  },
  {
    "username": "lepettre",
    "followingArtist": "SpotifyDE",
    "country_code": "DE",
    "country": "Germany"
  },
  {
    "username": "unversvendlich",
    "followingArtist": "SpotifyDE",
    "country_code": "DE",
    "country": "Germany"
  },
  {
    "username": "ritterofsports",
    "followingArtist": "SpotifyDE",
    "country_code": "DE",
    "country": "Germany"
  },
  {
    "username": "Lunacy1",
    "followingArtist": "SpotifyDE",
    "country_code": "DE",
    "country": "Germany"
  },
  {
    "username": "AbrahamHorst",
    "followingArtist": "SpotifyDE",
    "country_code": "DE",
    "country": "Germany"
  },
  {
    "username": "VolKuhn",
    "followingArtist": "SpotifyDE",
    "country_code": "DE",
    "country": "Germany"
  },
  {
    "username": "kiiara_26",
    "followingArtist": "SpotifyDE",
    "country_code": "DE",
    "country": "Germany"
  },
  {
    "username": "ece_umar",
    "followingArtist": "SpotifyDE",
    "country_code": "DE",
    "country": "Germany"
  },
  {
    "username": "pieppiepbruell",
    "followingArtist": "SpotifyDE",
    "country_code": "US",
    "country": "USA"
  },
  {
    "username": "VilaMadalena_",
    "followingArtist": "SpotifyDE",
    "country_code": "AT",
    "country": "Austria"
  },
  {
    "username": "MARTYMARR863",
    "followingArtist": "SpotifyDE",
    "country_code": "US",
    "country": "USA"
  },
  {
    "username": "Stefan15077783",
    "followingArtist": "SpotifyDE",
    "country_code": "DE",
    "country": "Germany"
  },
  {
    "username": "LeDom_19",
    "followingArtist": "SpotifyDE",
    "country_code": "DE",
    "country": "Germany"
  },
  {
    "username": "mindfieldsmonky",
    "followingArtist": "SpotifyDE",
    "country_code": "DE",
    "country": "Germany"
  },
  {
    "username": "MartinaKirn",
    "followingArtist": "SpotifyDE",
    "country_code": "DE",
    "country": "Germany"
  },
  {
    "username": "925Nikki",
    "followingArtist": "SpotifyDE",
    "country_code": "DE",
    "country": "Germany"
  },
  {
    "username": "Morli1900",
    "followingArtist": "SpotifyDE",
    "country_code": "DE",
    "country": "Germany"
  },
  {
    "username": "HolgerAdolf",
    "followingArtist": "SpotifyDE",
    "country_code": "DE",
    "country": "Germany"
  },
  {
    "username": "Bullshit_OC",
    "followingArtist": "SpotifyDE",
    "country_code": "BD",
    "country": "Bangladesh"
  },
  {
    "username": "MatterHias",
    "followingArtist": "SpotifyDE",
    "country_code": "DE",
    "country": "Germany"
  },
  {
    "username": "js_2go",
    "followingArtist": "SpotifyDE",
    "country_code": "DE",
    "country": "Germany"
  },
  {
    "username": "MBoqueaufcroque",
    "followingArtist": "SpotifyDE",
    "country_code": "DE",
    "country": "Germany"
  },
  {
    "username": "katmerto",
    "followingArtist": "SpotifyDE",
    "country_code": "PH",
    "country": "Philippines"
  },
  {
    "username": "rahoess",
    "followingArtist": "SpotifyDE",
    "country_code": "DE",
    "country": "Germany"
  },
  {
    "username": "dirkswiss",
    "followingArtist": "SpotifyDE",
    "country_code": "CH",
    "country": "Switzerland"
  },
  {
    "username": "re_be_kka",
    "followingArtist": "SpotifyDE",
    "country_code": "US",
    "country": "USA"
  },
  {
    "username": "querschreiberle",
    "followingArtist": "SpotifyDE",
    "country_code": "DE",
    "country": "Germany"
  },
  {
    "username": "SMF77_MA",
    "followingArtist": "SpotifyDE",
    "country_code": "DE",
    "country": "Germany"
  },
  {
    "username": "jonnieklausch",
    "followingArtist": "SpotifyDE",
    "country_code": "DE",
    "country": "Germany"
  },
  {
    "username": "gammellamm",
    "followingArtist": "SpotifyDE",
    "country_code": "DE",
    "country": "Germany"
  },
  {
    "username": "paulayonia3087",
    "followingArtist": "SpotifyDE",
    "country_code": "GB",
    "country": "Wales"
  },
  {
    "username": "credoroyal",
    "followingArtist": "SpotifyDE",
    "country_code": "DE",
    "country": "Germany"
  },
  {
    "username": "WolfrumKevin",
    "followingArtist": "SpotifyDE",
    "country_code": "DE",
    "country": "Germany"
  },
  {
    "username": "Timo_Goltz",
    "followingArtist": "SpotifyDE",
    "country_code": "DE",
    "country": "Germany"
  },
  {
    "username": "piwi72",
    "followingArtist": "SpotifyDE",
    "country_code": "IN",
    "country": "India"
  },
  {
    "username": "WilliWolfer",
    "followingArtist": "SpotifyDE",
    "country_code": "DE",
    "country": "Germany"
  },
  {
    "username": "leonmusicyt",
    "followingArtist": "SpotifyDE",
    "country_code": "DE",
    "country": "Germany"
  },
  {
    "username": "zavieb18",
    "followingArtist": "SpotifyDE",
    "country_code": "DE",
    "country": "Germany"
  },
  {
    "username": "kaatysndr",
    "followingArtist": "SpotifyDE",
    "country_code": "DE",
    "country": "Germany"
  },
  {
    "username": "FlorianWyrwoll",
    "followingArtist": "SpotifyDE",
    "country_code": "DE",
    "country": "Germany"
  },
  {
    "username": "die_HoerSpieler",
    "followingArtist": "SpotifyDE",
    "country_code": "DE",
    "country": "Germany"
  },
  {
    "username": "irgendwasmitmue",
    "followingArtist": "SpotifyDE",
    "country_code": "DE",
    "country": "Germany"
  },
  {
    "username": "OSQARMUSIC",
    "followingArtist": "SpotifyDE",
    "country_code": "NZ",
    "country": "Aotearoa"
  },
  {
    "username": "Triple_Double_B",
    "followingArtist": "SpotifyDE",
    "country_code": "AT",
    "country": "Austria"
  },
  {
    "username": "lynnfisch2000",
    "followingArtist": "SpotifyDE",
    "country_code": "DE",
    "country": "Germany"
  },
  {
    "username": "TheRogalist",
    "followingArtist": "SpotifyDE",
    "country_code": "DE",
    "country": "Germany"
  },
  {
    "username": "Isipopisii",
    "followingArtist": "SpotifyDE",
    "country_code": "DE",
    "country": "Germany"
  },
  {
    "username": "phlenders",
    "followingArtist": "SpotifyDE",
    "country_code": "DE",
    "country": "Germany"
  },
  {
    "username": "sunrisehoss",
    "followingArtist": "SpotifyDE",
    "country_code": "FI",
    "country": "Finland"
  },
  {
    "username": "ArndtTweets",
    "followingArtist": "SpotifyDE",
    "country_code": "DE",
    "country": "Germany"
  },
  {
    "username": "PHIMALDAUM1",
    "followingArtist": "SpotifyDE",
    "country_code": "UK",
    "country": "United Kingdom"
  },
  {
    "username": "sarou3564",
    "followingArtist": "SpotifyDE",
    "country_code": "HU",
    "country": "Hungary"
  },
  {
    "username": "Touchme4youLe",
    "followingArtist": "SpotifyDE",
    "country_code": "CH",
    "country": "Switzerland"
  },
  {
    "username": "Fucke87",
    "followingArtist": "SpotifyDE",
    "country_code": "DE",
    "country": "Germany"
  },
  {
    "username": "SullenLaMaga",
    "followingArtist": "SpotifyDE",
    "country_code": "MX",
    "country": "Mexico"
  },
  {
    "username": "P1AJ420",
    "followingArtist": "SpotifyDE",
    "country_code": "DE",
    "country": "Germany"
  },
  {
    "username": "fxnnxa",
    "followingArtist": "SpotifyDE",
    "country_code": "DE",
    "country": "Germany"
  },
  {
    "username": "golfknuspermann",
    "followingArtist": "SpotifyDE",
    "country_code": "DE",
    "country": "Germany"
  },
  {
    "username": "cthx96",
    "followingArtist": "SpotifyDE",
    "country_code": "CA",
    "country": "Canada"
  },
  {
    "username": "bastian_g99",
    "followingArtist": "SpotifyDE",
    "country_code": "DE",
    "country": "Germany"
  },
  {
    "username": "juli_chevalier",
    "followingArtist": "SpotifyDE",
    "country_code": "US",
    "country": "USA"
  },
  {
    "username": "Ralf_Muc",
    "followingArtist": "SpotifyDE",
    "country_code": "DE",
    "country": "Germany"
  },
  {
    "username": "qline_records",
    "followingArtist": "SpotifyDE",
    "country_code": "DE",
    "country": "Germany"
  },
  {
    "username": "KoelnFormat",
    "followingArtist": "SpotifyDE",
    "country_code": "US",
    "country": "USA"
  },
  {
    "username": "SarahHu00842578",
    "followingArtist": "SpotifyDE",
    "country_code": "DE",
    "country": "Germany"
  },
  {
    "username": "Clausuz_",
    "followingArtist": "SpotifyDE",
    "country_code": "DE",
    "country": "Germany"
  },
  {
    "username": "FrankcapoteLTD",
    "followingArtist": "SpotifyDE",
    "country_code": "GB",
    "country": "Wales"
  },
  {
    "username": "FireworkRecord",
    "followingArtist": "SpotifyDE",
    "country_code": "ID",
    "country": "Indonesia"
  },
  {
    "username": "ka_community",
    "followingArtist": "SpotifyDE",
    "country_code": "ID",
    "country": "Indonesia"
  },
  {
    "username": "peru64801931",
    "followingArtist": "SpotifyDE",
    "country_code": "PE",
    "country": "Peru"
  },
  {
    "username": "ManuelKingstons",
    "followingArtist": "SpotifyDE",
    "country_code": "MY",
    "country": "Malaysia"
  },
  {
    "username": "erdbeerboobs",
    "followingArtist": "SpotifyDE",
    "country_code": "DE",
    "country": "Germany"
  },
  {
    "username": "heldenstadt",
    "followingArtist": "SpotifyDE",
    "country_code": "DE",
    "country": "Germany"
  },
  {
    "username": "jojust4funbro",
    "followingArtist": "SpotifyDE",
    "country_code": "DE",
    "country": "Germany"
  },
  {
    "username": "Betazoa",
    "followingArtist": "SpotifyDE",
    "country_code": "CH",
    "country": "Switzerland"
  },
  {
    "username": "DeepSkies42",
    "followingArtist": "SpotifyDE",
    "country_code": "DE",
    "country": "Germany"
  },
  {
    "username": "jenskreger",
    "followingArtist": "SpotifyDE",
    "country_code": "DE",
    "country": "Germany"
  },
  {
    "username": "HHlovesyou86",
    "followingArtist": "SpotifyDE",
    "country_code": "DE",
    "country": "Germany"
  },
  {
    "username": "TimoHernandez96",
    "followingArtist": "SpotifyDE",
    "country_code": "DE",
    "country": "Germany"
  },
  {
    "username": "SpotifyUAE",
    "followingArtist": "SpotifyDE",
    "country_code": "AE",
    "country": "United Arab Emirates"
  },
  {
    "username": "kunzerle",
    "followingArtist": "SpotifyDE",
    "country_code": "DE",
    "country": "Germany"
  },
  {
    "username": "SchuetteChris",
    "followingArtist": "SpotifyDE",
    "country_code": "US",
    "country": "USA"
  },
  {
    "username": "Angeloveism",
    "followingArtist": "SpotifyDE",
    "country_code": "in",
    "country": "India"
  },
  {
    "username": "frisewieribery",
    "followingArtist": "SpotifyDE",
    "country_code": "DE",
    "country": "Germany"
  },
  {
    "username": "zwangsjacken",
    "followingArtist": "SpotifyDE",
    "country_code": "ID",
    "country": "Indonesia"
  },
  {
    "username": "AnaLucelly2",
    "followingArtist": "SpotifyDE",
    "country_code": "CO",
    "country": "Colombia"
  },
  {
    "username": "jennyvierago",
    "followingArtist": "SpotifyDE",
    "country_code": "CO",
    "country": "Colombia"
  },
  {
    "username": "SISYPHOZE",
    "followingArtist": "SpotifyDE",
    "country_code": "US",
    "country": "USA"
  },
  {
    "username": "MatthiasMaurer7",
    "followingArtist": "SpotifyDE",
    "country_code": "DE",
    "country": "Germany"
  },
  {
    "username": "rollodeno",
    "followingArtist": "SpotifyDE",
    "country_code": "DE",
    "country": "Germany"
  },
  {
    "username": "MorePowerGod",
    "followingArtist": "SpotifyDE",
    "country_code": "DE",
    "country": "Germany"
  },
  {
    "username": "d_bottcher",
    "followingArtist": "SpotifyDE",
    "country_code": "DE",
    "country": "Germany"
  },
  {
    "username": "fstaps",
    "followingArtist": "SpotifyDE",
    "country_code": "UK",
    "country": "United Kingdom"
  },
  {
    "username": "_SiggiSorglos_",
    "followingArtist": "SpotifyDE",
    "country_code": "US",
    "country": "USA"
  },
  {
    "username": "doooooose",
    "followingArtist": "SpotifyDE",
    "country_code": "US",
    "country": "USA"
  },
  {
    "username": "LeSeroHH",
    "followingArtist": "SpotifyDE",
    "country_code": "DE",
    "country": "Germany"
  },
  {
    "username": "Real_DonaldTump",
    "followingArtist": "SpotifyDE",
    "country_code": "US",
    "country": "USA"
  },
  {
    "username": "PiIsntPie",
    "followingArtist": "SpotifyDE",
    "country_code": "DE",
    "country": "Germany"
  },
  {
    "username": "Darkanarc",
    "followingArtist": "SpotifyDE",
    "country_code": "DE",
    "country": "Germany"
  },
  {
    "username": "RosengartDavid",
    "followingArtist": "SpotifyDE",
    "country_code": "DE",
    "country": "Germany"
  },
  {
    "username": "Murat_Eren_",
    "followingArtist": "SpotifyDE",
    "country_code": "DE",
    "country": "Germany"
  },
  {
    "username": "backupinferno",
    "followingArtist": "SpotifyDE",
    "country_code": "RO",
    "country": "Romania"
  },
  {
    "username": "schurth",
    "followingArtist": "SpotifyDE",
    "country_code": "DE",
    "country": "Germany"
  },
  {
    "username": "teilzeit_cowboy",
    "followingArtist": "SpotifyDE",
    "country_code": "US",
    "country": "USA"
  },
  {
    "username": "9Tomy8",
    "followingArtist": "SpotifyDE",
    "country_code": "DE",
    "country": "Germany"
  },
  {
    "username": "eLiTe23_5",
    "followingArtist": "SpotifyDE",
    "country_code": "CH",
    "country": "Switzerland"
  },
  {
    "username": "tuhowabuho",
    "followingArtist": "SpotifyDE",
    "country_code": "DE",
    "country": "Germany"
  },
  {
    "username": "steffinchen1993",
    "followingArtist": "SpotifyDE",
    "country_code": "DE",
    "country": "Germany"
  },
  {
    "username": "ceddywinchester",
    "followingArtist": "SpotifyDE",
    "country_code": "UK",
    "country": "United Kingdom"
  },
  {
    "username": "Hexe_Valene",
    "followingArtist": "SpotifyDE",
    "country_code": "DE",
    "country": "Germany"
  },
  {
    "username": "jenny_hgx",
    "followingArtist": "SpotifyDE",
    "country_code": "AT",
    "country": "Austria"
  },
  {
    "username": "korakki",
    "followingArtist": "SpotifyDE",
    "country_code": "FI",
    "country": "Finland"
  },
  {
    "username": "Christine_Kalis",
    "followingArtist": "SpotifyDE",
    "country_code": "DE",
    "country": "Germany"
  },
  {
    "username": "anke_kempers",
    "followingArtist": "SpotifyDE",
    "country_code": "DE",
    "country": "Germany"
  },
  {
    "username": "AndreasLentz1",
    "followingArtist": "SpotifyDE",
    "country_code": "DE",
    "country": "Germany"
  },
  {
    "username": "schar_mutzel",
    "followingArtist": "SpotifyDE",
    "country_code": "DE",
    "country": "Germany"
  },
  {
    "username": "tunikabine",
    "followingArtist": "SpotifyDE",
    "country_code": "DE",
    "country": "Germany"
  },
  {
    "username": "Mtothe91",
    "followingArtist": "SpotifyDE",
    "country_code": "DE",
    "country": "Germany"
  },
  {
    "username": "hanah_ele",
    "followingArtist": "SpotifyDE",
    "country_code": "AT",
    "country": "Austria"
  },
  {
    "username": "eliud_leey23",
    "followingArtist": "SpotifyDE",
    "country_code": "KE",
    "country": "Kenya"
  },
  {
    "username": "AudiostepsMag",
    "followingArtist": "SpotifyDE",
    "country_code": "US",
    "country": "USA"
  },
  {
    "username": "Gimmsen",
    "followingArtist": "SpotifyDE",
    "country_code": "CH",
    "country": "Switzerland"
  },
  {
    "username": "julianh304",
    "followingArtist": "SpotifyDE",
    "country_code": "IT",
    "country": "Italy"
  },
  {
    "username": "findingfletcher",
    "followingArtist": "SpotifyDE",
    "country_code": "US",
    "country": "USA"
  },
  {
    "username": "AuthisticScream",
    "followingArtist": "SpotifyDE",
    "country_code": "DE",
    "country": "Germany"
  },
  {
    "username": "FollDieKappe",
    "followingArtist": "SpotifyDE",
    "country_code": "DE",
    "country": "Germany"
  },
  {
    "username": "JR_Medien",
    "followingArtist": "SpotifyDE",
    "country_code": "CH",
    "country": "Switzerland"
  },
  {
    "username": "rcontrol",
    "followingArtist": "SpotifyDE",
    "country_code": "AU",
    "country": "Australia"
  },
  {
    "username": "UPsimEDoWn",
    "followingArtist": "SpotifyDE",
    "country_code": "DE",
    "country": "Germany"
  },
  {
    "username": "EnricoNewfield",
    "followingArtist": "SpotifyDE",
    "country_code": "DE",
    "country": "Germany"
  },
  {
    "username": "Alecris65",
    "followingArtist": "SpotifyDE",
    "country_code": "BR",
    "country": "Brazil"
  },
  {
    "username": "Koelsche_Jung81",
    "followingArtist": "SpotifyDE",
    "country_code": "US",
    "country": "USA"
  },
  {
    "username": "ferzavalah",
    "followingArtist": "SpotifyDE",
    "country_code": "MX",
    "country": "Mexico"
  },
  {
    "username": "mrlimitlessness",
    "followingArtist": "SpotifyDE",
    "country_code": "DE",
    "country": "Germany"
  },
  {
    "username": "MichaelNievel",
    "followingArtist": "SpotifyDE",
    "country_code": "DE",
    "country": "Germany"
  },
  {
    "username": "LachsNacken1",
    "followingArtist": "SpotifyDE",
    "country_code": "US",
    "country": "USA"
  },
  {
    "username": "JimJimmyBoi",
    "followingArtist": "SpotifyDE",
    "country_code": "US",
    "country": "USA"
  },
  {
    "username": "Michellex_98",
    "followingArtist": "SpotifyDE",
    "country_code": "DE",
    "country": "Germany"
  },
  {
    "username": "oddCouplemusic",
    "followingArtist": "SpotifyDE",
    "country_code": "US",
    "country": "USA"
  },
  {
    "username": "Tum_old",
    "followingArtist": "SpotifyDE",
    "country_code": "IT",
    "country": "Italy"
  },
  {
    "username": "shensheka",
    "followingArtist": "SpotifyDE",
    "country_code": "NG",
    "country": "Nigeria"
  },
  {
    "username": "LukasSchmidtSH",
    "followingArtist": "SpotifyDE",
    "country_code": "DE",
    "country": "Germany"
  },
  {
    "username": "raennes_h",
    "followingArtist": "SpotifyDE",
    "country_code": "US",
    "country": "USA"
  },
  {
    "username": "EppendorferLea",
    "followingArtist": "SpotifyDE",
    "country_code": "DE",
    "country": "Germany"
  },
  {
    "username": "kpop_girl_meow",
    "followingArtist": "SpotifyDE",
    "country_code": "US",
    "country": "USA"
  },
  {
    "username": "mariohuezo_",
    "followingArtist": "SpotifyDE",
    "country_code": "NL",
    "country": "Netherlands"
  },
  {
    "username": "Julia48399060",
    "followingArtist": "SpotifyDE",
    "country_code": "DE",
    "country": "Germany"
  },
  {
    "username": "Norman_Bra",
    "followingArtist": "SpotifyDE",
    "country_code": "DE",
    "country": "Germany"
  },
  {
    "username": "PietofLA",
    "followingArtist": "SpotifyDE",
    "country_code": "DE",
    "country": "Germany"
  },
  {
    "username": "RhysLewisMusic",
    "followingArtist": "SpotifyDE",
    "country_code": "UK",
    "country": "United Kingdom"
  },
  {
    "username": "BuyDeal",
    "followingArtist": "SpotifyDE",
    "country_code": "CA",
    "country": "Canada"
  },
  {
    "username": "Raefizzle05",
    "followingArtist": "SpotifyDE",
    "country_code": "AT",
    "country": "Austria"
  },
  {
    "username": "svenme007",
    "followingArtist": "SpotifyDE",
    "country_code": "DE",
    "country": "Germany"
  },
  {
    "username": "nvipofficial",
    "followingArtist": "SpotifyDE",
    "country_code": "DE",
    "country": "Germany"
  },
  {
    "username": "rob_97_in",
    "followingArtist": "SpotifyDE",
    "country_code": "DE",
    "country": "Germany"
  },
  {
    "username": "_Scandey_",
    "followingArtist": "SpotifyDE",
    "country_code": "DE",
    "country": "Germany"
  },
  {
    "username": "benjamin_frie",
    "followingArtist": "SpotifyDE",
    "country_code": "DE",
    "country": "Germany"
  },
  {
    "username": "JetRiley27",
    "followingArtist": "SpotifyDE",
    "country_code": "US",
    "country": "USA"
  },
  {
    "username": "Manuel_H_19",
    "followingArtist": "SpotifyDE",
    "country_code": "AT",
    "country": "Austria"
  },
  {
    "username": "MarcDbi",
    "followingArtist": "SpotifyDE",
    "country_code": "DE",
    "country": "Germany"
  },
  {
    "username": "FreerksNikhil",
    "followingArtist": "SpotifyDE",
    "country_code": "DE",
    "country": "Germany"
  },
  {
    "username": "Shrimpsmann",
    "followingArtist": "SpotifyDE",
    "country_code": "DE",
    "country": "Germany"
  },
  {
    "username": "Becksterone",
    "followingArtist": "SpotifyDE",
    "country_code": "DE",
    "country": "Germany"
  },
  {
    "username": "MagdaS1997",
    "followingArtist": "SpotifyDE",
    "country_code": "DE",
    "country": "Germany"
  },
  {
    "username": "Salsa2913",
    "followingArtist": "SpotifyDE",
    "country_code": "ID",
    "country": "Indonesia"
  },
  {
    "username": "lasermikee",
    "followingArtist": "SpotifyDE",
    "country_code": "DE",
    "country": "Germany"
  },
  {
    "username": "AlexanderHohma4",
    "followingArtist": "SpotifyDE",
    "country_code": "DE",
    "country": "Germany"
  },
  {
    "username": "tomkyle_design",
    "followingArtist": "SpotifyDE",
    "country_code": "DE",
    "country": "Germany"
  },
  {
    "username": "kaethekaffee",
    "followingArtist": "SpotifyDE",
    "country_code": "DE",
    "country": "Germany"
  },
  {
    "username": "Fakker86",
    "followingArtist": "SpotifyDE",
    "country_code": "DE",
    "country": "Germany"
  },
  {
    "username": "dddsquare",
    "followingArtist": "SpotifyDE",
    "country_code": "DE",
    "country": "Germany"
  },
  {
    "username": "DanielausKoeln",
    "followingArtist": "SpotifyDE",
    "country_code": "US",
    "country": "USA"
  },
  {
    "username": "SvenMayer89",
    "followingArtist": "SpotifyDE",
    "country_code": "DE",
    "country": "Germany"
  },
  {
    "username": "hroemm",
    "followingArtist": "SpotifyDE",
    "country_code": "DE",
    "country": "Germany"
  },
  {
    "username": "NickGlde1",
    "followingArtist": "SpotifyDE",
    "country_code": "DE",
    "country": "Germany"
  },
  {
    "username": "LisaNiebuhr_",
    "followingArtist": "SpotifyDE",
    "country_code": "DE",
    "country": "Germany"
  },
  {
    "username": "3hyho",
    "followingArtist": "SpotifyDE",
    "country_code": "DE",
    "country": "Germany"
  },
  {
    "username": "sucuk31_",
    "followingArtist": "SpotifyDE",
    "country_code": "FR",
    "country": "France"
  },
  {
    "username": "maikipou",
    "followingArtist": "SpotifyDE",
    "country_code": "DE",
    "country": "Germany"
  },
  {
    "username": "julianca_jenny",
    "followingArtist": "SpotifyDE",
    "country_code": "DE",
    "country": "Germany"
  },
  {
    "username": "OfficialiParix",
    "followingArtist": "SpotifyDE",
    "country_code": "AT",
    "country": "Austria"
  },
  {
    "username": "AmirJamshedi",
    "followingArtist": "SpotifyDE",
    "country_code": "DE",
    "country": "Germany"
  },
  {
    "username": "FS1EBand",
    "followingArtist": "SpotifyDE",
    "country_code": "GB",
    "country": "Wales"
  },
  {
    "username": "Bohne_194",
    "followingArtist": "SpotifyDE",
    "country_code": "DE",
    "country": "Germany"
  },
  {
    "username": "FunnySanti",
    "followingArtist": "SpotifyDE",
    "country_code": "DE",
    "country": "Germany"
  },
  {
    "username": "wanderingbit",
    "followingArtist": "SpotifyDE",
    "country_code": "CH",
    "country": "Switzerland"
  },
  {
    "username": "WindmuellerV",
    "followingArtist": "SpotifyDE",
    "country_code": "CH",
    "country": "Switzerland"
  },
  {
    "username": "pumping_anna",
    "followingArtist": "SpotifyDE",
    "country_code": "DE",
    "country": "Germany"
  },
  {
    "username": "vevo_movie",
    "followingArtist": "SpotifyDE",
    "country_code": "US",
    "country": "USA"
  },
  {
    "username": "nmaltza",
    "followingArtist": "SpotifyDE",
    "country_code": "DE",
    "country": "Germany"
  },
  {
    "username": "chrisruesken",
    "followingArtist": "SpotifyDE",
    "country_code": "DE",
    "country": "Germany"
  },
  {
    "username": "Be4tm4n",
    "followingArtist": "SpotifyDE",
    "country_code": "DE",
    "country": "Germany"
  },
  {
    "username": "downthecantina",
    "followingArtist": "SpotifyDE",
    "country_code": "GB",
    "country": "Wales"
  },
  {
    "username": "NILAYNM6",
    "followingArtist": "SpotifyDE",
    "country_code": "IN",
    "country": "India"
  },
  {
    "username": "victoryrecords",
    "followingArtist": "SpotifyDE",
    "country_code": "US",
    "country": "USA"
  },
  {
    "username": "saderi_andrea",
    "followingArtist": "SpotifyDE",
    "country_code": "DE",
    "country": "Germany"
  },
  {
    "username": "bemontuanvu",
    "followingArtist": "SpotifyDE",
    "country_code": "ES",
    "country": "Spain"
  },
  {
    "username": "TravisBotello",
    "followingArtist": "SpotifyDE",
    "country_code": "US",
    "country": "USA"
  },
  {
    "username": "moniquejunique",
    "followingArtist": "SpotifyDE",
    "country_code": "FR",
    "country": "France"
  },
  {
    "username": "PucherJohannes",
    "followingArtist": "SpotifyDE",
    "country_code": "AT",
    "country": "Austria"
  },
  {
    "username": "steeler26_",
    "followingArtist": "SpotifyDE",
    "country_code": "DE",
    "country": "Germany"
  },
  {
    "username": "Mertrix09",
    "followingArtist": "SpotifyDE",
    "country_code": "DE",
    "country": "Germany"
  },
  {
    "username": "maehiir",
    "followingArtist": "SpotifyDE",
    "country_code": "US",
    "country": "USA"
  },
  {
    "username": "thisiscro",
    "followingArtist": "SpotifyDE",
    "country_code": "FR",
    "country": "France"
  },
  {
    "username": "MedienforumMW",
    "followingArtist": "SpotifyDE",
    "country_code": "DE",
    "country": "Germany"
  },
  {
    "username": "sebel_n",
    "followingArtist": "SpotifyDE",
    "country_code": "DE",
    "country": "Germany"
  },
  {
    "username": "sunnymusicschoo",
    "followingArtist": "SpotifyDE",
    "country_code": "DE",
    "country": "Germany"
  },
  {
    "username": "Raaplines",
    "followingArtist": "SpotifyDE",
    "country_code": "DE",
    "country": "Germany"
  },
  {
    "username": "PatDebus",
    "followingArtist": "SpotifyDE",
    "country_code": "DE",
    "country": "Germany"
  },
  {
    "username": "cztj001",
    "followingArtist": "SpotifyDE",
    "country_code": "PL",
    "country": "Poland"
  },
  {
    "username": "WoodyWo89572013",
    "followingArtist": "SpotifyDE",
    "country_code": "US",
    "country": "USA"
  },
  {
    "username": "thomas_punkt",
    "followingArtist": "SpotifyDE",
    "country_code": "DE",
    "country": "Germany"
  },
  {
    "username": "Aloisb5",
    "followingArtist": "SpotifyDE",
    "country_code": "DE",
    "country": "Germany"
  },
  {
    "username": "MartinReck",
    "followingArtist": "SpotifyDE",
    "country_code": "DE",
    "country": "Germany"
  },
  {
    "username": "crashley62",
    "followingArtist": "SpotifyDE",
    "country_code": "AT",
    "country": "Austria"
  },
  {
    "username": "olfekcnraw",
    "followingArtist": "SpotifyDE",
    "country_code": "DE",
    "country": "Germany"
  },
  {
    "username": "sonja_carola",
    "followingArtist": "SpotifyDE",
    "country_code": "US",
    "country": "USA"
  },
  {
    "username": "LoicRadioPhoto",
    "followingArtist": "SpotifyDE",
    "country_code": "BE",
    "country": "Belgium"
  },
  {
    "username": "derMattze",
    "followingArtist": "SpotifyDE",
    "country_code": "DE",
    "country": "Germany"
  },
  {
    "username": "Ju_St_In96",
    "followingArtist": "SpotifyDE",
    "country_code": "DE",
    "country": "Germany"
  },
  {
    "username": "BateriE",
    "followingArtist": "SpotifyDE",
    "country_code": "CH",
    "country": "Switzerland"
  },
  {
    "username": "lachkicklance",
    "followingArtist": "SpotifyDE",
    "country_code": "DE",
    "country": "Germany"
  },
  {
    "username": "Nielaras",
    "followingArtist": "SpotifyDE",
    "country_code": "DE",
    "country": "Germany"
  },
  {
    "username": "Tukkylicious",
    "followingArtist": "SpotifyDE",
    "country_code": "DE",
    "country": "Germany"
  },
  {
    "username": "seider_daniel",
    "followingArtist": "SpotifyDE",
    "country_code": "DE",
    "country": "Germany"
  },
  {
    "username": "basir_imamzada",
    "followingArtist": "SpotifyDE",
    "country_code": "MA",
    "country": "Morocco"
  },
  {
    "username": "juuulieeenn",
    "followingArtist": "SpotifyDE",
    "country_code": "ZA",
    "country": "South Africa"
  },
  {
    "username": "infernokind",
    "followingArtist": "SpotifyDE",
    "country_code": "DE",
    "country": "Germany"
  },
  {
    "username": "Flawwlian",
    "followingArtist": "SpotifyDE",
    "country_code": "DE",
    "country": "Germany"
  },
  {
    "username": "MICKEYPEREZ_1",
    "followingArtist": "SpotifyDE",
    "country_code": "ES",
    "country": "Spain"
  },
  {
    "username": "KlietzJorg",
    "followingArtist": "SpotifyDE",
    "country_code": "DE",
    "country": "Germany"
  },
  {
    "username": "WolfLuih",
    "followingArtist": "SpotifyDE",
    "country_code": "ES",
    "country": "Spain"
  },
  {
    "username": "martinarnade",
    "followingArtist": "SpotifyDE",
    "country_code": "US",
    "country": "USA"
  },
  {
    "username": "BladeSword1",
    "followingArtist": "SpotifyDE",
    "country_code": "KR",
    "country": "South Korea"
  },
  {
    "username": "allisonbclarke",
    "followingArtist": "SpotifyDE",
    "country_code": "US",
    "country": "USA"
  },
  {
    "username": "Roterteufel736",
    "followingArtist": "SpotifyDE",
    "country_code": "DE",
    "country": "Germany"
  },
  {
    "username": "InklingFlo",
    "followingArtist": "SpotifyDE",
    "country_code": "DE",
    "country": "Germany"
  },
  {
    "username": "francygaspari",
    "followingArtist": "SpotifyDE",
    "country_code": "IT",
    "country": "Italy"
  },
  {
    "username": "tobifackler",
    "followingArtist": "SpotifyDE",
    "country_code": "DE",
    "country": "Germany"
  },
  {
    "username": "Hippischwein",
    "followingArtist": "SpotifyDE",
    "country_code": "KP",
    "country": "North Korea"
  },
  {
    "username": "michael_nx",
    "followingArtist": "SpotifyDE",
    "country_code": "DE",
    "country": "Germany"
  },
  {
    "username": "Taiwofaux",
    "followingArtist": "SpotifyDE",
    "country_code": "California City Blvd",
    "country": "California City Blvd"
  },
  {
    "username": "pia_redel",
    "followingArtist": "SpotifyDE",
    "country_code": "DE",
    "country": "Germany"
  },
  {
    "username": "rabeaboettcher",
    "followingArtist": "SpotifyDE",
    "country_code": "DE",
    "country": "Germany"
  },
  {
    "username": "buzztekk10",
    "followingArtist": "SpotifyDE",
    "country_code": "FR",
    "country": "France"
  },
  {
    "username": "o_Pickels_o",
    "followingArtist": "SpotifyDE",
    "country_code": "DE",
    "country": "Germany"
  },
  {
    "username": "CorneliusBertl1",
    "followingArtist": "SpotifyDE",
    "country_code": "DE",
    "country": "Germany"
  },
  {
    "username": "TimMaiden_",
    "followingArtist": "SpotifyDE",
    "country_code": "US",
    "country": "USA"
  },
  {
    "username": "const_bu",
    "followingArtist": "SpotifyDE",
    "country_code": "DE",
    "country": "Germany"
  },
  {
    "username": "Burn666Music",
    "followingArtist": "SpotifyDE",
    "country_code": "DE",
    "country": "Germany"
  },
  {
    "username": "byt3ord3r",
    "followingArtist": "SpotifyDE",
    "country_code": "DE",
    "country": "Germany"
  },
  {
    "username": "WlfgngE",
    "followingArtist": "SpotifyDE",
    "country_code": "DE",
    "country": "Germany"
  },
  {
    "username": "SimonMpunkt",
    "followingArtist": "SpotifyDE",
    "country_code": "DE",
    "country": "Germany"
  },
  {
    "username": "Solegna0304",
    "followingArtist": "SpotifyDE",
    "country_code": "DE",
    "country": "Germany"
  },
  {
    "username": "lukevespa",
    "followingArtist": "SpotifyDE",
    "country_code": "AU",
    "country": "Australia"
  },
  {
    "username": "TheKPpoject",
    "followingArtist": "SpotifyDE",
    "country_code": "US",
    "country": "USA"
  },
  {
    "username": "oliver_rauscher",
    "followingArtist": "SpotifyDE",
    "country_code": "AT",
    "country": "Austria"
  },
  {
    "username": "JrgenSchmitt7",
    "followingArtist": "SpotifyDE",
    "country_code": "DE",
    "country": "Germany"
  },
  {
    "username": "gaschler_jonas",
    "followingArtist": "SpotifyDE",
    "country_code": "DE",
    "country": "Germany"
  },
  {
    "username": "TobiasEndrigke1",
    "followingArtist": "SpotifyDE",
    "country_code": "DE",
    "country": "Germany"
  },
  {
    "username": "CaiptainHooked",
    "followingArtist": "SpotifyDE",
    "country_code": "US",
    "country": "USA"
  },
  {
    "username": "AFontana2007",
    "followingArtist": "SpotifyDE",
    "country_code": "IT",
    "country": "Italy"
  },
  {
    "username": "Niko_Damiecki",
    "followingArtist": "SpotifyDE",
    "country_code": "DE",
    "country": "Germany"
  },
  {
    "username": "_thebong",
    "followingArtist": "SpotifyDE",
    "country_code": "DE",
    "country": "Germany"
  },
  {
    "username": "LeonardZentgraf",
    "followingArtist": "SpotifyDE",
    "country_code": "DE",
    "country": "Germany"
  },
  {
    "username": "nserom",
    "followingArtist": "SpotifyDE",
    "country_code": "MR",
    "country": "Mauritania"
  },
  {
    "username": "URBANMYSTIC1",
    "followingArtist": "SpotifyDE",
    "country_code": "US",
    "country": "USA"
  },
  {
    "username": "Spaninio",
    "followingArtist": "SpotifyDE",
    "country_code": "DE",
    "country": "Germany"
  },
  {
    "username": "kirchhoffrene",
    "followingArtist": "SpotifyDE",
    "country_code": "DE",
    "country": "Germany"
  },
  {
    "username": "luwaldmann",
    "followingArtist": "SpotifyDE",
    "country_code": "MA",
    "country": "Morocco"
  },
  {
    "username": "Sandra7704",
    "followingArtist": "SpotifyDE",
    "country_code": "DE",
    "country": "Germany"
  },
  {
    "username": "Zero_Soul_Eater",
    "followingArtist": "SpotifyDE",
    "country_code": "DE",
    "country": "Germany"
  },
  {
    "username": "seasoncarter2",
    "followingArtist": "SpotifyDE",
    "country_code": "AR",
    "country": "Argentina"
  },
  {
    "username": "vladimirskij",
    "followingArtist": "SpotifyDE",
    "country_code": "DE",
    "country": "Germany"
  },
  {
    "username": "BavarianGeek",
    "followingArtist": "SpotifyDE",
    "country_code": "DE",
    "country": "Germany"
  },
  {
    "username": "fgeginat",
    "followingArtist": "SpotifyDE",
    "country_code": "DE",
    "country": "Germany"
  },
  {
    "username": "Robert_Lewa9",
    "followingArtist": "SpotifyDE",
    "country_code": "RU",
    "country": "Russia"
  },
  {
    "username": "GalaxycraftDE",
    "followingArtist": "SpotifyDE",
    "country_code": "DE",
    "country": "Germany"
  },
  {
    "username": "PatrickWe09",
    "followingArtist": "SpotifyDE",
    "country_code": "DE",
    "country": "Germany"
  },
  {
    "username": "marianrvr",
    "followingArtist": "SpotifyDE",
    "country_code": "NG",
    "country": "Nigeria"
  },
  {
    "username": "BandAC_Official",
    "followingArtist": "SpotifyDE",
    "country_code": "DE",
    "country": "Germany"
  },
  {
    "username": "DunklerEngel30",
    "followingArtist": "SpotifyDE",
    "country_code": "DE",
    "country": "Germany"
  },
  {
    "username": "silvana1179",
    "followingArtist": "SpotifyDE",
    "country_code": "DE",
    "country": "Germany"
  },
  {
    "username": "GloriaOffiziell",
    "followingArtist": "SpotifyDE",
    "country_code": "DE",
    "country": "Germany"
  },
  {
    "username": "WieslerLucas",
    "followingArtist": "SpotifyDE",
    "country_code": "DE",
    "country": "Germany"
  },
  {
    "username": "Ologmeister",
    "followingArtist": "SpotifyDE",
    "country_code": "DE",
    "country": "Germany"
  },
  {
    "username": "GMKarnstein",
    "followingArtist": "SpotifyDE",
    "country_code": "US",
    "country": "USA"
  },
  {
    "username": "TilmanMaria",
    "followingArtist": "SpotifyDE",
    "country_code": "TZ",
    "country": "Tanzania"
  },
  {
    "username": "Der_Held_twitch",
    "followingArtist": "SpotifyDE",
    "country_code": "DE",
    "country": "Germany"
  },
  {
    "username": "bash_pierre",
    "followingArtist": "SpotifyDE",
    "country_code": "CH",
    "country": "Switzerland"
  },
  {
    "username": "Leila_Akinyi",
    "followingArtist": "SpotifyDE",
    "country_code": "US",
    "country": "USA"
  },
  {
    "username": "YoutubeFW",
    "followingArtist": "SpotifyDE",
    "country_code": "CH",
    "country": "Switzerland"
  },
  {
    "username": "jannick__98",
    "followingArtist": "SpotifyDE",
    "country_code": "DE",
    "country": "Germany"
  },
  {
    "username": "meioukatze",
    "followingArtist": "SpotifyDE",
    "country_code": "DE",
    "country": "Germany"
  },
  {
    "username": "IlChloeIl",
    "followingArtist": "SpotifyDE",
    "country_code": "CU",
    "country": "Cuba"
  },
  {
    "username": "katrinakriotis",
    "followingArtist": "SpotifyDE",
    "country_code": "DE",
    "country": "Germany"
  },
  {
    "username": "theonedayfly",
    "followingArtist": "SpotifyDE",
    "country_code": "DE",
    "country": "Germany"
  },
  {
    "username": "jo_johannsen",
    "followingArtist": "SpotifyDE",
    "country_code": "DE",
    "country": "Germany"
  },
  {
    "username": "pastdigital",
    "followingArtist": "SpotifyDE",
    "country_code": "DE",
    "country": "Germany"
  },
  {
    "username": "theo210911",
    "followingArtist": "SpotifyDE",
    "country_code": "AT",
    "country": "Austria"
  },
  {
    "username": "DerCologner",
    "followingArtist": "SpotifyDE",
    "country_code": "US",
    "country": "USA"
  },
  {
    "username": "XXII_XO",
    "followingArtist": "SpotifyDE",
    "country_code": "DE",
    "country": "Germany"
  },
  {
    "username": "naZacharias",
    "followingArtist": "SpotifyDE",
    "country_code": "DE",
    "country": "Germany"
  },
  {
    "username": "FantaMagier",
    "followingArtist": "SpotifyDE",
    "country_code": "DE",
    "country": "Germany"
  },
  {
    "username": "noah_baur",
    "followingArtist": "SpotifyDE",
    "country_code": "DE",
    "country": "Germany"
  },
  {
    "username": "BuechnerDemian",
    "followingArtist": "SpotifyDE",
    "country_code": "CN",
    "country": "China"
  },
  {
    "username": "UliChris",
    "followingArtist": "SpotifyDE",
    "country_code": "DE",
    "country": "Germany"
  },
  {
    "username": "HansAgitator",
    "followingArtist": "SpotifyDE",
    "country_code": "DE",
    "country": "Germany"
  },
  {
    "username": "AndiSch6",
    "followingArtist": "SpotifyDE",
    "country_code": "DE",
    "country": "Germany"
  },
  {
    "username": "Arstekk",
    "followingArtist": "SpotifyDE",
    "country_code": "MX",
    "country": "Mexico"
  },
  {
    "username": "MichelleDavido2",
    "followingArtist": "SpotifyDE",
    "country_code": "DE",
    "country": "Germany"
  },
  {
    "username": "HookUPcom",
    "followingArtist": "SpotifyDE",
    "country_code": "US",
    "country": "USA"
  },
  {
    "username": "shskoeln",
    "followingArtist": "SpotifyDE",
    "country_code": "US",
    "country": "USA"
  },
  {
    "username": "SmokeHaze031016",
    "followingArtist": "SpotifyDE",
    "country_code": "DE",
    "country": "Germany"
  },
  {
    "username": "an_dre_as_f",
    "followingArtist": "SpotifyDE",
    "country_code": "DE",
    "country": "Germany"
  },
  {
    "username": "PrinzHak",
    "followingArtist": "SpotifyDE",
    "country_code": "CH",
    "country": "Switzerland"
  },
  {
    "username": "sundaykid",
    "followingArtist": "SpotifyDE",
    "country_code": "IR",
    "country": "Iran"
  },
  {
    "username": "cryingpink",
    "followingArtist": "SpotifyDE",
    "country_code": "US",
    "country": "USA"
  },
  {
    "username": "Traton_",
    "followingArtist": "SpotifyDE",
    "country_code": "FR",
    "country": "France"
  },
  {
    "username": "SteffiTeichman1",
    "followingArtist": "SpotifyDE",
    "country_code": "DE",
    "country": "Germany"
  },
  {
    "username": "DasJendrik",
    "followingArtist": "SpotifyDE",
    "country_code": "DE",
    "country": "Germany"
  },
  {
    "username": "Brombeermax",
    "followingArtist": "SpotifyDE",
    "country_code": "DE",
    "country": "Germany"
  },
  {
    "username": "Cougar18188",
    "followingArtist": "SpotifyDE",
    "country_code": "DE",
    "country": "Germany"
  },
  {
    "username": "JixenCommunity",
    "followingArtist": "SpotifyDE",
    "country_code": "DE",
    "country": "Germany"
  },
  {
    "username": "Crxyste",
    "followingArtist": "SpotifyDE",
    "country_code": "AT",
    "country": "Austria"
  },
  {
    "username": "shm_recordz",
    "followingArtist": "SpotifyDE",
    "country_code": "CH",
    "country": "Switzerland"
  },
  {
    "username": "Marcelremus1",
    "followingArtist": "SpotifyDE",
    "country_code": "DE",
    "country": "Germany"
  },
  {
    "username": "realTylerBrave",
    "followingArtist": "SpotifyDE",
    "country_code": "DE",
    "country": "Germany"
  },
  {
    "username": "markuswagner93",
    "followingArtist": "SpotifyDE",
    "country_code": "DE",
    "country": "Germany"
  },
  {
    "username": "btlrmi",
    "followingArtist": "SpotifyDE",
    "country_code": "DE",
    "country": "Germany"
  },
  {
    "username": "anyone_out_here",
    "followingArtist": "SpotifyDE",
    "country_code": "DE",
    "country": "Germany"
  },
  {
    "username": "AlphaTheData",
    "followingArtist": "SpotifyDE",
    "country_code": "NO",
    "country": "Norway"
  },
  {
    "username": "olsen6666",
    "followingArtist": "SpotifyDE",
    "country_code": "DE",
    "country": "Germany"
  },
  {
    "username": "coronaex_",
    "followingArtist": "SpotifyDE",
    "country_code": "DE",
    "country": "Germany"
  },
  {
    "username": "zcro20001",
    "followingArtist": "SpotifyDE",
    "country_code": "BE",
    "country": "Belgium"
  },
  {
    "username": "softwelle",
    "followingArtist": "SpotifyDE",
    "country_code": "DE",
    "country": "Germany"
  },
  {
    "username": "nesnor_cgn",
    "followingArtist": "SpotifyDE",
    "country_code": "US",
    "country": "USA"
  },
  {
    "username": "evalucie_99",
    "followingArtist": "SpotifyDE",
    "country_code": "DE",
    "country": "Germany"
  },
  {
    "username": "rubbeldiekazz",
    "followingArtist": "SpotifyDE",
    "country_code": "DE",
    "country": "Germany"
  },
  {
    "username": "T4biz_",
    "followingArtist": "SpotifyDE",
    "country_code": "DE",
    "country": "Germany"
  },
  {
    "username": "tobias_wallat",
    "followingArtist": "SpotifyDE",
    "country_code": "DE",
    "country": "Germany"
  },
  {
    "username": "JennyZastrow1",
    "followingArtist": "SpotifyDE",
    "country_code": "BG",
    "country": "Bulgaria"
  },
  {
    "username": "EricXWest",
    "followingArtist": "SpotifyDE",
    "country_code": "US",
    "country": "USA"
  },
  {
    "username": "UliHeri",
    "followingArtist": "SpotifyDE",
    "country_code": "DE",
    "country": "Germany"
  },
  {
    "username": "flohausg",
    "followingArtist": "SpotifyDE",
    "country_code": "DE",
    "country": "Germany"
  },
  {
    "username": "lischaXVII",
    "followingArtist": "SpotifyDE",
    "country_code": "CA",
    "country": "Canada"
  },
  {
    "username": "Eir_Music_de",
    "followingArtist": "SpotifyDE",
    "country_code": "DE",
    "country": "Germany"
  },
  {
    "username": "nosseir_salma",
    "followingArtist": "SpotifyDE",
    "country_code": "DE",
    "country": "Germany"
  },
  {
    "username": "plainpixel",
    "followingArtist": "SpotifyDE",
    "country_code": "US",
    "country": "USA"
  },
  {
    "username": "DELUXEbyMJS",
    "followingArtist": "SpotifyDE",
    "country_code": "DE",
    "country": "Germany"
  },
  {
    "username": "RedLens_Media",
    "followingArtist": "SpotifyDE",
    "country_code": "DE",
    "country": "Germany"
  },
  {
    "username": "sehenswert99",
    "followingArtist": "SpotifyDE",
    "country_code": "BE",
    "country": "Belgium"
  },
  {
    "username": "earwormgalaxy",
    "followingArtist": "SpotifyDE",
    "country_code": "UA",
    "country": "Ukraine"
  },
  {
    "username": "traeumcheeen",
    "followingArtist": "SpotifyDE",
    "country_code": "DE",
    "country": "Germany"
  },
  {
    "username": "dennismaassen",
    "followingArtist": "SpotifyDE",
    "country_code": "DE",
    "country": "Germany"
  },
  {
    "username": "Spimons",
    "followingArtist": "SpotifyDE",
    "country_code": "US",
    "country": "USA"
  },
  {
    "username": "hey36519906_hey",
    "followingArtist": "SpotifyDE",
    "country_code": "LU",
    "country": "Luxembourg"
  },
  {
    "username": "noahkrng",
    "followingArtist": "SpotifyDE",
    "country_code": "DE",
    "country": "Germany"
  },
  {
    "username": "einmaerchenmann",
    "followingArtist": "SpotifyDE",
    "country_code": "DE",
    "country": "Germany"
  },
  {
    "username": "sergencamur",
    "followingArtist": "SpotifyDE",
    "country_code": "DE",
    "country": "Germany"
  },
  {
    "username": "meinezeitmusik",
    "followingArtist": "SpotifyDE",
    "country_code": "DE",
    "country": "Germany"
  },
  {
    "username": "DenkmaschineXY",
    "followingArtist": "SpotifyDE",
    "country_code": "DE",
    "country": "Germany"
  },
  {
    "username": "bohm_eric",
    "followingArtist": "SpotifyDE",
    "country_code": "DE",
    "country": "Germany"
  },
  {
    "username": "LordRob1nat0r",
    "followingArtist": "SpotifyDE",
    "country_code": "ID",
    "country": "Indonesia"
  },
  {
    "username": "maximalsmusic",
    "followingArtist": "SpotifyDE",
    "country_code": "IT",
    "country": "Italy"
  },
  {
    "username": "SteffySwan",
    "followingArtist": "SpotifyDE",
    "country_code": "CH",
    "country": "Switzerland"
  },
  {
    "username": "UweNEUM99082405",
    "followingArtist": "SpotifyDE",
    "country_code": "DE",
    "country": "Germany"
  },
  {
    "username": "mgmtbnt",
    "followingArtist": "SpotifyDE",
    "country_code": "NO",
    "country": "Norway"
  },
  {
    "username": "Verromusic",
    "followingArtist": "SpotifyDE",
    "country_code": "NO",
    "country": "Norway"
  },
  {
    "username": "Jami_kiel",
    "followingArtist": "SpotifyDE",
    "country_code": "DE",
    "country": "Germany"
  },
  {
    "username": "Gill78Diana",
    "followingArtist": "SpotifyDE",
    "country_code": "UK",
    "country": "United Kingdom"
  },
  {
    "username": "brpabels",
    "followingArtist": "SpotifyDE",
    "country_code": "NL",
    "country": "Netherlands"
  },
  {
    "username": "LIMOS_ELBMAK",
    "followingArtist": "SpotifyDE",
    "country_code": "IN",
    "country": "India"
  },
  {
    "username": "meyborg",
    "followingArtist": "SpotifyDE",
    "country_code": "DE",
    "country": "Germany"
  },
  {
    "username": "laonerich",
    "followingArtist": "SpotifyDE",
    "country_code": "GY",
    "country": "Guyana"
  },
  {
    "username": "felixheri",
    "followingArtist": "SpotifyDE",
    "country_code": "CH",
    "country": "Switzerland"
  },
  {
    "username": "OfficialDonJr",
    "followingArtist": "SpotifyDE",
    "country_code": "DE",
    "country": "Germany"
  },
  {
    "username": "thatboi1337",
    "followingArtist": "SpotifyDE",
    "country_code": "DE",
    "country": "Germany"
  },
  {
    "username": "SelahattinCaym6",
    "followingArtist": "SpotifyDE",
    "country_code": "DE",
    "country": "Germany"
  },
  {
    "username": "dirk_klutzke",
    "followingArtist": "SpotifyDE",
    "country_code": "DE",
    "country": "Germany"
  },
  {
    "username": "tobieinfach",
    "followingArtist": "SpotifyDE",
    "country_code": "DE",
    "country": "Germany"
  },
  {
    "username": "zerok",
    "followingArtist": "SpotifyDE",
    "country_code": "AT",
    "country": "Austria"
  },
  {
    "username": "olwes",
    "followingArtist": "SpotifyDE",
    "country_code": "RO",
    "country": "Romania"
  },
  {
    "username": "NorthHD202",
    "followingArtist": "SpotifyDE",
    "country_code": "DE",
    "country": "Germany"
  },
  {
    "username": "MoeHH76",
    "followingArtist": "SpotifyDE",
    "country_code": "DE",
    "country": "Germany"
  },
  {
    "username": "LeFlo03",
    "followingArtist": "SpotifyDE",
    "country_code": "DE",
    "country": "Germany"
  },
  {
    "username": "FredvomSaturn",
    "followingArtist": "SpotifyDE",
    "country_code": "US",
    "country": "USA"
  },
  {
    "username": "RolfStoermann",
    "followingArtist": "SpotifyDE",
    "country_code": "DE",
    "country": "Germany"
  },
  {
    "username": "Hexenmeister4",
    "followingArtist": "SpotifyDE",
    "country_code": "BR",
    "country": "Brazil"
  },
  {
    "username": "_bibbo",
    "followingArtist": "SpotifyDE",
    "country_code": "CH",
    "country": "Switzerland"
  },
  {
    "username": "BaxusLaxus",
    "followingArtist": "SpotifyDE",
    "country_code": "DE",
    "country": "Germany"
  },
  {
    "username": "Dreammusicpr",
    "followingArtist": "SpotifyDE",
    "country_code": "US",
    "country": "USA"
  },
  {
    "username": "BonFireRecs",
    "followingArtist": "SpotifyDE",
    "country_code": "US",
    "country": "USA"
  },
  {
    "username": "HeJiaHao2001",
    "followingArtist": "SpotifyDE",
    "country_code": "CN",
    "country": "China"
  },
  {
    "username": "manuel_duzel",
    "followingArtist": "SpotifyDE",
    "country_code": "DE",
    "country": "Germany"
  },
  {
    "username": "WebradioDE",
    "followingArtist": "SpotifyDE",
    "country_code": "DE",
    "country": "Germany"
  },
  {
    "username": "MaadFleex",
    "followingArtist": "SpotifyDE",
    "country_code": "AT",
    "country": "Austria"
  },
  {
    "username": "Batman06T",
    "followingArtist": "SpotifyDE",
    "country_code": "DE",
    "country": "Germany"
  },
  {
    "username": "benni_haha",
    "followingArtist": "SpotifyDE",
    "country_code": "DE",
    "country": "Germany"
  },
  {
    "username": "Dama__C",
    "followingArtist": "SpotifyDE",
    "country_code": "ES",
    "country": "Spain"
  },
  {
    "username": "PeterAd12",
    "followingArtist": "SpotifyDE",
    "country_code": "CH",
    "country": "Switzerland"
  },
  {
    "username": "leffers_vincent",
    "followingArtist": "SpotifyDE",
    "country_code": "DE",
    "country": "Germany"
  },
  {
    "username": "LutkeLara",
    "followingArtist": "SpotifyDE",
    "country_code": "DE",
    "country": "Germany"
  },
  {
    "username": "marv_2901",
    "followingArtist": "SpotifyDE",
    "country_code": "DE",
    "country": "Germany"
  },
  {
    "username": "fireflushace",
    "followingArtist": "SpotifyDE",
    "country_code": "DE",
    "country": "Germany"
  },
  {
    "username": "SteadyFlashing",
    "followingArtist": "SpotifyDE",
    "country_code": "DE",
    "country": "Germany"
  },
  {
    "username": "Cotoneofficial",
    "followingArtist": "SpotifyDE",
    "country_code": "US",
    "country": "USA"
  },
  {
    "username": "studiodog",
    "followingArtist": "SpotifyDE",
    "country_code": "US",
    "country": "USA"
  },
  {
    "username": "Calyramusic",
    "followingArtist": "SpotifyDE",
    "country_code": "DE",
    "country": "Germany"
  },
  {
    "username": "muckefreak_lara",
    "followingArtist": "SpotifyDE",
    "country_code": "DE",
    "country": "Germany"
  },
  {
    "username": "MaxPackerYT",
    "followingArtist": "SpotifyDE",
    "country_code": "DE",
    "country": "Germany"
  },
  {
    "username": "0711ASA94",
    "followingArtist": "SpotifyDE",
    "country_code": "DE",
    "country": "Germany"
  },
  {
    "username": "realgroundzero",
    "followingArtist": "SpotifyDE",
    "country_code": "DE",
    "country": "Germany"
  },
  {
    "username": "sreilers86",
    "followingArtist": "SpotifyDE",
    "country_code": "DE",
    "country": "Germany"
  },
  {
    "username": "urrrecords",
    "followingArtist": "SpotifyDE",
    "country_code": "BJ",
    "country": "Benin"
  },
  {
    "username": "FFuchs392",
    "followingArtist": "SpotifyDE",
    "country_code": "DE",
    "country": "Germany"
  },
  {
    "username": "Herr_Neuschulz",
    "followingArtist": "SpotifyDE",
    "country_code": "DE",
    "country": "Germany"
  },
  {
    "username": "avaliveradio",
    "followingArtist": "SpotifyDE",
    "country_code": "US",
    "country": "USA"
  },
  {
    "username": "JOCO_official",
    "followingArtist": "SpotifyDE",
    "country_code": "DE",
    "country": "Germany"
  },
  {
    "username": "FrankFirle",
    "followingArtist": "SpotifyDE",
    "country_code": "DE",
    "country": "Germany"
  },
  {
    "username": "hallo207",
    "followingArtist": "SpotifyDE",
    "country_code": "DE",
    "country": "Germany"
  },
  {
    "username": "ianpither",
    "followingArtist": "SpotifyDE",
    "country_code": "UK",
    "country": "United Kingdom"
  },
  {
    "username": "mhoewi",
    "followingArtist": "SpotifyDE",
    "country_code": "DE",
    "country": "Germany"
  },
  {
    "username": "terror_fisch",
    "followingArtist": "SpotifyDE",
    "country_code": "DE",
    "country": "Germany"
  },
  {
    "username": "Giesom4tic",
    "followingArtist": "SpotifyDE",
    "country_code": "DE",
    "country": "Germany"
  },
  {
    "username": "dergeilstetyp",
    "followingArtist": "SpotifyDE",
    "country_code": "DE",
    "country": "Germany"
  },
  {
    "username": "momoritz01",
    "followingArtist": "SpotifyDE",
    "country_code": "DE",
    "country": "Germany"
  },
  {
    "username": "AuriTori",
    "followingArtist": "SpotifyDE",
    "country_code": "DE",
    "country": "Germany"
  },
  {
    "username": "MaxSchopper",
    "followingArtist": "SpotifyDE",
    "country_code": "AT",
    "country": "Austria"
  },
  {
    "username": "Gabriel71618201",
    "followingArtist": "SpotifyDE",
    "country_code": "VE",
    "country": "Venezuela"
  },
  {
    "username": "alphagene1996",
    "followingArtist": "SpotifyDE",
    "country_code": "DE",
    "country": "Germany"
  },
  {
    "username": "Paddel06",
    "followingArtist": "SpotifyDE",
    "country_code": "DE",
    "country": "Germany"
  },
  {
    "username": "marcosgonzaga46",
    "followingArtist": "SpotifyDE",
    "country_code": "BR",
    "country": "Brazil"
  },
  {
    "username": "AmyTrabandt",
    "followingArtist": "SpotifyDE",
    "country_code": "DE",
    "country": "Germany"
  },
  {
    "username": "AlexWagner911",
    "followingArtist": "SpotifyDE",
    "country_code": "DE",
    "country": "Germany"
  },
  {
    "username": "rousias_",
    "followingArtist": "SpotifyDE",
    "country_code": "DE",
    "country": "Germany"
  },
  {
    "username": "HeikeSchmidt_TH",
    "followingArtist": "SpotifyDE",
    "country_code": "DE",
    "country": "Germany"
  },
  {
    "username": "mrc_kswtt",
    "followingArtist": "SpotifyDE",
    "country_code": "DE",
    "country": "Germany"
  },
  {
    "username": "MxAlbrecht",
    "followingArtist": "SpotifyDE",
    "country_code": "DE",
    "country": "Germany"
  },
  {
    "username": "julianreithh",
    "followingArtist": "SpotifyDE",
    "country_code": "DE",
    "country": "Germany"
  },
  {
    "username": "dnnsmnstrr",
    "followingArtist": "SpotifyDE",
    "country_code": "RO",
    "country": "Romania"
  },
  {
    "username": "MaxPolonyi",
    "followingArtist": "SpotifyDE",
    "country_code": "DE",
    "country": "Germany"
  },
  {
    "username": "lautenschlager",
    "followingArtist": "SpotifyDE",
    "country_code": "DE",
    "country": "Germany"
  },
  {
    "username": "master_hue",
    "followingArtist": "SpotifyDE",
    "country_code": "AT",
    "country": "Austria"
  },
  {
    "username": "radio_limits",
    "followingArtist": "SpotifyDE",
    "country_code": "DE",
    "country": "Germany"
  },
  {
    "username": "Speedy8790",
    "followingArtist": "SpotifyDE",
    "country_code": "DE",
    "country": "Germany"
  },
  {
    "username": "MoritzGroo",
    "followingArtist": "SpotifyDE",
    "country_code": "DE",
    "country": "Germany"
  },
  {
    "username": "jay_daw",
    "followingArtist": "SpotifyDE",
    "country_code": "DE",
    "country": "Germany"
  },
  {
    "username": "SebZeroMM",
    "followingArtist": "SpotifyDE",
    "country_code": "DE",
    "country": "Germany"
  },
  {
    "username": "GasmiAmira",
    "followingArtist": "SpotifyDE",
    "country_code": "DE",
    "country": "Germany"
  },
  {
    "username": "discophille",
    "followingArtist": "SpotifyDE",
    "country_code": "DE",
    "country": "Germany"
  },
  {
    "username": "pnk505",
    "followingArtist": "SpotifyDE",
    "country_code": "GH",
    "country": "Ghana"
  },
  {
    "username": "Dirk187",
    "followingArtist": "SpotifyDE",
    "country_code": "DE",
    "country": "Germany"
  },
  {
    "username": "5494westrecords",
    "followingArtist": "SpotifyDE",
    "country_code": "JM",
    "country": "Jamaica"
  },
  {
    "username": "MarkusWeichsel",
    "followingArtist": "SpotifyDE",
    "country_code": "DE",
    "country": "Germany"
  },
  {
    "username": "Itz_Kurry",
    "followingArtist": "SpotifyDE",
    "country_code": "DE",
    "country": "Germany"
  },
  {
    "username": "9240Uzwil",
    "followingArtist": "SpotifyDE",
    "country_code": "CH",
    "country": "Switzerland"
  },
  {
    "username": "McxSpoon",
    "followingArtist": "SpotifyDE",
    "country_code": "DE",
    "country": "Germany"
  },
  {
    "username": "philipptaubert",
    "followingArtist": "SpotifyDE",
    "country_code": "DE",
    "country": "Germany"
  },
  {
    "username": "slncoke",
    "followingArtist": "SpotifyDE",
    "country_code": "AT",
    "country": "Austria"
  },
  {
    "username": "binderchri_com",
    "followingArtist": "SpotifyDE",
    "country_code": "AT",
    "country": "Austria"
  },
  {
    "username": "Rex13254",
    "followingArtist": "SpotifyDE",
    "country_code": "DE",
    "country": "Germany"
  },
  {
    "username": "fraukugelfisch",
    "followingArtist": "SpotifyDE",
    "country_code": "CH",
    "country": "Switzerland"
  },
  {
    "username": "Oldschool3000",
    "followingArtist": "SpotifyDE",
    "country_code": "DE",
    "country": "Germany"
  },
  {
    "username": "2301Rakkon",
    "followingArtist": "SpotifyDE",
    "country_code": "DE",
    "country": "Germany"
  },
  {
    "username": "mutekimehJR",
    "followingArtist": "SpotifyDE",
    "country_code": "CH",
    "country": "Switzerland"
  },
  {
    "username": "RudeBoiBGMG",
    "followingArtist": "SpotifyDE",
    "country_code": "US",
    "country": "USA"
  },
  {
    "username": "KimKoch8",
    "followingArtist": "SpotifyDE",
    "country_code": "DE",
    "country": "Germany"
  },
  {
    "username": "3mgmelatonin",
    "followingArtist": "SpotifyDE",
    "country_code": "DE",
    "country": "Germany"
  },
  {
    "username": "bjoerniniho",
    "followingArtist": "SpotifyDE",
    "country_code": "DE",
    "country": "Germany"
  },
  {
    "username": "icesnowleopard",
    "followingArtist": "SpotifyDE",
    "country_code": "DE",
    "country": "Germany"
  },
  {
    "username": "Kraisis",
    "followingArtist": "SpotifyDE",
    "country_code": "DE",
    "country": "Germany"
  },
  {
    "username": "SexyBH13",
    "followingArtist": "SpotifyDE",
    "country_code": "FR",
    "country": "France"
  },
  {
    "username": "TomHowlin",
    "followingArtist": "SpotifyDE",
    "country_code": "UK",
    "country": "United Kingdom"
  },
  {
    "username": "DonWalle",
    "followingArtist": "SpotifyDE",
    "country_code": "DE",
    "country": "Germany"
  },
  {
    "username": "ClementPfennig",
    "followingArtist": "SpotifyDE",
    "country_code": "DE",
    "country": "Germany"
  },
  {
    "username": "BarbaraUnrecht",
    "followingArtist": "SpotifyDE",
    "country_code": "DE",
    "country": "Germany"
  },
  {
    "username": "dswimmerr",
    "followingArtist": "SpotifyDE",
    "country_code": "CA",
    "country": "Canada"
  },
  {
    "username": "SVWTobi711",
    "followingArtist": "SpotifyDE",
    "country_code": "DE",
    "country": "Germany"
  },
  {
    "username": "klara_witte",
    "followingArtist": "SpotifyDE",
    "country_code": "DE",
    "country": "Germany"
  },
  {
    "username": "BollCarsten",
    "followingArtist": "SpotifyDE",
    "country_code": "DE",
    "country": "Germany"
  },
  {
    "username": "mnostG",
    "followingArtist": "SpotifyDE",
    "country_code": "DE",
    "country": "Germany"
  },
  {
    "username": "maxtendolp",
    "followingArtist": "SpotifyDE",
    "country_code": "DE",
    "country": "Germany"
  },
  {
    "username": "MichaelBckenha1",
    "followingArtist": "SpotifyDE",
    "country_code": "RO",
    "country": "Romania"
  },
  {
    "username": "Lucie09074414",
    "followingArtist": "SpotifyDE",
    "country_code": "CH",
    "country": "Switzerland"
  },
  {
    "username": "Niko11200",
    "followingArtist": "SpotifyDE",
    "country_code": "PK",
    "country": "Pakistan"
  },
  {
    "username": "hardcora",
    "followingArtist": "SpotifyDE",
    "country_code": "DE",
    "country": "Germany"
  },
  {
    "username": "FalkoThiess",
    "followingArtist": "SpotifyDE",
    "country_code": "DE",
    "country": "Germany"
  },
  {
    "username": "Pascale_Baumert",
    "followingArtist": "SpotifyDE",
    "country_code": "DE",
    "country": "Germany"
  },
  {
    "username": "pickletotherick",
    "followingArtist": "SpotifyDE",
    "country_code": "DE",
    "country": "Germany"
  },
  {
    "username": "Christiankallo",
    "followingArtist": "SpotifyDE",
    "country_code": "DE",
    "country": "Germany"
  },
  {
    "username": "SpeedyAndreas",
    "followingArtist": "SpotifyDE",
    "country_code": "DE",
    "country": "Germany"
  },
  {
    "username": "lieselotte_44",
    "followingArtist": "SpotifyDE",
    "country_code": "DE",
    "country": "Germany"
  },
  {
    "username": "Enton35",
    "followingArtist": "SpotifyDE",
    "country_code": "DE",
    "country": "Germany"
  },
  {
    "username": "hzoaiter",
    "followingArtist": "SpotifyDE",
    "country_code": "DE",
    "country": "Germany"
  },
  {
    "username": "AylinSinaaylin",
    "followingArtist": "SpotifyDE",
    "country_code": "DE",
    "country": "Germany"
  },
  {
    "username": "Mr2003Nick",
    "followingArtist": "SpotifyDE",
    "country_code": "DE",
    "country": "Germany"
  },
  {
    "username": "fabienne_ws",
    "followingArtist": "SpotifyDE",
    "country_code": "CH",
    "country": "Switzerland"
  },
  {
    "username": "Rowojon",
    "followingArtist": "SpotifyDE",
    "country_code": "US",
    "country": "USA"
  },
  {
    "username": "stefanito18",
    "followingArtist": "SpotifyDE",
    "country_code": "DE",
    "country": "Germany"
  },
  {
    "username": "AnatolMenke",
    "followingArtist": "SpotifyDE",
    "country_code": "DE",
    "country": "Germany"
  },
  {
    "username": "SuicideSquid38",
    "followingArtist": "SpotifyDE",
    "country_code": "DE",
    "country": "Germany"
  },
  {
    "username": "elemayo_",
    "followingArtist": "SpotifyDE",
    "country_code": "TR",
    "country": "Turkey"
  },
  {
    "username": "iuhaneac",
    "followingArtist": "SpotifyDE",
    "country_code": "DE",
    "country": "Germany"
  },
  {
    "username": "Afrozebraa",
    "followingArtist": "SpotifyDE",
    "country_code": "DE",
    "country": "Germany"
  },
  {
    "username": "Cris_Bacon_",
    "followingArtist": "SpotifyDE",
    "country_code": "DE",
    "country": "Germany"
  },
  {
    "username": "PolliePopThaDJ",
    "followingArtist": "SpotifyDE",
    "country_code": "US",
    "country": "USA"
  },
  {
    "username": "RainerS04",
    "followingArtist": "SpotifyDE",
    "country_code": "DE",
    "country": "Germany"
  },
  {
    "username": "SebTrapmann",
    "followingArtist": "SpotifyDE",
    "country_code": "DE",
    "country": "Germany"
  },
  {
    "username": "shawnxino",
    "followingArtist": "SpotifyDE",
    "country_code": "DE",
    "country": "Germany"
  },
  {
    "username": "Leon2572",
    "followingArtist": "SpotifyDE",
    "country_code": "DE",
    "country": "Germany"
  },
  {
    "username": "Saezzl",
    "followingArtist": "SpotifyDE",
    "country_code": "DE",
    "country": "Germany"
  },
  {
    "username": "Anabel_kl",
    "followingArtist": "SpotifyDE",
    "country_code": "DE",
    "country": "Germany"
  },
  {
    "username": "THORJOERDSON",
    "followingArtist": "SpotifyDE",
    "country_code": "DE",
    "country": "Germany"
  },
  {
    "username": "gephisted",
    "followingArtist": "SpotifyDE",
    "country_code": "DE",
    "country": "Germany"
  },
  {
    "username": "julian_bg",
    "followingArtist": "SpotifyDE",
    "country_code": "DE",
    "country": "Germany"
  },
  {
    "username": "romskii",
    "followingArtist": "SpotifyDE",
    "country_code": "DE",
    "country": "Germany"
  },
  {
    "username": "moviefan1981",
    "followingArtist": "SpotifyDE",
    "country_code": "DE",
    "country": "Germany"
  },
  {
    "username": "johannes10ter",
    "followingArtist": "SpotifyDE",
    "country_code": "DE",
    "country": "Germany"
  },
  {
    "username": "paucherri",
    "followingArtist": "SpotifyDE",
    "country_code": "US",
    "country": "USA"
  },
  {
    "username": "HerrBruns",
    "followingArtist": "SpotifyDE",
    "country_code": "DE",
    "country": "Germany"
  },
  {
    "username": "BexkerAnne",
    "followingArtist": "SpotifyDE",
    "country_code": "DE",
    "country": "Germany"
  },
  {
    "username": "MikeyFreeUK",
    "followingArtist": "SpotifyDE",
    "country_code": "DE",
    "country": "Germany"
  },
  {
    "username": "muypaco",
    "followingArtist": "SpotifyDE",
    "country_code": "PL",
    "country": "Poland"
  },
  {
    "username": "Josh219304",
    "followingArtist": "SpotifyDE",
    "country_code": "DE",
    "country": "Germany"
  },
  {
    "username": "LittleRedJM",
    "followingArtist": "SpotifyDE",
    "country_code": "DE",
    "country": "Germany"
  },
  {
    "username": "emmsimausi",
    "followingArtist": "SpotifyDE",
    "country_code": "DE",
    "country": "Germany"
  },
  {
    "username": "kngdms_fl",
    "followingArtist": "SpotifyDE",
    "country_code": "DE",
    "country": "Germany"
  },
  {
    "username": "0815Raven",
    "followingArtist": "SpotifyDE",
    "country_code": "DE",
    "country": "Germany"
  },
  {
    "username": "dj_pdlc",
    "followingArtist": "SpotifyDE",
    "country_code": "DE",
    "country": "Germany"
  },
  {
    "username": "eeeZarD",
    "followingArtist": "SpotifyDE",
    "country_code": "DE",
    "country": "Germany"
  },
  {
    "username": "POPROTWEISS",
    "followingArtist": "SpotifyDE",
    "country_code": "DE",
    "country": "Germany"
  },
  {
    "username": "kamaschaefer",
    "followingArtist": "SpotifyDE",
    "country_code": "DE",
    "country": "Germany"
  },
  {
    "username": "autorinNanaS",
    "followingArtist": "SpotifyDE",
    "country_code": "DE",
    "country": "Germany"
  },
  {
    "username": "rawdio_",
    "followingArtist": "SpotifyDE",
    "country_code": "DE",
    "country": "Germany"
  },
  {
    "username": "christina_zke",
    "followingArtist": "SpotifyDE",
    "country_code": "DE",
    "country": "Germany"
  },
  {
    "username": "bobbytoni",
    "followingArtist": "SpotifyDE",
    "country_code": "DE",
    "country": "Germany"
  },
  {
    "username": "Rad0c",
    "followingArtist": "SpotifyDE",
    "country_code": "DE",
    "country": "Germany"
  },
  {
    "username": "Fort_Knox93",
    "followingArtist": "SpotifyDE",
    "country_code": "DE",
    "country": "Germany"
  },
  {
    "username": "bieberfilthy",
    "followingArtist": "SpotifyDE",
    "country_code": "US",
    "country": "USA"
  },
  {
    "username": "vinigreg12",
    "followingArtist": "SpotifyDE",
    "country_code": "DE",
    "country": "Germany"
  },
  {
    "username": "gordo_onkomm",
    "followingArtist": "SpotifyDE",
    "country_code": "US",
    "country": "USA"
  },
  {
    "username": "misterballer",
    "followingArtist": "SpotifyDE",
    "country_code": "DE",
    "country": "Germany"
  },
  {
    "username": "Chrona85",
    "followingArtist": "SpotifyDE",
    "country_code": "DE",
    "country": "Germany"
  },
  {
    "username": "tim_haa95",
    "followingArtist": "SpotifyDE",
    "country_code": "DE",
    "country": "Germany"
  },
  {
    "username": "DanyDBG",
    "followingArtist": "SpotifyDE",
    "country_code": "DE",
    "country": "Germany"
  },
  {
    "username": "purplebanknote",
    "followingArtist": "SpotifyDE",
    "country_code": "US",
    "country": "USA"
  },
  {
    "username": "mirayesch",
    "followingArtist": "SpotifyDE",
    "country_code": "DE",
    "country": "Germany"
  },
  {
    "username": "whatsuprapha",
    "followingArtist": "SpotifyDE",
    "country_code": "DE",
    "country": "Germany"
  },
  {
    "username": "EdsonTaylorr",
    "followingArtist": "SpotifyDE",
    "country_code": "DE",
    "country": "Germany"
  },
  {
    "username": "MichiHemm",
    "followingArtist": "SpotifyDE",
    "country_code": "DE",
    "country": "Germany"
  },
  {
    "username": "MariaMartin1304",
    "followingArtist": "SpotifyDE",
    "country_code": "US",
    "country": "USA"
  },
  {
    "username": "petrozantey",
    "followingArtist": "SpotifyDE",
    "country_code": "AU",
    "country": "Australia"
  },
  {
    "username": "Mikkaa_official",
    "followingArtist": "SpotifyDE",
    "country_code": "DE",
    "country": "Germany"
  },
  {
    "username": "christophkoz",
    "followingArtist": "SpotifyDE",
    "country_code": "DE",
    "country": "Germany"
  },
  {
    "username": "jay_karibik",
    "followingArtist": "SpotifyDE",
    "country_code": "DE",
    "country": "Germany"
  },
  {
    "username": "hr_werner",
    "followingArtist": "SpotifyDE",
    "country_code": "DE",
    "country": "Germany"
  },
  {
    "username": "Tristanhrld",
    "followingArtist": "SpotifyDE",
    "country_code": "DE",
    "country": "Germany"
  },
  {
    "username": "Sergeant_Farmer",
    "followingArtist": "SpotifyDE",
    "country_code": "DE",
    "country": "Germany"
  },
  {
    "username": "manimanii",
    "followingArtist": "SpotifyDE",
    "country_code": "AT",
    "country": "Austria"
  },
  {
    "username": "NicoleWenzel11",
    "followingArtist": "SpotifyDE",
    "country_code": "DE",
    "country": "Germany"
  },
  {
    "username": "Hulini",
    "followingArtist": "SpotifyDE",
    "country_code": "US",
    "country": "USA"
  },
  {
    "username": "cflip23",
    "followingArtist": "SpotifyDE",
    "country_code": "DE",
    "country": "Germany"
  },
  {
    "username": "Nosta2Larue",
    "followingArtist": "SpotifyDE",
    "country_code": "BE",
    "country": "Belgium"
  },
  {
    "username": "SeelFlorian",
    "followingArtist": "SpotifyDE",
    "country_code": "DE",
    "country": "Germany"
  },
  {
    "username": "patrick_stg92",
    "followingArtist": "SpotifyDE",
    "country_code": "US",
    "country": "USA"
  },
  {
    "username": "diesesGxrl",
    "followingArtist": "SpotifyDE",
    "country_code": "DE",
    "country": "Germany"
  },
  {
    "username": "davidokeiser",
    "followingArtist": "SpotifyDE",
    "country_code": "DE",
    "country": "Germany"
  },
  {
    "username": "rosesandrev",
    "followingArtist": "SpotifyDE",
    "country_code": "US",
    "country": "USA"
  },
  {
    "username": "jdornauf",
    "followingArtist": "SpotifyDE",
    "country_code": "DE",
    "country": "Germany"
  },
  {
    "username": "xThePaint",
    "followingArtist": "SpotifyDE",
    "country_code": "DE",
    "country": "Germany"
  },
  {
    "username": "NChrischy",
    "followingArtist": "SpotifyDE",
    "country_code": "DE",
    "country": "Germany"
  },
  {
    "username": "paezcaty",
    "followingArtist": "SpotifyDE",
    "country_code": "DE",
    "country": "Germany"
  },
  {
    "username": "its_sens",
    "followingArtist": "SpotifyDE",
    "country_code": "DE",
    "country": "Germany"
  },
  {
    "username": "Big_D_Lun_A_tiC",
    "followingArtist": "SpotifyDE",
    "country_code": "US",
    "country": "USA"
  },
  {
    "username": "heyhoAG",
    "followingArtist": "SpotifyDE",
    "country_code": "DE",
    "country": "Germany"
  },
  {
    "username": "atzillian",
    "followingArtist": "SpotifyDE",
    "country_code": "DE",
    "country": "Germany"
  },
  {
    "username": "JjesseOliveir",
    "followingArtist": "SpotifyDE",
    "country_code": "BR",
    "country": "Brazil"
  },
  {
    "username": "itsArsany",
    "followingArtist": "SpotifyDE",
    "country_code": "DE",
    "country": "Germany"
  },
  {
    "username": "Sven9287",
    "followingArtist": "SpotifyDE",
    "country_code": "DE",
    "country": "Germany"
  },
  {
    "username": "rankyman",
    "followingArtist": "SpotifyDE",
    "country_code": "DE",
    "country": "Germany"
  },
  {
    "username": "SAIPPUAofficial",
    "followingArtist": "SpotifyDE",
    "country_code": "FI",
    "country": "Finland"
  },
  {
    "username": "fernandacpo",
    "followingArtist": "SpotifyDE",
    "country_code": "BR",
    "country": "Brazil"
  },
  {
    "username": "sastar98",
    "followingArtist": "SpotifyDE",
    "country_code": "CH",
    "country": "Switzerland"
  },
  {
    "username": "Elliot_Play",
    "followingArtist": "SpotifyDE",
    "country_code": "DE",
    "country": "Germany"
  },
  {
    "username": "belger1995",
    "followingArtist": "SpotifyDE",
    "country_code": "US",
    "country": "USA"
  },
  {
    "username": "mxrvdmr",
    "followingArtist": "SpotifyDE",
    "country_code": "US",
    "country": "USA"
  },
  {
    "username": "Orloaf",
    "followingArtist": "SpotifyDE",
    "country_code": "DE",
    "country": "Germany"
  },
  {
    "username": "Bonnyfloh1",
    "followingArtist": "SpotifyDE",
    "country_code": "DE",
    "country": "Germany"
  },
  {
    "username": "matthiascp",
    "followingArtist": "SpotifyDE",
    "country_code": "UK",
    "country": "United Kingdom"
  },
  {
    "username": "madeinjune",
    "followingArtist": "SpotifyDE",
    "country_code": "NL",
    "country": "Netherlands"
  },
  {
    "username": "marlinkio",
    "followingArtist": "SpotifyDE",
    "country_code": "DE",
    "country": "Germany"
  },
  {
    "username": "OFFENBACHER88",
    "followingArtist": "SpotifyDE",
    "country_code": "DE",
    "country": "Germany"
  },
  {
    "username": "adrian_beka",
    "followingArtist": "SpotifyDE",
    "country_code": "DE",
    "country": "Germany"
  },
  {
    "username": "Luisa29291846",
    "followingArtist": "SpotifyDE",
    "country_code": "DE",
    "country": "Germany"
  },
  {
    "username": "krautsie",
    "followingArtist": "SpotifyDE",
    "country_code": "DE",
    "country": "Germany"
  },
  {
    "username": "CentrixDE",
    "followingArtist": "SpotifyDE",
    "country_code": "DE",
    "country": "Germany"
  },
  {
    "username": "johanna_h02",
    "followingArtist": "SpotifyDE",
    "country_code": "DE",
    "country": "Germany"
  },
  {
    "username": "nadin_rabaa",
    "followingArtist": "SpotifyDE",
    "country_code": "DE",
    "country": "Germany"
  },
  {
    "username": "Zwitscherantt",
    "followingArtist": "SpotifyDE",
    "country_code": "AT",
    "country": "Austria"
  },
  {
    "username": "NorthwestManu",
    "followingArtist": "SpotifyDE",
    "country_code": "DE",
    "country": "Germany"
  },
  {
    "username": "Rigorosum",
    "followingArtist": "SpotifyDE",
    "country_code": "CR",
    "country": "Costa Rica"
  },
  {
    "username": "billy_pane",
    "followingArtist": "SpotifyDE",
    "country_code": "DE",
    "country": "Germany"
  },
  {
    "username": "stefanessah",
    "followingArtist": "SpotifyDE",
    "country_code": "DE",
    "country": "Germany"
  },
  {
    "username": "Silas2King",
    "followingArtist": "SpotifyDE",
    "country_code": "DE",
    "country": "Germany"
  },
  {
    "username": "MaxiHermanns",
    "followingArtist": "SpotifyDE",
    "country_code": "DE",
    "country": "Germany"
  },
  {
    "username": "HendrikWHV",
    "followingArtist": "SpotifyDE",
    "country_code": "DE",
    "country": "Germany"
  },
  {
    "username": "SatyamBhutani9",
    "followingArtist": "SpotifyDE",
    "country_code": "IN",
    "country": "India"
  },
  {
    "username": "Torwall",
    "followingArtist": "SpotifyDE",
    "country_code": "US",
    "country": "USA"
  },
  {
    "username": "Tiger_Lily2803",
    "followingArtist": "SpotifyDE",
    "country_code": "DE",
    "country": "Germany"
  },
  {
    "username": "McBurns",
    "followingArtist": "SpotifyDE",
    "country_code": "DE",
    "country": "Germany"
  },
  {
    "username": "Vivien_Vanessa_",
    "followingArtist": "SpotifyDE",
    "country_code": "DE",
    "country": "Germany"
  },
  {
    "username": "bennisdraun",
    "followingArtist": "SpotifyDE",
    "country_code": "DE",
    "country": "Germany"
  },
  {
    "username": "kitty84043",
    "followingArtist": "SpotifyDE",
    "country_code": "DE",
    "country": "Germany"
  },
  {
    "username": "t_bin_de",
    "followingArtist": "SpotifyDE",
    "country_code": "DE",
    "country": "Germany"
  },
  {
    "username": "cberdrow",
    "followingArtist": "SpotifyDE",
    "country_code": "DE",
    "country": "Germany"
  },
  {
    "username": "LopauLukas",
    "followingArtist": "SpotifyDE",
    "country_code": "CN",
    "country": "China"
  },
  {
    "username": "dieseelen",
    "followingArtist": "SpotifyDE",
    "country_code": "DE",
    "country": "Germany"
  },
  {
    "username": "Ni_Na_Nachtigal",
    "followingArtist": "SpotifyDE",
    "country_code": "DE",
    "country": "Germany"
  },
  {
    "username": "KittyAni",
    "followingArtist": "SpotifyDE",
    "country_code": "DE",
    "country": "Germany"
  },
  {
    "username": "xboxmostlyipod",
    "followingArtist": "SpotifyDE",
    "country_code": "MX",
    "country": "Mexico"
  },
  {
    "username": "schwellnus",
    "followingArtist": "SpotifyDE",
    "country_code": "DE",
    "country": "Germany"
  },
  {
    "username": "Tom_St20",
    "followingArtist": "SpotifyDE",
    "country_code": "AT",
    "country": "Austria"
  },
  {
    "username": "BentMuehue",
    "followingArtist": "SpotifyDE",
    "country_code": "US",
    "country": "USA"
  },
  {
    "username": "lucassfromncity",
    "followingArtist": "SpotifyDE",
    "country_code": "NO",
    "country": "Norway"
  },
  {
    "username": "missclaralouise",
    "followingArtist": "SpotifyDE",
    "country_code": "AT",
    "country": "Austria"
  },
  {
    "username": "thorieho",
    "followingArtist": "SpotifyDE",
    "country_code": "DE",
    "country": "Germany"
  },
  {
    "username": "matty03022000",
    "followingArtist": "SpotifyDE",
    "country_code": "DE",
    "country": "Germany"
  },
  {
    "username": "GehrichMichael",
    "followingArtist": "SpotifyDE",
    "country_code": "DE",
    "country": "Germany"
  },
  {
    "username": "PierreEhlert",
    "followingArtist": "SpotifyDE",
    "country_code": "DE",
    "country": "Germany"
  },
  {
    "username": "justkniffi",
    "followingArtist": "SpotifyDE",
    "country_code": "DE",
    "country": "Germany"
  },
  {
    "username": "montezjeferson",
    "followingArtist": "SpotifyDE",
    "country_code": "BR",
    "country": "Brazil"
  },
  {
    "username": "mic_det",
    "followingArtist": "SpotifyDE",
    "country_code": "DE",
    "country": "Germany"
  },
  {
    "username": "Elecsexam",
    "followingArtist": "SpotifyDE",
    "country_code": "DE",
    "country": "Germany"
  },
  {
    "username": "djhouz",
    "followingArtist": "SpotifyDE",
    "country_code": "DE",
    "country": "Germany"
  },
  {
    "username": "AndyMunCGN",
    "followingArtist": "SpotifyDE",
    "country_code": "US",
    "country": "USA"
  },
  {
    "username": "NielsKalz",
    "followingArtist": "SpotifyDE",
    "country_code": "DE",
    "country": "Germany"
  },
  {
    "username": "jonas_foret",
    "followingArtist": "SpotifyDE",
    "country_code": "DE",
    "country": "Germany"
  },
  {
    "username": "Biancawrx",
    "followingArtist": "SpotifyDE",
    "country_code": "AU",
    "country": "Australia"
  },
  {
    "username": "DJBoulevardBou",
    "followingArtist": "SpotifyDE",
    "country_code": "DE",
    "country": "Germany"
  },
  {
    "username": "2222255552G",
    "followingArtist": "SpotifyDE",
    "country_code": "DE",
    "country": "Germany"
  },
  {
    "username": "luisa_tkvr",
    "followingArtist": "SpotifyDE",
    "country_code": "US",
    "country": "USA"
  },
  {
    "username": "rollerbiene",
    "followingArtist": "SpotifyDE",
    "country_code": "DE",
    "country": "Germany"
  },
  {
    "username": "caro201100",
    "followingArtist": "SpotifyDE",
    "country_code": "DE",
    "country": "Germany"
  },
  {
    "username": "Jens_34",
    "followingArtist": "SpotifyDE",
    "country_code": "DE",
    "country": "Germany"
  },
  {
    "username": "Lassarale",
    "followingArtist": "SpotifyDE",
    "country_code": "DE",
    "country": "Germany"
  },
  {
    "username": "JosephE38932076",
    "followingArtist": "SpotifyDE",
    "country_code": "AU",
    "country": "Australia"
  },
  {
    "username": "ChRedt",
    "followingArtist": "SpotifyDE",
    "country_code": "DE",
    "country": "Germany"
  },
  {
    "username": "NewNordicIndie",
    "followingArtist": "SpotifyDE",
    "country_code": "US",
    "country": "USA"
  },
  {
    "username": "ma_sa3006",
    "followingArtist": "SpotifyDE",
    "country_code": "CH",
    "country": "Switzerland"
  },
  {
    "username": "mohammed_eryani",
    "followingArtist": "SpotifyDE",
    "country_code": "DE",
    "country": "Germany"
  },
  {
    "username": "marcschoenebach",
    "followingArtist": "SpotifyDE",
    "country_code": "DE",
    "country": "Germany"
  },
  {
    "username": "rabaukenlotte",
    "followingArtist": "SpotifyDE",
    "country_code": "DE",
    "country": "Germany"
  },
  {
    "username": "wickedservice",
    "followingArtist": "SpotifyDE",
    "country_code": "US",
    "country": "USA"
  },
  {
    "username": "DeFightingHorse",
    "followingArtist": "SpotifyDE",
    "country_code": "DE",
    "country": "Germany"
  },
  {
    "username": "Jarry1997",
    "followingArtist": "SpotifyDE",
    "country_code": "DE",
    "country": "Germany"
  },
  {
    "username": "hacke1999",
    "followingArtist": "SpotifyDE",
    "country_code": "US",
    "country": "USA"
  },
  {
    "username": "Torty123",
    "followingArtist": "SpotifyDE",
    "country_code": "DE",
    "country": "Germany"
  },
  {
    "username": "lenz6767",
    "followingArtist": "SpotifyDE",
    "country_code": "AT",
    "country": "Austria"
  },
  {
    "username": "theesuhlmann",
    "followingArtist": "SpotifyDE",
    "country_code": "US",
    "country": "USA"
  },
  {
    "username": "Sa_xy03",
    "followingArtist": "SpotifyDE",
    "country_code": "US",
    "country": "USA"
  },
  {
    "username": "sre1974",
    "followingArtist": "SpotifyDE",
    "country_code": "DE",
    "country": "Germany"
  },
  {
    "username": "SSoefner",
    "followingArtist": "SpotifyDE",
    "country_code": "DE",
    "country": "Germany"
  },
  {
    "username": "tashigifatal",
    "followingArtist": "SpotifyDE",
    "country_code": "AT",
    "country": "Austria"
  },
  {
    "username": "Zemfk",
    "followingArtist": "SpotifyDE",
    "country_code": "BR",
    "country": "Brazil"
  },
  {
    "username": "gymaholicx",
    "followingArtist": "SpotifyDE",
    "country_code": "DE",
    "country": "Germany"
  },
  {
    "username": "DeRooky",
    "followingArtist": "SpotifyDE",
    "country_code": "DE",
    "country": "Germany"
  },
  {
    "username": "MustafaMert",
    "followingArtist": "SpotifyDE",
    "country_code": "AT",
    "country": "Austria"
  },
  {
    "username": "wolf_diabolos",
    "followingArtist": "SpotifyDE",
    "country_code": "NL",
    "country": "Netherlands"
  }
]