[
  {
    "username": "guaxinimpedroso",
    "followingArtist": "SCANDAL",
    "country_code": "BR",
    "country": "Brazil"
  },
  {
    "username": "raimei_penguin",
    "followingArtist": "SCANDAL",
    "country_code": "JP",
    "country": "Japan"
  },
  {
    "username": "HelloAyahn",
    "followingArtist": "SCANDAL",
    "country_code": "AE",
    "country": "United Arab Emirates"
  },
  {
    "username": "chriselda_makwa",
    "followingArtist": "SCANDAL",
    "country_code": "ZA",
    "country": "South Africa"
  },
  {
    "username": "ntsakojoy60",
    "followingArtist": "SCANDAL",
    "country_code": "ZA",
    "country": "South Africa"
  },
  {
    "username": "batmanyelo",
    "followingArtist": "SCANDAL",
    "country_code": "CO",
    "country": "Colombia"
  },
  {
    "username": "Miemie10419283",
    "followingArtist": "SCANDAL",
    "country_code": "ZA",
    "country": "South Africa"
  },
  {
    "username": "jessie_arreguin",
    "followingArtist": "SCANDAL",
    "country_code": "MX",
    "country": "Mexico"
  },
  {
    "username": "15lirios",
    "followingArtist": "SCANDAL",
    "country_code": "BR",
    "country": "Brazil"
  },
  {
    "username": "icerpjn",
    "followingArtist": "SCANDAL",
    "country_code": "US",
    "country": "USA"
  },
  {
    "username": "shillien_012",
    "followingArtist": "SCANDAL",
    "country_code": "MW",
    "country": "Malawi"
  },
  {
    "username": "keejeichan",
    "followingArtist": "SCANDAL",
    "country_code": "US",
    "country": "USA"
  },
  {
    "username": "MattZor27",
    "followingArtist": "SCANDAL",
    "country_code": "BJ",
    "country": "Benin"
  },
  {
    "username": "nigelryans",
    "followingArtist": "SCANDAL",
    "country_code": "US",
    "country": "USA"
  },
  {
    "username": "KgotsofaloKekan",
    "followingArtist": "SCANDAL",
    "country_code": "US",
    "country": "USA"
  },
  {
    "username": "pratamalif_97",
    "followingArtist": "SCANDAL",
    "country_code": "ID",
    "country": "Indonesia"
  },
  {
    "username": "CollenHlalele",
    "followingArtist": "SCANDAL",
    "country_code": "BJ",
    "country": "Benin"
  },
  {
    "username": "Thabang_Happy_T",
    "followingArtist": "SCANDAL",
    "country_code": "ZA",
    "country": "South Africa"
  },
  {
    "username": "NTHABIS87050417",
    "followingArtist": "SCANDAL",
    "country_code": "ZA",
    "country": "South Africa"
  },
  {
    "username": "720_or_1007",
    "followingArtist": "SCANDAL",
    "country_code": "PH",
    "country": "Philippines"
  },
  {
    "username": "koki9425",
    "followingArtist": "SCANDAL",
    "country_code": "JP",
    "country": "Japan"
  },
  {
    "username": "anotherchira",
    "followingArtist": "SCANDAL",
    "country_code": "PH",
    "country": "Philippines"
  },
  {
    "username": "elrinaboi",
    "followingArtist": "SCANDAL",
    "country_code": "NO",
    "country": "Norway"
  },
  {
    "username": "patbeansoo",
    "followingArtist": "SCANDAL",
    "country_code": "IT",
    "country": "Italy"
  },
  {
    "username": "jooolayyyyyyyy",
    "followingArtist": "SCANDAL",
    "country_code": "FR",
    "country": "France"
  },
  {
    "username": "caolcium",
    "followingArtist": "SCANDAL",
    "country_code": "AU",
    "country": "Australia"
  },
  {
    "username": "ayaankun",
    "followingArtist": "SCANDAL",
    "country_code": "US",
    "country": "USA"
  },
  {
    "username": "skreamatmee",
    "followingArtist": "SCANDAL",
    "country_code": "IT",
    "country": "Italy"
  },
  {
    "username": "knsrmnt21",
    "followingArtist": "SCANDAL",
    "country_code": "US",
    "country": "USA"
  },
  {
    "username": "Sakuraanohana",
    "followingArtist": "SCANDAL",
    "country_code": "US",
    "country": "USA"
  },
  {
    "username": "shaddy2016",
    "followingArtist": "SCANDAL",
    "country_code": "AU",
    "country": "Australia"
  },
  {
    "username": "selinajzl",
    "followingArtist": "SCANDAL",
    "country_code": "PH",
    "country": "Philippines"
  },
  {
    "username": "erufin11",
    "followingArtist": "SCANDAL",
    "country_code": "PH",
    "country": "Philippines"
  },
  {
    "username": "Elly_Senpaii",
    "followingArtist": "SCANDAL",
    "country_code": "AO",
    "country": "Angola"
  },
  {
    "username": "showry",
    "followingArtist": "SCANDAL",
    "country_code": "JP",
    "country": "Japan"
  },
  {
    "username": "klariiiiiiiiss",
    "followingArtist": "SCANDAL",
    "country_code": "FR",
    "country": "France"
  },
  {
    "username": "neekochu",
    "followingArtist": "SCANDAL",
    "country_code": "US",
    "country": "USA"
  },
  {
    "username": "JanEricDeLeoz",
    "followingArtist": "SCANDAL",
    "country_code": "US",
    "country": "USA"
  },
  {
    "username": "2ez4archeezy",
    "followingArtist": "SCANDAL",
    "country_code": "US",
    "country": "USA"
  },
  {
    "username": "margarita_adato",
    "followingArtist": "SCANDAL",
    "country_code": "US",
    "country": "USA"
  },
  {
    "username": "maikalamaii",
    "followingArtist": "SCANDAL",
    "country_code": "PH",
    "country": "Philippines"
  },
  {
    "username": "seyerenicnarf16",
    "followingArtist": "SCANDAL",
    "country_code": "KR",
    "country": "South Korea"
  },
  {
    "username": "marcjoseph_",
    "followingArtist": "SCANDAL",
    "country_code": "UG",
    "country": "Uganda"
  },
  {
    "username": "PhMartial",
    "followingArtist": "SCANDAL",
    "country_code": "US",
    "country": "USA"
  },
  {
    "username": "lowkeyhooman",
    "followingArtist": "SCANDAL",
    "country_code": "SE",
    "country": "Sweden"
  },
  {
    "username": "Aki_RRC",
    "followingArtist": "SCANDAL",
    "country_code": "PH",
    "country": "Philippines"
  },
  {
    "username": "rsybingco",
    "followingArtist": "SCANDAL",
    "country_code": "US",
    "country": "USA"
  },
  {
    "username": "imjbaluran",
    "followingArtist": "SCANDAL",
    "country_code": "PH",
    "country": "Philippines"
  },
  {
    "username": "lizdalde",
    "followingArtist": "SCANDAL",
    "country_code": "MR",
    "country": "Mauritania"
  },
  {
    "username": "kimochiitwitt",
    "followingArtist": "SCANDAL",
    "country_code": "US",
    "country": "USA"
  },
  {
    "username": "Mean4csl4wpNEB0",
    "followingArtist": "SCANDAL",
    "country_code": "JP",
    "country": "Japan"
  },
  {
    "username": "brunoKa1res",
    "followingArtist": "SCANDAL",
    "country_code": "BR",
    "country": "Brazil"
  },
  {
    "username": "Kiveryll_61",
    "followingArtist": "SCANDAL",
    "country_code": "BJ",
    "country": "Benin"
  },
  {
    "username": "samrosecruz",
    "followingArtist": "SCANDAL",
    "country_code": "PH",
    "country": "Philippines"
  },
  {
    "username": "clownivia",
    "followingArtist": "SCANDAL",
    "country_code": "BR",
    "country": "Brazil"
  },
  {
    "username": "soule8715",
    "followingArtist": "SCANDAL",
    "country_code": "JP",
    "country": "Japan"
  },
  {
    "username": "rchllxxvi",
    "followingArtist": "SCANDAL",
    "country_code": "GN",
    "country": "Guinea"
  },
  {
    "username": "MiyukiYama5",
    "followingArtist": "SCANDAL",
    "country_code": "PH",
    "country": "Philippines"
  },
  {
    "username": "JoemigEdillon27",
    "followingArtist": "SCANDAL",
    "country_code": "US",
    "country": "USA"
  },
  {
    "username": "Kagiso12942551",
    "followingArtist": "SCANDAL",
    "country_code": "ZA",
    "country": "South Africa"
  },
  {
    "username": "tinotormed",
    "followingArtist": "SCANDAL",
    "country_code": "US",
    "country": "USA"
  },
  {
    "username": "janeverafter",
    "followingArtist": "SCANDAL",
    "country_code": "JP",
    "country": "Japan"
  },
  {
    "username": "MosweuEdward",
    "followingArtist": "SCANDAL",
    "country_code": "ZA",
    "country": "South Africa"
  },
  {
    "username": "sarahtalia4",
    "followingArtist": "SCANDAL",
    "country_code": "ID",
    "country": "Indonesia"
  },
  {
    "username": "DoodleRiC",
    "followingArtist": "SCANDAL",
    "country_code": "CL",
    "country": "Chile"
  },
  {
    "username": "Irenemonageng1",
    "followingArtist": "SCANDAL",
    "country_code": "ZA",
    "country": "South Africa"
  },
  {
    "username": "michaelxu0419",
    "followingArtist": "SCANDAL",
    "country_code": "CN",
    "country": "China"
  },
  {
    "username": "iamsaulg",
    "followingArtist": "SCANDAL",
    "country_code": "CA",
    "country": "Canada"
  },
  {
    "username": "PHFrank2",
    "followingArtist": "SCANDAL",
    "country_code": "ZA",
    "country": "South Africa"
  },
  {
    "username": "POXX0917",
    "followingArtist": "SCANDAL",
    "country_code": "BR",
    "country": "Brazil"
  },
  {
    "username": "mikaaryelle",
    "followingArtist": "SCANDAL",
    "country_code": "AU",
    "country": "Australia"
  },
  {
    "username": "TasoTinasha",
    "followingArtist": "SCANDAL",
    "country_code": "BR",
    "country": "Brazil"
  },
  {
    "username": "watashiwaLJdesu",
    "followingArtist": "SCANDAL",
    "country_code": "US",
    "country": "USA"
  },
  {
    "username": "FrozenRobot19",
    "followingArtist": "SCANDAL",
    "country_code": "FR",
    "country": "France"
  },
  {
    "username": "Rietumetsi1",
    "followingArtist": "SCANDAL",
    "country_code": "ZA",
    "country": "South Africa"
  },
  {
    "username": "terrorkarasu",
    "followingArtist": "SCANDAL",
    "country_code": "US",
    "country": "USA"
  },
  {
    "username": "SougoLockser",
    "followingArtist": "SCANDAL",
    "country_code": "MX",
    "country": "Mexico"
  },
  {
    "username": "Dhoedie",
    "followingArtist": "SCANDAL",
    "country_code": "ID",
    "country": "Indonesia"
  },
  {
    "username": "Iqmalroslin",
    "followingArtist": "SCANDAL",
    "country_code": "IN",
    "country": "India"
  },
  {
    "username": "_tinacaringal",
    "followingArtist": "SCANDAL",
    "country_code": "PH",
    "country": "Philippines"
  },
  {
    "username": "TerrenceNeffe",
    "followingArtist": "SCANDAL",
    "country_code": "US",
    "country": "USA"
  },
  {
    "username": "tumisondubane",
    "followingArtist": "SCANDAL",
    "country_code": "ZA",
    "country": "South Africa"
  },
  {
    "username": "6VSBv4pIoLrTkTB",
    "followingArtist": "SCANDAL",
    "country_code": "US",
    "country": "USA"
  },
  {
    "username": "KKurniawant2",
    "followingArtist": "SCANDAL",
    "country_code": "ID",
    "country": "Indonesia"
  },
  {
    "username": "Moonlig60581771",
    "followingArtist": "SCANDAL",
    "country_code": "PH",
    "country": "Philippines"
  },
  {
    "username": "noziphoangeldl4",
    "followingArtist": "SCANDAL",
    "country_code": "ZA",
    "country": "South Africa"
  },
  {
    "username": "The_real_T_vil",
    "followingArtist": "SCANDAL",
    "country_code": "IN",
    "country": "India"
  },
  {
    "username": "Thembis16553749",
    "followingArtist": "SCANDAL",
    "country_code": "ZA",
    "country": "South Africa"
  },
  {
    "username": "yosshii_rock",
    "followingArtist": "SCANDAL",
    "country_code": "JP",
    "country": "Japan"
  },
  {
    "username": "diehiga",
    "followingArtist": "SCANDAL",
    "country_code": "NG",
    "country": "Nigeria"
  },
  {
    "username": "hananiimura94",
    "followingArtist": "SCANDAL",
    "country_code": "PE",
    "country": "Peru"
  },
  {
    "username": "WarhammerOtaku",
    "followingArtist": "SCANDAL",
    "country_code": "GB",
    "country": "Great Britain"
  },
  {
    "username": "kelvinwong49",
    "followingArtist": "SCANDAL",
    "country_code": "DK",
    "country": "Denmark"
  },
  {
    "username": "agnabw",
    "followingArtist": "SCANDAL",
    "country_code": "ID",
    "country": "Indonesia"
  },
  {
    "username": "BelshathaMuhan5",
    "followingArtist": "SCANDAL",
    "country_code": "US",
    "country": "USA"
  },
  {
    "username": "son_amsk",
    "followingArtist": "SCANDAL",
    "country_code": "CN",
    "country": "China"
  },
  {
    "username": "profAndreaamo",
    "followingArtist": "SCANDAL",
    "country_code": "PT",
    "country": "Portugal"
  },
  {
    "username": "Bastturk",
    "followingArtist": "SCANDAL",
    "country_code": "US",
    "country": "USA"
  },
  {
    "username": "Gajeel22",
    "followingArtist": "SCANDAL",
    "country_code": "US",
    "country": "USA"
  },
  {
    "username": "CELUVE",
    "followingArtist": "SCANDAL",
    "country_code": "FI",
    "country": "Finland"
  },
  {
    "username": "ignatiusga",
    "followingArtist": "SCANDAL",
    "country_code": "MX",
    "country": "Mexico"
  },
  {
    "username": "ConracVG89",
    "followingArtist": "SCANDAL",
    "country_code": "MX",
    "country": "Mexico"
  },
  {
    "username": "EnchufeRG",
    "followingArtist": "SCANDAL",
    "country_code": "MX",
    "country": "Mexico"
  },
  {
    "username": "MKaymow",
    "followingArtist": "SCANDAL",
    "country_code": "BJ",
    "country": "Benin"
  },
  {
    "username": "utapri93",
    "followingArtist": "SCANDAL",
    "country_code": "MX",
    "country": "Mexico"
  },
  {
    "username": "DecoThabo",
    "followingArtist": "SCANDAL",
    "country_code": "ZA",
    "country": "South Africa"
  },
  {
    "username": "MiTukaRyou",
    "followingArtist": "SCANDAL",
    "country_code": "US",
    "country": "USA"
  },
  {
    "username": "GamedeCebo",
    "followingArtist": "SCANDAL",
    "country_code": "ZA",
    "country": "South Africa"
  },
  {
    "username": "Brent26650724",
    "followingArtist": "SCANDAL",
    "country_code": "US",
    "country": "USA"
  },
  {
    "username": "ModiceRefentse",
    "followingArtist": "SCANDAL",
    "country_code": "ZA",
    "country": "South Africa"
  },
  {
    "username": "gurakoro19",
    "followingArtist": "SCANDAL",
    "country_code": "UG",
    "country": "Uganda"
  },
  {
    "username": "LNkomonde2",
    "followingArtist": "SCANDAL",
    "country_code": "ZA",
    "country": "South Africa"
  },
  {
    "username": "KhensieyB",
    "followingArtist": "SCANDAL",
    "country_code": "ZA",
    "country": "South Africa"
  },
  {
    "username": "Elly59112175",
    "followingArtist": "SCANDAL",
    "country_code": "BJ",
    "country": "Benin"
  },
  {
    "username": "Hakuyeoleum",
    "followingArtist": "SCANDAL",
    "country_code": "DE",
    "country": "Germany"
  },
  {
    "username": "Mishel37437585",
    "followingArtist": "SCANDAL",
    "country_code": "BJ",
    "country": "Benin"
  },
  {
    "username": "hide041523",
    "followingArtist": "SCANDAL",
    "country_code": "JP",
    "country": "Japan"
  },
  {
    "username": "Elliaxyx",
    "followingArtist": "SCANDAL",
    "country_code": "US",
    "country": "USA"
  },
  {
    "username": "Guitzuki",
    "followingArtist": "SCANDAL",
    "country_code": "PH",
    "country": "Philippines"
  },
  {
    "username": "real__shai",
    "followingArtist": "SCANDAL",
    "country_code": "US",
    "country": "USA"
  },
  {
    "username": "celest_noga",
    "followingArtist": "SCANDAL",
    "country_code": "ZA",
    "country": "South Africa"
  },
  {
    "username": "tsundokuboi",
    "followingArtist": "SCANDAL",
    "country_code": "IE",
    "country": "Ireland"
  },
  {
    "username": "jv2g",
    "followingArtist": "SCANDAL",
    "country_code": "CA",
    "country": "Canada"
  },
  {
    "username": "Shooda60187710",
    "followingArtist": "SCANDAL",
    "country_code": "ZA",
    "country": "South Africa"
  },
  {
    "username": "BigFishSixers",
    "followingArtist": "SCANDAL",
    "country_code": "CN",
    "country": "China"
  },
  {
    "username": "PalesahLeesah",
    "followingArtist": "SCANDAL",
    "country_code": "ZA",
    "country": "South Africa"
  },
  {
    "username": "AnesiporM",
    "followingArtist": "SCANDAL",
    "country_code": "ZA",
    "country": "South Africa"
  },
  {
    "username": "PrinceK39196678",
    "followingArtist": "SCANDAL",
    "country_code": "BJ",
    "country": "Benin"
  },
  {
    "username": "Dandalandan117",
    "followingArtist": "SCANDAL",
    "country_code": "US",
    "country": "USA"
  },
  {
    "username": "gamjagiya",
    "followingArtist": "SCANDAL",
    "country_code": "US",
    "country": "USA"
  },
  {
    "username": "Willaresheep",
    "followingArtist": "SCANDAL",
    "country_code": "AU",
    "country": "Australia"
  },
  {
    "username": "krayion",
    "followingArtist": "SCANDAL",
    "country_code": "US",
    "country": "USA"
  },
  {
    "username": "raivehart",
    "followingArtist": "SCANDAL",
    "country_code": "PH",
    "country": "Philippines"
  },
  {
    "username": "AAbuabugoldie",
    "followingArtist": "SCANDAL",
    "country_code": "PH",
    "country": "Philippines"
  },
  {
    "username": "Thapelo42300995",
    "followingArtist": "SCANDAL",
    "country_code": "MR",
    "country": "Mauritania"
  },
  {
    "username": "tacchaaan0318",
    "followingArtist": "SCANDAL",
    "country_code": "JP",
    "country": "Japan"
  },
  {
    "username": "MundoSakiSan",
    "followingArtist": "SCANDAL",
    "country_code": "US",
    "country": "USA"
  },
  {
    "username": "LADYDAY93",
    "followingArtist": "SCANDAL",
    "country_code": "US",
    "country": "USA"
  },
  {
    "username": "bagasiommi",
    "followingArtist": "SCANDAL",
    "country_code": "ID",
    "country": "Indonesia"
  },
  {
    "username": "Vincent_HMTR",
    "followingArtist": "SCANDAL",
    "country_code": "FR",
    "country": "France"
  },
  {
    "username": "Sweety1916",
    "followingArtist": "SCANDAL",
    "country_code": "US",
    "country": "USA"
  },
  {
    "username": "nevermyoon",
    "followingArtist": "SCANDAL",
    "country_code": "FR",
    "country": "France"
  },
  {
    "username": "Who_kana_1031",
    "followingArtist": "SCANDAL",
    "country_code": "CN",
    "country": "China"
  },
  {
    "username": "Seipati30823259",
    "followingArtist": "SCANDAL",
    "country_code": "ZA",
    "country": "South Africa"
  },
  {
    "username": "patsypotato",
    "followingArtist": "SCANDAL",
    "country_code": "US",
    "country": "USA"
  },
  {
    "username": "ShashaCruz3",
    "followingArtist": "SCANDAL",
    "country_code": "AE",
    "country": "United Arab Emirates"
  },
  {
    "username": "allen_119",
    "followingArtist": "SCANDAL",
    "country_code": "DK",
    "country": "Denmark"
  },
  {
    "username": "bloobilimbo",
    "followingArtist": "SCANDAL",
    "country_code": "US",
    "country": "USA"
  },
  {
    "username": "Plasticming",
    "followingArtist": "SCANDAL",
    "country_code": "DK",
    "country": "Denmark"
  },
  {
    "username": "LaitaineLau",
    "followingArtist": "SCANDAL",
    "country_code": "ES",
    "country": "Spain"
  },
  {
    "username": "Bongane23189228",
    "followingArtist": "SCANDAL",
    "country_code": "ZA",
    "country": "South Africa"
  },
  {
    "username": "Sibusis58493597",
    "followingArtist": "SCANDAL",
    "country_code": "ZA",
    "country": "South Africa"
  },
  {
    "username": "DalTravDesign",
    "followingArtist": "SCANDAL",
    "country_code": "US",
    "country": "USA"
  },
  {
    "username": "SteveSteadfast",
    "followingArtist": "SCANDAL",
    "country_code": "UK",
    "country": "United Kingdom"
  },
  {
    "username": "watermelons1994",
    "followingArtist": "SCANDAL",
    "country_code": "TH",
    "country": "Thailand"
  },
  {
    "username": "TshepisoDhlami1",
    "followingArtist": "SCANDAL",
    "country_code": "ZA",
    "country": "South Africa"
  },
  {
    "username": "Erunee16",
    "followingArtist": "SCANDAL",
    "country_code": "FR",
    "country": "France"
  },
  {
    "username": "yuchan_yade",
    "followingArtist": "SCANDAL",
    "country_code": "JP",
    "country": "Japan"
  },
  {
    "username": "MaruChan_OORer",
    "followingArtist": "SCANDAL",
    "country_code": "JP",
    "country": "Japan"
  },
  {
    "username": "PutriMonicaQ",
    "followingArtist": "SCANDAL",
    "country_code": "ID",
    "country": "Indonesia"
  },
  {
    "username": "yukira2018",
    "followingArtist": "SCANDAL",
    "country_code": "PH",
    "country": "Philippines"
  },
  {
    "username": "helpmywaifu",
    "followingArtist": "SCANDAL",
    "country_code": "US",
    "country": "USA"
  },
  {
    "username": "niknyaa_",
    "followingArtist": "SCANDAL",
    "country_code": "FR",
    "country": "France"
  },
  {
    "username": "OMokoene",
    "followingArtist": "SCANDAL",
    "country_code": "BJ",
    "country": "Benin"
  },
  {
    "username": "marcokit1998",
    "followingArtist": "SCANDAL",
    "country_code": "DK",
    "country": "Denmark"
  },
  {
    "username": "Simamkelengedl1",
    "followingArtist": "SCANDAL",
    "country_code": "US",
    "country": "USA"
  },
  {
    "username": "jackkcchung",
    "followingArtist": "SCANDAL",
    "country_code": "DK",
    "country": "Denmark"
  },
  {
    "username": "forcefedultra",
    "followingArtist": "SCANDAL",
    "country_code": "US",
    "country": "USA"
  },
  {
    "username": "darrenwang91",
    "followingArtist": "SCANDAL",
    "country_code": "CN",
    "country": "China"
  },
  {
    "username": "Heberherrera19",
    "followingArtist": "Cher Lloyd",
    "country_code": "US",
    "country": "USA"
  },
  {
    "username": "therealprettyl2",
    "followingArtist": "Cher Lloyd",
    "country_code": "US",
    "country": "USA"
  },
  {
    "username": "spark1916",
    "followingArtist": "Cher Lloyd",
    "country_code": "AR",
    "country": "Argentina"
  },
  {
    "username": "iamtheluska",
    "followingArtist": "Cher Lloyd",
    "country_code": "US",
    "country": "USA"
  },
  {
    "username": "DayshaHernande6",
    "followingArtist": "Cher Lloyd",
    "country_code": "US",
    "country": "USA"
  },
  {
    "username": "Tupoeta60796326",
    "followingArtist": "Cher Lloyd",
    "country_code": "CO",
    "country": "Colombia"
  },
  {
    "username": "Reyma24815951",
    "followingArtist": "Cher Lloyd",
    "country_code": "NG",
    "country": "Nigeria"
  },
  {
    "username": "elijabining",
    "followingArtist": "Cher Lloyd",
    "country_code": "US",
    "country": "USA"
  },
  {
    "username": "Nathali32727173",
    "followingArtist": "Cher Lloyd",
    "country_code": "BR",
    "country": "Brazil"
  },
  {
    "username": "destifinetuning",
    "followingArtist": "Cher Lloyd",
    "country_code": "US",
    "country": "USA"
  },
  {
    "username": "windycitydemi",
    "followingArtist": "Cher Lloyd",
    "country_code": "US",
    "country": "USA"
  },
  {
    "username": "HazrikaSamiron",
    "followingArtist": "Cher Lloyd",
    "country_code": "IN",
    "country": "India"
  },
  {
    "username": "Rosie15120198",
    "followingArtist": "Cher Lloyd",
    "country_code": "GB",
    "country": "Great Britain"
  },
  {
    "username": "JamyleSilva18",
    "followingArtist": "Cher Lloyd",
    "country_code": "NL",
    "country": "Netherlands"
  },
  {
    "username": "AlliaSmith2",
    "followingArtist": "Cher Lloyd",
    "country_code": "NG",
    "country": "Nigeria"
  },
  {
    "username": "lihmelchert",
    "followingArtist": "Cher Lloyd",
    "country_code": "BR",
    "country": "Brazil"
  },
  {
    "username": "SarshaStarray",
    "followingArtist": "Cher Lloyd",
    "country_code": "GB",
    "country": "Great Britain"
  },
  {
    "username": "jacobus_arthur",
    "followingArtist": "Cher Lloyd",
    "country_code": "US",
    "country": "USA"
  },
  {
    "username": "HORNYDEVILBOY43",
    "followingArtist": "Cher Lloyd",
    "country_code": "GB",
    "country": "Great Britain"
  },
  {
    "username": "helencandlish",
    "followingArtist": "Cher Lloyd",
    "country_code": "UK",
    "country": "United Kingdom"
  },
  {
    "username": "landoreboy",
    "followingArtist": "Cher Lloyd",
    "country_code": "UK",
    "country": "United Kingdom"
  },
  {
    "username": "wazzole",
    "followingArtist": "Cher Lloyd",
    "country_code": "GB",
    "country": "Great Britain"
  },
  {
    "username": "LuanSoaresEste2",
    "followingArtist": "Cher Lloyd",
    "country_code": "BR",
    "country": "Brazil"
  },
  {
    "username": "lashunda_la",
    "followingArtist": "Cher Lloyd",
    "country_code": "DE",
    "country": "Germany"
  },
  {
    "username": "ahmedmos22",
    "followingArtist": "Cher Lloyd",
    "country_code": "UK",
    "country": "United Kingdom"
  },
  {
    "username": "Samanth38953342",
    "followingArtist": "Cher Lloyd",
    "country_code": "UK",
    "country": "United Kingdom"
  },
  {
    "username": "JavierMoxhany",
    "followingArtist": "Cher Lloyd",
    "country_code": "NG",
    "country": "Nigeria"
  },
  {
    "username": "MiaHims",
    "followingArtist": "Cher Lloyd",
    "country_code": "UK",
    "country": "United Kingdom"
  },
  {
    "username": "NateNavetto",
    "followingArtist": "Cher Lloyd",
    "country_code": "NG",
    "country": "Nigeria"
  },
  {
    "username": "anu_mushtaq100",
    "followingArtist": "Cher Lloyd",
    "country_code": "PK",
    "country": "Pakistan"
  },
  {
    "username": "ardentcontracts",
    "followingArtist": "Cher Lloyd",
    "country_code": "US",
    "country": "USA"
  },
  {
    "username": "NORAYOLO8",
    "followingArtist": "Cher Lloyd",
    "country_code": "BE",
    "country": "Belgium"
  },
  {
    "username": "nikkinai_",
    "followingArtist": "Cher Lloyd",
    "country_code": "UK",
    "country": "United Kingdom"
  },
  {
    "username": "absperks_abs",
    "followingArtist": "Cher Lloyd",
    "country_code": "PH",
    "country": "Philippines"
  },
  {
    "username": "DiegoBarbero06",
    "followingArtist": "Cher Lloyd",
    "country_code": "ES",
    "country": "Spain"
  },
  {
    "username": "SholankeAkinola",
    "followingArtist": "Cher Lloyd",
    "country_code": "AF",
    "country": "Afghanistan"
  },
  {
    "username": "yunuen_lua",
    "followingArtist": "Cher Lloyd",
    "country_code": "CU",
    "country": "Cuba"
  },
  {
    "username": "PekeCristian007",
    "followingArtist": "Cher Lloyd",
    "country_code": "US",
    "country": "USA"
  },
  {
    "username": "EricDelaney84",
    "followingArtist": "Cher Lloyd",
    "country_code": "UK",
    "country": "United Kingdom"
  },
  {
    "username": "MrHotells",
    "followingArtist": "Cher Lloyd",
    "country_code": "IT",
    "country": "Italy"
  },
  {
    "username": "MrNeves23",
    "followingArtist": "Cher Lloyd",
    "country_code": "BR",
    "country": "Brazil"
  },
  {
    "username": "SandileMfeka4",
    "followingArtist": "Cher Lloyd",
    "country_code": "ZA",
    "country": "South Africa"
  },
  {
    "username": "zyanlindo",
    "followingArtist": "Cher Lloyd",
    "country_code": "California City Blvd",
    "country": "California City Blvd"
  },
  {
    "username": "MarcosO88299312",
    "followingArtist": "Cher Lloyd",
    "country_code": "US",
    "country": "USA"
  },
  {
    "username": "aaron_keetley",
    "followingArtist": "Cher Lloyd",
    "country_code": "US",
    "country": "USA"
  },
  {
    "username": "Christi71341704",
    "followingArtist": "Cher Lloyd",
    "country_code": "US",
    "country": "USA"
  },
  {
    "username": "AlanRicher2",
    "followingArtist": "Cher Lloyd",
    "country_code": "GB",
    "country": "Great Britain"
  },
  {
    "username": "sexycelebvault",
    "followingArtist": "Cher Lloyd",
    "country_code": "US",
    "country": "USA"
  },
  {
    "username": "citationexp",
    "followingArtist": "Cher Lloyd",
    "country_code": "FR",
    "country": "France"
  },
  {
    "username": "Diversiometro",
    "followingArtist": "Cher Lloyd",
    "country_code": "EC",
    "country": "Ecuador"
  },
  {
    "username": "ArronBrowes",
    "followingArtist": "Cher Lloyd",
    "country_code": "UK",
    "country": "United Kingdom"
  },
  {
    "username": "BeareJemma",
    "followingArtist": "Cher Lloyd",
    "country_code": "BJ",
    "country": "Benin"
  },
  {
    "username": "Sophie79516837",
    "followingArtist": "Cher Lloyd",
    "country_code": "US",
    "country": "USA"
  },
  {
    "username": "Tobiiasx",
    "followingArtist": "Cher Lloyd",
    "country_code": "AU",
    "country": "Australia"
  },
  {
    "username": "Tiara86436754",
    "followingArtist": "Cher Lloyd",
    "country_code": "US",
    "country": "USA"
  },
  {
    "username": "JandaLiem",
    "followingArtist": "Cher Lloyd",
    "country_code": "US",
    "country": "USA"
  },
  {
    "username": "iamgodoy",
    "followingArtist": "Cher Lloyd",
    "country_code": "BR",
    "country": "Brazil"
  },
  {
    "username": "bvaldez257",
    "followingArtist": "Cher Lloyd",
    "country_code": "US",
    "country": "USA"
  },
  {
    "username": "Stephen92577491",
    "followingArtist": "Cher Lloyd",
    "country_code": "GB",
    "country": "Great Britain"
  },
  {
    "username": "_elizabtw",
    "followingArtist": "Cher Lloyd",
    "country_code": "IT",
    "country": "Italy"
  },
  {
    "username": "Dan_Babbage",
    "followingArtist": "Cher Lloyd",
    "country_code": "UK",
    "country": "United Kingdom"
  },
  {
    "username": "Ana13907699",
    "followingArtist": "Cher Lloyd",
    "country_code": "CO",
    "country": "Colombia"
  },
  {
    "username": "wanda_lustx",
    "followingArtist": "Cher Lloyd",
    "country_code": "GB",
    "country": "Great Britain"
  },
  {
    "username": "NiceGuyInsanity",
    "followingArtist": "Cher Lloyd",
    "country_code": "GB",
    "country": "Great Britain"
  },
  {
    "username": "Jiminnnshi",
    "followingArtist": "Cher Lloyd",
    "country_code": "CL",
    "country": "Chile"
  },
  {
    "username": "nascentemarcelo",
    "followingArtist": "Cher Lloyd",
    "country_code": "BR",
    "country": "Brazil"
  },
  {
    "username": "confusedlaurask",
    "followingArtist": "Cher Lloyd",
    "country_code": "NO",
    "country": "Norway"
  },
  {
    "username": "Bipul01405258",
    "followingArtist": "Cher Lloyd",
    "country_code": "FR",
    "country": "France"
  },
  {
    "username": "tiff_root",
    "followingArtist": "Cher Lloyd",
    "country_code": "GB",
    "country": "Great Britain"
  },
  {
    "username": "TheLiamDavid",
    "followingArtist": "Cher Lloyd",
    "country_code": "US",
    "country": "USA"
  },
  {
    "username": "DiellzaMorina7",
    "followingArtist": "Cher Lloyd",
    "country_code": "DE",
    "country": "Germany"
  },
  {
    "username": "abdirahmandext1",
    "followingArtist": "Cher Lloyd",
    "country_code": "EG",
    "country": "Egypt"
  },
  {
    "username": "_Ninah_Juliana_",
    "followingArtist": "Cher Lloyd",
    "country_code": "PH",
    "country": "Philippines"
  },
  {
    "username": "angelL_1122",
    "followingArtist": "Cher Lloyd",
    "country_code": "US",
    "country": "USA"
  },
  {
    "username": "SarahLD555",
    "followingArtist": "Cher Lloyd",
    "country_code": "GB",
    "country": "Great Britain"
  },
  {
    "username": "AussieBayBay93",
    "followingArtist": "Cher Lloyd",
    "country_code": "AU",
    "country": "Australia"
  },
  {
    "username": "Becky_Rakestraw",
    "followingArtist": "Cher Lloyd",
    "country_code": "GB",
    "country": "Great Britain"
  },
  {
    "username": "lumanlan28",
    "followingArtist": "Cher Lloyd",
    "country_code": "PH",
    "country": "Philippines"
  },
  {
    "username": "Cathie34199208",
    "followingArtist": "Cher Lloyd",
    "country_code": "UG",
    "country": "Uganda"
  },
  {
    "username": "GaiahGaiuccia",
    "followingArtist": "Cher Lloyd",
    "country_code": "California City Blvd",
    "country": "California City Blvd"
  },
  {
    "username": "Rebecca96089455",
    "followingArtist": "Cher Lloyd",
    "country_code": "UK",
    "country": "United Kingdom"
  },
  {
    "username": "RichiParker05",
    "followingArtist": "Cher Lloyd",
    "country_code": "NG",
    "country": "Nigeria"
  },
  {
    "username": "BickleyAnna",
    "followingArtist": "Cher Lloyd",
    "country_code": "TH",
    "country": "Thailand"
  },
  {
    "username": "zzzdrew1",
    "followingArtist": "Cher Lloyd",
    "country_code": "US",
    "country": "USA"
  },
  {
    "username": "jamesperry8723",
    "followingArtist": "Cher Lloyd",
    "country_code": "UK",
    "country": "United Kingdom"
  },
  {
    "username": "sheraz50",
    "followingArtist": "Cher Lloyd",
    "country_code": "US",
    "country": "USA"
  },
  {
    "username": "VickiYardley91",
    "followingArtist": "Cher Lloyd",
    "country_code": "UK",
    "country": "United Kingdom"
  },
  {
    "username": "Devil83Diane",
    "followingArtist": "Cher Lloyd",
    "country_code": "UK",
    "country": "United Kingdom"
  },
  {
    "username": "BeboHarby",
    "followingArtist": "Cher Lloyd",
    "country_code": "EG",
    "country": "Egypt"
  },
  {
    "username": "cxcassandraa",
    "followingArtist": "Cher Lloyd",
    "country_code": "AU",
    "country": "Australia"
  },
  {
    "username": "decabreraa",
    "followingArtist": "Cher Lloyd",
    "country_code": "US",
    "country": "USA"
  },
  {
    "username": "Rasto56284091",
    "followingArtist": "Cher Lloyd",
    "country_code": "UK",
    "country": "United Kingdom"
  },
  {
    "username": "SwiftSadaf",
    "followingArtist": "Cher Lloyd",
    "country_code": "IN",
    "country": "India"
  },
  {
    "username": "mollyf62",
    "followingArtist": "Cher Lloyd",
    "country_code": "GB",
    "country": "Great Britain"
  },
  {
    "username": "David_Carrio90",
    "followingArtist": "Cher Lloyd",
    "country_code": "US",
    "country": "USA"
  },
  {
    "username": "PattyXo2002",
    "followingArtist": "Cher Lloyd",
    "country_code": "US",
    "country": "USA"
  },
  {
    "username": "Maryjanex89",
    "followingArtist": "Cher Lloyd",
    "country_code": "US",
    "country": "USA"
  },
  {
    "username": "ianedmonds110",
    "followingArtist": "Cher Lloyd",
    "country_code": "US",
    "country": "USA"
  },
  {
    "username": "rachelhoward_1",
    "followingArtist": "Cher Lloyd",
    "country_code": "UK",
    "country": "United Kingdom"
  },
  {
    "username": "Debbie_Boylan",
    "followingArtist": "Cher Lloyd",
    "country_code": "UK",
    "country": "United Kingdom"
  },
  {
    "username": "DSnroc",
    "followingArtist": "Cher Lloyd",
    "country_code": "US",
    "country": "USA"
  },
  {
    "username": "TimWebb08426637",
    "followingArtist": "Cher Lloyd",
    "country_code": "GB",
    "country": "Great Britain"
  },
  {
    "username": "Po0ojaMangal",
    "followingArtist": "Cher Lloyd",
    "country_code": "IN",
    "country": "India"
  },
  {
    "username": "MullerAshleen",
    "followingArtist": "Cher Lloyd",
    "country_code": "ZA",
    "country": "South Africa"
  },
  {
    "username": "melnogomy2",
    "followingArtist": "Cher Lloyd",
    "country_code": "MA",
    "country": "Morocco"
  },
  {
    "username": "valAlmighty_",
    "followingArtist": "Cher Lloyd",
    "country_code": "BR",
    "country": "Brazil"
  },
  {
    "username": "Tjl732181L",
    "followingArtist": "Cher Lloyd",
    "country_code": "US",
    "country": "USA"
  },
  {
    "username": "NeoBerries",
    "followingArtist": "Cher Lloyd",
    "country_code": "BR",
    "country": "Brazil"
  },
  {
    "username": "HayleeTestawich",
    "followingArtist": "Cher Lloyd",
    "country_code": "US",
    "country": "USA"
  },
  {
    "username": "knuknoc",
    "followingArtist": "Cher Lloyd",
    "country_code": "California City Blvd",
    "country": "California City Blvd"
  },
  {
    "username": "DachnyHernandez",
    "followingArtist": "Cher Lloyd",
    "country_code": "US",
    "country": "USA"
  },
  {
    "username": "EvyCL90",
    "followingArtist": "Cher Lloyd",
    "country_code": "BE",
    "country": "Belgium"
  },
  {
    "username": "CdArteaga",
    "followingArtist": "Cher Lloyd",
    "country_code": "CO",
    "country": "Colombia"
  },
  {
    "username": "Stephanie_12334",
    "followingArtist": "Cher Lloyd",
    "country_code": "US",
    "country": "USA"
  },
  {
    "username": "SummerWills7",
    "followingArtist": "Cher Lloyd",
    "country_code": "US",
    "country": "USA"
  },
  {
    "username": "T_Rios7277",
    "followingArtist": "Cher Lloyd",
    "country_code": "IR",
    "country": "Iran"
  },
  {
    "username": "MrHamilton07",
    "followingArtist": "Cher Lloyd",
    "country_code": "GH",
    "country": "Ghana"
  },
  {
    "username": "Angelic48212237",
    "followingArtist": "Cher Lloyd",
    "country_code": "US",
    "country": "USA"
  },
  {
    "username": "halric19",
    "followingArtist": "Cher Lloyd",
    "country_code": "US",
    "country": "USA"
  },
  {
    "username": "aliceno43477609",
    "followingArtist": "Cher Lloyd",
    "country_code": "US",
    "country": "USA"
  },
  {
    "username": "issacxtie",
    "followingArtist": "Cher Lloyd",
    "country_code": "US",
    "country": "USA"
  },
  {
    "username": "nerner115",
    "followingArtist": "Cher Lloyd",
    "country_code": "JP",
    "country": "Japan"
  },
  {
    "username": "Jenny83246373",
    "followingArtist": "Cher Lloyd",
    "country_code": "VE",
    "country": "Venezuela"
  },
  {
    "username": "Fuckselenaz",
    "followingArtist": "Cher Lloyd",
    "country_code": "BR",
    "country": "Brazil"
  },
  {
    "username": "LabEmi31",
    "followingArtist": "Cher Lloyd",
    "country_code": "FR",
    "country": "France"
  },
  {
    "username": "LaviniaSilvei15",
    "followingArtist": "Cher Lloyd",
    "country_code": "MG",
    "country": "Madagascar"
  },
  {
    "username": "baby_panganiban",
    "followingArtist": "Cher Lloyd",
    "country_code": "PH",
    "country": "Philippines"
  },
  {
    "username": "marydlnk",
    "followingArtist": "Cher Lloyd",
    "country_code": "BR",
    "country": "Brazil"
  },
  {
    "username": "sweetreeya",
    "followingArtist": "Cher Lloyd",
    "country_code": "US",
    "country": "USA"
  },
  {
    "username": "FiestaMelvin",
    "followingArtist": "Cher Lloyd",
    "country_code": "PH",
    "country": "Philippines"
  },
  {
    "username": "sweetenerariii",
    "followingArtist": "Cher Lloyd",
    "country_code": "CA",
    "country": "Canada"
  },
  {
    "username": "Elose06712769",
    "followingArtist": "Cher Lloyd",
    "country_code": "MZ",
    "country": "Mozambique"
  },
  {
    "username": "babygirlsherese",
    "followingArtist": "Cher Lloyd",
    "country_code": "US",
    "country": "USA"
  },
  {
    "username": "martyn_hibbett",
    "followingArtist": "Cher Lloyd",
    "country_code": "UK",
    "country": "United Kingdom"
  },
  {
    "username": "layslacostta",
    "followingArtist": "Cher Lloyd",
    "country_code": "BR",
    "country": "Brazil"
  },
  {
    "username": "wotan999",
    "followingArtist": "Cher Lloyd",
    "country_code": "GB",
    "country": "Great Britain"
  },
  {
    "username": "scazza78",
    "followingArtist": "Cher Lloyd",
    "country_code": "UK",
    "country": "United Kingdom"
  },
  {
    "username": "tyrsa_vd",
    "followingArtist": "Cher Lloyd",
    "country_code": "BJ",
    "country": "Benin"
  },
  {
    "username": "keitweezy_Maisa",
    "followingArtist": "Cher Lloyd",
    "country_code": "BJ",
    "country": "Benin"
  },
  {
    "username": "AngelArriagaR",
    "followingArtist": "Cher Lloyd",
    "country_code": "US",
    "country": "USA"
  },
  {
    "username": "Gavin76821845",
    "followingArtist": "Cher Lloyd",
    "country_code": "UK",
    "country": "United Kingdom"
  },
  {
    "username": "GiancarlaPassa2",
    "followingArtist": "Cher Lloyd",
    "country_code": "IT",
    "country": "Italy"
  },
  {
    "username": "sams_little",
    "followingArtist": "Cher Lloyd",
    "country_code": "BR",
    "country": "Brazil"
  },
  {
    "username": "ZanoChen",
    "followingArtist": "Cher Lloyd",
    "country_code": "US",
    "country": "USA"
  },
  {
    "username": "tannic_95",
    "followingArtist": "Cher Lloyd",
    "country_code": "KE",
    "country": "Kenya"
  },
  {
    "username": "kamlozpropanol",
    "followingArtist": "Cher Lloyd",
    "country_code": "KE",
    "country": "Kenya"
  },
  {
    "username": "Rebecca62198673",
    "followingArtist": "Cher Lloyd",
    "country_code": "GB",
    "country": "Great Britain"
  },
  {
    "username": "khalid_possideo",
    "followingArtist": "Cher Lloyd",
    "country_code": "US",
    "country": "USA"
  },
  {
    "username": "JuanGalarza96",
    "followingArtist": "Cher Lloyd",
    "country_code": "PE",
    "country": "Peru"
  },
  {
    "username": "BobbyWigren",
    "followingArtist": "Cher Lloyd",
    "country_code": "US",
    "country": "USA"
  },
  {
    "username": "aubriearmstrong",
    "followingArtist": "Cher Lloyd",
    "country_code": "US",
    "country": "USA"
  },
  {
    "username": "TauraGeorge",
    "followingArtist": "Cher Lloyd",
    "country_code": "KE",
    "country": "Kenya"
  },
  {
    "username": "YssaMirasol",
    "followingArtist": "Cher Lloyd",
    "country_code": "US",
    "country": "USA"
  },
  {
    "username": "JenniferCubberl",
    "followingArtist": "Cher Lloyd",
    "country_code": "NL",
    "country": "Netherlands"
  },
  {
    "username": "DuduRezendeRC",
    "followingArtist": "Cher Lloyd",
    "country_code": "BR",
    "country": "Brazil"
  },
  {
    "username": "angel_sorenson",
    "followingArtist": "Cher Lloyd",
    "country_code": "US",
    "country": "USA"
  },
  {
    "username": "gomez_edibeth",
    "followingArtist": "Cher Lloyd",
    "country_code": "US",
    "country": "USA"
  },
  {
    "username": "JakeAdamson_",
    "followingArtist": "Cher Lloyd",
    "country_code": "GB",
    "country": "Great Britain"
  },
  {
    "username": "charlot39727288",
    "followingArtist": "Cher Lloyd",
    "country_code": "US",
    "country": "USA"
  },
  {
    "username": "saverino_billy",
    "followingArtist": "Cher Lloyd",
    "country_code": "GH",
    "country": "Ghana"
  },
  {
    "username": "Areadman17",
    "followingArtist": "Cher Lloyd",
    "country_code": "UK",
    "country": "United Kingdom"
  },
  {
    "username": "LoiGodson6",
    "followingArtist": "Cher Lloyd",
    "country_code": "TZ",
    "country": "Tanzania"
  },
  {
    "username": "DushiRanawat",
    "followingArtist": "Cher Lloyd",
    "country_code": "IN",
    "country": "India"
  },
  {
    "username": "LMALiverpool",
    "followingArtist": "Cher Lloyd",
    "country_code": "UK",
    "country": "United Kingdom"
  },
  {
    "username": "Celiavaldovino1",
    "followingArtist": "Cher Lloyd",
    "country_code": "US",
    "country": "USA"
  },
  {
    "username": "Bmiddleton0507",
    "followingArtist": "Cher Lloyd",
    "country_code": "US",
    "country": "USA"
  },
  {
    "username": "Yareily94",
    "followingArtist": "Cher Lloyd",
    "country_code": "EC",
    "country": "Ecuador"
  },
  {
    "username": "WilliamsCailan",
    "followingArtist": "Cher Lloyd",
    "country_code": "US",
    "country": "USA"
  },
  {
    "username": "bby_claudi",
    "followingArtist": "Cher Lloyd",
    "country_code": "GH",
    "country": "Ghana"
  },
  {
    "username": "biblicalex",
    "followingArtist": "Cher Lloyd",
    "country_code": "US",
    "country": "USA"
  },
  {
    "username": "RidwanJ20",
    "followingArtist": "Cher Lloyd",
    "country_code": "ID",
    "country": "Indonesia"
  },
  {
    "username": "datdan90",
    "followingArtist": "Cher Lloyd",
    "country_code": "GB",
    "country": "Great Britain"
  },
  {
    "username": "verinnlyel",
    "followingArtist": "Cher Lloyd",
    "country_code": "PH",
    "country": "Philippines"
  },
  {
    "username": "Tommi_g_1990",
    "followingArtist": "Cher Lloyd",
    "country_code": "GB",
    "country": "Great Britain"
  },
  {
    "username": "Mariamcambridge",
    "followingArtist": "Cher Lloyd",
    "country_code": "UK",
    "country": "United Kingdom"
  },
  {
    "username": "_marriann3",
    "followingArtist": "Cher Lloyd",
    "country_code": "US",
    "country": "USA"
  },
  {
    "username": "LucyAndLydia",
    "followingArtist": "Cher Lloyd",
    "country_code": "UK",
    "country": "United Kingdom"
  },
  {
    "username": "EmmaHomewood3",
    "followingArtist": "Cher Lloyd",
    "country_code": "BJ",
    "country": "Benin"
  },
  {
    "username": "plxyjerise",
    "followingArtist": "Cher Lloyd",
    "country_code": "UK",
    "country": "United Kingdom"
  },
  {
    "username": "kensisdeeks",
    "followingArtist": "Cher Lloyd",
    "country_code": "BG",
    "country": "Bulgaria"
  },
  {
    "username": "christelledww",
    "followingArtist": "Cher Lloyd",
    "country_code": "CA",
    "country": "Canada"
  },
  {
    "username": "jaydenpaul20",
    "followingArtist": "Cher Lloyd",
    "country_code": "UG",
    "country": "Uganda"
  },
  {
    "username": "RavenaLudimila",
    "followingArtist": "Cher Lloyd",
    "country_code": "PT",
    "country": "Portugal"
  },
  {
    "username": "jrrl_",
    "followingArtist": "Cher Lloyd",
    "country_code": "BR",
    "country": "Brazil"
  },
  {
    "username": "red_filip",
    "followingArtist": "Cher Lloyd",
    "country_code": "NG",
    "country": "Nigeria"
  },
  {
    "username": "ELMADKOURI2",
    "followingArtist": "Cher Lloyd",
    "country_code": "FR",
    "country": "France"
  },
  {
    "username": "VanVeex",
    "followingArtist": "Cher Lloyd",
    "country_code": "US",
    "country": "USA"
  },
  {
    "username": "mayckon0212",
    "followingArtist": "Cher Lloyd",
    "country_code": "BR",
    "country": "Brazil"
  },
  {
    "username": "KelseighKenny",
    "followingArtist": "Cher Lloyd",
    "country_code": "GB",
    "country": "Great Britain"
  },
  {
    "username": "Johnfin44587899",
    "followingArtist": "Cher Lloyd",
    "country_code": "GB",
    "country": "Great Britain"
  },
  {
    "username": "JavierG78424723",
    "followingArtist": "Cher Lloyd",
    "country_code": "US",
    "country": "USA"
  },
  {
    "username": "haridebukuku",
    "followingArtist": "Cher Lloyd",
    "country_code": "TZ",
    "country": "Tanzania"
  },
  {
    "username": "hannahmeganlou",
    "followingArtist": "Cher Lloyd",
    "country_code": "US",
    "country": "USA"
  },
  {
    "username": "love_cupid",
    "followingArtist": "Cher Lloyd",
    "country_code": "PH",
    "country": "Philippines"
  },
  {
    "username": "Josejua35513058",
    "followingArtist": "Cher Lloyd",
    "country_code": "NG",
    "country": "Nigeria"
  },
  {
    "username": "queenbee20162",
    "followingArtist": "Cher Lloyd",
    "country_code": "Tennessee Ave",
    "country": "Tennessee Ave"
  },
  {
    "username": "cruzbmartin51g1",
    "followingArtist": "Cher Lloyd",
    "country_code": "US",
    "country": "USA"
  },
  {
    "username": "LizzyBetta",
    "followingArtist": "Cher Lloyd",
    "country_code": "US",
    "country": "USA"
  },
  {
    "username": "anrgrt8",
    "followingArtist": "Cher Lloyd",
    "country_code": "US",
    "country": "USA"
  },
  {
    "username": "Makeupbykianni1",
    "followingArtist": "Cher Lloyd",
    "country_code": "US",
    "country": "USA"
  },
  {
    "username": "kimrigbyartho93",
    "followingArtist": "Cher Lloyd",
    "country_code": "GB",
    "country": "Great Britain"
  },
  {
    "username": "Eulice50511945",
    "followingArtist": "Cher Lloyd",
    "country_code": "VE",
    "country": "Venezuela"
  },
  {
    "username": "ashlyedayaris",
    "followingArtist": "Cher Lloyd",
    "country_code": "PT",
    "country": "Portugal"
  },
  {
    "username": "ellie_a_jackson",
    "followingArtist": "Cher Lloyd",
    "country_code": "PH",
    "country": "Philippines"
  },
  {
    "username": "MylovelyVininax",
    "followingArtist": "Cher Lloyd",
    "country_code": "ID",
    "country": "Indonesia"
  },
  {
    "username": "LampertHeather",
    "followingArtist": "Cher Lloyd",
    "country_code": "US",
    "country": "USA"
  },
  {
    "username": "jayyrosaless",
    "followingArtist": "Cher Lloyd",
    "country_code": "NG",
    "country": "Nigeria"
  },
  {
    "username": "odaliscastro_13",
    "followingArtist": "Cher Lloyd",
    "country_code": "US",
    "country": "USA"
  },
  {
    "username": "nandapu80738192",
    "followingArtist": "Cher Lloyd",
    "country_code": "ID",
    "country": "Indonesia"
  },
  {
    "username": "Rene19763501",
    "followingArtist": "Cher Lloyd",
    "country_code": "US",
    "country": "USA"
  },
  {
    "username": "jonathankriese4",
    "followingArtist": "Cher Lloyd",
    "country_code": "BR",
    "country": "Brazil"
  },
  {
    "username": "Eana28538993",
    "followingArtist": "Cher Lloyd",
    "country_code": "GB",
    "country": "Great Britain"
  },
  {
    "username": "Birdseyesu",
    "followingArtist": "Cher Lloyd",
    "country_code": "US",
    "country": "USA"
  },
  {
    "username": "JoeDolphin11",
    "followingArtist": "Cher Lloyd",
    "country_code": "GB",
    "country": "Great Britain"
  },
  {
    "username": "YzzyrL",
    "followingArtist": "Cher Lloyd",
    "country_code": "PH",
    "country": "Philippines"
  },
  {
    "username": "Anastyles190220",
    "followingArtist": "Cher Lloyd",
    "country_code": "BR",
    "country": "Brazil"
  },
  {
    "username": "RijosEnola",
    "followingArtist": "Cher Lloyd",
    "country_code": "IT",
    "country": "Italy"
  },
  {
    "username": "QJamiel",
    "followingArtist": "Cher Lloyd",
    "country_code": "US",
    "country": "USA"
  },
  {
    "username": "FTachirai",
    "followingArtist": "Cher Lloyd",
    "country_code": "UK",
    "country": "United Kingdom"
  },
  {
    "username": "_bmarialexandra",
    "followingArtist": "Cher Lloyd",
    "country_code": "GH",
    "country": "Ghana"
  },
  {
    "username": "FLIPPERHITZ",
    "followingArtist": "Cher Lloyd",
    "country_code": "DK",
    "country": "Denmark"
  },
  {
    "username": "KennethTsoi6",
    "followingArtist": "Cher Lloyd",
    "country_code": "Pennsylvania Furnace Rd",
    "country": "Pennsylvania Furnace Rd"
  },
  {
    "username": "FarjaadAhmed",
    "followingArtist": "Cher Lloyd",
    "country_code": "PK",
    "country": "Pakistan"
  },
  {
    "username": "Caitlin_Reese",
    "followingArtist": "Cher Lloyd",
    "country_code": "US",
    "country": "USA"
  },
  {
    "username": "kariciademujer",
    "followingArtist": "Cher Lloyd",
    "country_code": "US",
    "country": "USA"
  },
  {
    "username": "itsannamerritt",
    "followingArtist": "Cher Lloyd",
    "country_code": "UK",
    "country": "United Kingdom"
  },
  {
    "username": "CamzJau57486585",
    "followingArtist": "Cher Lloyd",
    "country_code": "ZA",
    "country": "South Africa"
  },
  {
    "username": "unicornism92",
    "followingArtist": "Cher Lloyd",
    "country_code": "PH",
    "country": "Philippines"
  },
  {
    "username": "juliet71892",
    "followingArtist": "Cher Lloyd",
    "country_code": "QA",
    "country": "Qatar"
  },
  {
    "username": "cadams1998",
    "followingArtist": "Cher Lloyd",
    "country_code": "US",
    "country": "USA"
  },
  {
    "username": "demidefend",
    "followingArtist": "Cher Lloyd",
    "country_code": "US",
    "country": "USA"
  },
  {
    "username": "MJamesa1985",
    "followingArtist": "Cher Lloyd",
    "country_code": "UK",
    "country": "United Kingdom"
  },
  {
    "username": "mireje98",
    "followingArtist": "Cher Lloyd",
    "country_code": "US",
    "country": "USA"
  },
  {
    "username": "rjforshaw09",
    "followingArtist": "Cher Lloyd",
    "country_code": "GB",
    "country": "Great Britain"
  },
  {
    "username": "cccrriss",
    "followingArtist": "Cher Lloyd",
    "country_code": "US",
    "country": "USA"
  },
  {
    "username": "Rooflics1",
    "followingArtist": "Cher Lloyd",
    "country_code": "US",
    "country": "USA"
  },
  {
    "username": "TinaNath6",
    "followingArtist": "Cher Lloyd",
    "country_code": "IN",
    "country": "India"
  },
  {
    "username": "Iluvvszreader",
    "followingArtist": "Cher Lloyd",
    "country_code": "US",
    "country": "USA"
  },
  {
    "username": "Darlene42661459",
    "followingArtist": "Cher Lloyd",
    "country_code": "US",
    "country": "USA"
  },
  {
    "username": "MariaMich09",
    "followingArtist": "Cher Lloyd",
    "country_code": "NZ",
    "country": "New Zealand"
  },
  {
    "username": "gracepfoley",
    "followingArtist": "Cher Lloyd",
    "country_code": "US",
    "country": "USA"
  },
  {
    "username": "allthelovebry",
    "followingArtist": "Cher Lloyd",
    "country_code": "GB",
    "country": "Great Britain"
  },
  {
    "username": "tetemccaskill",
    "followingArtist": "Cher Lloyd",
    "country_code": "US",
    "country": "USA"
  },
  {
    "username": "JinesyJines",
    "followingArtist": "Cher Lloyd",
    "country_code": "US",
    "country": "USA"
  },
  {
    "username": "Hmwex81",
    "followingArtist": "Cher Lloyd",
    "country_code": "GB",
    "country": "Great Britain"
  },
  {
    "username": "Ajaykumarroy108",
    "followingArtist": "Cher Lloyd",
    "country_code": "IN",
    "country": "India"
  },
  {
    "username": "jaycee_deezee",
    "followingArtist": "Cher Lloyd",
    "country_code": "PH",
    "country": "Philippines"
  },
  {
    "username": "napps1892",
    "followingArtist": "Cher Lloyd",
    "country_code": "GB",
    "country": "Great Britain"
  },
  {
    "username": "MarianM08",
    "followingArtist": "Cher Lloyd",
    "country_code": "PT",
    "country": "Portugal"
  },
  {
    "username": "Pavlina14921279",
    "followingArtist": "Cher Lloyd",
    "country_code": "FR",
    "country": "France"
  },
  {
    "username": "zeen34114070",
    "followingArtist": "Cher Lloyd",
    "country_code": "EG",
    "country": "Egypt"
  },
  {
    "username": "lauraandersonnx",
    "followingArtist": "Cher Lloyd",
    "country_code": "GB",
    "country": "Great Britain"
  },
  {
    "username": "anabottle",
    "followingArtist": "Cher Lloyd",
    "country_code": "N Oklahoma",
    "country": "N Oklahoma"
  },
  {
    "username": "Cm09141520",
    "followingArtist": "Cher Lloyd",
    "country_code": "HU",
    "country": "Hungary"
  },
  {
    "username": "ChiaraaSaldiaa",
    "followingArtist": "Cher Lloyd",
    "country_code": "UY",
    "country": "Uruguay"
  },
  {
    "username": "kiana_benson",
    "followingArtist": "Cher Lloyd",
    "country_code": "US",
    "country": "USA"
  },
  {
    "username": "Gregory1Leticia",
    "followingArtist": "Cher Lloyd",
    "country_code": "IT",
    "country": "Italy"
  },
  {
    "username": "21HM97",
    "followingArtist": "Cher Lloyd",
    "country_code": "UK",
    "country": "United Kingdom"
  },
  {
    "username": "AVillCay",
    "followingArtist": "Cher Lloyd",
    "country_code": "US",
    "country": "USA"
  },
  {
    "username": "manimccorry",
    "followingArtist": "Cher Lloyd",
    "country_code": "US",
    "country": "USA"
  },
  {
    "username": "j_girl94",
    "followingArtist": "Cher Lloyd",
    "country_code": "US",
    "country": "USA"
  },
  {
    "username": "PjeterPjetri",
    "followingArtist": "Cher Lloyd",
    "country_code": "GR",
    "country": "Greece"
  },
  {
    "username": "ELIENE04144697",
    "followingArtist": "Cher Lloyd",
    "country_code": "BR",
    "country": "Brazil"
  },
  {
    "username": "vivian05312823",
    "followingArtist": "Cher Lloyd",
    "country_code": "ZM",
    "country": "Zambia"
  },
  {
    "username": "gracegeorge1998",
    "followingArtist": "Cher Lloyd",
    "country_code": "GB",
    "country": "Great Britain"
  },
  {
    "username": "dcbellorin",
    "followingArtist": "Cher Lloyd",
    "country_code": "NI",
    "country": "Nicaragua"
  },
  {
    "username": "DahianaGamarra5",
    "followingArtist": "Cher Lloyd",
    "country_code": "US",
    "country": "USA"
  },
  {
    "username": "KDNTbpWOm50yjnD",
    "followingArtist": "Cher Lloyd",
    "country_code": "California City Blvd",
    "country": "California City Blvd"
  },
  {
    "username": "ks768009",
    "followingArtist": "Cher Lloyd",
    "country_code": "IN",
    "country": "India"
  },
  {
    "username": "Akellygakill",
    "followingArtist": "Cher Lloyd",
    "country_code": "US",
    "country": "USA"
  },
  {
    "username": "Grace57541014",
    "followingArtist": "Cher Lloyd",
    "country_code": "IT",
    "country": "Italy"
  },
  {
    "username": "BriannaOlivas9",
    "followingArtist": "Cher Lloyd",
    "country_code": "US",
    "country": "USA"
  },
  {
    "username": "FowlerftBreen",
    "followingArtist": "Cher Lloyd",
    "country_code": "GB",
    "country": "Great Britain"
  },
  {
    "username": "therealshikhar",
    "followingArtist": "Cher Lloyd",
    "country_code": "IN",
    "country": "India"
  },
  {
    "username": "DanBridge1988",
    "followingArtist": "Cher Lloyd",
    "country_code": "US",
    "country": "USA"
  },
  {
    "username": "laura_moreton",
    "followingArtist": "Cher Lloyd",
    "country_code": "US",
    "country": "USA"
  },
  {
    "username": "criyama3",
    "followingArtist": "Cher Lloyd",
    "country_code": "CZ",
    "country": "Czech Republic"
  },
  {
    "username": "Adam1991MUFC",
    "followingArtist": "Cher Lloyd",
    "country_code": "GB",
    "country": "Great Britain"
  },
  {
    "username": "ilystyIess",
    "followingArtist": "Cher Lloyd",
    "country_code": "US",
    "country": "USA"
  },
  {
    "username": "Rahul_Singh200",
    "followingArtist": "Cher Lloyd",
    "country_code": "IN",
    "country": "India"
  },
  {
    "username": "jennelyn_monino",
    "followingArtist": "Cher Lloyd",
    "country_code": "PH",
    "country": "Philippines"
  },
  {
    "username": "Heather82325855",
    "followingArtist": "Cher Lloyd",
    "country_code": "US",
    "country": "USA"
  },
  {
    "username": "chenengneng",
    "followingArtist": "Cher Lloyd",
    "country_code": "PH",
    "country": "Philippines"
  },
  {
    "username": "SanduniSanjula",
    "followingArtist": "Cher Lloyd",
    "country_code": "ID",
    "country": "Indonesia"
  },
  {
    "username": "SAGEN9",
    "followingArtist": "Cher Lloyd",
    "country_code": "IN",
    "country": "India"
  },
  {
    "username": "jilllianD",
    "followingArtist": "Cher Lloyd",
    "country_code": "PH",
    "country": "Philippines"
  },
  {
    "username": "1foralltoshare",
    "followingArtist": "Cher Lloyd",
    "country_code": "US",
    "country": "USA"
  },
  {
    "username": "AndreChrist12",
    "followingArtist": "Cher Lloyd",
    "country_code": "NL",
    "country": "Netherlands"
  },
  {
    "username": "kensenjarsaba27",
    "followingArtist": "Cher Lloyd",
    "country_code": "US",
    "country": "USA"
  },
  {
    "username": "FerrariMusiq",
    "followingArtist": "Cher Lloyd",
    "country_code": "KE",
    "country": "Kenya"
  },
  {
    "username": "Fangirlbatipdc",
    "followingArtist": "Cher Lloyd",
    "country_code": "CR",
    "country": "Costa Rica"
  },
  {
    "username": "ConnorMackayNo1",
    "followingArtist": "Cher Lloyd",
    "country_code": "GB",
    "country": "Great Britain"
  },
  {
    "username": "22victorDaniel",
    "followingArtist": "Cher Lloyd",
    "country_code": "US",
    "country": "USA"
  },
  {
    "username": "LRodriguez96",
    "followingArtist": "Cher Lloyd",
    "country_code": "MX",
    "country": "Mexico"
  },
  {
    "username": "manufuxxx",
    "followingArtist": "Cher Lloyd",
    "country_code": "CH",
    "country": "Switzerland"
  },
  {
    "username": "Iamnanhy",
    "followingArtist": "Cher Lloyd",
    "country_code": "MX",
    "country": "Mexico"
  },
  {
    "username": "Liliana_HNNDZ",
    "followingArtist": "Cher Lloyd",
    "country_code": "MX",
    "country": "Mexico"
  },
  {
    "username": "Carolfonseca99",
    "followingArtist": "Cher Lloyd",
    "country_code": "BR",
    "country": "Brazil"
  },
  {
    "username": "LennonRiver",
    "followingArtist": "Cher Lloyd",
    "country_code": "NG",
    "country": "Nigeria"
  },
  {
    "username": "Roberthss3",
    "followingArtist": "Cher Lloyd",
    "country_code": "BR",
    "country": "Brazil"
  },
  {
    "username": "yamimuuhdobleu",
    "followingArtist": "Cher Lloyd",
    "country_code": "BR",
    "country": "Brazil"
  },
  {
    "username": "RdzTantan",
    "followingArtist": "Cher Lloyd",
    "country_code": "MX",
    "country": "Mexico"
  },
  {
    "username": "rory_maria",
    "followingArtist": "Cher Lloyd",
    "country_code": "BR",
    "country": "Brazil"
  },
  {
    "username": "Alan50903492",
    "followingArtist": "Cher Lloyd",
    "country_code": "PH",
    "country": "Philippines"
  },
  {
    "username": "sousa_aria",
    "followingArtist": "Cher Lloyd",
    "country_code": "BR",
    "country": "Brazil"
  },
  {
    "username": "K3L0GrahmFlo",
    "followingArtist": "Cher Lloyd",
    "country_code": "DE",
    "country": "Germany"
  },
  {
    "username": "Dan8731241896",
    "followingArtist": "Cher Lloyd",
    "country_code": "US",
    "country": "USA"
  },
  {
    "username": "So_XtrU",
    "followingArtist": "Cher Lloyd",
    "country_code": "US",
    "country": "USA"
  },
  {
    "username": "c_candelari",
    "followingArtist": "Cher Lloyd",
    "country_code": "AR",
    "country": "Argentina"
  },
  {
    "username": "VintDelta",
    "followingArtist": "Cher Lloyd",
    "country_code": "GH",
    "country": "Ghana"
  },
  {
    "username": "thorshell82",
    "followingArtist": "Cher Lloyd",
    "country_code": "UK",
    "country": "United Kingdom"
  },
  {
    "username": "Angela14086619",
    "followingArtist": "Cher Lloyd",
    "country_code": "UK",
    "country": "United Kingdom"
  },
  {
    "username": "theofficialnayy",
    "followingArtist": "Cher Lloyd",
    "country_code": "US",
    "country": "USA"
  },
  {
    "username": "Harrystylesup20",
    "followingArtist": "Cher Lloyd",
    "country_code": "US",
    "country": "USA"
  },
  {
    "username": "fitengineer32",
    "followingArtist": "Cher Lloyd",
    "country_code": "US",
    "country": "USA"
  },
  {
    "username": "NeomineomiH",
    "followingArtist": "Cher Lloyd",
    "country_code": "ES",
    "country": "Spain"
  },
  {
    "username": "yanomamo10",
    "followingArtist": "Cher Lloyd",
    "country_code": "AE",
    "country": "United Arab Emirates"
  },
  {
    "username": "KristianSiegler",
    "followingArtist": "Cher Lloyd",
    "country_code": "DK",
    "country": "Denmark"
  },
  {
    "username": "niightchick",
    "followingArtist": "Cher Lloyd",
    "country_code": "US",
    "country": "USA"
  },
  {
    "username": "Jessup9102017",
    "followingArtist": "Cher Lloyd",
    "country_code": "US",
    "country": "USA"
  },
  {
    "username": "craploginname",
    "followingArtist": "Cher Lloyd",
    "country_code": "US",
    "country": "USA"
  },
  {
    "username": "FPScotti",
    "followingArtist": "Cher Lloyd",
    "country_code": "NO",
    "country": "Norway"
  },
  {
    "username": "marcusthecactus",
    "followingArtist": "Cher Lloyd",
    "country_code": "CH",
    "country": "Switzerland"
  },
  {
    "username": "staceyhunter90",
    "followingArtist": "Cher Lloyd",
    "country_code": "GB",
    "country": "Great Britain"
  },
  {
    "username": "jules30k",
    "followingArtist": "Cher Lloyd",
    "country_code": "GB",
    "country": "Great Britain"
  },
  {
    "username": "unamusulmanaa",
    "followingArtist": "Cher Lloyd",
    "country_code": "BE",
    "country": "Belgium"
  },
  {
    "username": "lesacarter2010",
    "followingArtist": "Cher Lloyd",
    "country_code": "BJ",
    "country": "Benin"
  },
  {
    "username": "TamarFermin",
    "followingArtist": "Cher Lloyd",
    "country_code": "US",
    "country": "USA"
  },
  {
    "username": "RorschachXO",
    "followingArtist": "Cher Lloyd",
    "country_code": "MG",
    "country": "Madagascar"
  },
  {
    "username": "FarahJalal6",
    "followingArtist": "Cher Lloyd",
    "country_code": "JO",
    "country": "Jordan"
  },
  {
    "username": "anjanaortizp",
    "followingArtist": "Cher Lloyd",
    "country_code": "CO",
    "country": "Colombia"
  },
  {
    "username": "esmeraldarguezm",
    "followingArtist": "Cher Lloyd",
    "country_code": "MX",
    "country": "Mexico"
  },
  {
    "username": "meshloud1",
    "followingArtist": "Cher Lloyd",
    "country_code": "KE",
    "country": "Kenya"
  },
  {
    "username": "smooth_crim22",
    "followingArtist": "Cher Lloyd",
    "country_code": "CA",
    "country": "Canada"
  },
  {
    "username": "MiniQueenDwarf",
    "followingArtist": "Cher Lloyd",
    "country_code": "DK",
    "country": "Denmark"
  },
  {
    "username": "Jtonio93",
    "followingArtist": "Cher Lloyd",
    "country_code": "ES",
    "country": "Spain"
  },
  {
    "username": "gladys_jess",
    "followingArtist": "Cher Lloyd",
    "country_code": "FR",
    "country": "France"
  },
  {
    "username": "SavannahSixxRp",
    "followingArtist": "Cher Lloyd",
    "country_code": "NG",
    "country": "Nigeria"
  },
  {
    "username": "dicksoncourtne1",
    "followingArtist": "Cher Lloyd",
    "country_code": "GB",
    "country": "Great Britain"
  },
  {
    "username": "Rakeshs82688822",
    "followingArtist": "Cher Lloyd",
    "country_code": "IN",
    "country": "India"
  },
  {
    "username": "UthmanDaniel",
    "followingArtist": "Cher Lloyd",
    "country_code": "US",
    "country": "USA"
  },
  {
    "username": "hafij_sarker",
    "followingArtist": "Cher Lloyd",
    "country_code": "BD",
    "country": "Bangladesh"
  },
  {
    "username": "KatieLouiseOBr1",
    "followingArtist": "Cher Lloyd",
    "country_code": "GB",
    "country": "Great Britain"
  },
  {
    "username": "VeraHar23975324",
    "followingArtist": "Cher Lloyd",
    "country_code": "GB",
    "country": "Great Britain"
  },
  {
    "username": "DhopeTaylor",
    "followingArtist": "Cher Lloyd",
    "country_code": "GH",
    "country": "Ghana"
  },
  {
    "username": "demente_king",
    "followingArtist": "Cher Lloyd",
    "country_code": "ES",
    "country": "Spain"
  },
  {
    "username": "heeyimadlovatic",
    "followingArtist": "Cher Lloyd",
    "country_code": "CA",
    "country": "Canada"
  },
  {
    "username": "juliedoig",
    "followingArtist": "Cher Lloyd",
    "country_code": "GB",
    "country": "Great Britain"
  },
  {
    "username": "BraileMonton",
    "followingArtist": "Cher Lloyd",
    "country_code": "US",
    "country": "USA"
  },
  {
    "username": "clothildeprst",
    "followingArtist": "Cher Lloyd",
    "country_code": "FR",
    "country": "France"
  },
  {
    "username": "Gabriela_m_s_11",
    "followingArtist": "Cher Lloyd",
    "country_code": "US",
    "country": "USA"
  },
  {
    "username": "Sara_KR_Angel",
    "followingArtist": "Cher Lloyd",
    "country_code": "CA",
    "country": "Canada"
  },
  {
    "username": "Janine_david29",
    "followingArtist": "Cher Lloyd",
    "country_code": "UK",
    "country": "United Kingdom"
  },
  {
    "username": "nancysrat",
    "followingArtist": "Cher Lloyd",
    "country_code": "US",
    "country": "USA"
  },
  {
    "username": "AboutCorina",
    "followingArtist": "Cher Lloyd",
    "country_code": "FR",
    "country": "France"
  },
  {
    "username": "pcd2709",
    "followingArtist": "Cher Lloyd",
    "country_code": "IN",
    "country": "India"
  },
  {
    "username": "lllovelydays",
    "followingArtist": "Cher Lloyd",
    "country_code": "US",
    "country": "USA"
  },
  {
    "username": "AshleyBourque6",
    "followingArtist": "Cher Lloyd",
    "country_code": "BR",
    "country": "Brazil"
  },
  {
    "username": "sofi_rabassa",
    "followingArtist": "Cher Lloyd",
    "country_code": "SI",
    "country": "Slovenia"
  },
  {
    "username": "GODS031203",
    "followingArtist": "Cher Lloyd",
    "country_code": "BR",
    "country": "Brazil"
  },
  {
    "username": "VanessaCaniza10",
    "followingArtist": "Cher Lloyd",
    "country_code": "NL",
    "country": "Netherlands"
  },
  {
    "username": "JhsJefferson",
    "followingArtist": "Cher Lloyd",
    "country_code": "BR",
    "country": "Brazil"
  },
  {
    "username": "AnnaCar20534582",
    "followingArtist": "Cher Lloyd",
    "country_code": "BR",
    "country": "Brazil"
  },
  {
    "username": "Kari_OC21",
    "followingArtist": "Cher Lloyd",
    "country_code": "PT",
    "country": "Portugal"
  },
  {
    "username": "MyPhiDo",
    "followingArtist": "Cher Lloyd",
    "country_code": "US",
    "country": "USA"
  },
  {
    "username": "inampudi_swathi",
    "followingArtist": "Cher Lloyd",
    "country_code": "IN",
    "country": "India"
  },
  {
    "username": "AlouAmy",
    "followingArtist": "Cher Lloyd",
    "country_code": "US",
    "country": "USA"
  },
  {
    "username": "ChanelTawake",
    "followingArtist": "Cher Lloyd",
    "country_code": "FJ",
    "country": "Fiji"
  },
  {
    "username": "tonykleb",
    "followingArtist": "Cher Lloyd",
    "country_code": "BR",
    "country": "Brazil"
  },
  {
    "username": "meaghan_rose_",
    "followingArtist": "Cher Lloyd",
    "country_code": "US",
    "country": "USA"
  },
  {
    "username": "MMerliz",
    "followingArtist": "Cher Lloyd",
    "country_code": "ES",
    "country": "Spain"
  },
  {
    "username": "MaraGabrielaM16",
    "followingArtist": "Cher Lloyd",
    "country_code": "BR",
    "country": "Brazil"
  },
  {
    "username": "Oshhin1",
    "followingArtist": "Cher Lloyd",
    "country_code": "US",
    "country": "USA"
  },
  {
    "username": "leesun_gyun",
    "followingArtist": "Cher Lloyd",
    "country_code": "US",
    "country": "USA"
  },
  {
    "username": "NicolasRossell7",
    "followingArtist": "Cher Lloyd",
    "country_code": "AR",
    "country": "Argentina"
  },
  {
    "username": "SwimmerGay",
    "followingArtist": "Cher Lloyd",
    "country_code": "US",
    "country": "USA"
  },
  {
    "username": "leanne20060606",
    "followingArtist": "Cher Lloyd",
    "country_code": "GB",
    "country": "Great Britain"
  },
  {
    "username": "dartagnan2424",
    "followingArtist": "Cher Lloyd",
    "country_code": "IT",
    "country": "Italy"
  },
  {
    "username": "SisterKamillah",
    "followingArtist": "Cher Lloyd",
    "country_code": "MR",
    "country": "Mauritania"
  },
  {
    "username": "knnthjms_what",
    "followingArtist": "Cher Lloyd",
    "country_code": "US",
    "country": "USA"
  },
  {
    "username": "byefelicia_fb",
    "followingArtist": "Cher Lloyd",
    "country_code": "US",
    "country": "USA"
  },
  {
    "username": "iamdaddyani",
    "followingArtist": "Cher Lloyd",
    "country_code": "US",
    "country": "USA"
  },
  {
    "username": "Paola40536165",
    "followingArtist": "Cher Lloyd",
    "country_code": "MX",
    "country": "Mexico"
  },
  {
    "username": "SOFIAPR60434654",
    "followingArtist": "Cher Lloyd",
    "country_code": "US",
    "country": "USA"
  },
  {
    "username": "paulmayhead2",
    "followingArtist": "Cher Lloyd",
    "country_code": "GB",
    "country": "Great Britain"
  },
  {
    "username": "ChappelleKamryn",
    "followingArtist": "Cher Lloyd",
    "country_code": "US",
    "country": "USA"
  },
  {
    "username": "DannyHi84436919",
    "followingArtist": "Cher Lloyd",
    "country_code": "US",
    "country": "USA"
  },
  {
    "username": "aguirreivan06",
    "followingArtist": "Cher Lloyd",
    "country_code": "MX",
    "country": "Mexico"
  },
  {
    "username": "jjclark1414",
    "followingArtist": "Cher Lloyd",
    "country_code": "US",
    "country": "USA"
  },
  {
    "username": "demitri_lampra",
    "followingArtist": "Cher Lloyd",
    "country_code": "UK",
    "country": "United Kingdom"
  },
  {
    "username": "Robertstwart4",
    "followingArtist": "Cher Lloyd",
    "country_code": "US",
    "country": "USA"
  },
  {
    "username": "daviguapo7",
    "followingArtist": "Cher Lloyd",
    "country_code": "TR",
    "country": "Turkey"
  },
  {
    "username": "duckiowaz",
    "followingArtist": "Cher Lloyd",
    "country_code": "US",
    "country": "USA"
  },
  {
    "username": "Iva_gutierrez98",
    "followingArtist": "Cher Lloyd",
    "country_code": "AR",
    "country": "Argentina"
  },
  {
    "username": "Alexhenville25",
    "followingArtist": "Cher Lloyd",
    "country_code": "GB",
    "country": "Great Britain"
  },
  {
    "username": "JennaBeckham2",
    "followingArtist": "Cher Lloyd",
    "country_code": "CA",
    "country": "Canada"
  },
  {
    "username": "vgerentes",
    "followingArtist": "Cher Lloyd",
    "country_code": "US",
    "country": "USA"
  },
  {
    "username": "jackbenmiller",
    "followingArtist": "Cher Lloyd",
    "country_code": "GB",
    "country": "Great Britain"
  },
  {
    "username": "taelephaaaaant",
    "followingArtist": "Cher Lloyd",
    "country_code": "KR",
    "country": "South Korea"
  },
  {
    "username": "YanLey8",
    "followingArtist": "Cher Lloyd",
    "country_code": "US",
    "country": "USA"
  },
  {
    "username": "DjBrayanflow11",
    "followingArtist": "Cher Lloyd",
    "country_code": "PE",
    "country": "Peru"
  },
  {
    "username": "Thxlxxx",
    "followingArtist": "Cher Lloyd",
    "country_code": "PH",
    "country": "Philippines"
  },
  {
    "username": "Diane50686065",
    "followingArtist": "Cher Lloyd",
    "country_code": "GB",
    "country": "Great Britain"
  },
  {
    "username": "santiagonoe56",
    "followingArtist": "Cher Lloyd",
    "country_code": "US",
    "country": "USA"
  },
  {
    "username": "DarcyStaller",
    "followingArtist": "Cher Lloyd",
    "country_code": "US",
    "country": "USA"
  },
  {
    "username": "erika_esp_",
    "followingArtist": "Cher Lloyd",
    "country_code": "IT",
    "country": "Italy"
  },
  {
    "username": "TinTine009",
    "followingArtist": "Cher Lloyd",
    "country_code": "PH",
    "country": "Philippines"
  },
  {
    "username": "RobJr500",
    "followingArtist": "Cher Lloyd",
    "country_code": "UK",
    "country": "United Kingdom"
  },
  {
    "username": "babyclover27",
    "followingArtist": "Cher Lloyd",
    "country_code": "US",
    "country": "USA"
  },
  {
    "username": "Damin16800870",
    "followingArtist": "Cher Lloyd",
    "country_code": "US",
    "country": "USA"
  },
  {
    "username": "honeyravi786",
    "followingArtist": "Cher Lloyd",
    "country_code": "IN",
    "country": "India"
  },
  {
    "username": "TiNAPHA14630269",
    "followingArtist": "Cher Lloyd",
    "country_code": "ES",
    "country": "Spain"
  },
  {
    "username": "VikaSelay",
    "followingArtist": "Cher Lloyd",
    "country_code": "ID",
    "country": "Indonesia"
  },
  {
    "username": "Breyda54307039",
    "followingArtist": "Cher Lloyd",
    "country_code": "MX",
    "country": "Mexico"
  },
  {
    "username": "Sandrina1978",
    "followingArtist": "Cher Lloyd",
    "country_code": "BR",
    "country": "Brazil"
  },
  {
    "username": "freakyherz",
    "followingArtist": "Cher Lloyd",
    "country_code": "US",
    "country": "USA"
  },
  {
    "username": "IfraanMily",
    "followingArtist": "Cher Lloyd",
    "country_code": "IT",
    "country": "Italy"
  },
  {
    "username": "Rebecca60028212",
    "followingArtist": "Cher Lloyd",
    "country_code": "GB",
    "country": "Great Britain"
  },
  {
    "username": "AnaPaula1352001",
    "followingArtist": "Cher Lloyd",
    "country_code": "IT",
    "country": "Italy"
  },
  {
    "username": "sammiejochurch",
    "followingArtist": "Cher Lloyd",
    "country_code": "US",
    "country": "USA"
  },
  {
    "username": "FadlRahman2",
    "followingArtist": "Cher Lloyd",
    "country_code": "IN",
    "country": "India"
  },
  {
    "username": "Lalboi03577760",
    "followingArtist": "Cher Lloyd",
    "country_code": "IN",
    "country": "India"
  },
  {
    "username": "wanttodieguy",
    "followingArtist": "Cher Lloyd",
    "country_code": "PL",
    "country": "Poland"
  },
  {
    "username": "Edwinxgomez",
    "followingArtist": "Cher Lloyd",
    "country_code": "CA",
    "country": "Canada"
  },
  {
    "username": "Soouza_rick",
    "followingArtist": "Cher Lloyd",
    "country_code": "BR",
    "country": "Brazil"
  },
  {
    "username": "angelrosealaro",
    "followingArtist": "Cher Lloyd",
    "country_code": "PH",
    "country": "Philippines"
  },
  {
    "username": "tierneyhawkins1",
    "followingArtist": "Cher Lloyd",
    "country_code": "GB",
    "country": "Great Britain"
  },
  {
    "username": "bewley_isabelle",
    "followingArtist": "Cher Lloyd",
    "country_code": "GB",
    "country": "Great Britain"
  },
  {
    "username": "alesharenee_",
    "followingArtist": "Cher Lloyd",
    "country_code": "AU",
    "country": "Australia"
  },
  {
    "username": "VikramBajwa7",
    "followingArtist": "Cher Lloyd",
    "country_code": "IN",
    "country": "India"
  },
  {
    "username": "MeganKelsall4",
    "followingArtist": "Cher Lloyd",
    "country_code": "GB",
    "country": "Great Britain"
  },
  {
    "username": "Yada231",
    "followingArtist": "Cher Lloyd",
    "country_code": "KR",
    "country": "South Korea"
  },
  {
    "username": "sidie_daud",
    "followingArtist": "Cher Lloyd",
    "country_code": "MY",
    "country": "Malaysia"
  },
  {
    "username": "AnastasiaMae87",
    "followingArtist": "Cher Lloyd",
    "country_code": "US",
    "country": "USA"
  },
  {
    "username": "Lukas36797818",
    "followingArtist": "Cher Lloyd",
    "country_code": "SK",
    "country": "Slovak Republic"
  },
  {
    "username": "Lucky_Reniel",
    "followingArtist": "Cher Lloyd",
    "country_code": "PH",
    "country": "Philippines"
  },
  {
    "username": "Livlaughlove111",
    "followingArtist": "Cher Lloyd",
    "country_code": "US",
    "country": "USA"
  },
  {
    "username": "___lettcia",
    "followingArtist": "Cher Lloyd",
    "country_code": "BR",
    "country": "Brazil"
  },
  {
    "username": "BeginMyEuphoria",
    "followingArtist": "Cher Lloyd",
    "country_code": "US",
    "country": "USA"
  },
  {
    "username": "supremexlilly",
    "followingArtist": "Cher Lloyd",
    "country_code": "US",
    "country": "USA"
  },
  {
    "username": "AndersonRojas97",
    "followingArtist": "Cher Lloyd",
    "country_code": "US",
    "country": "USA"
  },
  {
    "username": "hwdo_uwrkths",
    "followingArtist": "Cher Lloyd",
    "country_code": "RU",
    "country": "Russian Federation"
  },
  {
    "username": "haydar42487545",
    "followingArtist": "Cher Lloyd",
    "country_code": "IN",
    "country": "India"
  },
  {
    "username": "PereiraJehh",
    "followingArtist": "Cher Lloyd",
    "country_code": "ZA",
    "country": "South Africa"
  },
  {
    "username": "JoshueMerlos",
    "followingArtist": "Cher Lloyd",
    "country_code": "CU",
    "country": "Cuba"
  },
  {
    "username": "Your2ndmum",
    "followingArtist": "Cher Lloyd",
    "country_code": "US",
    "country": "USA"
  },
  {
    "username": "Isabell57667701",
    "followingArtist": "Cher Lloyd",
    "country_code": "CA",
    "country": "Canada"
  },
  {
    "username": "JoseASepulvedaG",
    "followingArtist": "Cher Lloyd",
    "country_code": "IT",
    "country": "Italy"
  },
  {
    "username": "MaMercides",
    "followingArtist": "Cher Lloyd",
    "country_code": "PH",
    "country": "Philippines"
  },
  {
    "username": "agatha_diass",
    "followingArtist": "Cher Lloyd",
    "country_code": "BR",
    "country": "Brazil"
  },
  {
    "username": "Fernand51924935",
    "followingArtist": "Cher Lloyd",
    "country_code": "BR",
    "country": "Brazil"
  },
  {
    "username": "JordonWestrope",
    "followingArtist": "Cher Lloyd",
    "country_code": "UK",
    "country": "United Kingdom"
  },
  {
    "username": "plazajunavin",
    "followingArtist": "Cher Lloyd",
    "country_code": "US",
    "country": "USA"
  },
  {
    "username": "powerandcontrel",
    "followingArtist": "Cher Lloyd",
    "country_code": "California City Blvd",
    "country": "California City Blvd"
  },
  {
    "username": "MORETHVNTHIS",
    "followingArtist": "Cher Lloyd",
    "country_code": "NP",
    "country": "Nepal"
  },
  {
    "username": "skambreak",
    "followingArtist": "Cher Lloyd",
    "country_code": "BR",
    "country": "Brazil"
  },
  {
    "username": "ChloeVillarrea7",
    "followingArtist": "Cher Lloyd",
    "country_code": "US",
    "country": "USA"
  },
  {
    "username": "TashaWarmington",
    "followingArtist": "Cher Lloyd",
    "country_code": "UK",
    "country": "United Kingdom"
  },
  {
    "username": "Mari51588001",
    "followingArtist": "Cher Lloyd",
    "country_code": "UK",
    "country": "United Kingdom"
  },
  {
    "username": "ThayCardozzo",
    "followingArtist": "Cher Lloyd",
    "country_code": "BR",
    "country": "Brazil"
  },
  {
    "username": "ChuckDeezy76",
    "followingArtist": "Cher Lloyd",
    "country_code": "US",
    "country": "USA"
  },
  {
    "username": "lois_fjm",
    "followingArtist": "Cher Lloyd",
    "country_code": "US",
    "country": "USA"
  },
  {
    "username": "RaluEscu",
    "followingArtist": "Cher Lloyd",
    "country_code": "RO",
    "country": "Romania"
  },
  {
    "username": "DannaPa13846362",
    "followingArtist": "Cher Lloyd",
    "country_code": "MX",
    "country": "Mexico"
  },
  {
    "username": "CoreyKent501",
    "followingArtist": "Cher Lloyd",
    "country_code": "IE",
    "country": "Ireland"
  },
  {
    "username": "Michael78909728",
    "followingArtist": "Cher Lloyd",
    "country_code": "US",
    "country": "USA"
  },
  {
    "username": "Rooneey_11",
    "followingArtist": "Cher Lloyd",
    "country_code": "IN",
    "country": "India"
  },
  {
    "username": "joeyaklein1",
    "followingArtist": "Cher Lloyd",
    "country_code": "CD",
    "country": "Democratic Republic of Congo"
  },
  {
    "username": "melissapang7",
    "followingArtist": "Cher Lloyd",
    "country_code": "NZ",
    "country": "New Zealand"
  },
  {
    "username": "Alistairwm",
    "followingArtist": "Cher Lloyd",
    "country_code": "US",
    "country": "USA"
  },
  {
    "username": "officialyanira1",
    "followingArtist": "Cher Lloyd",
    "country_code": "NL",
    "country": "Netherlands"
  },
  {
    "username": "daniellebirchxx",
    "followingArtist": "Cher Lloyd",
    "country_code": "UK",
    "country": "United Kingdom"
  },
  {
    "username": "chellebell1415",
    "followingArtist": "Cher Lloyd",
    "country_code": "UK",
    "country": "United Kingdom"
  },
  {
    "username": "MarshallTiga",
    "followingArtist": "Cher Lloyd",
    "country_code": "US",
    "country": "USA"
  },
  {
    "username": "edelmartinez05",
    "followingArtist": "Cher Lloyd",
    "country_code": "GB",
    "country": "Great Britain"
  },
  {
    "username": "thekingprevails",
    "followingArtist": "Cher Lloyd",
    "country_code": "US",
    "country": "USA"
  },
  {
    "username": "Kayleig16942890",
    "followingArtist": "Cher Lloyd",
    "country_code": "GB",
    "country": "Great Britain"
  },
  {
    "username": "Chrixty06",
    "followingArtist": "Cher Lloyd",
    "country_code": "PH",
    "country": "Philippines"
  },
  {
    "username": "Gizmo_1991_",
    "followingArtist": "Cher Lloyd",
    "country_code": "US",
    "country": "USA"
  },
  {
    "username": "DMR1618",
    "followingArtist": "Cher Lloyd",
    "country_code": "US",
    "country": "USA"
  },
  {
    "username": "JmToshio2",
    "followingArtist": "Cher Lloyd",
    "country_code": "US",
    "country": "USA"
  },
  {
    "username": "kimmmeh_niah",
    "followingArtist": "Cher Lloyd",
    "country_code": "US",
    "country": "USA"
  },
  {
    "username": "julienmelville",
    "followingArtist": "Cher Lloyd",
    "country_code": "US",
    "country": "USA"
  },
  {
    "username": "WaiyanHtut11",
    "followingArtist": "Cher Lloyd",
    "country_code": "MM",
    "country": "Myanmar"
  },
  {
    "username": "Katabgbg",
    "followingArtist": "Cher Lloyd",
    "country_code": "US",
    "country": "USA"
  },
  {
    "username": "Heyjhoe23",
    "followingArtist": "Cher Lloyd",
    "country_code": "PH",
    "country": "Philippines"
  },
  {
    "username": "rickybissett",
    "followingArtist": "Cher Lloyd",
    "country_code": "GB",
    "country": "Great Britain"
  },
  {
    "username": "AllmarkG96",
    "followingArtist": "Cher Lloyd",
    "country_code": "UK",
    "country": "United Kingdom"
  },
  {
    "username": "Akimi98812923",
    "followingArtist": "Cher Lloyd",
    "country_code": "NG",
    "country": "Nigeria"
  },
  {
    "username": "xtian_frondozo",
    "followingArtist": "Cher Lloyd",
    "country_code": "PH",
    "country": "Philippines"
  },
  {
    "username": "Liv_Holland94",
    "followingArtist": "Cher Lloyd",
    "country_code": "US",
    "country": "USA"
  },
  {
    "username": "DelphineBack",
    "followingArtist": "Cher Lloyd",
    "country_code": "CH",
    "country": "Switzerland"
  },
  {
    "username": "DCTOP20",
    "followingArtist": "Cher Lloyd",
    "country_code": "US",
    "country": "USA"
  },
  {
    "username": "BegirlAmanda",
    "followingArtist": "Cher Lloyd",
    "country_code": "BR",
    "country": "Brazil"
  },
  {
    "username": "franciscgaraban",
    "followingArtist": "Cher Lloyd",
    "country_code": "RU",
    "country": "Russian Federation"
  },
  {
    "username": "malyksantiago",
    "followingArtist": "Cher Lloyd",
    "country_code": "NG",
    "country": "Nigeria"
  },
  {
    "username": "O8121127",
    "followingArtist": "Cher Lloyd",
    "country_code": "CA",
    "country": "Canada"
  },
  {
    "username": "ReOo212",
    "followingArtist": "Cher Lloyd",
    "country_code": "US",
    "country": "USA"
  },
  {
    "username": "rosito_berdin",
    "followingArtist": "Cher Lloyd",
    "country_code": "PH",
    "country": "Philippines"
  },
  {
    "username": "miscuatroamore6",
    "followingArtist": "Cher Lloyd",
    "country_code": "US",
    "country": "USA"
  },
  {
    "username": "RamonSa79789549",
    "followingArtist": "Cher Lloyd",
    "country_code": "US",
    "country": "USA"
  },
  {
    "username": "Jossy63483699",
    "followingArtist": "Cher Lloyd",
    "country_code": "US",
    "country": "USA"
  },
  {
    "username": "agosskiara",
    "followingArtist": "Cher Lloyd",
    "country_code": "US",
    "country": "USA"
  },
  {
    "username": "coriconlon16",
    "followingArtist": "Cher Lloyd",
    "country_code": "GB",
    "country": "Great Britain"
  },
  {
    "username": "PopQPariu",
    "followingArtist": "Cher Lloyd",
    "country_code": "BR",
    "country": "Brazil"
  },
  {
    "username": "itsjoshuamiles",
    "followingArtist": "Cher Lloyd",
    "country_code": "US",
    "country": "USA"
  },
  {
    "username": "RosKing11",
    "followingArtist": "Cher Lloyd",
    "country_code": "US",
    "country": "USA"
  },
  {
    "username": "GabrielOmeh",
    "followingArtist": "Cher Lloyd",
    "country_code": "NG",
    "country": "Nigeria"
  },
  {
    "username": "MuneerIbrahe",
    "followingArtist": "Cher Lloyd",
    "country_code": "NG",
    "country": "Nigeria"
  },
  {
    "username": "fuckyoutacobell",
    "followingArtist": "Cher Lloyd",
    "country_code": "NG",
    "country": "Nigeria"
  },
  {
    "username": "goodlukehofc",
    "followingArtist": "Cher Lloyd",
    "country_code": "BR",
    "country": "Brazil"
  },
  {
    "username": "kerrychesh25",
    "followingArtist": "Cher Lloyd",
    "country_code": "GB",
    "country": "Great Britain"
  },
  {
    "username": "xxnicolexx_3",
    "followingArtist": "Cher Lloyd",
    "country_code": "GB",
    "country": "Great Britain"
  },
  {
    "username": "BrodyRoze",
    "followingArtist": "Cher Lloyd",
    "country_code": "JM",
    "country": "Jamaica"
  },
  {
    "username": "abdulkarim_4497",
    "followingArtist": "Cher Lloyd",
    "country_code": "NG",
    "country": "Nigeria"
  },
  {
    "username": "amelia_obrien18",
    "followingArtist": "Cher Lloyd",
    "country_code": "GB",
    "country": "Great Britain"
  },
  {
    "username": "sabinoc10",
    "followingArtist": "Cher Lloyd",
    "country_code": "PA",
    "country": "Panama"
  },
  {
    "username": "williammi9",
    "followingArtist": "Cher Lloyd",
    "country_code": "ES",
    "country": "Spain"
  },
  {
    "username": "LueliMachado",
    "followingArtist": "Cher Lloyd",
    "country_code": "IN",
    "country": "India"
  },
  {
    "username": "Aisha13729073",
    "followingArtist": "Cher Lloyd",
    "country_code": "BR",
    "country": "Brazil"
  },
  {
    "username": "anelis_him",
    "followingArtist": "Cher Lloyd",
    "country_code": "IR",
    "country": "Iran"
  },
  {
    "username": "JJhubzPlayz",
    "followingArtist": "Cher Lloyd",
    "country_code": "US",
    "country": "USA"
  },
  {
    "username": "lyndatait1",
    "followingArtist": "Cher Lloyd",
    "country_code": "UK",
    "country": "United Kingdom"
  },
  {
    "username": "La_Valentinaaa",
    "followingArtist": "Cher Lloyd",
    "country_code": "CA",
    "country": "Canada"
  },
  {
    "username": "HollyMo13456297",
    "followingArtist": "Cher Lloyd",
    "country_code": "GB",
    "country": "Great Britain"
  },
  {
    "username": "Qveen_BLACK",
    "followingArtist": "Cher Lloyd",
    "country_code": "Pennsylvania Furnace Rd",
    "country": "Pennsylvania Furnace Rd"
  },
  {
    "username": "IanWats08802910",
    "followingArtist": "Cher Lloyd",
    "country_code": "UK",
    "country": "United Kingdom"
  },
  {
    "username": "happily_megan",
    "followingArtist": "Cher Lloyd",
    "country_code": "US",
    "country": "USA"
  },
  {
    "username": "PatriciaIosif",
    "followingArtist": "Cher Lloyd",
    "country_code": "RO",
    "country": "Romania"
  },
  {
    "username": "popvistamag",
    "followingArtist": "Cher Lloyd",
    "country_code": "NG",
    "country": "Nigeria"
  },
  {
    "username": "hulksmvsh",
    "followingArtist": "Cher Lloyd",
    "country_code": "IT",
    "country": "Italy"
  },
  {
    "username": "Jppe14",
    "followingArtist": "Cher Lloyd",
    "country_code": "SA",
    "country": "Saudi Arabia"
  },
  {
    "username": "luvmeryte25",
    "followingArtist": "Cher Lloyd",
    "country_code": "US",
    "country": "USA"
  },
  {
    "username": "DewerpeJack",
    "followingArtist": "Cher Lloyd",
    "country_code": "DE",
    "country": "Germany"
  },
  {
    "username": "RyanRogan8",
    "followingArtist": "Cher Lloyd",
    "country_code": "US",
    "country": "USA"
  },
  {
    "username": "willow_bauer",
    "followingArtist": "Cher Lloyd",
    "country_code": "GB",
    "country": "Great Britain"
  },
  {
    "username": "2323_mauriciogr",
    "followingArtist": "Cher Lloyd",
    "country_code": "NL",
    "country": "Netherlands"
  },
  {
    "username": "ShehOliveira",
    "followingArtist": "Cher Lloyd",
    "country_code": "BR",
    "country": "Brazil"
  },
  {
    "username": "KARL__GILBERT",
    "followingArtist": "Cher Lloyd",
    "country_code": "NO",
    "country": "Norway"
  }
]