[
  {
    "username": "LiSA_taketeitei",
    "followingArtist": "SCANDAL",
    "country_code": "JP",
    "country": "Japan"
  },
  {
    "username": "TheRebTsundoku",
    "followingArtist": "SCANDAL",
    "country_code": "BR",
    "country": "Brazil"
  },
  {
    "username": "retroclubs",
    "followingArtist": "SCANDAL",
    "country_code": "IE",
    "country": "Ireland"
  },
  {
    "username": "phoenixsluv",
    "followingArtist": "SCANDAL",
    "country_code": "US",
    "country": "United States"
  },
  {
    "username": "LindiweNcancela",
    "followingArtist": "SCANDAL",
    "country_code": "ZA",
    "country": "South Africa"
  },
  {
    "username": "djniagara",
    "followingArtist": "SCANDAL",
    "country_code": "ID",
    "country": "Indonesia"
  },
  {
    "username": "Wikha_Tak",
    "followingArtist": "SCANDAL",
    "country_code": "ID",
    "country": "Indonesia"
  },
  {
    "username": "196thDay",
    "followingArtist": "SCANDAL",
    "country_code": "US",
    "country": "United States"
  },
  {
    "username": "Nomcebo73790397",
    "followingArtist": "SCANDAL",
    "country_code": "BJ",
    "country": "Benin"
  },
  {
    "username": "siyambo56362384",
    "followingArtist": "SCANDAL",
    "country_code": "ZA",
    "country": "South Africa"
  },
  {
    "username": "phindulo_d",
    "followingArtist": "SCANDAL",
    "country_code": "ZA",
    "country": "South Africa"
  },
  {
    "username": "LolaTho88992200",
    "followingArtist": "SCANDAL",
    "country_code": "US",
    "country": "United States"
  },
  {
    "username": "Hinata05083824",
    "followingArtist": "SCANDAL",
    "country_code": "NZ",
    "country": "New Zealand"
  },
  {
    "username": "Viwe93358704",
    "followingArtist": "SCANDAL",
    "country_code": "BJ",
    "country": "Benin"
  },
  {
    "username": "motorspeednews",
    "followingArtist": "SCANDAL",
    "country_code": "US",
    "country": "United States"
  },
  {
    "username": "QhawekaziManaga",
    "followingArtist": "SCANDAL",
    "country_code": "BJ",
    "country": "Benin"
  },
  {
    "username": "FedericoBolcato",
    "followingArtist": "SCANDAL",
    "country_code": "IT",
    "country": "Italy"
  },
  {
    "username": "shibitovs",
    "followingArtist": "SCANDAL",
    "country_code": "US",
    "country": "United States"
  },
  {
    "username": "LFConsultingLt1",
    "followingArtist": "SCANDAL",
    "country_code": "US",
    "country": "United States"
  },
  {
    "username": "ThokoNkosi10",
    "followingArtist": "SCANDAL",
    "country_code": "ZA",
    "country": "South Africa"
  },
  {
    "username": "keeponthetop",
    "followingArtist": "SCANDAL",
    "country_code": "PH",
    "country": "Philippines"
  },
  {
    "username": "x10969VIP",
    "followingArtist": "SCANDAL",
    "country_code": "IT",
    "country": "Italy"
  },
  {
    "username": "Minirizu",
    "followingArtist": "SCANDAL",
    "country_code": "US",
    "country": "United States"
  },
  {
    "username": "ReneRodrigo19",
    "followingArtist": "SCANDAL",
    "country_code": "PH",
    "country": "Philippines"
  },
  {
    "username": "ThrmIrdmDysprsm",
    "followingArtist": "SCANDAL",
    "country_code": "TL",
    "country": "TL"
  },
  {
    "username": "GwapaBan",
    "followingArtist": "SCANDAL",
    "country_code": "PH",
    "country": "Philippines"
  },
  {
    "username": "Qadeerkamboh",
    "followingArtist": "SCANDAL",
    "country_code": "PK",
    "country": "Pakistan"
  },
  {
    "username": "OropezaAllan",
    "followingArtist": "SCANDAL",
    "country_code": "US",
    "country": "United States"
  },
  {
    "username": "remrem53757272",
    "followingArtist": "SCANDAL",
    "country_code": "US",
    "country": "United States"
  },
  {
    "username": "Spaceberg",
    "followingArtist": "SCANDAL",
    "country_code": "BR",
    "country": "Brazil"
  },
  {
    "username": "romuloM92",
    "followingArtist": "SCANDAL",
    "country_code": "EC",
    "country": "Ecuador"
  },
  {
    "username": "CarefreeCosplay",
    "followingArtist": "SCANDAL",
    "country_code": "US",
    "country": "United States"
  },
  {
    "username": "RayStratos",
    "followingArtist": "SCANDAL",
    "country_code": "US",
    "country": "United States"
  },
  {
    "username": "MiriamGaspar12",
    "followingArtist": "SCANDAL",
    "country_code": "MX",
    "country": "Mexico"
  },
  {
    "username": "denis_joel7",
    "followingArtist": "SCANDAL",
    "country_code": "US",
    "country": "United States"
  },
  {
    "username": "rafaluna_os",
    "followingArtist": "SCANDAL",
    "country_code": "MX",
    "country": "Mexico"
  },
  {
    "username": "robertilustrac1",
    "followingArtist": "SCANDAL",
    "country_code": "PH",
    "country": "Philippines"
  },
  {
    "username": "joharukista",
    "followingArtist": "SCANDAL",
    "country_code": "PT",
    "country": "Portugal"
  },
  {
    "username": "IsaBakar8",
    "followingArtist": "SCANDAL",
    "country_code": "MY",
    "country": "Malaysia"
  },
  {
    "username": "PHILLIPUSMATSO2",
    "followingArtist": "SCANDAL",
    "country_code": "BW",
    "country": "Botswana"
  },
  {
    "username": "LMatthew033",
    "followingArtist": "SCANDAL",
    "country_code": "AU",
    "country": "Australia"
  },
  {
    "username": "LPaladinesJPN",
    "followingArtist": "SCANDAL",
    "country_code": "GB",
    "country": "Scotland"
  },
  {
    "username": "actuallyisriny",
    "followingArtist": "SCANDAL",
    "country_code": "US",
    "country": "United States"
  },
  {
    "username": "MJSeepamore5",
    "followingArtist": "SCANDAL",
    "country_code": "BJ",
    "country": "Benin"
  },
  {
    "username": "Iwant5728",
    "followingArtist": "SCANDAL",
    "country_code": "US",
    "country": "United States"
  },
  {
    "username": "BBHMyLight04",
    "followingArtist": "SCANDAL",
    "country_code": "PH",
    "country": "Philippines"
  },
  {
    "username": "PuzzoMolto",
    "followingArtist": "SCANDAL",
    "country_code": "N Oklahoma",
    "country": "N Oklahoma"
  },
  {
    "username": "p4thom______m",
    "followingArtist": "SCANDAL",
    "country_code": "NO",
    "country": "Norway"
  },
  {
    "username": "CkeylaMorales",
    "followingArtist": "SCANDAL",
    "country_code": "MX",
    "country": "Mexico"
  },
  {
    "username": "Unte1u",
    "followingArtist": "SCANDAL",
    "country_code": "IE",
    "country": "Ireland"
  },
  {
    "username": "HayatoKagura",
    "followingArtist": "SCANDAL",
    "country_code": "JP",
    "country": "Japan"
  },
  {
    "username": "kukoretoverto",
    "followingArtist": "SCANDAL",
    "country_code": "ID",
    "country": "Indonesia"
  },
  {
    "username": "aikoookun",
    "followingArtist": "SCANDAL",
    "country_code": "ID",
    "country": "Indonesia"
  },
  {
    "username": "ayaka112131",
    "followingArtist": "SCANDAL",
    "country_code": "US",
    "country": "USA"
  },
  {
    "username": "alexpajii",
    "followingArtist": "SCANDAL",
    "country_code": "ID",
    "country": "Indonesia"
  },
  {
    "username": "juanpegasus",
    "followingArtist": "SCANDAL",
    "country_code": "GH",
    "country": "Ghana"
  },
  {
    "username": "HeNarIch",
    "followingArtist": "SCANDAL",
    "country_code": "ES",
    "country": "Spain"
  },
  {
    "username": "DanielMacedo01",
    "followingArtist": "SCANDAL",
    "country_code": "MX",
    "country": "Mexico"
  },
  {
    "username": "UnTalFer666",
    "followingArtist": "SCANDAL",
    "country_code": "MX",
    "country": "Mexico"
  },
  {
    "username": "bray_pena",
    "followingArtist": "SCANDAL",
    "country_code": "MX",
    "country": "Mexico"
  },
  {
    "username": "e__lote",
    "followingArtist": "SCANDAL",
    "country_code": "MA",
    "country": "Morocco"
  },
  {
    "username": "Tae_Rocio1",
    "followingArtist": "SCANDAL",
    "country_code": "MX",
    "country": "Mexico"
  },
  {
    "username": "roses_are_rose_",
    "followingArtist": "SCANDAL",
    "country_code": "CL",
    "country": "Chile"
  },
  {
    "username": "ZamzamAlias",
    "followingArtist": "SCANDAL",
    "country_code": "SI",
    "country": "Slovenia"
  },
  {
    "username": "CYaRonBiBi9028",
    "followingArtist": "SCANDAL",
    "country_code": "MX",
    "country": "Mexico"
  },
  {
    "username": "pablsXD",
    "followingArtist": "SCANDAL",
    "country_code": "US",
    "country": "USA"
  },
  {
    "username": "Sjeckem",
    "followingArtist": "SCANDAL",
    "country_code": "PH",
    "country": "Philippines"
  },
  {
    "username": "KatFer_DE",
    "followingArtist": "SCANDAL",
    "country_code": "UK",
    "country": "United Kingdom"
  },
  {
    "username": "orbithope",
    "followingArtist": "SCANDAL",
    "country_code": "SK",
    "country": "Slovak Republic"
  },
  {
    "username": "Likeyyoongi",
    "followingArtist": "SCANDAL",
    "country_code": "CR",
    "country": "Costa Rica"
  },
  {
    "username": "PacoHdz41752",
    "followingArtist": "SCANDAL",
    "country_code": "MX",
    "country": "Mexico"
  },
  {
    "username": "chiahungliu",
    "followingArtist": "SCANDAL",
    "country_code": "US",
    "country": "USA"
  },
  {
    "username": "RazielJamesS",
    "followingArtist": "SCANDAL",
    "country_code": "MX",
    "country": "Mexico"
  },
  {
    "username": "Redhunter2004",
    "followingArtist": "SCANDAL",
    "country_code": "US",
    "country": "USA"
  },
  {
    "username": "Lux9210",
    "followingArtist": "SCANDAL",
    "country_code": "US",
    "country": "USA"
  },
  {
    "username": "chio7k",
    "followingArtist": "SCANDAL",
    "country_code": "MX",
    "country": "Mexico"
  },
  {
    "username": "VictorO21302004",
    "followingArtist": "SCANDAL",
    "country_code": "US",
    "country": "USA"
  },
  {
    "username": "JesusSplit",
    "followingArtist": "SCANDAL",
    "country_code": "PE",
    "country": "Peru"
  },
  {
    "username": "dogma_keehl",
    "followingArtist": "SCANDAL",
    "country_code": "FR",
    "country": "France"
  },
  {
    "username": "arnoldwastaken",
    "followingArtist": "SCANDAL",
    "country_code": "US",
    "country": "USA"
  },
  {
    "username": "alexsuriray",
    "followingArtist": "SCANDAL",
    "country_code": "US",
    "country": "USA"
  },
  {
    "username": "schotty68",
    "followingArtist": "SCANDAL",
    "country_code": "US",
    "country": "USA"
  },
  {
    "username": "karen90159754",
    "followingArtist": "SCANDAL",
    "country_code": "MX",
    "country": "Mexico"
  },
  {
    "username": "KitsunaRi",
    "followingArtist": "SCANDAL",
    "country_code": "BR",
    "country": "Brazil"
  },
  {
    "username": "takumin12231",
    "followingArtist": "SCANDAL",
    "country_code": "CF",
    "country": "Central African Republic"
  },
  {
    "username": "DonteGary2",
    "followingArtist": "SCANDAL",
    "country_code": "UK",
    "country": "United Kingdom"
  },
  {
    "username": "Ura_Faust",
    "followingArtist": "SCANDAL",
    "country_code": "PH",
    "country": "Philippines"
  },
  {
    "username": "_jonnhyrock_",
    "followingArtist": "SCANDAL",
    "country_code": "CO",
    "country": "Colombia"
  },
  {
    "username": "valen_SAYONARA",
    "followingArtist": "SCANDAL",
    "country_code": "US",
    "country": "USA"
  },
  {
    "username": "syfqimrnnn",
    "followingArtist": "SCANDAL",
    "country_code": "ID",
    "country": "Indonesia"
  },
  {
    "username": "matcha0317",
    "followingArtist": "SCANDAL",
    "country_code": "NG",
    "country": "Nigeria"
  },
  {
    "username": "MunyexGMajange",
    "followingArtist": "SCANDAL",
    "country_code": "ZW",
    "country": "Zimbabwe"
  },
  {
    "username": "deyannova",
    "followingArtist": "SCANDAL",
    "country_code": "MX",
    "country": "Mexico"
  },
  {
    "username": "chinoRPG",
    "followingArtist": "SCANDAL",
    "country_code": "MX",
    "country": "Mexico"
  },
  {
    "username": "emanuerusan2",
    "followingArtist": "SCANDAL",
    "country_code": "US",
    "country": "USA"
  },
  {
    "username": "UselessAI",
    "followingArtist": "SCANDAL",
    "country_code": "NG",
    "country": "Nigeria"
  },
  {
    "username": "Alekselgato",
    "followingArtist": "SCANDAL",
    "country_code": "MX",
    "country": "Mexico"
  },
  {
    "username": "krn_gzz",
    "followingArtist": "SCANDAL",
    "country_code": "MX",
    "country": "Mexico"
  },
  {
    "username": "VINYLgroovee",
    "followingArtist": "SCANDAL",
    "country_code": "KR",
    "country": "South Korea"
  },
  {
    "username": "Chaff129",
    "followingArtist": "SCANDAL",
    "country_code": "CA",
    "country": "Canada"
  },
  {
    "username": "Angel_sanMX",
    "followingArtist": "SCANDAL",
    "country_code": "MX",
    "country": "Mexico"
  },
  {
    "username": "katsumaru69",
    "followingArtist": "SCANDAL",
    "country_code": "JP",
    "country": "Japan"
  },
  {
    "username": "ryuga11997",
    "followingArtist": "SCANDAL",
    "country_code": "US",
    "country": "USA"
  },
  {
    "username": "MatsJara",
    "followingArtist": "SCANDAL",
    "country_code": "JP",
    "country": "Japan"
  },
  {
    "username": "tabeya48",
    "followingArtist": "SCANDAL",
    "country_code": "CU",
    "country": "Cuba"
  },
  {
    "username": "BTrapse",
    "followingArtist": "SCANDAL",
    "country_code": "US",
    "country": "USA"
  },
  {
    "username": "tinxgrrl",
    "followingArtist": "SCANDAL",
    "country_code": "US",
    "country": "USA"
  },
  {
    "username": "G19553",
    "followingArtist": "SCANDAL",
    "country_code": "TH",
    "country": "Thailand"
  },
  {
    "username": "4lfS3n",
    "followingArtist": "SCANDAL",
    "country_code": "NO",
    "country": "Norway"
  },
  {
    "username": "Grecia_hgy",
    "followingArtist": "SCANDAL",
    "country_code": "MX",
    "country": "Mexico"
  },
  {
    "username": "TSKxParzival",
    "followingArtist": "SCANDAL",
    "country_code": "MX",
    "country": "Mexico"
  },
  {
    "username": "CarlosL08009197",
    "followingArtist": "SCANDAL",
    "country_code": "MX",
    "country": "Mexico"
  },
  {
    "username": "HYO_GO",
    "followingArtist": "SCANDAL",
    "country_code": "JP",
    "country": "Japan"
  },
  {
    "username": "IshimaruMaku",
    "followingArtist": "SCANDAL",
    "country_code": "US",
    "country": "USA"
  },
  {
    "username": "mayte_kpoper",
    "followingArtist": "SCANDAL",
    "country_code": "KR",
    "country": "South Korea"
  },
  {
    "username": "nersean4",
    "followingArtist": "SCANDAL",
    "country_code": "US",
    "country": "USA"
  },
  {
    "username": "donka36",
    "followingArtist": "SCANDAL",
    "country_code": "US",
    "country": "USA"
  },
  {
    "username": "DavidSlash90",
    "followingArtist": "SCANDAL",
    "country_code": "ES",
    "country": "Spain"
  },
  {
    "username": "AlinePonce97",
    "followingArtist": "SCANDAL",
    "country_code": "MX",
    "country": "Mexico"
  },
  {
    "username": "afrobles86",
    "followingArtist": "SCANDAL",
    "country_code": "RS",
    "country": "Serbia"
  },
  {
    "username": "Jordan95M",
    "followingArtist": "SCANDAL",
    "country_code": "US",
    "country": "USA"
  },
  {
    "username": "BionicBuzz",
    "followingArtist": "SCANDAL",
    "country_code": "California City Blvd",
    "country": "California City Blvd"
  },
  {
    "username": "RUGU6767",
    "followingArtist": "SCANDAL",
    "country_code": "California City Blvd",
    "country": "California City Blvd"
  },
  {
    "username": "sani_tear",
    "followingArtist": "SCANDAL",
    "country_code": "TR",
    "country": "Turkey"
  },
  {
    "username": "Alex18_06",
    "followingArtist": "SCANDAL",
    "country_code": "MX",
    "country": "Mexico"
  },
  {
    "username": "Angel61780495",
    "followingArtist": "SCANDAL",
    "country_code": "BJ",
    "country": "Benin"
  },
  {
    "username": "funny1gamer",
    "followingArtist": "SCANDAL",
    "country_code": "IT",
    "country": "Italy"
  },
  {
    "username": "moshimoshidesu_",
    "followingArtist": "SCANDAL",
    "country_code": "FR",
    "country": "France"
  },
  {
    "username": "NicoOrange272",
    "followingArtist": "SCANDAL",
    "country_code": "California City Blvd",
    "country": "California City Blvd"
  },
  {
    "username": "synyster49",
    "followingArtist": "SCANDAL",
    "country_code": "US",
    "country": "USA"
  },
  {
    "username": "NickWoodman6",
    "followingArtist": "SCANDAL",
    "country_code": "TR",
    "country": "Turkey"
  },
  {
    "username": "FerrisB1",
    "followingArtist": "SCANDAL",
    "country_code": "US",
    "country": "USA"
  },
  {
    "username": "twitchykun",
    "followingArtist": "SCANDAL",
    "country_code": "US",
    "country": "USA"
  },
  {
    "username": "Rama_Isya27",
    "followingArtist": "SCANDAL",
    "country_code": "ID",
    "country": "Indonesia"
  },
  {
    "username": "lowkeyfoxy",
    "followingArtist": "SCANDAL",
    "country_code": "US",
    "country": "USA"
  },
  {
    "username": "Mockingjacks_",
    "followingArtist": "SCANDAL",
    "country_code": "US",
    "country": "USA"
  },
  {
    "username": "h2218k",
    "followingArtist": "SCANDAL",
    "country_code": "Hawi Rd",
    "country": "Hawi Rd"
  },
  {
    "username": "dlaine26",
    "followingArtist": "SCANDAL",
    "country_code": "US",
    "country": "USA"
  },
  {
    "username": "DeleelaVersace",
    "followingArtist": "SCANDAL",
    "country_code": "US",
    "country": "USA"
  },
  {
    "username": "agungexa_",
    "followingArtist": "SCANDAL",
    "country_code": "ID",
    "country": "Indonesia"
  },
  {
    "username": "ozzR_",
    "followingArtist": "SCANDAL",
    "country_code": "FR",
    "country": "France"
  },
  {
    "username": "pangkatssatu",
    "followingArtist": "SCANDAL",
    "country_code": "ID",
    "country": "Indonesia"
  },
  {
    "username": "Marowowe",
    "followingArtist": "SCANDAL",
    "country_code": "NG",
    "country": "Nigeria"
  },
  {
    "username": "tbangmt",
    "followingArtist": "SCANDAL",
    "country_code": "ZA",
    "country": "South Africa"
  },
  {
    "username": "_XDNINJA_",
    "followingArtist": "SCANDAL",
    "country_code": "US",
    "country": "USA"
  },
  {
    "username": "taip1chan",
    "followingArtist": "SCANDAL",
    "country_code": "JP",
    "country": "Japan"
  },
  {
    "username": "dargo01",
    "followingArtist": "SCANDAL",
    "country_code": "BJ",
    "country": "Benin"
  },
  {
    "username": "golden_child_mv",
    "followingArtist": "SCANDAL",
    "country_code": "JP",
    "country": "Japan"
  },
  {
    "username": "MgelGel2",
    "followingArtist": "SCANDAL",
    "country_code": "PH",
    "country": "Philippines"
  },
  {
    "username": "KarlennDavila",
    "followingArtist": "SCANDAL",
    "country_code": "MX",
    "country": "Mexico"
  },
  {
    "username": "Noloyis18397459",
    "followingArtist": "SCANDAL",
    "country_code": "ZA",
    "country": "South Africa"
  },
  {
    "username": "Another42432942",
    "followingArtist": "SCANDAL",
    "country_code": "TH",
    "country": "Thailand"
  },
  {
    "username": "QuehacerenNL",
    "followingArtist": "SCANDAL",
    "country_code": "MX",
    "country": "Mexico"
  },
  {
    "username": "MAN_abek",
    "followingArtist": "SCANDAL",
    "country_code": "JP",
    "country": "Japan"
  },
  {
    "username": "dbdafresh",
    "followingArtist": "SCANDAL",
    "country_code": "AU",
    "country": "Australia"
  },
  {
    "username": "HFiRouEbQxiyl4o",
    "followingArtist": "SCANDAL",
    "country_code": "US",
    "country": "USA"
  },
  {
    "username": "Mitsuki25707448",
    "followingArtist": "SCANDAL",
    "country_code": "MN",
    "country": "Mongolia"
  },
  {
    "username": "DavidSsandman",
    "followingArtist": "SCANDAL",
    "country_code": "N Oklahoma",
    "country": "N Oklahoma"
  },
  {
    "username": "hectormiguelol3",
    "followingArtist": "SCANDAL",
    "country_code": "MX",
    "country": "Mexico"
  },
  {
    "username": "javierashell",
    "followingArtist": "SCANDAL",
    "country_code": "ES",
    "country": "Spain"
  },
  {
    "username": "Alcatraz2525",
    "followingArtist": "SCANDAL",
    "country_code": "BR",
    "country": "Brazil"
  },
  {
    "username": "rhodyownsthis",
    "followingArtist": "SCANDAL",
    "country_code": "TD",
    "country": "Chad"
  },
  {
    "username": "Nicolesmundo28",
    "followingArtist": "SCANDAL",
    "country_code": "BR",
    "country": "Brazil"
  },
  {
    "username": "MrBoobo",
    "followingArtist": "SCANDAL",
    "country_code": "US",
    "country": "USA"
  },
  {
    "username": "AdairVieira01",
    "followingArtist": "SCANDAL",
    "country_code": "US",
    "country": "USA"
  },
  {
    "username": "_Miguellara1",
    "followingArtist": "SCANDAL",
    "country_code": "US",
    "country": "USA"
  },
  {
    "username": "92Haruka",
    "followingArtist": "SCANDAL",
    "country_code": "IT",
    "country": "Italy"
  },
  {
    "username": "mementomori1927",
    "followingArtist": "SCANDAL",
    "country_code": "TW",
    "country": "Taiwan"
  },
  {
    "username": "MRFOXZY_cat",
    "followingArtist": "SCANDAL",
    "country_code": "US",
    "country": "USA"
  },
  {
    "username": "darkofmano",
    "followingArtist": "SCANDAL",
    "country_code": "BR",
    "country": "Brazil"
  },
  {
    "username": "RanMiya_SF",
    "followingArtist": "SCANDAL",
    "country_code": "US",
    "country": "USA"
  },
  {
    "username": "sajieekenet",
    "followingArtist": "SCANDAL",
    "country_code": "ES",
    "country": "Spain"
  },
  {
    "username": "RittaKelly",
    "followingArtist": "SCANDAL",
    "country_code": "NG",
    "country": "Nigeria"
  },
  {
    "username": "JvoFl",
    "followingArtist": "SCANDAL",
    "country_code": "MX",
    "country": "Mexico"
  },
  {
    "username": "NROOO6",
    "followingArtist": "SCANDAL",
    "country_code": "US",
    "country": "USA"
  },
  {
    "username": "NateShoffner",
    "followingArtist": "SCANDAL",
    "country_code": "US",
    "country": "USA"
  },
  {
    "username": "saber_anima",
    "followingArtist": "SCANDAL",
    "country_code": "US",
    "country": "USA"
  },
  {
    "username": "PutraDirga6",
    "followingArtist": "SCANDAL",
    "country_code": "IN",
    "country": "India"
  },
  {
    "username": "Martin_MataG",
    "followingArtist": "SCANDAL",
    "country_code": "MX",
    "country": "Mexico"
  },
  {
    "username": "cortesmanrique4",
    "followingArtist": "SCANDAL",
    "country_code": "BR",
    "country": "Brazil"
  },
  {
    "username": "xkzrnxx",
    "followingArtist": "SCANDAL",
    "country_code": "CA",
    "country": "Canada"
  },
  {
    "username": "RegencyBallroom",
    "followingArtist": "SCANDAL",
    "country_code": "US",
    "country": "USA"
  },
  {
    "username": "EddyGar34411293",
    "followingArtist": "SCANDAL",
    "country_code": "PH",
    "country": "Philippines"
  },
  {
    "username": "juniorlink23",
    "followingArtist": "SCANDAL",
    "country_code": "BR",
    "country": "Brazil"
  },
  {
    "username": "h4n4b4t4",
    "followingArtist": "SCANDAL",
    "country_code": "US",
    "country": "USA"
  },
  {
    "username": "MphoMot75807638",
    "followingArtist": "SCANDAL",
    "country_code": "ZA",
    "country": "South Africa"
  },
  {
    "username": "akirakairen",
    "followingArtist": "SCANDAL",
    "country_code": "IT",
    "country": "Italy"
  },
  {
    "username": "nkosi_4254",
    "followingArtist": "SCANDAL",
    "country_code": "ZA",
    "country": "South Africa"
  },
  {
    "username": "dNxPG44OPkVfRsY",
    "followingArtist": "SCANDAL",
    "country_code": "JP",
    "country": "Japan"
  },
  {
    "username": "AlexiaPontinenV",
    "followingArtist": "SCANDAL",
    "country_code": "US",
    "country": "USA"
  },
  {
    "username": "AlisaAlotaibi",
    "followingArtist": "SCANDAL",
    "country_code": "SA",
    "country": "Saudi Arabia"
  },
  {
    "username": "_AWESOME1_ONE",
    "followingArtist": "SCANDAL",
    "country_code": "US",
    "country": "USA"
  },
  {
    "username": "9ZzLulJu105AWG4",
    "followingArtist": "SCANDAL",
    "country_code": "US",
    "country": "USA"
  },
  {
    "username": "EdLArc",
    "followingArtist": "SCANDAL",
    "country_code": "MX",
    "country": "Mexico"
  },
  {
    "username": "ynsrxwwkkk__28",
    "followingArtist": "SCANDAL",
    "country_code": "JP",
    "country": "Japan"
  },
  {
    "username": "Inocenc46652529",
    "followingArtist": "SCANDAL",
    "country_code": "PH",
    "country": "Philippines"
  },
  {
    "username": "rifkyawalulhuda",
    "followingArtist": "SCANDAL",
    "country_code": "ID",
    "country": "Indonesia"
  },
  {
    "username": "chefzillla",
    "followingArtist": "SCANDAL",
    "country_code": "US",
    "country": "USA"
  },
  {
    "username": "WesJSheffield65",
    "followingArtist": "SCANDAL",
    "country_code": "US",
    "country": "USA"
  },
  {
    "username": "Fogun_",
    "followingArtist": "SCANDAL",
    "country_code": "US",
    "country": "USA"
  },
  {
    "username": "princeleon",
    "followingArtist": "SCANDAL",
    "country_code": "BR",
    "country": "Brazil"
  },
  {
    "username": "Jorge_Yoko",
    "followingArtist": "SCANDAL",
    "country_code": "MX",
    "country": "Mexico"
  },
  {
    "username": "Impregnator",
    "followingArtist": "SCANDAL",
    "country_code": "US",
    "country": "USA"
  },
  {
    "username": "LPockets",
    "followingArtist": "SCANDAL",
    "country_code": "US",
    "country": "USA"
  },
  {
    "username": "marjocarpenter",
    "followingArtist": "SCANDAL",
    "country_code": "Pennsylvania Furnace Rd",
    "country": "Pennsylvania Furnace Rd"
  },
  {
    "username": "JeterChou",
    "followingArtist": "SCANDAL",
    "country_code": "TW",
    "country": "Taiwan"
  },
  {
    "username": "the_chobwoggler",
    "followingArtist": "SCANDAL",
    "country_code": "BJ",
    "country": "Benin"
  },
  {
    "username": "allyfhia93",
    "followingArtist": "SCANDAL",
    "country_code": "ID",
    "country": "Indonesia"
  },
  {
    "username": "yokohamanoojisa",
    "followingArtist": "SCANDAL",
    "country_code": "JP",
    "country": "Japan"
  },
  {
    "username": "MendozaPito",
    "followingArtist": "SCANDAL",
    "country_code": "CR",
    "country": "Costa Rica"
  },
  {
    "username": "Kiri13346268",
    "followingArtist": "SCANDAL",
    "country_code": "JP",
    "country": "Japan"
  },
  {
    "username": "motobvu",
    "followingArtist": "SCANDAL",
    "country_code": "ZA",
    "country": "South Africa"
  },
  {
    "username": "w1teens",
    "followingArtist": "SCANDAL",
    "country_code": "UG",
    "country": "Uganda"
  },
  {
    "username": "JeffRedmon8",
    "followingArtist": "SCANDAL",
    "country_code": "US",
    "country": "USA"
  },
  {
    "username": "mdaroff",
    "followingArtist": "SCANDAL",
    "country_code": "US",
    "country": "USA"
  },
  {
    "username": "Sunday11092",
    "followingArtist": "SCANDAL",
    "country_code": "DK",
    "country": "Denmark"
  },
  {
    "username": "moore_mabe",
    "followingArtist": "SCANDAL",
    "country_code": "ZA",
    "country": "South Africa"
  },
  {
    "username": "SEBASclemens",
    "followingArtist": "SCANDAL",
    "country_code": "MX",
    "country": "Mexico"
  },
  {
    "username": "104_181570",
    "followingArtist": "SCANDAL",
    "country_code": "PH",
    "country": "Philippines"
  },
  {
    "username": "Yukiyah5",
    "followingArtist": "SCANDAL",
    "country_code": "PH",
    "country": "Philippines"
  },
  {
    "username": "TerryKiraDuo",
    "followingArtist": "SCANDAL",
    "country_code": "DK",
    "country": "Denmark"
  },
  {
    "username": "bulkretriever1",
    "followingArtist": "SCANDAL",
    "country_code": "MX",
    "country": "Mexico"
  },
  {
    "username": "semaketso",
    "followingArtist": "SCANDAL",
    "country_code": "ZA",
    "country": "South Africa"
  },
  {
    "username": "atriiia",
    "followingArtist": "SCANDAL",
    "country_code": "US",
    "country": "USA"
  },
  {
    "username": "yip_ash",
    "followingArtist": "SCANDAL",
    "country_code": "DK",
    "country": "Denmark"
  },
  {
    "username": "KokokaraZaka",
    "followingArtist": "SCANDAL",
    "country_code": "US",
    "country": "USA"
  },
  {
    "username": "IRAIN11FINE",
    "followingArtist": "SCANDAL",
    "country_code": "BR",
    "country": "Brazil"
  },
  {
    "username": "KeyrkoParawhore",
    "followingArtist": "SCANDAL",
    "country_code": "US",
    "country": "USA"
  },
  {
    "username": "Lindoku64837533",
    "followingArtist": "SCANDAL",
    "country_code": "ZA",
    "country": "South Africa"
  },
  {
    "username": "MelzinhaCookie",
    "followingArtist": "SCANDAL",
    "country_code": "PT",
    "country": "Portugal"
  },
  {
    "username": "cx3_kerokero",
    "followingArtist": "SCANDAL",
    "country_code": "JP",
    "country": "Japan"
  },
  {
    "username": "NtintiM",
    "followingArtist": "SCANDAL",
    "country_code": "ZA",
    "country": "South Africa"
  },
  {
    "username": "israel_t23",
    "followingArtist": "SCANDAL",
    "country_code": "MX",
    "country": "Mexico"
  },
  {
    "username": "NokukhanyaMngw2",
    "followingArtist": "SCANDAL",
    "country_code": "ZA",
    "country": "South Africa"
  },
  {
    "username": "ninty901875",
    "followingArtist": "SCANDAL",
    "country_code": "TW",
    "country": "Taiwan"
  },
  {
    "username": "keiki0702",
    "followingArtist": "SCANDAL",
    "country_code": "MW",
    "country": "Malawi"
  },
  {
    "username": "CRISP90556574",
    "followingArtist": "SCANDAL",
    "country_code": "CZ",
    "country": "Czech Republic"
  },
  {
    "username": "SantanaVCF",
    "followingArtist": "SCANDAL",
    "country_code": "JP",
    "country": "Japan"
  },
  {
    "username": "hizu8nb",
    "followingArtist": "SCANDAL",
    "country_code": "EE",
    "country": "Estonia"
  },
  {
    "username": "_Rei_3nb",
    "followingArtist": "SCANDAL",
    "country_code": "EE",
    "country": "Estonia"
  },
  {
    "username": "Susanta8777",
    "followingArtist": "SCANDAL",
    "country_code": "NP",
    "country": "Nepal"
  },
  {
    "username": "Danny_Tropical",
    "followingArtist": "SCANDAL",
    "country_code": "MX",
    "country": "Mexico"
  },
  {
    "username": "hidekikimura",
    "followingArtist": "SCANDAL",
    "country_code": "JP",
    "country": "Japan"
  },
  {
    "username": "dk64273184",
    "followingArtist": "SCANDAL",
    "country_code": "ZA",
    "country": "South Africa"
  },
  {
    "username": "felie_leela",
    "followingArtist": "SCANDAL",
    "country_code": "US",
    "country": "USA"
  },
  {
    "username": "ArnoldDuran14",
    "followingArtist": "SCANDAL",
    "country_code": "US",
    "country": "USA"
  },
  {
    "username": "KSURaeRae",
    "followingArtist": "SCANDAL",
    "country_code": "US",
    "country": "USA"
  },
  {
    "username": "nixi_hime",
    "followingArtist": "SCANDAL",
    "country_code": "GB",
    "country": "Great Britain"
  },
  {
    "username": "WSupapot",
    "followingArtist": "SCANDAL",
    "country_code": "TH",
    "country": "Thailand"
  },
  {
    "username": "TEFELLO5",
    "followingArtist": "SCANDAL",
    "country_code": "ZA",
    "country": "South Africa"
  },
  {
    "username": "Muu72130864",
    "followingArtist": "SCANDAL",
    "country_code": "ID",
    "country": "Indonesia"
  },
  {
    "username": "MbalentleDyant1",
    "followingArtist": "SCANDAL",
    "country_code": "IT",
    "country": "Italy"
  },
  {
    "username": "Kopamotse3",
    "followingArtist": "SCANDAL",
    "country_code": "ZA",
    "country": "South Africa"
  },
  {
    "username": "StuartBrinker",
    "followingArtist": "SCANDAL",
    "country_code": "AU",
    "country": "Australia"
  },
  {
    "username": "Thato39719048",
    "followingArtist": "SCANDAL",
    "country_code": "ZA",
    "country": "South Africa"
  },
  {
    "username": "Ntandor10",
    "followingArtist": "SCANDAL",
    "country_code": "ZA",
    "country": "South Africa"
  },
  {
    "username": "Lovedal77387721",
    "followingArtist": "SCANDAL",
    "country_code": "ZA",
    "country": "South Africa"
  },
  {
    "username": "neninunanano",
    "followingArtist": "SCANDAL",
    "country_code": "AU",
    "country": "Australia"
  },
  {
    "username": "LotterPr",
    "followingArtist": "SCANDAL",
    "country_code": "TH",
    "country": "Thailand"
  },
  {
    "username": "DragonXscythe",
    "followingArtist": "SCANDAL",
    "country_code": "TZ",
    "country": "Tanzania"
  },
  {
    "username": "fy_0422",
    "followingArtist": "SCANDAL",
    "country_code": "CA",
    "country": "Canada"
  },
  {
    "username": "Arkaan59339451",
    "followingArtist": "SCANDAL",
    "country_code": "AU",
    "country": "Australia"
  },
  {
    "username": "Wynwynmorales6",
    "followingArtist": "SCANDAL",
    "country_code": "US",
    "country": "USA"
  },
  {
    "username": "Baphelo1",
    "followingArtist": "SCANDAL",
    "country_code": "NP",
    "country": "Nepal"
  },
  {
    "username": "MphoVinjwa",
    "followingArtist": "SCANDAL",
    "country_code": "BJ",
    "country": "Benin"
  },
  {
    "username": "Cma52570396",
    "followingArtist": "SCANDAL",
    "country_code": "ZA",
    "country": "South Africa"
  },
  {
    "username": "DstEntrtainmnt",
    "followingArtist": "SCANDAL",
    "country_code": "US",
    "country": "USA"
  },
  {
    "username": "SamuraiJoeMusic",
    "followingArtist": "SCANDAL",
    "country_code": "GH",
    "country": "Ghana"
  },
  {
    "username": "SasazakiHarii",
    "followingArtist": "SCANDAL",
    "country_code": "PH",
    "country": "Philippines"
  },
  {
    "username": "jiminicazz",
    "followingArtist": "SCANDAL",
    "country_code": "US",
    "country": "USA"
  },
  {
    "username": "sca_kz13",
    "followingArtist": "SCANDAL",
    "country_code": "JP",
    "country": "Japan"
  },
  {
    "username": "duadadada",
    "followingArtist": "SCANDAL",
    "country_code": "KR",
    "country": "South Korea"
  },
  {
    "username": "JoanneCamarce",
    "followingArtist": "SCANDAL",
    "country_code": "US",
    "country": "USA"
  },
  {
    "username": "0707hot",
    "followingArtist": "SCANDAL",
    "country_code": "JP",
    "country": "Japan"
  },
  {
    "username": "_highlight_1998",
    "followingArtist": "SCANDAL",
    "country_code": "JP",
    "country": "Japan"
  },
  {
    "username": "Angelinahmolel2",
    "followingArtist": "SCANDAL",
    "country_code": "ZA",
    "country": "South Africa"
  },
  {
    "username": "nico_jara1",
    "followingArtist": "SCANDAL",
    "country_code": "CL",
    "country": "Chile"
  },
  {
    "username": "JRadipanana",
    "followingArtist": "SCANDAL",
    "country_code": "ZA",
    "country": "South Africa"
  },
  {
    "username": "ThlenxH",
    "followingArtist": "SCANDAL",
    "country_code": "CL",
    "country": "Chile"
  },
  {
    "username": "zerochuck",
    "followingArtist": "SCANDAL",
    "country_code": "US",
    "country": "USA"
  },
  {
    "username": "_Lucas7__",
    "followingArtist": "SCANDAL",
    "country_code": "BR",
    "country": "Brazil"
  },
  {
    "username": "labaclado_ral",
    "followingArtist": "SCANDAL",
    "country_code": "PH",
    "country": "Philippines"
  },
  {
    "username": "GotsilemangT",
    "followingArtist": "SCANDAL",
    "country_code": "BJ",
    "country": "Benin"
  },
  {
    "username": "SthembileFierce",
    "followingArtist": "SCANDAL",
    "country_code": "ZA",
    "country": "South Africa"
  },
  {
    "username": "d192806",
    "followingArtist": "SCANDAL",
    "country_code": "JP",
    "country": "Japan"
  },
  {
    "username": "Agus_Sid_",
    "followingArtist": "SCANDAL",
    "country_code": "IN",
    "country": "India"
  },
  {
    "username": "Royelblu18",
    "followingArtist": "SCANDAL",
    "country_code": "US",
    "country": "USA"
  },
  {
    "username": "parkjimiin6",
    "followingArtist": "SCANDAL",
    "country_code": "US",
    "country": "USA"
  },
  {
    "username": "SanzeedAnwar",
    "followingArtist": "SCANDAL",
    "country_code": "UK",
    "country": "United Kingdom"
  },
  {
    "username": "bang_alec",
    "followingArtist": "SCANDAL",
    "country_code": "JP",
    "country": "Japan"
  },
  {
    "username": "RonwardPabua",
    "followingArtist": "SCANDAL",
    "country_code": "PH",
    "country": "Philippines"
  },
  {
    "username": "TMakatelle",
    "followingArtist": "SCANDAL",
    "country_code": "ZA",
    "country": "South Africa"
  },
  {
    "username": "flyingjellyfis2",
    "followingArtist": "SCANDAL",
    "country_code": "IR",
    "country": "Iran"
  },
  {
    "username": "alex_pendragon",
    "followingArtist": "SCANDAL",
    "country_code": "MX",
    "country": "Mexico"
  },
  {
    "username": "sh1ngshangfu",
    "followingArtist": "SCANDAL",
    "country_code": "PH",
    "country": "Philippines"
  },
  {
    "username": "30Dangerdays",
    "followingArtist": "SCANDAL",
    "country_code": "TH",
    "country": "Thailand"
  },
  {
    "username": "tatsuya_0827_",
    "followingArtist": "SCANDAL",
    "country_code": "RU",
    "country": "Russian Federation"
  },
  {
    "username": "MateusL27600600",
    "followingArtist": "SCANDAL",
    "country_code": "BR",
    "country": "Brazil"
  },
  {
    "username": "hmunabia",
    "followingArtist": "SCANDAL",
    "country_code": "US",
    "country": "USA"
  },
  {
    "username": "kordoroy24",
    "followingArtist": "SCANDAL",
    "country_code": "PH",
    "country": "Philippines"
  },
  {
    "username": "TWICEY10",
    "followingArtist": "SCANDAL",
    "country_code": "ZA",
    "country": "South Africa"
  },
  {
    "username": "MaemaTumelo",
    "followingArtist": "SCANDAL",
    "country_code": "ZA",
    "country": "South Africa"
  },
  {
    "username": "HertzQUIN",
    "followingArtist": "SCANDAL",
    "country_code": "RU",
    "country": "Russian Federation"
  },
  {
    "username": "Imeldaatok1",
    "followingArtist": "SCANDAL",
    "country_code": "ID",
    "country": "Indonesia"
  },
  {
    "username": "Bongeka77023512",
    "followingArtist": "SCANDAL",
    "country_code": "ZA",
    "country": "South Africa"
  },
  {
    "username": "PinkyPontsho",
    "followingArtist": "SCANDAL",
    "country_code": "ZA",
    "country": "South Africa"
  },
  {
    "username": "rgurira",
    "followingArtist": "SCANDAL",
    "country_code": "ZW",
    "country": "Zimbabwe"
  },
  {
    "username": "ZenandeMkhathin",
    "followingArtist": "SCANDAL",
    "country_code": "BJ",
    "country": "Benin"
  },
  {
    "username": "beto_wski",
    "followingArtist": "SCANDAL",
    "country_code": "MX",
    "country": "Mexico"
  },
  {
    "username": "PhilasandeKhum3",
    "followingArtist": "SCANDAL",
    "country_code": "AU",
    "country": "Australia"
  },
  {
    "username": "tshiamasuku",
    "followingArtist": "SCANDAL",
    "country_code": "ZA",
    "country": "South Africa"
  },
  {
    "username": "AoDenki",
    "followingArtist": "SCANDAL",
    "country_code": "MX",
    "country": "Mexico"
  },
  {
    "username": "akutagavva",
    "followingArtist": "SCANDAL",
    "country_code": "ER",
    "country": "Eritrea"
  },
  {
    "username": "imycadrnxxx",
    "followingArtist": "SCANDAL",
    "country_code": "PH",
    "country": "Philippines"
  },
  {
    "username": "ChanelGibbons3",
    "followingArtist": "SCANDAL",
    "country_code": "US",
    "country": "USA"
  },
  {
    "username": "MashabaShepherd",
    "followingArtist": "SCANDAL",
    "country_code": "BJ",
    "country": "Benin"
  },
  {
    "username": "adelbrey17",
    "followingArtist": "SCANDAL",
    "country_code": "US",
    "country": "USA"
  },
  {
    "username": "ZuluBull101",
    "followingArtist": "SCANDAL",
    "country_code": "ZA",
    "country": "South Africa"
  },
  {
    "username": "suprememelo_056",
    "followingArtist": "SCANDAL",
    "country_code": "ZA",
    "country": "South Africa"
  },
  {
    "username": "antoniobaca28",
    "followingArtist": "SCANDAL",
    "country_code": "NL",
    "country": "Netherlands"
  },
  {
    "username": "FirstSpectre",
    "followingArtist": "SCANDAL",
    "country_code": "Pennsylvania Furnace Rd",
    "country": "Pennsylvania Furnace Rd"
  },
  {
    "username": "Linos28637811",
    "followingArtist": "SCANDAL",
    "country_code": "ZW",
    "country": "Zimbabwe"
  },
  {
    "username": "Leandra08059888",
    "followingArtist": "SCANDAL",
    "country_code": "ZA",
    "country": "South Africa"
  },
  {
    "username": "MatsoEllen",
    "followingArtist": "SCANDAL",
    "country_code": "ZA",
    "country": "South Africa"
  },
  {
    "username": "Dadawo_Garagara",
    "followingArtist": "SCANDAL",
    "country_code": "ZA",
    "country": "South Africa"
  },
  {
    "username": "dickyasta",
    "followingArtist": "SCANDAL",
    "country_code": "ID",
    "country": "Indonesia"
  },
  {
    "username": "Makaziw00149037",
    "followingArtist": "SCANDAL",
    "country_code": "ZA",
    "country": "South Africa"
  },
  {
    "username": "EngrBidex",
    "followingArtist": "SCANDAL",
    "country_code": "NG",
    "country": "Nigeria"
  },
  {
    "username": "shugajessy",
    "followingArtist": "SCANDAL",
    "country_code": "NG",
    "country": "Nigeria"
  },
  {
    "username": "Bomkrung",
    "followingArtist": "SCANDAL",
    "country_code": "IN",
    "country": "India"
  },
  {
    "username": "_GFRIEND_EXID",
    "followingArtist": "SCANDAL",
    "country_code": "JP",
    "country": "Japan"
  },
  {
    "username": "SkippVD",
    "followingArtist": "SCANDAL",
    "country_code": "FR",
    "country": "France"
  },
  {
    "username": "bhomc_da",
    "followingArtist": "SCANDAL",
    "country_code": "BJ",
    "country": "Benin"
  },
  {
    "username": "Sandile31461927",
    "followingArtist": "SCANDAL",
    "country_code": "ZA",
    "country": "South Africa"
  },
  {
    "username": "LINO70734816",
    "followingArtist": "SCANDAL",
    "country_code": "BJ",
    "country": "Benin"
  },
  {
    "username": "Athenasmommy17",
    "followingArtist": "SCANDAL",
    "country_code": "US",
    "country": "USA"
  },
  {
    "username": "hoseokswifee",
    "followingArtist": "SCANDAL",
    "country_code": "IT",
    "country": "Italy"
  },
  {
    "username": "realxwxone",
    "followingArtist": "SCANDAL",
    "country_code": "GU",
    "country": "Guam"
  }
]