[
  {
    "username": "Kaz_rock0829",
    "followingArtist": "SCANDAL",
    "country_code": "JP",
    "country": "Japan"
  },
  {
    "username": "pristin_fanza5",
    "followingArtist": "SCANDAL",
    "country_code": "JP",
    "country": "Japan"
  },
  {
    "username": "muhajirinlpu",
    "followingArtist": "SCANDAL",
    "country_code": "ID",
    "country": "Indonesia"
  },
  {
    "username": "Nekochan8314",
    "followingArtist": "SCANDAL",
    "country_code": "California City Blvd",
    "country": "California City Blvd"
  },
  {
    "username": "yn3f69b9Zf2PPhj",
    "followingArtist": "SCANDAL",
    "country_code": "JP",
    "country": "Japan"
  },
  {
    "username": "itsianandarnie",
    "followingArtist": "SCANDAL",
    "country_code": "US",
    "country": "United States"
  },
  {
    "username": "tpogfl73004",
    "followingArtist": "SCANDAL",
    "country_code": "CZ",
    "country": "Czech Republic"
  },
  {
    "username": "Ayinnbubub",
    "followingArtist": "SCANDAL",
    "country_code": "GB",
    "country": "Scotland"
  },
  {
    "username": "moar_moa",
    "followingArtist": "SCANDAL",
    "country_code": "UY",
    "country": "Uruguay"
  },
  {
    "username": "Benjie_Joe",
    "followingArtist": "SCANDAL",
    "country_code": "FR",
    "country": "France"
  },
  {
    "username": "daph_ne_daph",
    "followingArtist": "SCANDAL",
    "country_code": "NG",
    "country": "Nigeria"
  },
  {
    "username": "MurStk0516",
    "followingArtist": "SCANDAL",
    "country_code": "JP",
    "country": "Japan"
  },
  {
    "username": "synchroizm7",
    "followingArtist": "SCANDAL",
    "country_code": "JP",
    "country": "Japan"
  },
  {
    "username": "ZesaWulandr",
    "followingArtist": "SCANDAL",
    "country_code": "ID",
    "country": "Indonesia"
  },
  {
    "username": "chirock_5150",
    "followingArtist": "SCANDAL",
    "country_code": "BR",
    "country": "Brazil"
  },
  {
    "username": "Mr_TrunkBear",
    "followingArtist": "SCANDAL",
    "country_code": "CL",
    "country": "Chile"
  },
  {
    "username": "Munawar03005706",
    "followingArtist": "SCANDAL",
    "country_code": "ID",
    "country": "Indonesia"
  },
  {
    "username": "Alimatelas",
    "followingArtist": "SCANDAL",
    "country_code": "FR",
    "country": "France"
  },
  {
    "username": "haijessedesu",
    "followingArtist": "SCANDAL",
    "country_code": "NG",
    "country": "Nigeria"
  },
  {
    "username": "e_schelin",
    "followingArtist": "SCANDAL",
    "country_code": "SE",
    "country": "Sweden"
  },
  {
    "username": "rapido_anido",
    "followingArtist": "SCANDAL",
    "country_code": "TH",
    "country": "Thailand"
  },
  {
    "username": "Luis_Garcia_FT",
    "followingArtist": "SCANDAL",
    "country_code": "US",
    "country": "United States"
  },
  {
    "username": "RocEspinet",
    "followingArtist": "SCANDAL",
    "country_code": "ES",
    "country": "Spain"
  },
  {
    "username": "tanegashi_nae",
    "followingArtist": "SCANDAL",
    "country_code": "UK",
    "country": "United Kingdom"
  },
  {
    "username": "InnovyzeRobert",
    "followingArtist": "SCANDAL",
    "country_code": "US",
    "country": "United States"
  },
  {
    "username": "Nirucha_Lan",
    "followingArtist": "SCANDAL",
    "country_code": "AU",
    "country": "Australia"
  },
  {
    "username": "deansponsored",
    "followingArtist": "SCANDAL",
    "country_code": "UG",
    "country": "Uganda"
  },
  {
    "username": "SenbaMasaki",
    "followingArtist": "SCANDAL",
    "country_code": "JP",
    "country": "Japan"
  },
  {
    "username": "kyuketsukill",
    "followingArtist": "SCANDAL",
    "country_code": "VE",
    "country": "Venezuela"
  },
  {
    "username": "bagonsanity",
    "followingArtist": "SCANDAL",
    "country_code": "PH",
    "country": "Philippines"
  },
  {
    "username": "maro_1112190328",
    "followingArtist": "SCANDAL",
    "country_code": "BJ",
    "country": "Benin"
  },
  {
    "username": "Ezequiell__22",
    "followingArtist": "SCANDAL",
    "country_code": "AR",
    "country": "Argentina"
  },
  {
    "username": "MlbWako",
    "followingArtist": "SCANDAL",
    "country_code": "ZA",
    "country": "South Africa"
  },
  {
    "username": "AmendolaLuisa",
    "followingArtist": "SCANDAL",
    "country_code": "BR",
    "country": "Brazil"
  },
  {
    "username": "NetflixFreeSite",
    "followingArtist": "SCANDAL",
    "country_code": "California City Blvd",
    "country": "California City Blvd"
  },
  {
    "username": "yu_criom0509",
    "followingArtist": "SCANDAL",
    "country_code": "JP",
    "country": "Japan"
  },
  {
    "username": "DenisseTapia12",
    "followingArtist": "SCANDAL",
    "country_code": "AU",
    "country": "Australia"
  },
  {
    "username": "seiyayoshino22",
    "followingArtist": "SCANDAL",
    "country_code": "SE",
    "country": "Sweden"
  },
  {
    "username": "to_kun_nm",
    "followingArtist": "SCANDAL",
    "country_code": "GB",
    "country": "Scotland"
  },
  {
    "username": "ddsimiyan",
    "followingArtist": "SCANDAL",
    "country_code": "GU",
    "country": "Guam"
  },
  {
    "username": "46xxx666",
    "followingArtist": "SCANDAL",
    "country_code": "FR",
    "country": "France"
  },
  {
    "username": "Wintertaha",
    "followingArtist": "SCANDAL",
    "country_code": "US",
    "country": "United States"
  },
  {
    "username": "souchan_0415",
    "followingArtist": "SCANDAL",
    "country_code": "US",
    "country": "United States"
  },
  {
    "username": "hr_nsw_hkkdcrew",
    "followingArtist": "SCANDAL",
    "country_code": "GB",
    "country": "Scotland"
  },
  {
    "username": "nnnishi__24",
    "followingArtist": "SCANDAL",
    "country_code": "JP",
    "country": "Japan"
  },
  {
    "username": "LuisEnrique942",
    "followingArtist": "SCANDAL",
    "country_code": "MX",
    "country": "Mexico"
  },
  {
    "username": "KrDLilLeozin",
    "followingArtist": "SCANDAL",
    "country_code": "BR",
    "country": "Brazil"
  },
  {
    "username": "enixgold",
    "followingArtist": "SCANDAL",
    "country_code": "BR",
    "country": "Brazil"
  },
  {
    "username": "filemononline",
    "followingArtist": "SCANDAL",
    "country_code": "BR",
    "country": "Brazil"
  },
  {
    "username": "ichinippa",
    "followingArtist": "SCANDAL",
    "country_code": "JP",
    "country": "Japan"
  },
  {
    "username": "0829taaa",
    "followingArtist": "SCANDAL",
    "country_code": "JP",
    "country": "Japan"
  },
  {
    "username": "AKBPhotosphere",
    "followingArtist": "SCANDAL",
    "country_code": "US",
    "country": "United States"
  },
  {
    "username": "koki69ap1",
    "followingArtist": "SCANDAL",
    "country_code": "MY",
    "country": "Malaysia"
  },
  {
    "username": "kaylangelina",
    "followingArtist": "SCANDAL",
    "country_code": "BJ",
    "country": "Benin"
  },
  {
    "username": "LucyAsami",
    "followingArtist": "SCANDAL",
    "country_code": "MX",
    "country": "Mexico"
  },
  {
    "username": "kakixd2",
    "followingArtist": "SCANDAL",
    "country_code": "DK",
    "country": "Denmark"
  },
  {
    "username": "paradisenvibes",
    "followingArtist": "SCANDAL",
    "country_code": "US",
    "country": "United States"
  },
  {
    "username": "godamnitshannon",
    "followingArtist": "SCANDAL",
    "country_code": "CA",
    "country": "Canada"
  },
  {
    "username": "AndreijosephB",
    "followingArtist": "SCANDAL",
    "country_code": "US",
    "country": "United States"
  },
  {
    "username": "busansjoon",
    "followingArtist": "SCANDAL",
    "country_code": "CH",
    "country": "Switzerland"
  },
  {
    "username": "Yamaaaa0701K",
    "followingArtist": "SCANDAL",
    "country_code": "JP",
    "country": "Japan"
  },
  {
    "username": "358_myk",
    "followingArtist": "SCANDAL",
    "country_code": "JP",
    "country": "Japan"
  },
  {
    "username": "s10_pBlue",
    "followingArtist": "SCANDAL",
    "country_code": "JP",
    "country": "Japan"
  },
  {
    "username": "EscalantePeejay",
    "followingArtist": "SCANDAL",
    "country_code": "PH",
    "country": "Philippines"
  },
  {
    "username": "missnancyayumi",
    "followingArtist": "SCANDAL",
    "country_code": "DE",
    "country": "Germany"
  },
  {
    "username": "CafePowako",
    "followingArtist": "SCANDAL",
    "country_code": "JP",
    "country": "Japan"
  },
  {
    "username": "kingck0731",
    "followingArtist": "SCANDAL",
    "country_code": "JP",
    "country": "Japan"
  },
  {
    "username": "peterrazitis27",
    "followingArtist": "SCANDAL",
    "country_code": "US",
    "country": "United States"
  },
  {
    "username": "Yukitagaylo1",
    "followingArtist": "SCANDAL",
    "country_code": "US",
    "country": "United States"
  },
  {
    "username": "FabiolaNishida",
    "followingArtist": "SCANDAL",
    "country_code": "PE",
    "country": "Peru"
  },
  {
    "username": "Kat_Marcotte",
    "followingArtist": "SCANDAL",
    "country_code": "US",
    "country": "United States"
  },
  {
    "username": "michael_kroska",
    "followingArtist": "SCANDAL",
    "country_code": "US",
    "country": "United States"
  },
  {
    "username": "MSeikenji",
    "followingArtist": "SCANDAL",
    "country_code": "JP",
    "country": "Japan"
  },
  {
    "username": "friendship6955",
    "followingArtist": "SCANDAL",
    "country_code": "JP",
    "country": "Japan"
  },
  {
    "username": "Fredric12804220",
    "followingArtist": "SCANDAL",
    "country_code": "BW",
    "country": "Botswana"
  },
  {
    "username": "Fekar_Abosse725",
    "followingArtist": "SCANDAL",
    "country_code": "FR",
    "country": "France"
  },
  {
    "username": "KaifS15",
    "followingArtist": "SCANDAL",
    "country_code": "UK",
    "country": "United Kingdom"
  },
  {
    "username": "EwanHall9101",
    "followingArtist": "SCANDAL",
    "country_code": "GB",
    "country": "Scotland"
  },
  {
    "username": "AchmadAdny",
    "followingArtist": "SCANDAL",
    "country_code": "JO",
    "country": "Jordan"
  },
  {
    "username": "Nugi10191630",
    "followingArtist": "SCANDAL",
    "country_code": "ID",
    "country": "Indonesia"
  },
  {
    "username": "VuFcrMnNs3jws9Z",
    "followingArtist": "SCANDAL",
    "country_code": "TW",
    "country": "Taiwan"
  },
  {
    "username": "tokyo_natural",
    "followingArtist": "SCANDAL",
    "country_code": "JP",
    "country": "Japan"
  },
  {
    "username": "abengured",
    "followingArtist": "SCANDAL",
    "country_code": "ID",
    "country": "Indonesia"
  },
  {
    "username": "Scandal____band",
    "followingArtist": "SCANDAL",
    "country_code": "AT",
    "country": "Austria"
  },
  {
    "username": "Daniela14044446",
    "followingArtist": "SCANDAL",
    "country_code": "PH",
    "country": "Philippines"
  },
  {
    "username": "irvan_saragih",
    "followingArtist": "SCANDAL",
    "country_code": "ID",
    "country": "Indonesia"
  },
  {
    "username": "toufiqpd",
    "followingArtist": "SCANDAL",
    "country_code": "BD",
    "country": "Bangladesh"
  },
  {
    "username": "Fifikeba1",
    "followingArtist": "SCANDAL",
    "country_code": "BW",
    "country": "Botswana"
  },
  {
    "username": "febry_pradnyana",
    "followingArtist": "SCANDAL",
    "country_code": "ID",
    "country": "Indonesia"
  },
  {
    "username": "feriorayearth",
    "followingArtist": "SCANDAL",
    "country_code": "BR",
    "country": "Brazil"
  },
  {
    "username": "Scandal_France_",
    "followingArtist": "SCANDAL",
    "country_code": "FR",
    "country": "France"
  },
  {
    "username": "fukstik6945",
    "followingArtist": "SCANDAL",
    "country_code": "US",
    "country": "United States"
  },
  {
    "username": "Dokkan__17",
    "followingArtist": "SCANDAL",
    "country_code": "US",
    "country": "United States"
  },
  {
    "username": "CrabbyXie",
    "followingArtist": "SCANDAL",
    "country_code": "US",
    "country": "United States"
  },
  {
    "username": "ArcanikD",
    "followingArtist": "SCANDAL",
    "country_code": "CL",
    "country": "Chile"
  },
  {
    "username": "Afidabd1",
    "followingArtist": "SCANDAL",
    "country_code": "ID",
    "country": "Indonesia"
  },
  {
    "username": "Beejan10",
    "followingArtist": "SCANDAL",
    "country_code": "US",
    "country": "United States"
  },
  {
    "username": "Morena15555317",
    "followingArtist": "SCANDAL",
    "country_code": "ZA",
    "country": "South Africa"
  },
  {
    "username": "rinausa0226",
    "followingArtist": "SCANDAL",
    "country_code": "JP",
    "country": "Japan"
  },
  {
    "username": "tatsu1602ya",
    "followingArtist": "SCANDAL",
    "country_code": "JP",
    "country": "Japan"
  },
  {
    "username": "CyCoRevReX",
    "followingArtist": "SCANDAL",
    "country_code": "US",
    "country": "United States"
  },
  {
    "username": "mbarbanera3",
    "followingArtist": "SCANDAL",
    "country_code": "IT",
    "country": "Italy"
  },
  {
    "username": "TOWER_Fujisawa",
    "followingArtist": "SCANDAL",
    "country_code": "IS",
    "country": "Iceland"
  },
  {
    "username": "tamago_tora",
    "followingArtist": "SCANDAL",
    "country_code": "US",
    "country": "United States"
  },
  {
    "username": "badrulluarbiasa",
    "followingArtist": "SCANDAL",
    "country_code": "MY",
    "country": "Malaysia"
  },
  {
    "username": "hazyngqono",
    "followingArtist": "SCANDAL",
    "country_code": "BJ",
    "country": "Benin"
  },
  {
    "username": "LoloReign1",
    "followingArtist": "SCANDAL",
    "country_code": "ZW",
    "country": "Zimbabwe"
  },
  {
    "username": "Noni_Nara",
    "followingArtist": "SCANDAL",
    "country_code": "US",
    "country": "United States"
  },
  {
    "username": "yahmgutierrez",
    "followingArtist": "SCANDAL",
    "country_code": "PH",
    "country": "Philippines"
  },
  {
    "username": "ringo_ygrt",
    "followingArtist": "SCANDAL",
    "country_code": "GB",
    "country": "Scotland"
  },
  {
    "username": "inglebertdomin2",
    "followingArtist": "SCANDAL",
    "country_code": "FR",
    "country": "France"
  },
  {
    "username": "ElwoodManuel",
    "followingArtist": "SCANDAL",
    "country_code": "US",
    "country": "United States"
  },
  {
    "username": "Joko08434936",
    "followingArtist": "SCANDAL",
    "country_code": "VE",
    "country": "Venezuela"
  },
  {
    "username": "JaimeR34867717",
    "followingArtist": "SCANDAL",
    "country_code": "US",
    "country": "United States"
  },
  {
    "username": "symbiosismte",
    "followingArtist": "SCANDAL",
    "country_code": "DK",
    "country": "Denmark"
  },
  {
    "username": "saya_noshiyo26",
    "followingArtist": "SCANDAL",
    "country_code": "ES",
    "country": "Spain"
  },
  {
    "username": "resetbomb1",
    "followingArtist": "SCANDAL",
    "country_code": "MX",
    "country": "Mexico"
  },
  {
    "username": "ashton_ivannov",
    "followingArtist": "SCANDAL",
    "country_code": "NL",
    "country": "Netherlands"
  },
  {
    "username": "susansalsabil12",
    "followingArtist": "SCANDAL",
    "country_code": "IN",
    "country": "India"
  },
  {
    "username": "wondxrland4evxr",
    "followingArtist": "SCANDAL",
    "country_code": "KR",
    "country": "South Korea"
  },
  {
    "username": "DuaneinF",
    "followingArtist": "SCANDAL",
    "country_code": "UK",
    "country": "United Kingdom"
  },
  {
    "username": "exid__blackpink",
    "followingArtist": "SCANDAL",
    "country_code": "JP",
    "country": "Japan"
  },
  {
    "username": "ph4de",
    "followingArtist": "SCANDAL",
    "country_code": "US",
    "country": "United States"
  },
  {
    "username": "HelmyYassmin",
    "followingArtist": "SCANDAL",
    "country_code": "EG",
    "country": "Egypt"
  },
  {
    "username": "Toriko_Blue_AC",
    "followingArtist": "SCANDAL",
    "country_code": "BR",
    "country": "Brazil"
  },
  {
    "username": "Bass_addict",
    "followingArtist": "SCANDAL",
    "country_code": "JP",
    "country": "Japan"
  },
  {
    "username": "dynamite8yuta",
    "followingArtist": "SCANDAL",
    "country_code": "JP",
    "country": "Japan"
  },
  {
    "username": "anecbunny",
    "followingArtist": "SCANDAL",
    "country_code": "US",
    "country": "United States"
  },
  {
    "username": "chakaometal",
    "followingArtist": "SCANDAL",
    "country_code": "JP",
    "country": "Japan"
  },
  {
    "username": "YonelaYollz",
    "followingArtist": "SCANDAL",
    "country_code": "BJ",
    "country": "Benin"
  },
  {
    "username": "ftyymkm",
    "followingArtist": "SCANDAL",
    "country_code": "JP",
    "country": "Japan"
  },
  {
    "username": "Lekiimm",
    "followingArtist": "SCANDAL",
    "country_code": "BR",
    "country": "Brazil"
  },
  {
    "username": "nitabarley",
    "followingArtist": "SCANDAL",
    "country_code": "ID",
    "country": "Indonesia"
  },
  {
    "username": "judge1412",
    "followingArtist": "SCANDAL",
    "country_code": "ID",
    "country": "Indonesia"
  },
  {
    "username": "Jeonlover91",
    "followingArtist": "SCANDAL",
    "country_code": "US",
    "country": "United States"
  },
  {
    "username": "kooo_TmS_suke",
    "followingArtist": "SCANDAL",
    "country_code": "US",
    "country": "United States"
  },
  {
    "username": "sfiso_maxwell",
    "followingArtist": "SCANDAL",
    "country_code": "ZA",
    "country": "South Africa"
  },
  {
    "username": "LenardFaceXD",
    "followingArtist": "SCANDAL",
    "country_code": "PH",
    "country": "Philippines"
  },
  {
    "username": "SirUranium",
    "followingArtist": "SCANDAL",
    "country_code": "FR",
    "country": "France"
  },
  {
    "username": "1234Keita0928",
    "followingArtist": "SCANDAL",
    "country_code": "AU",
    "country": "Australia"
  },
  {
    "username": "NandoValadez",
    "followingArtist": "SCANDAL",
    "country_code": "MX",
    "country": "Mexico"
  },
  {
    "username": "KokozelaSo",
    "followingArtist": "SCANDAL",
    "country_code": "ZA",
    "country": "South Africa"
  },
  {
    "username": "Juanchomx7901",
    "followingArtist": "SCANDAL",
    "country_code": "CO",
    "country": "Colombia"
  },
  {
    "username": "bernalesreymar6",
    "followingArtist": "SCANDAL",
    "country_code": "PH",
    "country": "Philippines"
  },
  {
    "username": "taipei_stitch",
    "followingArtist": "SCANDAL",
    "country_code": "GB",
    "country": "Scotland"
  },
  {
    "username": "ChoJoarte",
    "followingArtist": "SCANDAL",
    "country_code": "PH",
    "country": "Philippines"
  },
  {
    "username": "RealTonyTapia",
    "followingArtist": "SCANDAL",
    "country_code": "US",
    "country": "United States"
  },
  {
    "username": "yuusuketkuc98",
    "followingArtist": "SCANDAL",
    "country_code": "JP",
    "country": "Japan"
  },
  {
    "username": "Ahhh_Spiders",
    "followingArtist": "SCANDAL",
    "country_code": "US",
    "country": "United States"
  },
  {
    "username": "Jasonic15",
    "followingArtist": "SCANDAL",
    "country_code": "California City Blvd",
    "country": "California City Blvd"
  },
  {
    "username": "DikiKur18505795",
    "followingArtist": "SCANDAL",
    "country_code": "ID",
    "country": "Indonesia"
  },
  {
    "username": "WaSidney",
    "followingArtist": "SCANDAL",
    "country_code": "SR",
    "country": "Suriname"
  },
  {
    "username": "gandy0907",
    "followingArtist": "SCANDAL",
    "country_code": "N Oklahoma",
    "country": "N Oklahoma"
  },
  {
    "username": "perryckle",
    "followingArtist": "SCANDAL",
    "country_code": "US",
    "country": "United States"
  },
  {
    "username": "theXSofficial",
    "followingArtist": "SCANDAL",
    "country_code": "US",
    "country": "United States"
  },
  {
    "username": "purrplelynx",
    "followingArtist": "SCANDAL",
    "country_code": "IN",
    "country": "India"
  },
  {
    "username": "AlexisHuenten",
    "followingArtist": "SCANDAL",
    "country_code": "CL",
    "country": "Chile"
  },
  {
    "username": "RamdiniFajriyah",
    "followingArtist": "SCANDAL",
    "country_code": "IN",
    "country": "India"
  },
  {
    "username": "Chikaitsme1",
    "followingArtist": "SCANDAL",
    "country_code": "ID",
    "country": "Indonesia"
  },
  {
    "username": "Ical19954749",
    "followingArtist": "SCANDAL",
    "country_code": "ID",
    "country": "Indonesia"
  },
  {
    "username": "margiegeronimo2",
    "followingArtist": "SCANDAL",
    "country_code": "PH",
    "country": "Philippines"
  },
  {
    "username": "Nobo1969",
    "followingArtist": "SCANDAL",
    "country_code": "JP",
    "country": "Japan"
  },
  {
    "username": "LoloMivu",
    "followingArtist": "SCANDAL",
    "country_code": "NP",
    "country": "Nepal"
  },
  {
    "username": "BorgoreTX",
    "followingArtist": "SCANDAL",
    "country_code": "MX",
    "country": "Mexico"
  },
  {
    "username": "tutors_my",
    "followingArtist": "SCANDAL",
    "country_code": "US",
    "country": "United States"
  },
  {
    "username": "keito_okam",
    "followingArtist": "SCANDAL",
    "country_code": "JP",
    "country": "Japan"
  },
  {
    "username": "cal_arvi_rite",
    "followingArtist": "SCANDAL",
    "country_code": "US",
    "country": "United States"
  },
  {
    "username": "HarioStark",
    "followingArtist": "SCANDAL",
    "country_code": "HK",
    "country": "Hong Kong"
  },
  {
    "username": "Arckedo",
    "followingArtist": "SCANDAL",
    "country_code": "ID",
    "country": "Indonesia"
  },
  {
    "username": "spitjolephoto23",
    "followingArtist": "SCANDAL",
    "country_code": "ZA",
    "country": "South Africa"
  },
  {
    "username": "LaSolidumidad",
    "followingArtist": "SCANDAL",
    "country_code": "NP",
    "country": "Nepal"
  },
  {
    "username": "onigirii_kun",
    "followingArtist": "SCANDAL",
    "country_code": "California City Blvd",
    "country": "California City Blvd"
  },
  {
    "username": "luckaswital",
    "followingArtist": "SCANDAL",
    "country_code": "BR",
    "country": "Brazil"
  },
  {
    "username": "KentotLozano",
    "followingArtist": "SCANDAL",
    "country_code": "PH",
    "country": "Philippines"
  },
  {
    "username": "STWbayu",
    "followingArtist": "SCANDAL",
    "country_code": "ID",
    "country": "Indonesia"
  },
  {
    "username": "Uw_lovin",
    "followingArtist": "SCANDAL",
    "country_code": "GB",
    "country": "Scotland"
  },
  {
    "username": "JohnMaidment",
    "followingArtist": "SCANDAL",
    "country_code": "NG",
    "country": "Nigeria"
  },
  {
    "username": "servanomichael3",
    "followingArtist": "SCANDAL",
    "country_code": "US",
    "country": "United States"
  },
  {
    "username": "K17EEN5",
    "followingArtist": "SCANDAL",
    "country_code": "PH",
    "country": "Philippines"
  },
  {
    "username": "Balong_1026",
    "followingArtist": "SCANDAL",
    "country_code": "US",
    "country": "United States"
  },
  {
    "username": "marzry48",
    "followingArtist": "SCANDAL",
    "country_code": "BR",
    "country": "Brazil"
  },
  {
    "username": "On9die",
    "followingArtist": "SCANDAL",
    "country_code": "NO",
    "country": "Norway"
  },
  {
    "username": "JanikaJongco",
    "followingArtist": "SCANDAL",
    "country_code": "PH",
    "country": "Philippines"
  },
  {
    "username": "myrargs_",
    "followingArtist": "SCANDAL",
    "country_code": "US",
    "country": "United States"
  },
  {
    "username": "Miizuno1",
    "followingArtist": "SCANDAL",
    "country_code": "IN",
    "country": "India"
  },
  {
    "username": "VictorR74811739",
    "followingArtist": "SCANDAL",
    "country_code": "AE",
    "country": "United Arab Emirates"
  },
  {
    "username": "AntonLjubicic",
    "followingArtist": "SCANDAL",
    "country_code": "AU",
    "country": "Australia"
  },
  {
    "username": "dcmbrno",
    "followingArtist": "SCANDAL",
    "country_code": "PH",
    "country": "Philippines"
  },
  {
    "username": "green_inter",
    "followingArtist": "SCANDAL",
    "country_code": "CN",
    "country": "China"
  },
  {
    "username": "ohlgraine",
    "followingArtist": "SCANDAL",
    "country_code": "US",
    "country": "United States"
  },
  {
    "username": "Obakengjimmy2",
    "followingArtist": "SCANDAL",
    "country_code": "BW",
    "country": "Botswana"
  },
  {
    "username": "BagonCarlo",
    "followingArtist": "SCANDAL",
    "country_code": "PH",
    "country": "Philippines"
  },
  {
    "username": "Boss37039656",
    "followingArtist": "SCANDAL",
    "country_code": "JO",
    "country": "Jordan"
  },
  {
    "username": "rdzbh",
    "followingArtist": "SCANDAL",
    "country_code": "US",
    "country": "United States"
  },
  {
    "username": "FIREelNUNO1",
    "followingArtist": "SCANDAL",
    "country_code": "California City Blvd",
    "country": "California City Blvd"
  },
  {
    "username": "dggamerg7",
    "followingArtist": "SCANDAL",
    "country_code": "IR",
    "country": "Iran"
  },
  {
    "username": "ijra_207",
    "followingArtist": "SCANDAL",
    "country_code": "ID",
    "country": "Indonesia"
  },
  {
    "username": "Tobest04681288",
    "followingArtist": "SCANDAL",
    "country_code": "NG",
    "country": "Nigeria"
  },
  {
    "username": "RaiKen81645858",
    "followingArtist": "SCANDAL",
    "country_code": "PH",
    "country": "Philippines"
  },
  {
    "username": "OwenSchulz",
    "followingArtist": "SCANDAL",
    "country_code": "BJ",
    "country": "Benin"
  },
  {
    "username": "06_Pooh_09",
    "followingArtist": "SCANDAL",
    "country_code": "US",
    "country": "United States"
  },
  {
    "username": "angelcakelala",
    "followingArtist": "SCANDAL",
    "country_code": "US",
    "country": "United States"
  },
  {
    "username": "Huguenzio",
    "followingArtist": "SCANDAL",
    "country_code": "US",
    "country": "United States"
  },
  {
    "username": "SHOP_LUCENTE",
    "followingArtist": "SCANDAL",
    "country_code": "BR",
    "country": "Brazil"
  },
  {
    "username": "lGaby_Gab",
    "followingArtist": "SCANDAL",
    "country_code": "US",
    "country": "United States"
  },
  {
    "username": "rsk044",
    "followingArtist": "SCANDAL",
    "country_code": "ID",
    "country": "Indonesia"
  },
  {
    "username": "eliot_cruz",
    "followingArtist": "SCANDAL",
    "country_code": "MX",
    "country": "Mexico"
  },
  {
    "username": "haje_kim",
    "followingArtist": "SCANDAL",
    "country_code": "BJ",
    "country": "Benin"
  },
  {
    "username": "RahmaSelli",
    "followingArtist": "SCANDAL",
    "country_code": "ID",
    "country": "Indonesia"
  },
  {
    "username": "wethulicia",
    "followingArtist": "SCANDAL",
    "country_code": "ZA",
    "country": "South Africa"
  },
  {
    "username": "ivan_447",
    "followingArtist": "SCANDAL",
    "country_code": "ID",
    "country": "Indonesia"
  },
  {
    "username": "momotarox0929",
    "followingArtist": "SCANDAL",
    "country_code": "JP",
    "country": "Japan"
  },
  {
    "username": "PabloRdz_7",
    "followingArtist": "SCANDAL",
    "country_code": "MX",
    "country": "Mexico"
  },
  {
    "username": "candy_rpt",
    "followingArtist": "SCANDAL",
    "country_code": "CL",
    "country": "Chile"
  },
  {
    "username": "garciadannaaa",
    "followingArtist": "SCANDAL",
    "country_code": "PH",
    "country": "Philippines"
  },
  {
    "username": "M5Sifiso",
    "followingArtist": "SCANDAL",
    "country_code": "ZA",
    "country": "South Africa"
  },
  {
    "username": "Itumele32632854",
    "followingArtist": "SCANDAL",
    "country_code": "US",
    "country": "United States"
  },
  {
    "username": "Eric37682046",
    "followingArtist": "SCANDAL",
    "country_code": "ZA",
    "country": "South Africa"
  },
  {
    "username": "BertaFafa",
    "followingArtist": "SCANDAL",
    "country_code": "PH",
    "country": "Philippines"
  },
  {
    "username": "RokugatsuPH",
    "followingArtist": "SCANDAL",
    "country_code": "US",
    "country": "United States"
  },
  {
    "username": "skt7_8",
    "followingArtist": "SCANDAL",
    "country_code": "MR",
    "country": "Mauritania"
  },
  {
    "username": "Monica91441753",
    "followingArtist": "SCANDAL",
    "country_code": "ID",
    "country": "Indonesia"
  },
  {
    "username": "nicaulasfactor",
    "followingArtist": "SCANDAL",
    "country_code": "FR",
    "country": "France"
  },
  {
    "username": "fishstel",
    "followingArtist": "SCANDAL",
    "country_code": "MW",
    "country": "Malawi"
  },
  {
    "username": "Trinidadfounda1",
    "followingArtist": "SCANDAL",
    "country_code": "UG",
    "country": "Uganda"
  },
  {
    "username": "Mario_Neels",
    "followingArtist": "SCANDAL",
    "country_code": "BJ",
    "country": "Benin"
  },
  {
    "username": "Call_me_Cee_",
    "followingArtist": "SCANDAL",
    "country_code": "BJ",
    "country": "Benin"
  },
  {
    "username": "yakop60737022",
    "followingArtist": "SCANDAL",
    "country_code": "ID",
    "country": "Indonesia"
  },
  {
    "username": "AphiweSobetwa",
    "followingArtist": "SCANDAL",
    "country_code": "HK",
    "country": "Hong Kong"
  },
  {
    "username": "YC_yorkchow",
    "followingArtist": "SCANDAL",
    "country_code": "DK",
    "country": "Denmark"
  },
  {
    "username": "maulanameidy",
    "followingArtist": "SCANDAL",
    "country_code": "ID",
    "country": "Indonesia"
  }
]