[
  {
    "username": "43hEri",
    "followingArtist": "\u3086\u305a\u516c\u5f0f\u30c4\u30a4\u30c3\u30bf\u30fc",
    "country_code": "JP",
    "country": "Japan"
  },
  {
    "username": "tka__ihw",
    "followingArtist": "\u3086\u305a\u516c\u5f0f\u30c4\u30a4\u30c3\u30bf\u30fc",
    "country_code": "JP",
    "country": "Japan"
  },
  {
    "username": "Komo85788162",
    "followingArtist": "\u3086\u305a\u516c\u5f0f\u30c4\u30a4\u30c3\u30bf\u30fc",
    "country_code": "JP",
    "country": "Japan"
  },
  {
    "username": "TOWER_Laketown",
    "followingArtist": "\u3086\u305a\u516c\u5f0f\u30c4\u30a4\u30c3\u30bf\u30fc",
    "country_code": "JP",
    "country": "Japan"
  },
  {
    "username": "seigou_t",
    "followingArtist": "\u3086\u305a\u516c\u5f0f\u30c4\u30a4\u30c3\u30bf\u30fc",
    "country_code": "PT",
    "country": "Portugal"
  },
  {
    "username": "s_h_uuu_n",
    "followingArtist": "\u3086\u305a\u516c\u5f0f\u30c4\u30a4\u30c3\u30bf\u30fc",
    "country_code": "JP",
    "country": "Japan"
  },
  {
    "username": "hello_8y",
    "followingArtist": "\u3086\u305a\u516c\u5f0f\u30c4\u30a4\u30c3\u30bf\u30fc",
    "country_code": "CA",
    "country": "Canada"
  },
  {
    "username": "DShahrina",
    "followingArtist": "\u3086\u305a\u516c\u5f0f\u30c4\u30a4\u30c3\u30bf\u30fc",
    "country_code": "ID",
    "country": "Indonesia"
  },
  {
    "username": "hannaaaaah_",
    "followingArtist": "\u3086\u305a\u516c\u5f0f\u30c4\u30a4\u30c3\u30bf\u30fc",
    "country_code": "ZM",
    "country": "Zambia"
  },
  {
    "username": "YZL02",
    "followingArtist": "\u3086\u305a\u516c\u5f0f\u30c4\u30a4\u30c3\u30bf\u30fc",
    "country_code": "CO",
    "country": "Colombia"
  },
  {
    "username": "na7nana77nhtm",
    "followingArtist": "\u3086\u305a\u516c\u5f0f\u30c4\u30a4\u30c3\u30bf\u30fc",
    "country_code": "US",
    "country": "United States"
  },
  {
    "username": "blackrollpanda",
    "followingArtist": "\u3086\u305a\u516c\u5f0f\u30c4\u30a4\u30c3\u30bf\u30fc",
    "country_code": "JP",
    "country": "Japan"
  },
  {
    "username": "yorilee1",
    "followingArtist": "\u3086\u305a\u516c\u5f0f\u30c4\u30a4\u30c3\u30bf\u30fc",
    "country_code": "PR",
    "country": "Puerto Rico"
  },
  {
    "username": "katsukana_8",
    "followingArtist": "\u3086\u305a\u516c\u5f0f\u30c4\u30a4\u30c3\u30bf\u30fc",
    "country_code": "JP",
    "country": "Japan"
  },
  {
    "username": "ion_25_smile",
    "followingArtist": "\u3086\u305a\u516c\u5f0f\u30c4\u30a4\u30c3\u30bf\u30fc",
    "country_code": "UA",
    "country": "Ukraine"
  },
  {
    "username": "25usg_214",
    "followingArtist": "\u3086\u305a\u516c\u5f0f\u30c4\u30a4\u30c3\u30bf\u30fc",
    "country_code": "JP",
    "country": "Japan"
  },
  {
    "username": "KennethEli27",
    "followingArtist": "\u3086\u305a\u516c\u5f0f\u30c4\u30a4\u30c3\u30bf\u30fc",
    "country_code": "DK",
    "country": "Denmark"
  },
  {
    "username": "canakuma_pink63",
    "followingArtist": "\u3086\u305a\u516c\u5f0f\u30c4\u30a4\u30c3\u30bf\u30fc",
    "country_code": "AG",
    "country": "Antigua and Barbuda"
  },
  {
    "username": "htc_sy6",
    "followingArtist": "\u3086\u305a\u516c\u5f0f\u30c4\u30a4\u30c3\u30bf\u30fc",
    "country_code": "CZ",
    "country": "Czech Republic"
  },
  {
    "username": "legoysk",
    "followingArtist": "\u3086\u305a\u516c\u5f0f\u30c4\u30a4\u30c3\u30bf\u30fc",
    "country_code": "JP",
    "country": "Japan"
  },
  {
    "username": "TheSmolAss",
    "followingArtist": "\u3086\u305a\u516c\u5f0f\u30c4\u30a4\u30c3\u30bf\u30fc",
    "country_code": "US",
    "country": "United States"
  },
  {
    "username": "Kuro_Kureshi",
    "followingArtist": "\u3086\u305a\u516c\u5f0f\u30c4\u30a4\u30c3\u30bf\u30fc",
    "country_code": "JP",
    "country": "Japan"
  },
  {
    "username": "0109_miyu",
    "followingArtist": "\u3086\u305a\u516c\u5f0f\u30c4\u30a4\u30c3\u30bf\u30fc",
    "country_code": "AU",
    "country": "Australia"
  },
  {
    "username": "hrt_120125",
    "followingArtist": "\u3086\u305a\u516c\u5f0f\u30c4\u30a4\u30c3\u30bf\u30fc",
    "country_code": "JP",
    "country": "Japan"
  },
  {
    "username": "music720Shifa",
    "followingArtist": "\u3086\u305a\u516c\u5f0f\u30c4\u30a4\u30c3\u30bf\u30fc",
    "country_code": "JP",
    "country": "Japan"
  },
  {
    "username": "simara0110",
    "followingArtist": "\u3086\u305a\u516c\u5f0f\u30c4\u30a4\u30c3\u30bf\u30fc",
    "country_code": "US",
    "country": "United States"
  },
  {
    "username": "en1004ya",
    "followingArtist": "\u3086\u305a\u516c\u5f0f\u30c4\u30a4\u30c3\u30bf\u30fc",
    "country_code": "AU",
    "country": "Australia"
  },
  {
    "username": "KZ0024",
    "followingArtist": "\u3086\u305a\u516c\u5f0f\u30c4\u30a4\u30c3\u30bf\u30fc",
    "country_code": "JP",
    "country": "Japan"
  },
  {
    "username": "0_suzu__3",
    "followingArtist": "\u3086\u305a\u516c\u5f0f\u30c4\u30a4\u30c3\u30bf\u30fc",
    "country_code": "JP",
    "country": "Japan"
  },
  {
    "username": "m___xxx06",
    "followingArtist": "\u3086\u305a\u516c\u5f0f\u30c4\u30a4\u30c3\u30bf\u30fc",
    "country_code": "JP",
    "country": "Japan"
  },
  {
    "username": "PCMCHOKtVde5M1i",
    "followingArtist": "\u3086\u305a\u516c\u5f0f\u30c4\u30a4\u30c3\u30bf\u30fc",
    "country_code": "US",
    "country": "United States"
  },
  {
    "username": "achamon_oo",
    "followingArtist": "\u3086\u305a\u516c\u5f0f\u30c4\u30a4\u30c3\u30bf\u30fc",
    "country_code": "JP",
    "country": "Japan"
  },
  {
    "username": "Jimboknows6916",
    "followingArtist": "Bryan Mac",
    "country_code": "US",
    "country": "United States"
  },
  {
    "username": "rob_turner45",
    "followingArtist": "Bryan Mac",
    "country_code": "BR",
    "country": "Brazil"
  },
  {
    "username": "kate_odo",
    "followingArtist": "Bryan Mac",
    "country_code": "US",
    "country": "United States"
  },
  {
    "username": "davidberdbag",
    "followingArtist": "Bryan Mac",
    "country_code": "US",
    "country": "United States"
  },
  {
    "username": "PBandCat",
    "followingArtist": "Bryan Mac",
    "country_code": "FR",
    "country": "France"
  },
  {
    "username": "wings_gifs",
    "followingArtist": "Bryan Mac",
    "country_code": "TH",
    "country": "Thailand"
  },
  {
    "username": "Sbombchiller",
    "followingArtist": "Bryan Mac",
    "country_code": "US",
    "country": "United States"
  },
  {
    "username": "Streamable",
    "followingArtist": "Bryan Mac",
    "country_code": "US",
    "country": "United States"
  },
  {
    "username": "RealityCheckSC",
    "followingArtist": "Bryan Mac",
    "country_code": "US",
    "country": "United States"
  },
  {
    "username": "JohnPogs55",
    "followingArtist": "Bryan Mac",
    "country_code": "US",
    "country": "United States"
  },
  {
    "username": "M_MiracleMan",
    "followingArtist": "Bryan Mac",
    "country_code": "US",
    "country": "United States"
  },
  {
    "username": "annaydiazz",
    "followingArtist": "Bryan Mac",
    "country_code": "NZ",
    "country": "Aotearoa"
  },
  {
    "username": "ObviouslyKieran",
    "followingArtist": "Bryan Mac",
    "country_code": "GB",
    "country": "Northern Ireland"
  },
  {
    "username": "marcio_escobar",
    "followingArtist": "Bryan Mac",
    "country_code": "BR",
    "country": "Brazil"
  },
  {
    "username": "HORBESO",
    "followingArtist": "Bryan Mac",
    "country_code": "CL",
    "country": "Chile"
  },
  {
    "username": "voreosider",
    "followingArtist": "Bryan Mac",
    "country_code": "BR",
    "country": "Brazil"
  },
  {
    "username": "Annarelli5",
    "followingArtist": "Bryan Mac",
    "country_code": "IT",
    "country": "Italy"
  },
  {
    "username": "GoldPlatedHDMI",
    "followingArtist": "Bryan Mac",
    "country_code": "US",
    "country": "United States"
  },
  {
    "username": "AtariLives",
    "followingArtist": "Bryan Mac",
    "country_code": "NG",
    "country": "Nigeria"
  },
  {
    "username": "uGeneolgia",
    "followingArtist": "Bryan Mac",
    "country_code": "US",
    "country": "United States"
  },
  {
    "username": "SteadyRiot",
    "followingArtist": "Bryan Mac",
    "country_code": "US",
    "country": "United States"
  },
  {
    "username": "KyleWIIM",
    "followingArtist": "Bryan Mac",
    "country_code": "FR",
    "country": "France"
  },
  {
    "username": "deven_001",
    "followingArtist": "Bryan Mac",
    "country_code": "US",
    "country": "United States"
  },
  {
    "username": "BartendDetroit",
    "followingArtist": "Bryan Mac",
    "country_code": "US",
    "country": "United States"
  },
  {
    "username": "RedditHockey",
    "followingArtist": "Bryan Mac",
    "country_code": "BR",
    "country": "Brazil"
  },
  {
    "username": "flybynightt",
    "followingArtist": "Bryan Mac",
    "country_code": "CA",
    "country": "Canada"
  },
  {
    "username": "Chris_Carnovale",
    "followingArtist": "Bryan Mac",
    "country_code": "CA",
    "country": "Canada"
  },
  {
    "username": "eggycrunchybob",
    "followingArtist": "Bryan Mac",
    "country_code": "PH",
    "country": "Philippines"
  },
  {
    "username": "NeutralTyrant",
    "followingArtist": "Bryan Mac",
    "country_code": "US",
    "country": "United States"
  },
  {
    "username": "Fallout4Free",
    "followingArtist": "Bryan Mac",
    "country_code": "US",
    "country": "United States"
  },
  {
    "username": "CamGumpy",
    "followingArtist": "Bryan Mac",
    "country_code": "US",
    "country": "United States"
  },
  {
    "username": "wingman_901",
    "followingArtist": "Bryan Mac",
    "country_code": "BJ",
    "country": "Benin"
  },
  {
    "username": "notGunther78",
    "followingArtist": "Bryan Mac",
    "country_code": "US",
    "country": "United States"
  },
  {
    "username": "Eyes_N_Heart",
    "followingArtist": "Bryan Mac",
    "country_code": "TH",
    "country": "Thailand"
  },
  {
    "username": "SengokuStray",
    "followingArtist": "Bryan Mac",
    "country_code": "US",
    "country": "United States"
  },
  {
    "username": "Ander1ap",
    "followingArtist": "Bryan Mac",
    "country_code": "US",
    "country": "United States"
  },
  {
    "username": "lmoj4",
    "followingArtist": "Bryan Mac",
    "country_code": "CA",
    "country": "Canada"
  },
  {
    "username": "ShattInMyKirk",
    "followingArtist": "Bryan Mac",
    "country_code": "CN",
    "country": "China"
  },
  {
    "username": "GigaWat",
    "followingArtist": "Bryan Mac",
    "country_code": "US",
    "country": "United States"
  },
  {
    "username": "AmIDoinItWright",
    "followingArtist": "Bryan Mac",
    "country_code": "US",
    "country": "United States"
  },
  {
    "username": "DylanWiget",
    "followingArtist": "Bryan Mac",
    "country_code": "US",
    "country": "United States"
  },
  {
    "username": "riotsurvivor",
    "followingArtist": "Bryan Mac",
    "country_code": "CA",
    "country": "Canada"
  },
  {
    "username": "gameNL",
    "followingArtist": "Bryan Mac",
    "country_code": "CA",
    "country": "Canada"
  },
  {
    "username": "HockeyBabbler",
    "followingArtist": "Bryan Mac",
    "country_code": "US",
    "country": "United States"
  },
  {
    "username": "ImNotJoshinYa",
    "followingArtist": "Bryan Mac",
    "country_code": "US",
    "country": "United States"
  },
  {
    "username": "triona05",
    "followingArtist": "Bryan Mac",
    "country_code": "US",
    "country": "United States"
  },
  {
    "username": "ronroninabox",
    "followingArtist": "Bryan Mac",
    "country_code": "CA",
    "country": "Canada"
  },
  {
    "username": "ruggedshrimp",
    "followingArtist": "Bryan Mac",
    "country_code": "CA",
    "country": "Canada"
  },
  {
    "username": "lafonh",
    "followingArtist": "Bryan Mac",
    "country_code": "CA",
    "country": "Canada"
  },
  {
    "username": "LAKingsDave",
    "followingArtist": "Bryan Mac",
    "country_code": "US",
    "country": "United States"
  },
  {
    "username": "mattywalkers",
    "followingArtist": "Bryan Mac",
    "country_code": "CA",
    "country": "Canada"
  },
  {
    "username": "ThexCatmanx",
    "followingArtist": "Bryan Mac",
    "country_code": "US",
    "country": "United States"
  },
  {
    "username": "philosorafter",
    "followingArtist": "Bryan Mac",
    "country_code": "BR",
    "country": "Brazil"
  },
  {
    "username": "ACST_ChicagoIL",
    "followingArtist": "Bryan Mac",
    "country_code": "US",
    "country": "United States"
  },
  {
    "username": "lakatos31",
    "followingArtist": "Bryan Mac",
    "country_code": "US",
    "country": "United States"
  },
  {
    "username": "NotSpick",
    "followingArtist": "Bryan Mac",
    "country_code": "US",
    "country": "United States"
  },
  {
    "username": "aaronblosch",
    "followingArtist": "Bryan Mac",
    "country_code": "US",
    "country": "United States"
  },
  {
    "username": "YiannisGreek",
    "followingArtist": "Bryan Mac",
    "country_code": "US",
    "country": "United States"
  },
  {
    "username": "tothemaxkaufman",
    "followingArtist": "Bryan Mac",
    "country_code": "US",
    "country": "United States"
  },
  {
    "username": "brightlightsfr",
    "followingArtist": "Bryan Mac",
    "country_code": "FR",
    "country": "France"
  },
  {
    "username": "BerlinDude353",
    "followingArtist": "Bryan Mac",
    "country_code": "US",
    "country": "United States"
  },
  {
    "username": "GoonzelHunter7",
    "followingArtist": "Bryan Mac",
    "country_code": "US",
    "country": "United States"
  },
  {
    "username": "BilancioEvan427",
    "followingArtist": "Bryan Mac",
    "country_code": "GQ",
    "country": "Equatorial Guinea"
  },
  {
    "username": "BrianParsleyy",
    "followingArtist": "Bryan Mac",
    "country_code": "US",
    "country": "United States"
  },
  {
    "username": "WuMasterMenace",
    "followingArtist": "Bryan Mac",
    "country_code": "CZ",
    "country": "Czech Republic"
  },
  {
    "username": "spotifyfrance",
    "followingArtist": "Bryan Mac",
    "country_code": "FR",
    "country": "France"
  },
  {
    "username": "Sarah_Goree",
    "followingArtist": "Bryan Mac",
    "country_code": "US",
    "country": "United States"
  },
  {
    "username": "Dilldobaggins33",
    "followingArtist": "Bryan Mac",
    "country_code": "US",
    "country": "United States"
  },
  {
    "username": "mcamera_7",
    "followingArtist": "Bryan Mac",
    "country_code": "US",
    "country": "United States"
  },
  {
    "username": "chief_chjuazwa",
    "followingArtist": "Bryan Mac",
    "country_code": "US",
    "country": "United States"
  },
  {
    "username": "pavementseries",
    "followingArtist": "Bryan Mac",
    "country_code": "NG",
    "country": "Nigeria"
  },
  {
    "username": "JakeemRice",
    "followingArtist": "Bryan Mac",
    "country_code": "US",
    "country": "United States"
  },
  {
    "username": "Sweetfeet_23",
    "followingArtist": "Bryan Mac",
    "country_code": "US",
    "country": "United States"
  },
  {
    "username": "Roma_Hagen",
    "followingArtist": "Bryan Mac",
    "country_code": "US",
    "country": "United States"
  },
  {
    "username": "1kornel1",
    "followingArtist": "Bryan Mac",
    "country_code": "HK",
    "country": "Hong Kong"
  },
  {
    "username": "BCaccas5",
    "followingArtist": "Bryan Mac",
    "country_code": "CA",
    "country": "Canada"
  },
  {
    "username": "Danny_Danko727",
    "followingArtist": "Bryan Mac",
    "country_code": "US",
    "country": "United States"
  },
  {
    "username": "NickFuccello",
    "followingArtist": "Bryan Mac",
    "country_code": "US",
    "country": "United States"
  },
  {
    "username": "DaveAbram",
    "followingArtist": "Bryan Mac",
    "country_code": "US",
    "country": "United States"
  },
  {
    "username": "raihan_xaman",
    "followingArtist": "Era Istrefi",
    "country_code": "RU",
    "country": "Russian Federation"
  },
  {
    "username": "DoruntinaSadriu",
    "followingArtist": "Era Istrefi",
    "country_code": "XK",
    "country": "XK"
  },
  {
    "username": "cete941",
    "followingArtist": "Era Istrefi",
    "country_code": "MK",
    "country": "Macedonia"
  },
  {
    "username": "erzzeberisha",
    "followingArtist": "Era Istrefi",
    "country_code": "XK",
    "country": "XK"
  },
  {
    "username": "AtraaArta",
    "followingArtist": "Era Istrefi",
    "country_code": "UA",
    "country": "Ukraine"
  },
  {
    "username": "mzadog1",
    "followingArtist": "Era Istrefi",
    "country_code": "US",
    "country": "United States"
  },
  {
    "username": "tori_vd",
    "followingArtist": "Era Istrefi",
    "country_code": "AL",
    "country": "Albania"
  },
  {
    "username": "ProclaimSocial",
    "followingArtist": "Era Istrefi",
    "country_code": "US",
    "country": "United States"
  },
  {
    "username": "PIrtehan",
    "followingArtist": "Era Istrefi",
    "country_code": "BD",
    "country": "Bangladesh"
  },
  {
    "username": "egzonkrs_",
    "followingArtist": "Era Istrefi",
    "country_code": "XK",
    "country": "XK"
  },
  {
    "username": "Donato48392928",
    "followingArtist": "Era Istrefi",
    "country_code": "IT",
    "country": "Italy"
  },
  {
    "username": "Such_A_Gr8_Guy",
    "followingArtist": "Era Istrefi",
    "country_code": "IN",
    "country": "India"
  },
  {
    "username": "Erduan71920595",
    "followingArtist": "Era Istrefi",
    "country_code": "XK",
    "country": "XK"
  },
  {
    "username": "mkOrnab",
    "followingArtist": "Era Istrefi",
    "country_code": "BD",
    "country": "Bangladesh"
  },
  {
    "username": "MrAni768",
    "followingArtist": "Era Istrefi",
    "country_code": "BD",
    "country": "Bangladesh"
  },
  {
    "username": "Sara22251777",
    "followingArtist": "Era Istrefi",
    "country_code": "XK",
    "country": "XK"
  },
  {
    "username": "Ali89515331",
    "followingArtist": "Era Istrefi",
    "country_code": "FI",
    "country": "Finland"
  },
  {
    "username": "LegallyOGZI",
    "followingArtist": "Era Istrefi",
    "country_code": "US",
    "country": "United States"
  },
  {
    "username": "a1oon_",
    "followingArtist": "Era Istrefi",
    "country_code": "GB",
    "country": "Northern Ireland"
  },
  {
    "username": "Shekinahnicole6",
    "followingArtist": "Era Istrefi",
    "country_code": "US",
    "country": "United States"
  },
  {
    "username": "alvarado_jeff",
    "followingArtist": "Era Istrefi",
    "country_code": "US",
    "country": "United States"
  },
  {
    "username": "BaelessVibes",
    "followingArtist": "Era Istrefi",
    "country_code": "NG",
    "country": "Nigeria"
  },
  {
    "username": "Mshooverthroat",
    "followingArtist": "Era Istrefi",
    "country_code": "US",
    "country": "United States"
  },
  {
    "username": "ketrinn11",
    "followingArtist": "Era Istrefi",
    "country_code": "US",
    "country": "United States"
  },
  {
    "username": "KXhimitiku",
    "followingArtist": "Era Istrefi",
    "country_code": "FR",
    "country": "France"
  },
  {
    "username": "RShahriar007",
    "followingArtist": "Era Istrefi",
    "country_code": "BD",
    "country": "Bangladesh"
  },
  {
    "username": "rigelsr23610599",
    "followingArtist": "Era Istrefi",
    "country_code": "AE",
    "country": "United Arab Emirates"
  },
  {
    "username": "alexhildson96",
    "followingArtist": "Era Istrefi",
    "country_code": "IT",
    "country": "Italy"
  },
  {
    "username": "SkSagor95027450",
    "followingArtist": "Era Istrefi",
    "country_code": "BD",
    "country": "Bangladesh"
  },
  {
    "username": "modmalmalki",
    "followingArtist": "Era Istrefi",
    "country_code": "SA",
    "country": "Saudi Arabia"
  },
  {
    "username": "Abhishe53780213",
    "followingArtist": "Era Istrefi",
    "country_code": "IN",
    "country": "India"
  },
  {
    "username": "sellysurtado",
    "followingArtist": "Era Istrefi",
    "country_code": "US",
    "country": "United States"
  },
  {
    "username": "Lirim91",
    "followingArtist": "Era Istrefi",
    "country_code": "MK",
    "country": "Macedonia"
  },
  {
    "username": "Codzilla_hd_",
    "followingArtist": "Era Istrefi",
    "country_code": "UK",
    "country": "United Kingdom"
  },
  {
    "username": "mark_githaiga",
    "followingArtist": "Era Istrefi",
    "country_code": "KE",
    "country": "Kenya"
  },
  {
    "username": "neotrix1",
    "followingArtist": "Era Istrefi",
    "country_code": "FR",
    "country": "France"
  },
  {
    "username": "CaptainKarimM",
    "followingArtist": "Era Istrefi",
    "country_code": "EG",
    "country": "Egypt"
  },
  {
    "username": "JOLA90496934",
    "followingArtist": "Era Istrefi",
    "country_code": "US",
    "country": "United States"
  },
  {
    "username": "IshmamMir",
    "followingArtist": "Era Istrefi",
    "country_code": "BD",
    "country": "Bangladesh"
  },
  {
    "username": "arsimps",
    "followingArtist": "Era Istrefi",
    "country_code": "XK",
    "country": "XK"
  },
  {
    "username": "ShaniseWinters",
    "followingArtist": "Era Istrefi",
    "country_code": "ZW",
    "country": "Zimbabwe"
  },
  {
    "username": "banditodua",
    "followingArtist": "Era Istrefi",
    "country_code": "US",
    "country": "United States"
  },
  {
    "username": "ProgramaX16Plus",
    "followingArtist": "Era Istrefi",
    "country_code": "US",
    "country": "United States"
  },
  {
    "username": "IsmailiLirim",
    "followingArtist": "Era Istrefi",
    "country_code": "RS",
    "country": "Serbia"
  },
  {
    "username": "ImAlisonGimenes",
    "followingArtist": "Era Istrefi",
    "country_code": "US",
    "country": "United States"
  },
  {
    "username": "srouryouness",
    "followingArtist": "Era Istrefi",
    "country_code": "EG",
    "country": "Egypt"
  },
  {
    "username": "remzija221",
    "followingArtist": "Era Istrefi",
    "country_code": "DE",
    "country": "Germany"
  },
  {
    "username": "Bernadar7",
    "followingArtist": "Era Istrefi",
    "country_code": "California City Blvd",
    "country": "California City Blvd"
  },
  {
    "username": "GashiArtan",
    "followingArtist": "Era Istrefi",
    "country_code": "XK",
    "country": "XK"
  },
  {
    "username": "Mamad40776741",
    "followingArtist": "Era Istrefi",
    "country_code": "MY",
    "country": "Malaysia"
  },
  {
    "username": "arion_murati",
    "followingArtist": "Era Istrefi",
    "country_code": "AL",
    "country": "Albania"
  },
  {
    "username": "Wisam10212418",
    "followingArtist": "Era Istrefi",
    "country_code": "DE",
    "country": "Germany"
  },
  {
    "username": "MaxDasi58125359",
    "followingArtist": "Era Istrefi",
    "country_code": "US",
    "country": "United States"
  },
  {
    "username": "KabashiFazli",
    "followingArtist": "Era Istrefi",
    "country_code": "CH",
    "country": "Switzerland"
  },
  {
    "username": "Magi06386580",
    "followingArtist": "Era Istrefi",
    "country_code": "UK",
    "country": "United Kingdom"
  },
  {
    "username": "Fatjoni06154230",
    "followingArtist": "Era Istrefi",
    "country_code": "DE",
    "country": "Germany"
  },
  {
    "username": "fatmir53726141",
    "followingArtist": "Era Istrefi",
    "country_code": "GB",
    "country": "Northern Ireland"
  },
  {
    "username": "freshav43740485",
    "followingArtist": "Era Istrefi",
    "country_code": "US",
    "country": "United States"
  },
  {
    "username": "Ditlind3",
    "followingArtist": "Era Istrefi",
    "country_code": "IT",
    "country": "Italy"
  },
  {
    "username": "newsworld007",
    "followingArtist": "Era Istrefi",
    "country_code": "US",
    "country": "United States"
  },
  {
    "username": "D7_BL3ND_7",
    "followingArtist": "Era Istrefi",
    "country_code": "IE",
    "country": "Ireland"
  },
  {
    "username": "scrib_nibz",
    "followingArtist": "Era Istrefi",
    "country_code": "US",
    "country": "United States"
  },
  {
    "username": "G10070375",
    "followingArtist": "Era Istrefi",
    "country_code": "UK",
    "country": "United Kingdom"
  },
  {
    "username": "goodguyharsh",
    "followingArtist": "Era Istrefi",
    "country_code": "BR",
    "country": "Brazil"
  },
  {
    "username": "JohnMai70",
    "followingArtist": "Era Istrefi",
    "country_code": "GB",
    "country": "Northern Ireland"
  },
  {
    "username": "grebislav",
    "followingArtist": "Era Istrefi",
    "country_code": "RS",
    "country": "Serbia"
  },
  {
    "username": "kaka9u",
    "followingArtist": "Era Istrefi",
    "country_code": "US",
    "country": "United States"
  },
  {
    "username": "iambahadrrs",
    "followingArtist": "Era Istrefi",
    "country_code": "TR",
    "country": "Turkey"
  },
  {
    "username": "TalukderGolam",
    "followingArtist": "Era Istrefi",
    "country_code": "BD",
    "country": "Bangladesh"
  },
  {
    "username": "sallahi_valmir",
    "followingArtist": "Era Istrefi",
    "country_code": "UA",
    "country": "Ukraine"
  },
  {
    "username": "KapilVe25556570",
    "followingArtist": "Era Istrefi",
    "country_code": "PK",
    "country": "Pakistan"
  },
  {
    "username": "SatellitEyes",
    "followingArtist": "Era Istrefi",
    "country_code": "US",
    "country": "United States"
  },
  {
    "username": "q84tKaJVEpLu1gW",
    "followingArtist": "Era Istrefi",
    "country_code": "MY",
    "country": "Malaysia"
  },
  {
    "username": "queenvionallal4",
    "followingArtist": "Era Istrefi",
    "country_code": "XK",
    "country": "XK"
  },
  {
    "username": "asani_faton",
    "followingArtist": "Era Istrefi",
    "country_code": "US",
    "country": "United States"
  },
  {
    "username": "AnaLinn3",
    "followingArtist": "Era Istrefi",
    "country_code": "NG",
    "country": "Nigeria"
  },
  {
    "username": "Shakibmohamma12",
    "followingArtist": "Era Istrefi",
    "country_code": "BD",
    "country": "Bangladesh"
  },
  {
    "username": "rilind_ramadani",
    "followingArtist": "Era Istrefi",
    "country_code": "US",
    "country": "United States"
  },
  {
    "username": "JurgenRaza",
    "followingArtist": "Era Istrefi",
    "country_code": "SE",
    "country": "Sweden"
  },
  {
    "username": "_alikucukk",
    "followingArtist": "Era Istrefi",
    "country_code": "TR",
    "country": "Turkey"
  },
  {
    "username": "pucher_daniel",
    "followingArtist": "Era Istrefi",
    "country_code": "AT",
    "country": "Austria"
  },
  {
    "username": "Sercan42557146",
    "followingArtist": "Era Istrefi",
    "country_code": "ME",
    "country": "Montenegro"
  },
  {
    "username": "Arditi32",
    "followingArtist": "Era Istrefi",
    "country_code": "AL",
    "country": "Albania"
  },
  {
    "username": "8abasm",
    "followingArtist": "Era Istrefi",
    "country_code": "US",
    "country": "United States"
  },
  {
    "username": "ThaqiShipi",
    "followingArtist": "Era Istrefi",
    "country_code": "UK",
    "country": "United Kingdom"
  },
  {
    "username": "ismaelg01239475",
    "followingArtist": "Era Istrefi",
    "country_code": "NL",
    "country": "Netherlands"
  }
]