[
  {
    "username": "inuo3",
    "followingArtist": "\u6210\u5c71 \u525b",
    "country_code": "JP",
    "country": "Japan"
  },
  {
    "username": "tuckhersey",
    "followingArtist": "\u6210\u5c71 \u525b",
    "country_code": "JP",
    "country": "Japan"
  },
  {
    "username": "garden_mocha",
    "followingArtist": "\u6210\u5c71 \u525b",
    "country_code": "JP",
    "country": "Japan"
  },
  {
    "username": "SMIDISK",
    "followingArtist": "\u6210\u5c71 \u525b",
    "country_code": "JP",
    "country": "Japan"
  },
  {
    "username": "mokumao",
    "followingArtist": "\u6210\u5c71 \u525b",
    "country_code": "JP",
    "country": "Japan"
  },
  {
    "username": "kurukuru_candy",
    "followingArtist": "\u6210\u5c71 \u525b",
    "country_code": "JP",
    "country": "Japan"
  },
  {
    "username": "utatane_no_hibi",
    "followingArtist": "\u6210\u5c71 \u525b",
    "country_code": "JP",
    "country": "Japan"
  },
  {
    "username": "n_o_r_o_c_h_i_n",
    "followingArtist": "\u6210\u5c71 \u525b",
    "country_code": "JP",
    "country": "Japan"
  },
  {
    "username": "n0mn0l",
    "followingArtist": "\u6210\u5c71 \u525b",
    "country_code": "NG",
    "country": "Nigeria"
  },
  {
    "username": "shimarisuko",
    "followingArtist": "\u6210\u5c71 \u525b",
    "country_code": "JP",
    "country": "Japan"
  },
  {
    "username": "nekomachi_press",
    "followingArtist": "\u6210\u5c71 \u525b",
    "country_code": "es",
    "country": "Spain"
  },
  {
    "username": "fuyunotabi",
    "followingArtist": "\u6210\u5c71 \u525b",
    "country_code": "JP",
    "country": "Japan"
  },
  {
    "username": "idisim",
    "followingArtist": "\u6210\u5c71 \u525b",
    "country_code": "JP",
    "country": "Japan"
  },
  {
    "username": "MK_on_the_mind",
    "followingArtist": "\u6210\u5c71 \u525b",
    "country_code": "MA",
    "country": "Morocco"
  },
  {
    "username": "chimaty",
    "followingArtist": "\u6210\u5c71 \u525b",
    "country_code": "JP",
    "country": "Japan"
  },
  {
    "username": "kk_sinsoseek",
    "followingArtist": "\u6210\u5c71 \u525b",
    "country_code": "JP",
    "country": "Japan"
  },
  {
    "username": "azu_1007_",
    "followingArtist": "\u6210\u5c71 \u525b",
    "country_code": "JP",
    "country": "Japan"
  },
  {
    "username": "jobin55",
    "followingArtist": "\u6210\u5c71 \u525b",
    "country_code": "JP",
    "country": "Japan"
  },
  {
    "username": "cafe_Room",
    "followingArtist": "\u6210\u5c71 \u525b",
    "country_code": "TK",
    "country": "Tokelau"
  },
  {
    "username": "amanomico",
    "followingArtist": "\u6210\u5c71 \u525b",
    "country_code": "JP",
    "country": "Japan"
  },
  {
    "username": "roots999x",
    "followingArtist": "\u6210\u5c71 \u525b",
    "country_code": "JP",
    "country": "Japan"
  },
  {
    "username": "chikasunnyside",
    "followingArtist": "\u6210\u5c71 \u525b",
    "country_code": "PG",
    "country": "Papua New Guinea"
  },
  {
    "username": "moriharu",
    "followingArtist": "\u6210\u5c71 \u525b",
    "country_code": "JP",
    "country": "Japan"
  },
  {
    "username": "m30hrk",
    "followingArtist": "\u6210\u5c71 \u525b",
    "country_code": "CA",
    "country": "Canada"
  },
  {
    "username": "Mikachin1221",
    "followingArtist": "\u6210\u5c71 \u525b",
    "country_code": "JP",
    "country": "Japan"
  },
  {
    "username": "naastika3",
    "followingArtist": "\u6210\u5c71 \u525b",
    "country_code": "JP",
    "country": "Japan"
  },
  {
    "username": "KRAPSHALL",
    "followingArtist": "\u6210\u5c71 \u525b",
    "country_code": "TK",
    "country": "Tokelau"
  },
  {
    "username": "army_sparks",
    "followingArtist": "\u6210\u5c71 \u525b",
    "country_code": "MW",
    "country": "Malawi"
  },
  {
    "username": "valeriezhang3",
    "followingArtist": "\u6210\u5c71 \u525b",
    "country_code": "CN",
    "country": "China"
  },
  {
    "username": "noteandco",
    "followingArtist": "\u6210\u5c71 \u525b",
    "country_code": "JP",
    "country": "Japan"
  },
  {
    "username": "txmxmi",
    "followingArtist": "\u6210\u5c71 \u525b",
    "country_code": "JP",
    "country": "Japan"
  },
  {
    "username": "atsunor",
    "followingArtist": "\u6210\u5c71 \u525b",
    "country_code": "JP",
    "country": "Japan"
  },
  {
    "username": "saki_cheer",
    "followingArtist": "\u6210\u5c71 \u525b",
    "country_code": "JP",
    "country": "Japan"
  },
  {
    "username": "ayumi00848",
    "followingArtist": "\u6210\u5c71 \u525b",
    "country_code": "JP",
    "country": "Japan"
  },
  {
    "username": "Aknxkn",
    "followingArtist": "\u6210\u5c71 \u525b",
    "country_code": "JP",
    "country": "Japan"
  },
  {
    "username": "iwaajun",
    "followingArtist": "\u6210\u5c71 \u525b",
    "country_code": "US",
    "country": "USA"
  },
  {
    "username": "luka_zombie",
    "followingArtist": "\u6210\u5c71 \u525b",
    "country_code": "JP",
    "country": "Japan"
  },
  {
    "username": "ADIEU026",
    "followingArtist": "\u6210\u5c71 \u525b",
    "country_code": "JP",
    "country": "Japan"
  },
  {
    "username": "mygianduja",
    "followingArtist": "\u6210\u5c71 \u525b",
    "country_code": "JP",
    "country": "Japan"
  },
  {
    "username": "taba_tea",
    "followingArtist": "\u6210\u5c71 \u525b",
    "country_code": "JP",
    "country": "Japan"
  },
  {
    "username": "mitsuko_bhb",
    "followingArtist": "\u6210\u5c71 \u525b",
    "country_code": "JP",
    "country": "Japan"
  },
  {
    "username": "otico_san",
    "followingArtist": "\u6210\u5c71 \u525b",
    "country_code": "JP",
    "country": "Japan"
  },
  {
    "username": "mzjamjam",
    "followingArtist": "\u6210\u5c71 \u525b",
    "country_code": "JP",
    "country": "Japan"
  },
  {
    "username": "flyingcat3",
    "followingArtist": "\u6210\u5c71 \u525b",
    "country_code": "JP",
    "country": "Japan"
  },
  {
    "username": "komako_mgr",
    "followingArtist": "\u6210\u5c71 \u525b",
    "country_code": "JP",
    "country": "Japan"
  },
  {
    "username": "yotsubox",
    "followingArtist": "\u6210\u5c71 \u525b",
    "country_code": "JP",
    "country": "Japan"
  },
  {
    "username": "COCOONNNNN",
    "followingArtist": "\u6210\u5c71 \u525b",
    "country_code": "JP",
    "country": "Japan"
  },
  {
    "username": "m_sappo",
    "followingArtist": "\u6210\u5c71 \u525b",
    "country_code": "JP",
    "country": "Japan"
  },
  {
    "username": "snAfquin",
    "followingArtist": "\u6210\u5c71 \u525b",
    "country_code": "US",
    "country": "USA"
  },
  {
    "username": "BETTY_FOOD",
    "followingArtist": "\u6210\u5c71 \u525b",
    "country_code": "JP",
    "country": "Japan"
  },
  {
    "username": "URSUSintheday",
    "followingArtist": "\u6210\u5c71 \u525b",
    "country_code": "JP",
    "country": "Japan"
  },
  {
    "username": "neatsyui",
    "followingArtist": "\u6210\u5c71 \u525b",
    "country_code": "JP",
    "country": "Japan"
  },
  {
    "username": "kayomikan",
    "followingArtist": "\u6210\u5c71 \u525b",
    "country_code": "JP",
    "country": "Japan"
  },
  {
    "username": "makironMKMK",
    "followingArtist": "\u6210\u5c71 \u525b",
    "country_code": "JP",
    "country": "Japan"
  },
  {
    "username": "marie_o329",
    "followingArtist": "\u6210\u5c71 \u525b",
    "country_code": "JP",
    "country": "Japan"
  },
  {
    "username": "kdy7070",
    "followingArtist": "\u6210\u5c71 \u525b",
    "country_code": "JP",
    "country": "Japan"
  },
  {
    "username": "chel9mai",
    "followingArtist": "\u6210\u5c71 \u525b",
    "country_code": "JP",
    "country": "Japan"
  },
  {
    "username": "tokochan1005",
    "followingArtist": "\u6210\u5c71 \u525b",
    "country_code": "JP",
    "country": "Japan"
  },
  {
    "username": "sleeping_moon79",
    "followingArtist": "\u6210\u5c71 \u525b",
    "country_code": "FR",
    "country": "France"
  },
  {
    "username": "kotallo",
    "followingArtist": "\u6210\u5c71 \u525b",
    "country_code": "JP",
    "country": "Japan"
  },
  {
    "username": "mmmmmrn",
    "followingArtist": "\u6210\u5c71 \u525b",
    "country_code": "JP",
    "country": "Japan"
  },
  {
    "username": "gla_gla_toya",
    "followingArtist": "\u6210\u5c71 \u525b",
    "country_code": "JP",
    "country": "Japan"
  },
  {
    "username": "mizupino",
    "followingArtist": "\u6210\u5c71 \u525b",
    "country_code": "JP",
    "country": "Japan"
  },
  {
    "username": "mochimochinn",
    "followingArtist": "\u6210\u5c71 \u525b",
    "country_code": "JP",
    "country": "Japan"
  },
  {
    "username": "matuo45",
    "followingArtist": "\u6210\u5c71 \u525b",
    "country_code": "JP",
    "country": "Japan"
  },
  {
    "username": "love_coco_terry",
    "followingArtist": "\u6210\u5c71 \u525b",
    "country_code": "JP",
    "country": "Japan"
  },
  {
    "username": "yuki__kita",
    "followingArtist": "\u6210\u5c71 \u525b",
    "country_code": "JP",
    "country": "Japan"
  },
  {
    "username": "_timetraffic",
    "followingArtist": "\u6210\u5c71 \u525b",
    "country_code": "JP",
    "country": "Japan"
  },
  {
    "username": "haru_momi",
    "followingArtist": "\u6210\u5c71 \u525b",
    "country_code": "JP",
    "country": "Japan"
  },
  {
    "username": "hiyokomomo",
    "followingArtist": "\u6210\u5c71 \u525b",
    "country_code": "US",
    "country": "USA"
  },
  {
    "username": "shiropuku",
    "followingArtist": "\u6210\u5c71 \u525b",
    "country_code": "BD",
    "country": "Bangladesh"
  },
  {
    "username": "Takahassy",
    "followingArtist": "\u6210\u5c71 \u525b",
    "country_code": "JP",
    "country": "Japan"
  },
  {
    "username": "Iwatch2017",
    "followingArtist": "\u6210\u5c71 \u525b",
    "country_code": "JP",
    "country": "Japan"
  },
  {
    "username": "yurie_08",
    "followingArtist": "\u6210\u5c71 \u525b",
    "country_code": "JP",
    "country": "Japan"
  },
  {
    "username": "___oftn___",
    "followingArtist": "\u6210\u5c71 \u525b",
    "country_code": "JP",
    "country": "Japan"
  },
  {
    "username": "riekkko",
    "followingArtist": "\u6210\u5c71 \u525b",
    "country_code": "JP",
    "country": "Japan"
  },
  {
    "username": "kurash1981",
    "followingArtist": "\u6210\u5c71 \u525b",
    "country_code": "JP",
    "country": "Japan"
  },
  {
    "username": "kasumin524",
    "followingArtist": "\u6210\u5c71 \u525b",
    "country_code": "JP",
    "country": "Japan"
  },
  {
    "username": "JulytheObserver",
    "followingArtist": "\u6210\u5c71 \u525b",
    "country_code": "JP",
    "country": "Japan"
  },
  {
    "username": "ykvsky",
    "followingArtist": "\u6210\u5c71 \u525b",
    "country_code": "JP",
    "country": "Japan"
  },
  {
    "username": "kumamichi",
    "followingArtist": "\u6210\u5c71 \u525b",
    "country_code": "JP",
    "country": "Japan"
  },
  {
    "username": "megnonagano",
    "followingArtist": "\u6210\u5c71 \u525b",
    "country_code": "JP",
    "country": "Japan"
  },
  {
    "username": "smasa0730",
    "followingArtist": "\u6210\u5c71 \u525b",
    "country_code": "JP",
    "country": "Japan"
  },
  {
    "username": "urilit",
    "followingArtist": "\u6210\u5c71 \u525b",
    "country_code": "JP",
    "country": "Japan"
  },
  {
    "username": "clammmurobon",
    "followingArtist": "\u6210\u5c71 \u525b",
    "country_code": "JP",
    "country": "Japan"
  },
  {
    "username": "Je_le_cherche",
    "followingArtist": "\u6210\u5c71 \u525b",
    "country_code": "JP",
    "country": "Japan"
  },
  {
    "username": "konjac_msk",
    "followingArtist": "\u6210\u5c71 \u525b",
    "country_code": "JP",
    "country": "Japan"
  },
  {
    "username": "nitiyoubi",
    "followingArtist": "\u6210\u5c71 \u525b",
    "country_code": "JP",
    "country": "Japan"
  },
  {
    "username": "FLOWERandHOME",
    "followingArtist": "\u6210\u5c71 \u525b",
    "country_code": "JP",
    "country": "Japan"
  },
  {
    "username": "h629k1124",
    "followingArtist": "\u6210\u5c71 \u525b",
    "country_code": "JP",
    "country": "Japan"
  },
  {
    "username": "takumiuesaka",
    "followingArtist": "\u6210\u5c71 \u525b",
    "country_code": "JP",
    "country": "Japan"
  },
  {
    "username": "saoriyamada_hug",
    "followingArtist": "\u6210\u5c71 \u525b",
    "country_code": "JP",
    "country": "Japan"
  },
  {
    "username": "yaammt",
    "followingArtist": "\u6210\u5c71 \u525b",
    "country_code": "JP",
    "country": "Japan"
  },
  {
    "username": "sachico_110",
    "followingArtist": "\u6210\u5c71 \u525b",
    "country_code": "JP",
    "country": "Japan"
  },
  {
    "username": "a_smile9",
    "followingArtist": "\u6210\u5c71 \u525b",
    "country_code": "JP",
    "country": "Japan"
  },
  {
    "username": "juniorseagan",
    "followingArtist": "Sandra Riley Tang",
    "country_code": "MY",
    "country": "Malaysia"
  },
  {
    "username": "iBiZmuth",
    "followingArtist": "Sandra Riley Tang",
    "country_code": "US",
    "country": "USA"
  },
  {
    "username": "AEZ7Aaron",
    "followingArtist": "Sandra Riley Tang",
    "country_code": "FR",
    "country": "France"
  },
  {
    "username": "caisipcyreal",
    "followingArtist": "Sandra Riley Tang",
    "country_code": "UK",
    "country": "United Kingdom"
  },
  {
    "username": "SanoAvon",
    "followingArtist": "Sandra Riley Tang",
    "country_code": "AU",
    "country": "Australia"
  },
  {
    "username": "bbbbaun",
    "followingArtist": "Sandra Riley Tang",
    "country_code": "SI",
    "country": "Slovenia"
  },
  {
    "username": "kimbilli__",
    "followingArtist": "Sandra Riley Tang",
    "country_code": "PH",
    "country": "Philippines"
  },
  {
    "username": "Simon_Sadhoo",
    "followingArtist": "Sandra Riley Tang",
    "country_code": "NL",
    "country": "Netherlands"
  },
  {
    "username": "DrLindaMD",
    "followingArtist": "Sandra Riley Tang",
    "country_code": "BJ",
    "country": "Benin"
  },
  {
    "username": "uijmik",
    "followingArtist": "Sandra Riley Tang",
    "country_code": "GH",
    "country": "Ghana"
  },
  {
    "username": "Bortkiewicz1982",
    "followingArtist": "Sandra Riley Tang",
    "country_code": "UK",
    "country": "United Kingdom"
  },
  {
    "username": "devitdja",
    "followingArtist": "Sandra Riley Tang",
    "country_code": "US",
    "country": "USA"
  },
  {
    "username": "chan_deliers",
    "followingArtist": "Sandra Riley Tang",
    "country_code": "ZA",
    "country": "South Africa"
  },
  {
    "username": "z981173825",
    "followingArtist": "Sandra Riley Tang",
    "country_code": "US",
    "country": "USA"
  },
  {
    "username": "ashleywiiii",
    "followingArtist": "Sandra Riley Tang",
    "country_code": "NO",
    "country": "Norway"
  },
  {
    "username": "whateverxbear",
    "followingArtist": "Sandra Riley Tang",
    "country_code": "TH",
    "country": "Thailand"
  },
  {
    "username": "afifahnp1",
    "followingArtist": "Sandra Riley Tang",
    "country_code": "ID",
    "country": "Indonesia"
  },
  {
    "username": "cherrym00402255",
    "followingArtist": "Sandra Riley Tang",
    "country_code": "PH",
    "country": "Philippines"
  },
  {
    "username": "MunkuPromise",
    "followingArtist": "Sandra Riley Tang",
    "country_code": "ZA",
    "country": "South Africa"
  },
  {
    "username": "maylynnmaylynn",
    "followingArtist": "Sandra Riley Tang",
    "country_code": "MY",
    "country": "Malaysia"
  },
  {
    "username": "alexis77408787",
    "followingArtist": "Sandra Riley Tang",
    "country_code": "US",
    "country": "USA"
  },
  {
    "username": "cfu_1",
    "followingArtist": "Sandra Riley Tang",
    "country_code": "MY",
    "country": "Malaysia"
  },
  {
    "username": "debbydavies17",
    "followingArtist": "Sandra Riley Tang",
    "country_code": "US",
    "country": "USA"
  },
  {
    "username": "riztawae",
    "followingArtist": "Sandra Riley Tang",
    "country_code": "IN",
    "country": "India"
  },
  {
    "username": "LeeSunhye96",
    "followingArtist": "Sandra Riley Tang",
    "country_code": "US",
    "country": "USA"
  },
  {
    "username": "diva_selfi",
    "followingArtist": "Sandra Riley Tang",
    "country_code": "IN",
    "country": "India"
  },
  {
    "username": "katadengar",
    "followingArtist": "Sandra Riley Tang",
    "country_code": "MY",
    "country": "Malaysia"
  },
  {
    "username": "UmbriaAnderson",
    "followingArtist": "Sandra Riley Tang",
    "country_code": "VE",
    "country": "Venezuela"
  },
  {
    "username": "ZaynGir71024125",
    "followingArtist": "Sandra Riley Tang",
    "country_code": "UK",
    "country": "United Kingdom"
  },
  {
    "username": "DucosNerizza",
    "followingArtist": "Sandra Riley Tang",
    "country_code": "PH",
    "country": "Philippines"
  },
  {
    "username": "ashleykellen15",
    "followingArtist": "Sandra Riley Tang",
    "country_code": "ID",
    "country": "Indonesia"
  },
  {
    "username": "MariaLi78369628",
    "followingArtist": "Sandra Riley Tang",
    "country_code": "US",
    "country": "USA"
  },
  {
    "username": "HeartueKaylen",
    "followingArtist": "Sandra Riley Tang",
    "country_code": "BJ",
    "country": "Benin"
  },
  {
    "username": "RachelFNL",
    "followingArtist": "Sandra Riley Tang",
    "country_code": "CA",
    "country": "Canada"
  },
  {
    "username": "cynorgutierrez",
    "followingArtist": "Sandra Riley Tang",
    "country_code": "DO",
    "country": "Dominican Republic"
  },
  {
    "username": "adestanoe",
    "followingArtist": "Sandra Riley Tang",
    "country_code": "US",
    "country": "USA"
  },
  {
    "username": "Dharmen86931427",
    "followingArtist": "Sandra Riley Tang",
    "country_code": "BD",
    "country": "Bangladesh"
  },
  {
    "username": "iHeartRadio_Lat",
    "followingArtist": "Sandra Riley Tang",
    "country_code": "US",
    "country": "USA"
  },
  {
    "username": "fiqahs32",
    "followingArtist": "Sandra Riley Tang",
    "country_code": "MY",
    "country": "Malaysia"
  },
  {
    "username": "icaa28",
    "followingArtist": "Sandra Riley Tang",
    "country_code": "ID",
    "country": "Indonesia"
  },
  {
    "username": "Dev_mrd",
    "followingArtist": "Sandra Riley Tang",
    "country_code": "NO",
    "country": "Norway"
  },
  {
    "username": "faansmile",
    "followingArtist": "Sandra Riley Tang",
    "country_code": "ID",
    "country": "Indonesia"
  },
  {
    "username": "Michael24458828",
    "followingArtist": "Sandra Riley Tang",
    "country_code": "Nebraska St",
    "country": "Nebraska St"
  },
  {
    "username": "CkyAtri",
    "followingArtist": "Sandra Riley Tang",
    "country_code": "NP",
    "country": "Nepal"
  },
  {
    "username": "awyoungk",
    "followingArtist": "Sandra Riley Tang",
    "country_code": "FR",
    "country": "France"
  },
  {
    "username": "hhunvr",
    "followingArtist": "Sandra Riley Tang",
    "country_code": "MY",
    "country": "Malaysia"
  },
  {
    "username": "grxthxl_bp",
    "followingArtist": "Sandra Riley Tang",
    "country_code": "US",
    "country": "USA"
  },
  {
    "username": "karilaen",
    "followingArtist": "Sandra Riley Tang",
    "country_code": "UG",
    "country": "Uganda"
  },
  {
    "username": "sonyasitompul_s",
    "followingArtist": "Sandra Riley Tang",
    "country_code": "ID",
    "country": "Indonesia"
  },
  {
    "username": "TheAizatFawzy",
    "followingArtist": "Sandra Riley Tang",
    "country_code": "GB",
    "country": "England"
  },
  {
    "username": "bellieeeeee",
    "followingArtist": "Sandra Riley Tang",
    "country_code": "PH",
    "country": "Philippines"
  },
  {
    "username": "coolguyMya",
    "followingArtist": "Sandra Riley Tang",
    "country_code": "IN",
    "country": "India"
  },
  {
    "username": "ValerieBobby1",
    "followingArtist": "Sandra Riley Tang",
    "country_code": "MY",
    "country": "Malaysia"
  },
  {
    "username": "Nevaeh04403602",
    "followingArtist": "Sandra Riley Tang",
    "country_code": "GB",
    "country": "England"
  },
  {
    "username": "Legaspipatrick1",
    "followingArtist": "Sandra Riley Tang",
    "country_code": "PH",
    "country": "Philippines"
  },
  {
    "username": "gintonic_r",
    "followingArtist": "Sandra Riley Tang",
    "country_code": "MY",
    "country": "Malaysia"
  },
  {
    "username": "GinaLevina6",
    "followingArtist": "Sandra Riley Tang",
    "country_code": "ID",
    "country": "Indonesia"
  },
  {
    "username": "mrnglbltzrxx",
    "followingArtist": "Sandra Riley Tang",
    "country_code": "ID",
    "country": "Indonesia"
  },
  {
    "username": "Annie63576416",
    "followingArtist": "Sandra Riley Tang",
    "country_code": "US",
    "country": "USA"
  },
  {
    "username": "michael_cardi1",
    "followingArtist": "Sandra Riley Tang",
    "country_code": "US",
    "country": "USA"
  },
  {
    "username": "Ibrahim34826355",
    "followingArtist": "Sandra Riley Tang",
    "country_code": "FI",
    "country": "Finland"
  },
  {
    "username": "WeTheFest",
    "followingArtist": "Sandra Riley Tang",
    "country_code": "ID",
    "country": "Indonesia"
  },
  {
    "username": "shanikziel",
    "followingArtist": "Sandra Riley Tang",
    "country_code": "MX",
    "country": "Mexico"
  },
  {
    "username": "TimPavino",
    "followingArtist": "Sandra Riley Tang",
    "country_code": "US",
    "country": "USA"
  },
  {
    "username": "justinb67033795",
    "followingArtist": "Sandra Riley Tang",
    "country_code": "NG",
    "country": "Nigeria"
  },
  {
    "username": "BhabyAikee",
    "followingArtist": "Sandra Riley Tang",
    "country_code": "US",
    "country": "USA"
  },
  {
    "username": "evlyneuzerlynn",
    "followingArtist": "Sandra Riley Tang",
    "country_code": "ID",
    "country": "Indonesia"
  },
  {
    "username": "ChristopherPoga",
    "followingArtist": "Sandra Riley Tang",
    "country_code": "PG",
    "country": "Papua New Guinea"
  },
  {
    "username": "monalientae",
    "followingArtist": "Sandra Riley Tang",
    "country_code": "US",
    "country": "USA"
  },
  {
    "username": "glesiis",
    "followingArtist": "Sandra Riley Tang",
    "country_code": "US",
    "country": "USA"
  },
  {
    "username": "TjSchmitt3",
    "followingArtist": "Sandra Riley Tang",
    "country_code": "California City Blvd",
    "country": "California City Blvd"
  },
  {
    "username": "FerminRodriguez",
    "followingArtist": "Sandra Riley Tang",
    "country_code": "US",
    "country": "USA"
  },
  {
    "username": "PuiKuanCheah",
    "followingArtist": "Sandra Riley Tang",
    "country_code": "MW",
    "country": "Malawi"
  },
  {
    "username": "RamEstate",
    "followingArtist": "Sandra Riley Tang",
    "country_code": "UK",
    "country": "United Kingdom"
  },
  {
    "username": "RAM17539369",
    "followingArtist": "Sandra Riley Tang",
    "country_code": "US",
    "country": "USA"
  },
  {
    "username": "KyinPark",
    "followingArtist": "Sandra Riley Tang",
    "country_code": "PH",
    "country": "Philippines"
  },
  {
    "username": "Aima45867591",
    "followingArtist": "Sandra Riley Tang",
    "country_code": "ID",
    "country": "Indonesia"
  },
  {
    "username": "sharmisthaaaaa",
    "followingArtist": "Sandra Riley Tang",
    "country_code": "US",
    "country": "USA"
  },
  {
    "username": "swxyswxy",
    "followingArtist": "Sandra Riley Tang",
    "country_code": "US",
    "country": "USA"
  },
  {
    "username": "NicelyNayli",
    "followingArtist": "Sandra Riley Tang",
    "country_code": "QA",
    "country": "Qatar"
  },
  {
    "username": "danielchengml",
    "followingArtist": "Sandra Riley Tang",
    "country_code": "US",
    "country": "USA"
  },
  {
    "username": "Bater38076681",
    "followingArtist": "Sandra Riley Tang",
    "country_code": "MY",
    "country": "Malaysia"
  },
  {
    "username": "gandapatenaude",
    "followingArtist": "Sandra Riley Tang",
    "country_code": "CA",
    "country": "Canada"
  },
  {
    "username": "TherdyMendoza",
    "followingArtist": "Sandra Riley Tang",
    "country_code": "NO",
    "country": "Norway"
  },
  {
    "username": "dapperlyrachel",
    "followingArtist": "Sandra Riley Tang",
    "country_code": "US",
    "country": "USA"
  },
  {
    "username": "tawfiqalsaidi1",
    "followingArtist": "Sandra Riley Tang",
    "country_code": "US",
    "country": "USA"
  },
  {
    "username": "Moreno",
    "followingArtist": "Sandra Riley Tang",
    "country_code": "US",
    "country": "USA"
  },
  {
    "username": "meermohibullah2",
    "followingArtist": "Sandra Riley Tang",
    "country_code": "PK",
    "country": "Pakistan"
  },
  {
    "username": "TheCreativePost",
    "followingArtist": "Sandra Riley Tang",
    "country_code": "UK",
    "country": "United Kingdom"
  },
  {
    "username": "carmenchee12",
    "followingArtist": "Sandra Riley Tang",
    "country_code": "CA",
    "country": "Canada"
  },
  {
    "username": "SaraVan22257738",
    "followingArtist": "Sandra Riley Tang",
    "country_code": "US",
    "country": "USA"
  },
  {
    "username": "SHUSHZAM",
    "followingArtist": "Sandra Riley Tang",
    "country_code": "NP",
    "country": "Nepal"
  },
  {
    "username": "Rameshbullet",
    "followingArtist": "Sandra Riley Tang",
    "country_code": "IN",
    "country": "India"
  },
  {
    "username": "Theo_Chua",
    "followingArtist": "Sandra Riley Tang",
    "country_code": "NP",
    "country": "Nepal"
  },
  {
    "username": "mhoyyan",
    "followingArtist": "Sandra Riley Tang",
    "country_code": "ID",
    "country": "Indonesia"
  },
  {
    "username": "ZambranoAriana1",
    "followingArtist": "Sandra Riley Tang",
    "country_code": "VE",
    "country": "Venezuela"
  },
  {
    "username": "_memyselfandpie",
    "followingArtist": "Sandra Riley Tang",
    "country_code": "TR",
    "country": "Turkey"
  },
  {
    "username": "KPopKornerUK",
    "followingArtist": "Sandra Riley Tang",
    "country_code": "US",
    "country": "USA"
  },
  {
    "username": "heyteeruk",
    "followingArtist": "Sandra Riley Tang",
    "country_code": "SI",
    "country": "Slovenia"
  },
  {
    "username": "marrlenem",
    "followingArtist": "Sandra Riley Tang",
    "country_code": "MY",
    "country": "Malaysia"
  },
  {
    "username": "JeralphNoer",
    "followingArtist": "Sandra Riley Tang",
    "country_code": "PH",
    "country": "Philippines"
  },
  {
    "username": "katsbosyu",
    "followingArtist": "Sandra Riley Tang",
    "country_code": "UG",
    "country": "Uganda"
  },
  {
    "username": "FrostKayden",
    "followingArtist": "Sandra Riley Tang",
    "country_code": "ZA",
    "country": "South Africa"
  },
  {
    "username": "JC89184309",
    "followingArtist": "Sandra Riley Tang",
    "country_code": "BJ",
    "country": "Benin"
  },
  {
    "username": "DyjunR",
    "followingArtist": "Sandra Riley Tang",
    "country_code": "US",
    "country": "USA"
  },
  {
    "username": "big_tori_ah",
    "followingArtist": "Sandra Riley Tang",
    "country_code": "US",
    "country": "USA"
  },
  {
    "username": "Nickyleong1712",
    "followingArtist": "Sandra Riley Tang",
    "country_code": "MY",
    "country": "Malaysia"
  },
  {
    "username": "zoeatoh",
    "followingArtist": "Sandra Riley Tang",
    "country_code": "BR",
    "country": "Brazil"
  },
  {
    "username": "easterntechasu",
    "followingArtist": "Sandra Riley Tang",
    "country_code": "UK",
    "country": "United Kingdom"
  },
  {
    "username": "matthewreid",
    "followingArtist": "Sandra Riley Tang",
    "country_code": "US",
    "country": "USA"
  },
  {
    "username": "olliefoxhaunt",
    "followingArtist": "Sandra Riley Tang",
    "country_code": "US",
    "country": "USA"
  },
  {
    "username": "blackwesta1",
    "followingArtist": "Sandra Riley Tang",
    "country_code": "ID",
    "country": "Indonesia"
  },
  {
    "username": "newridanerleja",
    "followingArtist": "Sandra Riley Tang",
    "country_code": "PH",
    "country": "Philippines"
  },
  {
    "username": "JayPS94",
    "followingArtist": "Sandra Riley Tang",
    "country_code": "US",
    "country": "USA"
  },
  {
    "username": "DarrenVoo99",
    "followingArtist": "Sandra Riley Tang",
    "country_code": "MY",
    "country": "Malaysia"
  },
  {
    "username": "Michael17574866",
    "followingArtist": "Sandra Riley Tang",
    "country_code": "US",
    "country": "USA"
  },
  {
    "username": "AshleyPurevich",
    "followingArtist": "Sandra Riley Tang",
    "country_code": "PS",
    "country": "Palestinian Territory"
  },
  {
    "username": "jjalalon03",
    "followingArtist": "Sandra Riley Tang",
    "country_code": "PH",
    "country": "Philippines"
  },
  {
    "username": "mermaidtiaras",
    "followingArtist": "Sandra Riley Tang",
    "country_code": "UK",
    "country": "United Kingdom"
  },
  {
    "username": "Mimos_elf",
    "followingArtist": "Sandra Riley Tang",
    "country_code": "US",
    "country": "USA"
  },
  {
    "username": "dpowtermusic",
    "followingArtist": "Sandra Riley Tang",
    "country_code": "NG",
    "country": "Nigeria"
  },
  {
    "username": "maisrhazln",
    "followingArtist": "Sandra Riley Tang",
    "country_code": "MY",
    "country": "Malaysia"
  },
  {
    "username": "Bxbylxnnn",
    "followingArtist": "Sandra Riley Tang",
    "country_code": "US",
    "country": "USA"
  },
  {
    "username": "TheRealLloydiez",
    "followingArtist": "Sandra Riley Tang",
    "country_code": "US",
    "country": "USA"
  },
  {
    "username": "leesha_01",
    "followingArtist": "Sandra Riley Tang",
    "country_code": "AU",
    "country": "Australia"
  },
  {
    "username": "zhupladitoh08",
    "followingArtist": "Sandra Riley Tang",
    "country_code": "PH",
    "country": "Philippines"
  },
  {
    "username": "gwen_morissette",
    "followingArtist": "Sandra Riley Tang",
    "country_code": "US",
    "country": "USA"
  },
  {
    "username": "mxyhemtwins",
    "followingArtist": "Sandra Riley Tang",
    "country_code": "US",
    "country": "USA"
  },
  {
    "username": "claricew89",
    "followingArtist": "Sandra Riley Tang",
    "country_code": "ID",
    "country": "Indonesia"
  },
  {
    "username": "LincolnPark77",
    "followingArtist": "Sandra Riley Tang",
    "country_code": "AU",
    "country": "Australia"
  },
  {
    "username": "jaclynk3003",
    "followingArtist": "Sandra Riley Tang",
    "country_code": "MY",
    "country": "Malaysia"
  },
  {
    "username": "SomeOtherDurant",
    "followingArtist": "Sandra Riley Tang",
    "country_code": "BR",
    "country": "Brazil"
  },
  {
    "username": "reedrecordsmngt",
    "followingArtist": "Sandra Riley Tang",
    "country_code": "US",
    "country": "USA"
  },
  {
    "username": "Tomidivide",
    "followingArtist": "Sandra Riley Tang",
    "country_code": "GB",
    "country": "England"
  },
  {
    "username": "faixosman",
    "followingArtist": "Sandra Riley Tang",
    "country_code": "BJ",
    "country": "Benin"
  },
  {
    "username": "MbulawaMonica",
    "followingArtist": "Sandra Riley Tang",
    "country_code": "BJ",
    "country": "Benin"
  },
  {
    "username": "Farizap21",
    "followingArtist": "Sandra Riley Tang",
    "country_code": "ES",
    "country": "Spain"
  },
  {
    "username": "premgeet987",
    "followingArtist": "Sandra Riley Tang",
    "country_code": "GB",
    "country": "England"
  },
  {
    "username": "IsrxfilMxlxikxt",
    "followingArtist": "Sandra Riley Tang",
    "country_code": "GM",
    "country": "Gambia"
  },
  {
    "username": "kehehemm",
    "followingArtist": "Sandra Riley Tang",
    "country_code": "US",
    "country": "USA"
  },
  {
    "username": "AnuragS94022951",
    "followingArtist": "Sandra Riley Tang",
    "country_code": "GT",
    "country": "Guatemala"
  },
  {
    "username": "jngkkltt",
    "followingArtist": "Sandra Riley Tang",
    "country_code": "IT",
    "country": "Italy"
  },
  {
    "username": "joyce_yasto",
    "followingArtist": "Sandra Riley Tang",
    "country_code": "PH",
    "country": "Philippines"
  },
  {
    "username": "chamchamz",
    "followingArtist": "Sandra Riley Tang",
    "country_code": "GB",
    "country": "England"
  },
  {
    "username": "shera_pannu",
    "followingArtist": "Sandra Riley Tang",
    "country_code": "AE",
    "country": "United Arab Emirates"
  },
  {
    "username": "Anna_Flowerr",
    "followingArtist": "Sandra Riley Tang",
    "country_code": "US",
    "country": "USA"
  },
  {
    "username": "bangingvips",
    "followingArtist": "Sandra Riley Tang",
    "country_code": "US",
    "country": "USA"
  },
  {
    "username": "SarahMcAtear",
    "followingArtist": "Sandra Riley Tang",
    "country_code": "BE",
    "country": "Belgium"
  },
  {
    "username": "hanjunxd",
    "followingArtist": "Sandra Riley Tang",
    "country_code": "US",
    "country": "USA"
  },
  {
    "username": "mdferoj143",
    "followingArtist": "Sandra Riley Tang",
    "country_code": "CD",
    "country": "Democratic Republic of Congo"
  },
  {
    "username": "joshrodneyr",
    "followingArtist": "Sandra Riley Tang",
    "country_code": "IN",
    "country": "India"
  },
  {
    "username": "Stevensangg",
    "followingArtist": "Sandra Riley Tang",
    "country_code": "ID",
    "country": "Indonesia"
  },
  {
    "username": "IsaacMrd",
    "followingArtist": "Sandra Riley Tang",
    "country_code": "IR",
    "country": "Iran"
  },
  {
    "username": "Kah_Li_Png",
    "followingArtist": "Sandra Riley Tang",
    "country_code": "US",
    "country": "USA"
  },
  {
    "username": "RahulSheckler",
    "followingArtist": "Sandra Riley Tang",
    "country_code": "US",
    "country": "USA"
  },
  {
    "username": "agbala111",
    "followingArtist": "Sandra Riley Tang",
    "country_code": "BJ",
    "country": "Benin"
  },
  {
    "username": "gavbrownaus",
    "followingArtist": "Sandra Riley Tang",
    "country_code": "AU",
    "country": "Australia"
  },
  {
    "username": "JasAngeles_",
    "followingArtist": "Sandra Riley Tang",
    "country_code": "PH",
    "country": "Philippines"
  },
  {
    "username": "Soggy_Hammurabi",
    "followingArtist": "Sandra Riley Tang",
    "country_code": "CA",
    "country": "Canada"
  },
  {
    "username": "InsyirahRaudhah",
    "followingArtist": "Sandra Riley Tang",
    "country_code": "GB",
    "country": "England"
  },
  {
    "username": "MillyandDaisy",
    "followingArtist": "Sandra Riley Tang",
    "country_code": "DK",
    "country": "Denmark"
  },
  {
    "username": "zicorazan",
    "followingArtist": "Sandra Riley Tang",
    "country_code": "ID",
    "country": "Indonesia"
  },
  {
    "username": "heolbaejin",
    "followingArtist": "Sandra Riley Tang",
    "country_code": "UG",
    "country": "Uganda"
  },
  {
    "username": "hemanadarajah",
    "followingArtist": "Sandra Riley Tang",
    "country_code": "CA",
    "country": "Canada"
  },
  {
    "username": "omikronika",
    "followingArtist": "Sandra Riley Tang",
    "country_code": "JP",
    "country": "Japan"
  },
  {
    "username": "namjohnkim",
    "followingArtist": "Sandra Riley Tang",
    "country_code": "FR",
    "country": "France"
  },
  {
    "username": "afqibm",
    "followingArtist": "Sandra Riley Tang",
    "country_code": "US",
    "country": "USA"
  },
  {
    "username": "purpledinoseoul",
    "followingArtist": "Sandra Riley Tang",
    "country_code": "US",
    "country": "USA"
  },
  {
    "username": "val16cwt",
    "followingArtist": "Sandra Riley Tang",
    "country_code": "MY",
    "country": "Malaysia"
  },
  {
    "username": "EllieGroves123",
    "followingArtist": "Sandra Riley Tang",
    "country_code": "UK",
    "country": "United Kingdom"
  },
  {
    "username": "liusuari",
    "followingArtist": "Sandra Riley Tang",
    "country_code": "AU",
    "country": "Australia"
  },
  {
    "username": "Firde_",
    "followingArtist": "Sandra Riley Tang",
    "country_code": "FR",
    "country": "France"
  },
  {
    "username": "_sianaxx",
    "followingArtist": "Sandra Riley Tang",
    "country_code": "US",
    "country": "USA"
  },
  {
    "username": "sijesangamer",
    "followingArtist": "Sandra Riley Tang",
    "country_code": "BD",
    "country": "Bangladesh"
  },
  {
    "username": "vivien_khor",
    "followingArtist": "Sandra Riley Tang",
    "country_code": "ID",
    "country": "Indonesia"
  },
  {
    "username": "joetwq",
    "followingArtist": "Sandra Riley Tang",
    "country_code": "NP",
    "country": "Nepal"
  },
  {
    "username": "nabilaadzkaa",
    "followingArtist": "Sandra Riley Tang",
    "country_code": "ID",
    "country": "Indonesia"
  },
  {
    "username": "5heffrondr",
    "followingArtist": "Sandra Riley Tang",
    "country_code": "ES",
    "country": "Spain"
  },
  {
    "username": "shuenquek",
    "followingArtist": "Sandra Riley Tang",
    "country_code": "US",
    "country": "USA"
  },
  {
    "username": "I0S_IT",
    "followingArtist": "Sandra Riley Tang",
    "country_code": "BJ",
    "country": "Benin"
  },
  {
    "username": "ngyn95",
    "followingArtist": "Sandra Riley Tang",
    "country_code": "AU",
    "country": "Australia"
  },
  {
    "username": "natutomoo",
    "followingArtist": "Sandra Riley Tang",
    "country_code": "ID",
    "country": "Indonesia"
  },
  {
    "username": "victorieuxgens",
    "followingArtist": "Sandra Riley Tang",
    "country_code": "US",
    "country": "USA"
  },
  {
    "username": "_adidaseresa",
    "followingArtist": "Sandra Riley Tang",
    "country_code": "NZ",
    "country": "New Zealand"
  },
  {
    "username": "J_BearChocolate",
    "followingArtist": "Sandra Riley Tang",
    "country_code": "TH",
    "country": "Thailand"
  },
  {
    "username": "twosideshooman",
    "followingArtist": "Sandra Riley Tang",
    "country_code": "ID",
    "country": "Indonesia"
  },
  {
    "username": "hoverplate",
    "followingArtist": "Sandra Riley Tang",
    "country_code": "US",
    "country": "USA"
  },
  {
    "username": "ann3m4rie",
    "followingArtist": "Sandra Riley Tang",
    "country_code": "AF",
    "country": "Afghanistan"
  },
  {
    "username": "Aris_Airil",
    "followingArtist": "Sandra Riley Tang",
    "country_code": "MY",
    "country": "Malaysia"
  },
  {
    "username": "PeterTr88860811",
    "followingArtist": "Sandra Riley Tang",
    "country_code": "GH",
    "country": "Ghana"
  },
  {
    "username": "cynthiaaaq",
    "followingArtist": "Sandra Riley Tang",
    "country_code": "ID",
    "country": "Indonesia"
  },
  {
    "username": "hyeyeonghy",
    "followingArtist": "Sandra Riley Tang",
    "country_code": "GB",
    "country": "England"
  },
  {
    "username": "Nhychimy",
    "followingArtist": "Sandra Riley Tang",
    "country_code": "MY",
    "country": "Malaysia"
  },
  {
    "username": "xxcziana",
    "followingArtist": "Sandra Riley Tang",
    "country_code": "FR",
    "country": "France"
  },
  {
    "username": "JocelynAnabelle",
    "followingArtist": "Sandra Riley Tang",
    "country_code": "ID",
    "country": "Indonesia"
  },
  {
    "username": "chiangeelit",
    "followingArtist": "Sandra Riley Tang",
    "country_code": "DK",
    "country": "Denmark"
  },
  {
    "username": "tempepenyett",
    "followingArtist": "Sandra Riley Tang",
    "country_code": "DE",
    "country": "Germany"
  },
  {
    "username": "evelynlimsc",
    "followingArtist": "Sandra Riley Tang",
    "country_code": "AU",
    "country": "Australia"
  },
  {
    "username": "tizizsoreal",
    "followingArtist": "Sandra Riley Tang",
    "country_code": "ID",
    "country": "Indonesia"
  },
  {
    "username": "RoshniDanita",
    "followingArtist": "Sandra Riley Tang",
    "country_code": "MY",
    "country": "Malaysia"
  },
  {
    "username": "RolenzL",
    "followingArtist": "Sandra Riley Tang",
    "country_code": "TD",
    "country": "Chad"
  },
  {
    "username": "Zenderi1",
    "followingArtist": "Sandra Riley Tang",
    "country_code": "ID",
    "country": "Indonesia"
  },
  {
    "username": "x3emilytay",
    "followingArtist": "Sandra Riley Tang",
    "country_code": "FR",
    "country": "France"
  },
  {
    "username": "happinessikpem1",
    "followingArtist": "Sandra Riley Tang",
    "country_code": "NG",
    "country": "Nigeria"
  },
  {
    "username": "kaththehippie",
    "followingArtist": "Sandra Riley Tang",
    "country_code": "ID",
    "country": "Indonesia"
  },
  {
    "username": "NurhazirahRash2",
    "followingArtist": "Sandra Riley Tang",
    "country_code": "PH",
    "country": "Philippines"
  },
  {
    "username": "whytheskysohigh",
    "followingArtist": "Sandra Riley Tang",
    "country_code": "US",
    "country": "USA"
  },
  {
    "username": "AshleyKJ971",
    "followingArtist": "Sandra Riley Tang",
    "country_code": "NP",
    "country": "Nepal"
  },
  {
    "username": "duckyjuggernaut",
    "followingArtist": "Sandra Riley Tang",
    "country_code": "ID",
    "country": "Indonesia"
  },
  {
    "username": "RezaA70163566",
    "followingArtist": "Sandra Riley Tang",
    "country_code": "ID",
    "country": "Indonesia"
  },
  {
    "username": "peujeune",
    "followingArtist": "Sandra Riley Tang",
    "country_code": "AU",
    "country": "Australia"
  },
  {
    "username": "strkspeter",
    "followingArtist": "Sandra Riley Tang",
    "country_code": "NO",
    "country": "Norway"
  },
  {
    "username": "yassineameur222",
    "followingArtist": "Sandra Riley Tang",
    "country_code": "TN",
    "country": "Tunisia"
  },
  {
    "username": "thewongrus",
    "followingArtist": "Sandra Riley Tang",
    "country_code": "California City Blvd",
    "country": "California City Blvd"
  },
  {
    "username": "christealim",
    "followingArtist": "Sandra Riley Tang",
    "country_code": "US",
    "country": "USA"
  },
  {
    "username": "donakhalifa97",
    "followingArtist": "Sandra Riley Tang",
    "country_code": "ID",
    "country": "Indonesia"
  },
  {
    "username": "BryanLWN",
    "followingArtist": "Sandra Riley Tang",
    "country_code": "US",
    "country": "USA"
  },
  {
    "username": "AsquaredN",
    "followingArtist": "Sandra Riley Tang",
    "country_code": "PH",
    "country": "Philippines"
  },
  {
    "username": "xtianuzz",
    "followingArtist": "Sandra Riley Tang",
    "country_code": "KR",
    "country": "South Korea"
  },
  {
    "username": "ejustinejoseph",
    "followingArtist": "Sandra Riley Tang",
    "country_code": "NG",
    "country": "Nigeria"
  },
  {
    "username": "artp_11",
    "followingArtist": "Sandra Riley Tang",
    "country_code": "PH",
    "country": "Philippines"
  },
  {
    "username": "GretchCelle",
    "followingArtist": "Sandra Riley Tang",
    "country_code": "AE",
    "country": "United Arab Emirates"
  },
  {
    "username": "jskylinegtr",
    "followingArtist": "Sandra Riley Tang",
    "country_code": "PH",
    "country": "Philippines"
  },
  {
    "username": "TruongCongBach6",
    "followingArtist": "Sandra Riley Tang",
    "country_code": "AU",
    "country": "Australia"
  },
  {
    "username": "Baeloyyyy",
    "followingArtist": "Sandra Riley Tang",
    "country_code": "US",
    "country": "USA"
  },
  {
    "username": "ImAronRomey",
    "followingArtist": "Sandra Riley Tang",
    "country_code": "US",
    "country": "USA"
  },
  {
    "username": "IGNITEMusicFest",
    "followingArtist": "Sandra Riley Tang",
    "country_code": "US",
    "country": "USA"
  },
  {
    "username": "surendeven98",
    "followingArtist": "Sandra Riley Tang",
    "country_code": "US",
    "country": "USA"
  },
  {
    "username": "Empe26704420",
    "followingArtist": "Sandra Riley Tang",
    "country_code": "IN",
    "country": "India"
  },
  {
    "username": "NicoleYie",
    "followingArtist": "Sandra Riley Tang",
    "country_code": "ID",
    "country": "Indonesia"
  },
  {
    "username": "sandruhbenny",
    "followingArtist": "Sandra Riley Tang",
    "country_code": "US",
    "country": "USA"
  },
  {
    "username": "missmenamemei",
    "followingArtist": "Sandra Riley Tang",
    "country_code": "MY",
    "country": "Malaysia"
  },
  {
    "username": "amiraahanny",
    "followingArtist": "Sandra Riley Tang",
    "country_code": "ID",
    "country": "Indonesia"
  },
  {
    "username": "kimikomcc",
    "followingArtist": "Sandra Riley Tang",
    "country_code": "GB",
    "country": "England"
  },
  {
    "username": "mbsings",
    "followingArtist": "Sandra Riley Tang",
    "country_code": "US",
    "country": "USA"
  },
  {
    "username": "kaiixn",
    "followingArtist": "Sandra Riley Tang",
    "country_code": "US",
    "country": "USA"
  },
  {
    "username": "sunshinebloxxo",
    "followingArtist": "Sandra Riley Tang",
    "country_code": "JP",
    "country": "Japan"
  },
  {
    "username": "baby_dan_",
    "followingArtist": "Sandra Riley Tang",
    "country_code": "US",
    "country": "USA"
  },
  {
    "username": "erinlimofficial",
    "followingArtist": "Sandra Riley Tang",
    "country_code": "NG",
    "country": "Nigeria"
  },
  {
    "username": "1clicklaundry",
    "followingArtist": "Sandra Riley Tang",
    "country_code": "QA",
    "country": "Qatar"
  },
  {
    "username": "Scott_Jupiter",
    "followingArtist": "Sandra Riley Tang",
    "country_code": "US",
    "country": "USA"
  },
  {
    "username": "sutte13",
    "followingArtist": "Sandra Riley Tang",
    "country_code": "SE",
    "country": "Sweden"
  },
  {
    "username": "gbrllcel",
    "followingArtist": "Sandra Riley Tang",
    "country_code": "ES",
    "country": "Spain"
  },
  {
    "username": "karduz_",
    "followingArtist": "Sandra Riley Tang",
    "country_code": "ID",
    "country": "Indonesia"
  },
  {
    "username": "CyndKarn",
    "followingArtist": "Sandra Riley Tang",
    "country_code": "UK",
    "country": "United Kingdom"
  },
  {
    "username": "gushcloudtalent",
    "followingArtist": "Sandra Riley Tang",
    "country_code": "NG",
    "country": "Nigeria"
  },
  {
    "username": "stel_maris",
    "followingArtist": "Sandra Riley Tang",
    "country_code": "ID",
    "country": "Indonesia"
  },
  {
    "username": "3moPotato",
    "followingArtist": "Sandra Riley Tang",
    "country_code": "BR",
    "country": "Brazil"
  },
  {
    "username": "markizxee",
    "followingArtist": "Sandra Riley Tang",
    "country_code": "US",
    "country": "USA"
  },
  {
    "username": "wilsonblack9",
    "followingArtist": "Sandra Riley Tang",
    "country_code": "IT",
    "country": "Italy"
  },
  {
    "username": "AtkinsonCraig",
    "followingArtist": "Sandra Riley Tang",
    "country_code": "JP",
    "country": "Japan"
  },
  {
    "username": "Nicky_Raphael",
    "followingArtist": "Sandra Riley Tang",
    "country_code": "MY",
    "country": "Malaysia"
  },
  {
    "username": "PhillW23",
    "followingArtist": "Sandra Riley Tang",
    "country_code": "AU",
    "country": "Australia"
  },
  {
    "username": "JedDragon_",
    "followingArtist": "Sandra Riley Tang",
    "country_code": "US",
    "country": "USA"
  },
  {
    "username": "xu3TING",
    "followingArtist": "Sandra Riley Tang",
    "country_code": "ID",
    "country": "Indonesia"
  },
  {
    "username": "LeahHalili",
    "followingArtist": "Sandra Riley Tang",
    "country_code": "US",
    "country": "USA"
  },
  {
    "username": "mjayjayyo04",
    "followingArtist": "Sandra Riley Tang",
    "country_code": "FR",
    "country": "France"
  },
  {
    "username": "lariibalarini",
    "followingArtist": "Sandra Riley Tang",
    "country_code": "CA",
    "country": "Canada"
  },
  {
    "username": "MarsoonMohamed",
    "followingArtist": "Sandra Riley Tang",
    "country_code": "ID",
    "country": "Indonesia"
  },
  {
    "username": "_amrlasrf",
    "followingArtist": "Sandra Riley Tang",
    "country_code": "US",
    "country": "USA"
  },
  {
    "username": "BespokeSpeakers",
    "followingArtist": "Sandra Riley Tang",
    "country_code": "UK",
    "country": "United Kingdom"
  },
  {
    "username": "ifeuhrah",
    "followingArtist": "Sandra Riley Tang",
    "country_code": "US",
    "country": "USA"
  },
  {
    "username": "sha_reenr",
    "followingArtist": "Sandra Riley Tang",
    "country_code": "MY",
    "country": "Malaysia"
  },
  {
    "username": "cassiengzz",
    "followingArtist": "Sandra Riley Tang",
    "country_code": "US",
    "country": "USA"
  },
  {
    "username": "ianjoulesnick",
    "followingArtist": "Sandra Riley Tang",
    "country_code": "PH",
    "country": "Philippines"
  },
  {
    "username": "AraceliRose732",
    "followingArtist": "Sandra Riley Tang",
    "country_code": "US",
    "country": "USA"
  },
  {
    "username": "kikimaladi",
    "followingArtist": "Sandra Riley Tang",
    "country_code": "ID",
    "country": "Indonesia"
  },
  {
    "username": "cfraser2002",
    "followingArtist": "Sandra Riley Tang",
    "country_code": "UK",
    "country": "United Kingdom"
  },
  {
    "username": "Geraldinenisha2",
    "followingArtist": "Sandra Riley Tang",
    "country_code": "IN",
    "country": "India"
  },
  {
    "username": "GavinTang__",
    "followingArtist": "Sandra Riley Tang",
    "country_code": "ID",
    "country": "Indonesia"
  },
  {
    "username": "Abhishekrokki",
    "followingArtist": "Sandra Riley Tang",
    "country_code": "IN",
    "country": "India"
  },
  {
    "username": "khaizhen_",
    "followingArtist": "Sandra Riley Tang",
    "country_code": "NZ",
    "country": "New Zealand"
  },
  {
    "username": "Chris_atbs",
    "followingArtist": "Sandra Riley Tang",
    "country_code": "ID",
    "country": "Indonesia"
  },
  {
    "username": "yaaka_mark",
    "followingArtist": "Sandra Riley Tang",
    "country_code": "CA",
    "country": "Canada"
  },
  {
    "username": "ohhowweird",
    "followingArtist": "Sandra Riley Tang",
    "country_code": "BR",
    "country": "Brazil"
  },
  {
    "username": "inoxcentram",
    "followingArtist": "Sandra Riley Tang",
    "country_code": "IN",
    "country": "India"
  },
  {
    "username": "Zendeeofficial",
    "followingArtist": "Sandra Riley Tang",
    "country_code": "US",
    "country": "USA"
  },
  {
    "username": "VigneshJas",
    "followingArtist": "Sandra Riley Tang",
    "country_code": "IN",
    "country": "India"
  },
  {
    "username": "rachell_1903",
    "followingArtist": "Sandra Riley Tang",
    "country_code": "US",
    "country": "USA"
  },
  {
    "username": "Blaire_mw",
    "followingArtist": "Sandra Riley Tang",
    "country_code": "US",
    "country": "USA"
  },
  {
    "username": "KarenJeanHood",
    "followingArtist": "Sandra Riley Tang",
    "country_code": "US",
    "country": "USA"
  },
  {
    "username": "roscoelieww",
    "followingArtist": "Sandra Riley Tang",
    "country_code": "US",
    "country": "USA"
  },
  {
    "username": "DebraPereira",
    "followingArtist": "Sandra Riley Tang",
    "country_code": "US",
    "country": "USA"
  },
  {
    "username": "GideonDavidC",
    "followingArtist": "Sandra Riley Tang",
    "country_code": "US",
    "country": "USA"
  },
  {
    "username": "R4IEN",
    "followingArtist": "Sandra Riley Tang",
    "country_code": "CN",
    "country": "China"
  },
  {
    "username": "OfficialKimlee",
    "followingArtist": "Sandra Riley Tang",
    "country_code": "NG",
    "country": "Nigeria"
  },
  {
    "username": "evxngelinee",
    "followingArtist": "Sandra Riley Tang",
    "country_code": "US",
    "country": "USA"
  },
  {
    "username": "OoOtszshing",
    "followingArtist": "Sandra Riley Tang",
    "country_code": "DK",
    "country": "Denmark"
  },
  {
    "username": "Oxslate",
    "followingArtist": "Sandra Riley Tang",
    "country_code": "BJ",
    "country": "Benin"
  },
  {
    "username": "studio8sg",
    "followingArtist": "Sandra Riley Tang",
    "country_code": "NP",
    "country": "Nepal"
  },
  {
    "username": "xxskullrosesxx",
    "followingArtist": "Sandra Riley Tang",
    "country_code": "TW",
    "country": "Taiwan"
  },
  {
    "username": "angelaleemma",
    "followingArtist": "Sandra Riley Tang",
    "country_code": "Hawi Rd",
    "country": "Hawi Rd"
  },
  {
    "username": "maleenawayland",
    "followingArtist": "Sandra Riley Tang",
    "country_code": "SI",
    "country": "Slovenia"
  },
  {
    "username": "Jenna_Marbles",
    "followingArtist": "Sandra Riley Tang",
    "country_code": "US",
    "country": "USA"
  },
  {
    "username": "michaeltp93",
    "followingArtist": "Sandra Riley Tang",
    "country_code": "ES",
    "country": "Spain"
  },
  {
    "username": "iammvinod",
    "followingArtist": "Sandra Riley Tang",
    "country_code": "NG",
    "country": "Nigeria"
  },
  {
    "username": "EuniceHps",
    "followingArtist": "Sandra Riley Tang",
    "country_code": "US",
    "country": "USA"
  },
  {
    "username": "mendozmj",
    "followingArtist": "Sandra Riley Tang",
    "country_code": "PH",
    "country": "Philippines"
  },
  {
    "username": "abelKL",
    "followingArtist": "Sandra Riley Tang",
    "country_code": "ID",
    "country": "Indonesia"
  },
  {
    "username": "lawsterr",
    "followingArtist": "Sandra Riley Tang",
    "country_code": "AU",
    "country": "Australia"
  },
  {
    "username": "jiayanlicious",
    "followingArtist": "Sandra Riley Tang",
    "country_code": "CN",
    "country": "China"
  },
  {
    "username": "itsrozellam",
    "followingArtist": "Sandra Riley Tang",
    "country_code": "IN",
    "country": "India"
  },
  {
    "username": "youngjayss",
    "followingArtist": "Sandra Riley Tang",
    "country_code": "US",
    "country": "USA"
  },
  {
    "username": "pamelaaaa20",
    "followingArtist": "Sandra Riley Tang",
    "country_code": "AU",
    "country": "Australia"
  },
  {
    "username": "jedrodell",
    "followingArtist": "Sandra Riley Tang",
    "country_code": "PH",
    "country": "Philippines"
  },
  {
    "username": "clutchkicked_",
    "followingArtist": "Sandra Riley Tang",
    "country_code": "US",
    "country": "USA"
  },
  {
    "username": "melatoninmilk",
    "followingArtist": "Sandra Riley Tang",
    "country_code": "NO",
    "country": "Norway"
  },
  {
    "username": "GClasmild",
    "followingArtist": "Sandra Riley Tang",
    "country_code": "ID",
    "country": "Indonesia"
  },
  {
    "username": "pewkong",
    "followingArtist": "Sandra Riley Tang",
    "country_code": "US",
    "country": "USA"
  },
  {
    "username": "shawnckyy",
    "followingArtist": "Sandra Riley Tang",
    "country_code": "US",
    "country": "USA"
  },
  {
    "username": "Teeyachehussin",
    "followingArtist": "Sandra Riley Tang",
    "country_code": "RU",
    "country": "Russia"
  },
  {
    "username": "eazygohtweets",
    "followingArtist": "Sandra Riley Tang",
    "country_code": "US",
    "country": "USA"
  },
  {
    "username": "liveastwit",
    "followingArtist": "Sandra Riley Tang",
    "country_code": "ID",
    "country": "Indonesia"
  },
  {
    "username": "ellishapang",
    "followingArtist": "Sandra Riley Tang",
    "country_code": "BR",
    "country": "Brazil"
  },
  {
    "username": "CrossBrowns",
    "followingArtist": "Sandra Riley Tang",
    "country_code": "IE",
    "country": "Ireland"
  },
  {
    "username": "DerrickMpiima1",
    "followingArtist": "Sandra Riley Tang",
    "country_code": "US",
    "country": "USA"
  },
  {
    "username": "BestImages1",
    "followingArtist": "Sandra Riley Tang",
    "country_code": "NG",
    "country": "Nigeria"
  },
  {
    "username": "dCheysSays",
    "followingArtist": "Sandra Riley Tang",
    "country_code": "NG",
    "country": "Nigeria"
  },
  {
    "username": "dundhee_",
    "followingArtist": "Sandra Riley Tang",
    "country_code": "IN",
    "country": "India"
  },
  {
    "username": "contychi",
    "followingArtist": "Sandra Riley Tang",
    "country_code": "MY",
    "country": "Malaysia"
  },
  {
    "username": "Quinnforthewin",
    "followingArtist": "Sandra Riley Tang",
    "country_code": "GB",
    "country": "England"
  },
  {
    "username": "emilypangxx",
    "followingArtist": "Sandra Riley Tang",
    "country_code": "ID",
    "country": "Indonesia"
  },
  {
    "username": "Ryukohiraku",
    "followingArtist": "Sandra Riley Tang",
    "country_code": "UK",
    "country": "United Kingdom"
  },
  {
    "username": "bayuwisnuaji",
    "followingArtist": "Sandra Riley Tang",
    "country_code": "ID",
    "country": "Indonesia"
  },
  {
    "username": "nnwnz",
    "followingArtist": "Sandra Riley Tang",
    "country_code": "CA",
    "country": "Canada"
  },
  {
    "username": "anggun_mila",
    "followingArtist": "Sandra Riley Tang",
    "country_code": "US",
    "country": "USA"
  },
  {
    "username": "ChayLii24",
    "followingArtist": "Sandra Riley Tang",
    "country_code": "PH",
    "country": "Philippines"
  },
  {
    "username": "koorikoo",
    "followingArtist": "Sandra Riley Tang",
    "country_code": "IN",
    "country": "India"
  },
  {
    "username": "jacobjlau",
    "followingArtist": "Sandra Riley Tang",
    "country_code": "CA",
    "country": "Canada"
  },
  {
    "username": "mi__wg",
    "followingArtist": "Sandra Riley Tang",
    "country_code": "ID",
    "country": "Indonesia"
  },
  {
    "username": "ADistrictMagz",
    "followingArtist": "Sandra Riley Tang",
    "country_code": "NG",
    "country": "Nigeria"
  },
  {
    "username": "ericawhalim",
    "followingArtist": "Sandra Riley Tang",
    "country_code": "ID",
    "country": "Indonesia"
  },
  {
    "username": "pineappleisaple",
    "followingArtist": "Sandra Riley Tang",
    "country_code": "IN",
    "country": "India"
  },
  {
    "username": "muchimachu",
    "followingArtist": "Sandra Riley Tang",
    "country_code": "US",
    "country": "USA"
  },
  {
    "username": "saffron_salon",
    "followingArtist": "Sandra Riley Tang",
    "country_code": "ID",
    "country": "Indonesia"
  },
  {
    "username": "peiii_han",
    "followingArtist": "Sandra Riley Tang",
    "country_code": "MY",
    "country": "Malaysia"
  },
  {
    "username": "asxhs_",
    "followingArtist": "Sandra Riley Tang",
    "country_code": "US",
    "country": "USA"
  },
  {
    "username": "dimsimJV",
    "followingArtist": "Sandra Riley Tang",
    "country_code": "AU",
    "country": "Australia"
  },
  {
    "username": "Honggist",
    "followingArtist": "Sandra Riley Tang",
    "country_code": "GB",
    "country": "England"
  },
  {
    "username": "MinamiOtaki",
    "followingArtist": "Sandra Riley Tang",
    "country_code": "CA",
    "country": "Canada"
  },
  {
    "username": "LenaMcculloch",
    "followingArtist": "Sandra Riley Tang",
    "country_code": "GB",
    "country": "England"
  },
  {
    "username": "Cesseyyy",
    "followingArtist": "Sandra Riley Tang",
    "country_code": "FR",
    "country": "France"
  },
  {
    "username": "aqil2601",
    "followingArtist": "Sandra Riley Tang",
    "country_code": "BJ",
    "country": "Benin"
  },
  {
    "username": "kingmatt1001",
    "followingArtist": "Sandra Riley Tang",
    "country_code": "US",
    "country": "USA"
  },
  {
    "username": "jugheadjonesaf",
    "followingArtist": "Sandra Riley Tang",
    "country_code": "MX",
    "country": "Mexico"
  },
  {
    "username": "ithinkimisya_",
    "followingArtist": "Sandra Riley Tang",
    "country_code": "ID",
    "country": "Indonesia"
  },
  {
    "username": "verified",
    "followingArtist": "Sandra Riley Tang",
    "country_code": "US",
    "country": "USA"
  },
  {
    "username": "soozen10",
    "followingArtist": "Sandra Riley Tang",
    "country_code": "DE",
    "country": "Germany"
  },
  {
    "username": "cheekycownoodle",
    "followingArtist": "Sandra Riley Tang",
    "country_code": "AU",
    "country": "Australia"
  },
  {
    "username": "wcandreaaaa",
    "followingArtist": "Sandra Riley Tang",
    "country_code": "US",
    "country": "USA"
  },
  {
    "username": "itsapoTAEto",
    "followingArtist": "Sandra Riley Tang",
    "country_code": "BJ",
    "country": "Benin"
  },
  {
    "username": "watermelonrach",
    "followingArtist": "Sandra Riley Tang",
    "country_code": "US",
    "country": "USA"
  },
  {
    "username": "LilithPlays",
    "followingArtist": "Sandra Riley Tang",
    "country_code": "US",
    "country": "USA"
  },
  {
    "username": "store_tov",
    "followingArtist": "Sandra Riley Tang",
    "country_code": "ID",
    "country": "Indonesia"
  },
  {
    "username": "TheOvertunes",
    "followingArtist": "Sandra Riley Tang",
    "country_code": "ID",
    "country": "Indonesia"
  },
  {
    "username": "lowwwweili",
    "followingArtist": "Sandra Riley Tang",
    "country_code": "DE",
    "country": "Germany"
  },
  {
    "username": "RoseGoldPavi",
    "followingArtist": "Sandra Riley Tang",
    "country_code": "US",
    "country": "USA"
  },
  {
    "username": "ErickJianLiang",
    "followingArtist": "Sandra Riley Tang",
    "country_code": "US",
    "country": "USA"
  },
  {
    "username": "emnotrashyman1",
    "followingArtist": "Sandra Riley Tang",
    "country_code": "CN",
    "country": "China"
  },
  {
    "username": "suriaddy",
    "followingArtist": "Sandra Riley Tang",
    "country_code": "CM",
    "country": "Cameroon"
  },
  {
    "username": "haileyshaun",
    "followingArtist": "Sandra Riley Tang",
    "country_code": "US",
    "country": "USA"
  },
  {
    "username": "KDNClar",
    "followingArtist": "Sandra Riley Tang",
    "country_code": "US",
    "country": "USA"
  },
  {
    "username": "SHaiziq",
    "followingArtist": "Sandra Riley Tang",
    "country_code": "US",
    "country": "USA"
  },
  {
    "username": "Nic_is_hungry",
    "followingArtist": "Sandra Riley Tang",
    "country_code": "BR",
    "country": "Brazil"
  },
  {
    "username": "dXhOtHeHuMaN",
    "followingArtist": "Sandra Riley Tang",
    "country_code": "NP",
    "country": "Nepal"
  }
]