[
  {
    "username": "kariin_riin",
    "followingArtist": "\u6e21\u908a\u3061\u3053",
    "country_code": "DK",
    "country": "Denmark"
  },
  {
    "username": "satoru_19890722",
    "followingArtist": "\u6e21\u908a\u3061\u3053",
    "country_code": "JP",
    "country": "Japan"
  },
  {
    "username": "jyoppe",
    "followingArtist": "\u6e21\u908a\u3061\u3053",
    "country_code": "JP",
    "country": "Japan"
  },
  {
    "username": "negomeow",
    "followingArtist": "\u6e21\u908a\u3061\u3053",
    "country_code": "DK",
    "country": "Denmark"
  },
  {
    "username": "DSenjin",
    "followingArtist": "\u6e21\u908a\u3061\u3053",
    "country_code": "US",
    "country": "United States"
  },
  {
    "username": "BandPassTeam",
    "followingArtist": "\u6e21\u908a\u3061\u3053",
    "country_code": "US",
    "country": "United States"
  },
  {
    "username": "SigoATodos_TFB",
    "followingArtist": "\u6e21\u908a\u3061\u3053",
    "country_code": "FR",
    "country": "France"
  },
  {
    "username": "maudiemparra4",
    "followingArtist": "\u6e21\u908a\u3061\u3053",
    "country_code": "US",
    "country": "United States"
  },
  {
    "username": "funniestlives",
    "followingArtist": "\u6e21\u908a\u3061\u3053",
    "country_code": "UZ",
    "country": "Uzbekistan"
  },
  {
    "username": "MasatoShiraishi",
    "followingArtist": "\u6e21\u908a\u3061\u3053",
    "country_code": "TH",
    "country": "Thailand"
  },
  {
    "username": "Jim19880201",
    "followingArtist": "\u6e21\u908a\u3061\u3053",
    "country_code": "TW",
    "country": "Taiwan"
  },
  {
    "username": "HostRhinos",
    "followingArtist": "\u6e21\u908a\u3061\u3053",
    "country_code": "US",
    "country": "United States"
  },
  {
    "username": "golfzuki69",
    "followingArtist": "\u6e21\u908a\u3061\u3053",
    "country_code": "FR",
    "country": "France"
  },
  {
    "username": "HultgrenRaymond",
    "followingArtist": "\u6e21\u908a\u3061\u3053",
    "country_code": "US",
    "country": "United States"
  },
  {
    "username": "seemebook",
    "followingArtist": "\u6e21\u908a\u3061\u3053",
    "country_code": "US",
    "country": "United States"
  },
  {
    "username": "Ryunosuke4846Z",
    "followingArtist": "\u6e21\u908a\u3061\u3053",
    "country_code": "JP",
    "country": "Japan"
  },
  {
    "username": "thenumber244",
    "followingArtist": "\u6e21\u908a\u3061\u3053",
    "country_code": "NG",
    "country": "Nigeria"
  },
  {
    "username": "5251lux",
    "followingArtist": "\u6e21\u908a\u3061\u3053",
    "country_code": "JP",
    "country": "Japan"
  },
  {
    "username": "yoshiweb",
    "followingArtist": "\u6e21\u908a\u3061\u3053",
    "country_code": "JP",
    "country": "Japan"
  },
  {
    "username": "Hugopaivaofici2",
    "followingArtist": "\u6e21\u908a\u3061\u3053",
    "country_code": "PT",
    "country": "Portugal"
  },
  {
    "username": "2002Wilker",
    "followingArtist": "\u6e21\u908a\u3061\u3053",
    "country_code": "VE",
    "country": "Venezuela"
  },
  {
    "username": "milaraccoones",
    "followingArtist": "\u6e21\u908a\u3061\u3053",
    "country_code": "BR",
    "country": "Brazil"
  },
  {
    "username": "BinaMatlabBC",
    "followingArtist": "\u6e21\u908a\u3061\u3053",
    "country_code": "BD",
    "country": "Bangladesh"
  },
  {
    "username": "DracoDracoRaat",
    "followingArtist": "\u6e21\u908a\u3061\u3053",
    "country_code": "Pennsylvania Furnace Rd",
    "country": "Pennsylvania Furnace Rd"
  },
  {
    "username": "morrisjames17",
    "followingArtist": "\u6e21\u908a\u3061\u3053",
    "country_code": "NG",
    "country": "Nigeria"
  },
  {
    "username": "mtxsakirespect",
    "followingArtist": "\u6e21\u908a\u3061\u3053",
    "country_code": "JP",
    "country": "Japan"
  },
  {
    "username": "koeda_kameeda",
    "followingArtist": "\u6e21\u908a\u3061\u3053",
    "country_code": "US",
    "country": "United States"
  },
  {
    "username": "pp325833",
    "followingArtist": "\u6e21\u908a\u3061\u3053",
    "country_code": "TW",
    "country": "Taiwan"
  },
  {
    "username": "mnt_226",
    "followingArtist": "\u6e21\u908a\u3061\u3053",
    "country_code": "in",
    "country": "India"
  },
  {
    "username": "matmatias7",
    "followingArtist": "\u6e21\u908a\u3061\u3053",
    "country_code": "US",
    "country": "United States"
  },
  {
    "username": "Brother_MANIAC",
    "followingArtist": "\u6e21\u908a\u3061\u3053",
    "country_code": "US",
    "country": "United States"
  },
  {
    "username": "tata_fre66",
    "followingArtist": "\u6e21\u908a\u3061\u3053",
    "country_code": "BR",
    "country": "Brazil"
  },
  {
    "username": "BOUSHIBOSE",
    "followingArtist": "\u6e21\u908a\u3061\u3053",
    "country_code": "NG",
    "country": "Nigeria"
  },
  {
    "username": "RickyCorbin7",
    "followingArtist": "\u6e21\u908a\u3061\u3053",
    "country_code": "IT",
    "country": "Italy"
  },
  {
    "username": "lucy_iwamoto",
    "followingArtist": "\u6e21\u908a\u3061\u3053",
    "country_code": "JP",
    "country": "Japan"
  },
  {
    "username": "kareenakeri9",
    "followingArtist": "\u6e21\u908a\u3061\u3053",
    "country_code": "IN",
    "country": "India"
  },
  {
    "username": "shuhei41958385",
    "followingArtist": "\u6e21\u908a\u3061\u3053",
    "country_code": "TK",
    "country": "Tokelau"
  },
  {
    "username": "amin_fekon",
    "followingArtist": "\u6e21\u908a\u3061\u3053",
    "country_code": "ID",
    "country": "Indonesia"
  },
  {
    "username": "MFerraglioni",
    "followingArtist": "\u6e21\u908a\u3061\u3053",
    "country_code": "IT",
    "country": "Italy"
  },
  {
    "username": "metallica_inoff",
    "followingArtist": "\u6e21\u908a\u3061\u3053",
    "country_code": "California City Blvd",
    "country": "California City Blvd"
  },
  {
    "username": "menheruboy",
    "followingArtist": "\u6e21\u908a\u3061\u3053",
    "country_code": "US",
    "country": "United States"
  },
  {
    "username": "Imxgxwxvl",
    "followingArtist": "\u6e21\u908a\u3061\u3053",
    "country_code": "US",
    "country": "United States"
  },
  {
    "username": "im72eman",
    "followingArtist": "\u6e21\u908a\u3061\u3053",
    "country_code": "California City Blvd",
    "country": "California City Blvd"
  },
  {
    "username": "TSUBASA1977",
    "followingArtist": "\u6e21\u908a\u3061\u3053",
    "country_code": "TW",
    "country": "Taiwan"
  },
  {
    "username": "HasnilKhai32462",
    "followingArtist": "\u6e21\u908a\u3061\u3053",
    "country_code": "ID",
    "country": "Indonesia"
  },
  {
    "username": "lspsis",
    "followingArtist": "\u6e21\u908a\u3061\u3053",
    "country_code": "NG",
    "country": "Nigeria"
  },
  {
    "username": "liangtai0114",
    "followingArtist": "\u6e21\u908a\u3061\u3053",
    "country_code": "JP",
    "country": "Japan"
  },
  {
    "username": "shoteck",
    "followingArtist": "\u6e21\u908a\u3061\u3053",
    "country_code": "DE",
    "country": "Germany"
  },
  {
    "username": "0CtSIdRJjvmf6w5",
    "followingArtist": "\u6e21\u908a\u3061\u3053",
    "country_code": "California City Blvd",
    "country": "California City Blvd"
  },
  {
    "username": "MoneyAndMusic00",
    "followingArtist": "\u6e21\u908a\u3061\u3053",
    "country_code": "US",
    "country": "United States"
  },
  {
    "username": "DHC_exb",
    "followingArtist": "\u6e21\u908a\u3061\u3053",
    "country_code": "TK",
    "country": "Tokelau"
  },
  {
    "username": "T055AP",
    "followingArtist": "\u6e21\u908a\u3061\u3053",
    "country_code": "TH",
    "country": "Thailand"
  },
  {
    "username": "YolaAngelique",
    "followingArtist": "\u6e21\u908a\u3061\u3053",
    "country_code": "ES",
    "country": "Spain"
  },
  {
    "username": "Caretung555",
    "followingArtist": "\u6e21\u908a\u3061\u3053",
    "country_code": "TH",
    "country": "Thailand"
  },
  {
    "username": "JackOk1033",
    "followingArtist": "\u6e21\u908a\u3061\u3053",
    "country_code": "IE",
    "country": "Ireland"
  },
  {
    "username": "SirbbA1",
    "followingArtist": "\u6e21\u908a\u3061\u3053",
    "country_code": "US",
    "country": "United States"
  },
  {
    "username": "YasarGardas",
    "followingArtist": "\u6e21\u908a\u3061\u3053",
    "country_code": "IR",
    "country": "Iran"
  },
  {
    "username": "Rion_Vallied",
    "followingArtist": "\u6e21\u908a\u3061\u3053",
    "country_code": "MW",
    "country": "Malawi"
  },
  {
    "username": "eboneyRe",
    "followingArtist": "\u6e21\u908a\u3061\u3053",
    "country_code": "UK",
    "country": "United Kingdom"
  },
  {
    "username": "isaacsetiadi",
    "followingArtist": "\u6e21\u908a\u3061\u3053",
    "country_code": "ID",
    "country": "Indonesia"
  },
  {
    "username": "Idhant13",
    "followingArtist": "\u6e21\u908a\u3061\u3053",
    "country_code": "ID",
    "country": "Indonesia"
  },
  {
    "username": "foryouinfotech",
    "followingArtist": "\u6e21\u908a\u3061\u3053",
    "country_code": "IN",
    "country": "India"
  },
  {
    "username": "BostonMovesExpo",
    "followingArtist": "\u6e21\u908a\u3061\u3053",
    "country_code": "US",
    "country": "United States"
  },
  {
    "username": "IReallyLike1040",
    "followingArtist": "\u6e21\u908a\u3061\u3053",
    "country_code": "US",
    "country": "United States"
  },
  {
    "username": "999solicitor",
    "followingArtist": "\u6e21\u908a\u3061\u3053",
    "country_code": "UK",
    "country": "United Kingdom"
  },
  {
    "username": "roryquinn3",
    "followingArtist": "\u6e21\u908a\u3061\u3053",
    "country_code": "UZ",
    "country": "Uzbekistan"
  },
  {
    "username": "lordmisterio",
    "followingArtist": "\u6e21\u908a\u3061\u3053",
    "country_code": "CL",
    "country": "Chile"
  },
  {
    "username": "ExequielVan",
    "followingArtist": "\u6e21\u908a\u3061\u3053",
    "country_code": "KR",
    "country": "South Korea"
  },
  {
    "username": "DennesDiaz",
    "followingArtist": "\u6e21\u908a\u3061\u3053",
    "country_code": "US",
    "country": "United States"
  },
  {
    "username": "Glitch_Aspire",
    "followingArtist": "\u6e21\u908a\u3061\u3053",
    "country_code": "US",
    "country": "United States"
  },
  {
    "username": "shmynameis",
    "followingArtist": "\u6e21\u908a\u3061\u3053",
    "country_code": "PT",
    "country": "Portugal"
  },
  {
    "username": "mes___20",
    "followingArtist": "\u6e21\u908a\u3061\u3053",
    "country_code": "MR",
    "country": "Mauritania"
  },
  {
    "username": "GodleyHeld",
    "followingArtist": "\u6e21\u908a\u3061\u3053",
    "country_code": "US",
    "country": "United States"
  },
  {
    "username": "photo_ace",
    "followingArtist": "\u6e21\u908a\u3061\u3053",
    "country_code": "UK",
    "country": "United Kingdom"
  },
  {
    "username": "s_Anggitaaa",
    "followingArtist": "\u6e21\u908a\u3061\u3053",
    "country_code": "ID",
    "country": "Indonesia"
  },
  {
    "username": "withonedforever",
    "followingArtist": "\u6e21\u908a\u3061\u3053",
    "country_code": "BR",
    "country": "Brazil"
  },
  {
    "username": "kornaon",
    "followingArtist": "\u6e21\u908a\u3061\u3053",
    "country_code": "JP",
    "country": "Japan"
  },
  {
    "username": "PaolaPaki",
    "followingArtist": "\u6e21\u908a\u3061\u3053",
    "country_code": "NG",
    "country": "Nigeria"
  },
  {
    "username": "BEHASHTAG16",
    "followingArtist": "\u6e21\u908a\u3061\u3053",
    "country_code": "EG",
    "country": "Egypt"
  },
  {
    "username": "Adaptive_XV",
    "followingArtist": "\u6e21\u908a\u3061\u3053",
    "country_code": "US",
    "country": "United States"
  },
  {
    "username": "sekai_m9_Owari",
    "followingArtist": "\u6e21\u908a\u3061\u3053",
    "country_code": "PS",
    "country": "Palestinian Territory"
  },
  {
    "username": "NagoyaJohnny",
    "followingArtist": "\u6e21\u908a\u3061\u3053",
    "country_code": "JP",
    "country": "Japan"
  },
  {
    "username": "panda4good4ever",
    "followingArtist": "\u6e21\u908a\u3061\u3053",
    "country_code": "CO",
    "country": "Colombia"
  },
  {
    "username": "poglabs",
    "followingArtist": "\u6e21\u908a\u3061\u3053",
    "country_code": "US",
    "country": "United States"
  },
  {
    "username": "bodiebolo",
    "followingArtist": "\u6e21\u908a\u3061\u3053",
    "country_code": "US",
    "country": "United States"
  },
  {
    "username": "GreatEyeTweets",
    "followingArtist": "\u6e21\u908a\u3061\u3053",
    "country_code": "US",
    "country": "United States"
  },
  {
    "username": "LivingKansai",
    "followingArtist": "\u6e21\u908a\u3061\u3053",
    "country_code": "JP",
    "country": "Japan"
  },
  {
    "username": "burnoutmichigan",
    "followingArtist": "\u6e21\u908a\u3061\u3053",
    "country_code": "US",
    "country": "United States"
  },
  {
    "username": "alexamedrano_",
    "followingArtist": "\u6e21\u908a\u3061\u3053",
    "country_code": "PH",
    "country": "Philippines"
  },
  {
    "username": "GmoneyBigkev",
    "followingArtist": "\u6e21\u908a\u3061\u3053",
    "country_code": "California City Blvd",
    "country": "California City Blvd"
  },
  {
    "username": "_Nana7ko",
    "followingArtist": "\u6e21\u908a\u3061\u3053",
    "country_code": "BR",
    "country": "Brazil"
  },
  {
    "username": "vikingkll",
    "followingArtist": "\u6e21\u908a\u3061\u3053",
    "country_code": "FR",
    "country": "France"
  },
  {
    "username": "KickPunchChop",
    "followingArtist": "\u6e21\u908a\u3061\u3053",
    "country_code": "JP",
    "country": "Japan"
  },
  {
    "username": "TMLuthfi09",
    "followingArtist": "\u6e21\u908a\u3061\u3053",
    "country_code": "UK",
    "country": "United Kingdom"
  },
  {
    "username": "on164cm84kg",
    "followingArtist": "\u6e21\u908a\u3061\u3053",
    "country_code": "JP",
    "country": "Japan"
  },
  {
    "username": "BryntegHoliday",
    "followingArtist": "\u6e21\u908a\u3061\u3053",
    "country_code": "GB",
    "country": "Scotland"
  },
  {
    "username": "IFollowBackMax",
    "followingArtist": "\u6e21\u908a\u3061\u3053",
    "country_code": "US",
    "country": "United States"
  },
  {
    "username": "Takipleselim01",
    "followingArtist": "\u6e21\u908a\u3061\u3053",
    "country_code": "IN",
    "country": "India"
  },
  {
    "username": "love_kweenie",
    "followingArtist": "\u6e21\u908a\u3061\u3053",
    "country_code": "US",
    "country": "United States"
  },
  {
    "username": "TrueMetalNinja",
    "followingArtist": "\u6e21\u908a\u3061\u3053",
    "country_code": "NO",
    "country": "Norway"
  },
  {
    "username": "BanginHits",
    "followingArtist": "\u6e21\u908a\u3061\u3053",
    "country_code": "DE",
    "country": "Germany"
  },
  {
    "username": "AlwaysLitHere",
    "followingArtist": "\u6e21\u908a\u3061\u3053",
    "country_code": "US",
    "country": "United States"
  },
  {
    "username": "omarnacur",
    "followingArtist": "\u6e21\u908a\u3061\u3053",
    "country_code": "BR",
    "country": "Brazil"
  },
  {
    "username": "Recaptoday",
    "followingArtist": "\u6e21\u908a\u3061\u3053",
    "country_code": "IN",
    "country": "India"
  },
  {
    "username": "geoff20166",
    "followingArtist": "\u6e21\u908a\u3061\u3053",
    "country_code": "US",
    "country": "United States"
  },
  {
    "username": "rpaul7777",
    "followingArtist": "\u6e21\u908a\u3061\u3053",
    "country_code": "US",
    "country": "United States"
  },
  {
    "username": "mike_hblmal04",
    "followingArtist": "\u6e21\u908a\u3061\u3053",
    "country_code": "Main St",
    "country": "Main St"
  },
  {
    "username": "sengupta3401",
    "followingArtist": "\u6e21\u908a\u3061\u3053",
    "country_code": "IN",
    "country": "India"
  },
  {
    "username": "OH_Furries",
    "followingArtist": "\u6e21\u908a\u3061\u3053",
    "country_code": "US",
    "country": "United States"
  },
  {
    "username": "AsEelOver",
    "followingArtist": "\u6e21\u908a\u3061\u3053",
    "country_code": "AU",
    "country": "Australia"
  },
  {
    "username": "SouthSomewhere",
    "followingArtist": "\u6e21\u908a\u3061\u3053",
    "country_code": "PL",
    "country": "Poland"
  },
  {
    "username": "Tapiolga",
    "followingArtist": "\u6e21\u908a\u3061\u3053",
    "country_code": "ES",
    "country": "Spain"
  },
  {
    "username": "Balloons24hour",
    "followingArtist": "\u6e21\u908a\u3061\u3053",
    "country_code": "UK",
    "country": "United Kingdom"
  },
  {
    "username": "RB_colorcon",
    "followingArtist": "\u6e21\u908a\u3061\u3053",
    "country_code": "JP",
    "country": "Japan"
  },
  {
    "username": "michaelqtodd",
    "followingArtist": "\u6e21\u908a\u3061\u3053",
    "country_code": "JP",
    "country": "Japan"
  },
  {
    "username": "NarryMyDream",
    "followingArtist": "\u6e21\u908a\u3061\u3053",
    "country_code": "GB",
    "country": "Scotland"
  },
  {
    "username": "rosexrh",
    "followingArtist": "\u6e21\u908a\u3061\u3053",
    "country_code": "US",
    "country": "United States"
  },
  {
    "username": "iitripod",
    "followingArtist": "\u6e21\u908a\u3061\u3053",
    "country_code": "JP",
    "country": "Japan"
  },
  {
    "username": "Shinya_BirD",
    "followingArtist": "\u6e21\u908a\u3061\u3053",
    "country_code": "TH",
    "country": "Thailand"
  },
  {
    "username": "TheIceSpike",
    "followingArtist": "\u6e21\u908a\u3061\u3053",
    "country_code": "GB",
    "country": "Scotland"
  },
  {
    "username": "dobuuu",
    "followingArtist": "\u6e21\u908a\u3061\u3053",
    "country_code": "JP",
    "country": "Japan"
  },
  {
    "username": "thathippy420",
    "followingArtist": "\u6e21\u908a\u3061\u3053",
    "country_code": "US",
    "country": "United States"
  },
  {
    "username": "larks_no",
    "followingArtist": "\u6e21\u908a\u3061\u3053",
    "country_code": "in",
    "country": "India"
  },
  {
    "username": "madokagyoira",
    "followingArtist": "\u6e21\u908a\u3061\u3053",
    "country_code": "JP",
    "country": "Japan"
  },
  {
    "username": "IikikaRikato",
    "followingArtist": "\u6e21\u908a\u3061\u3053",
    "country_code": "ES",
    "country": "Spain"
  },
  {
    "username": "yossy0055",
    "followingArtist": "\u6e21\u908a\u3061\u3053",
    "country_code": "JP",
    "country": "Japan"
  },
  {
    "username": "Naianruben",
    "followingArtist": "\u6e21\u908a\u3061\u3053",
    "country_code": "IT",
    "country": "Italy"
  },
  {
    "username": "PrimePhilips",
    "followingArtist": "\u6e21\u908a\u3061\u3053",
    "country_code": "US",
    "country": "United States"
  },
  {
    "username": "om_leon007",
    "followingArtist": "\u6e21\u908a\u3061\u3053",
    "country_code": "MX",
    "country": "Mexico"
  },
  {
    "username": "mugmemugyou",
    "followingArtist": "\u6e21\u908a\u3061\u3053",
    "country_code": "US",
    "country": "United States"
  },
  {
    "username": "Undertheskyfall",
    "followingArtist": "\u6e21\u908a\u3061\u3053",
    "country_code": "TW",
    "country": "Taiwan"
  },
  {
    "username": "Thebeautools",
    "followingArtist": "\u6e21\u908a\u3061\u3053",
    "country_code": "JP",
    "country": "Japan"
  },
  {
    "username": "DarleyR250",
    "followingArtist": "\u6e21\u908a\u3061\u3053",
    "country_code": "BR",
    "country": "Brazil"
  },
  {
    "username": "axkatv",
    "followingArtist": "\u6e21\u908a\u3061\u3053",
    "country_code": "CA",
    "country": "Canada"
  },
  {
    "username": "tarpLoud",
    "followingArtist": "\u6e21\u908a\u3061\u3053",
    "country_code": "BJ",
    "country": "Benin"
  },
  {
    "username": "chappykhing",
    "followingArtist": "\u6e21\u908a\u3061\u3053",
    "country_code": "US",
    "country": "United States"
  },
  {
    "username": "mataniteihajime",
    "followingArtist": "\u6e21\u908a\u3061\u3053",
    "country_code": "JP",
    "country": "Japan"
  },
  {
    "username": "AmandasBlacks",
    "followingArtist": "\u6e21\u908a\u3061\u3053",
    "country_code": "US",
    "country": "United States"
  },
  {
    "username": "Pussytopian",
    "followingArtist": "\u6e21\u908a\u3061\u3053",
    "country_code": "DE",
    "country": "Germany"
  },
  {
    "username": "KKvsi",
    "followingArtist": "\u6e21\u908a\u3061\u3053",
    "country_code": "California City Blvd",
    "country": "California City Blvd"
  },
  {
    "username": "WatchFace15",
    "followingArtist": "\u6e21\u908a\u3061\u3053",
    "country_code": "US",
    "country": "United States"
  },
  {
    "username": "Brandon_Svg",
    "followingArtist": "\u6e21\u908a\u3061\u3053",
    "country_code": "US",
    "country": "United States"
  },
  {
    "username": "xBeastModeKidx",
    "followingArtist": "\u6e21\u908a\u3061\u3053",
    "country_code": "CN",
    "country": "China"
  },
  {
    "username": "mrsteel072",
    "followingArtist": "\u6e21\u908a\u3061\u3053",
    "country_code": "ES",
    "country": "Spain"
  },
  {
    "username": "seaweed115B",
    "followingArtist": "\u6e21\u908a\u3061\u3053",
    "country_code": "California City Blvd",
    "country": "California City Blvd"
  },
  {
    "username": "BIGLOKOTE1AENT",
    "followingArtist": "\u6e21\u908a\u3061\u3053",
    "country_code": "BJ",
    "country": "Benin"
  },
  {
    "username": "lele_momoka",
    "followingArtist": "\u6e21\u908a\u3061\u3053",
    "country_code": "TH",
    "country": "Thailand"
  },
  {
    "username": "Opensourcegoals",
    "followingArtist": "\u6e21\u908a\u3061\u3053",
    "country_code": "NG",
    "country": "Nigeria"
  },
  {
    "username": "WilliamJordanP2",
    "followingArtist": "\u6e21\u908a\u3061\u3053",
    "country_code": "UK",
    "country": "United Kingdom"
  },
  {
    "username": "vulgo_ronin",
    "followingArtist": "\u6e21\u908a\u3061\u3053",
    "country_code": "MG",
    "country": "Madagascar"
  },
  {
    "username": "michaelkenyon14",
    "followingArtist": "\u6e21\u908a\u3061\u3053",
    "country_code": "US",
    "country": "United States"
  },
  {
    "username": "Omega_Affiance",
    "followingArtist": "\u6e21\u908a\u3061\u3053",
    "country_code": "TH",
    "country": "Thailand"
  },
  {
    "username": "GetPayday_Loans",
    "followingArtist": "\u6e21\u908a\u3061\u3053",
    "country_code": "US",
    "country": "United States"
  },
  {
    "username": "fairies_kanayan",
    "followingArtist": "\u6e21\u908a\u3061\u3053",
    "country_code": "JP",
    "country": "Japan"
  },
  {
    "username": "kokuno1980",
    "followingArtist": "\u6e21\u908a\u3061\u3053",
    "country_code": "PS",
    "country": "Palestinian Territory"
  },
  {
    "username": "ALuthiger",
    "followingArtist": "\u6e21\u908a\u3061\u3053",
    "country_code": "CH",
    "country": "Switzerland"
  },
  {
    "username": "Ttsr85boy",
    "followingArtist": "\u6e21\u908a\u3061\u3053",
    "country_code": "US",
    "country": "United States"
  },
  {
    "username": "merchoow",
    "followingArtist": "\u6e21\u908a\u3061\u3053",
    "country_code": "TH",
    "country": "Thailand"
  },
  {
    "username": "herman1996",
    "followingArtist": "\u6e21\u908a\u3061\u3053",
    "country_code": "UK",
    "country": "United Kingdom"
  },
  {
    "username": "Brianmaybbs3",
    "followingArtist": "\u6e21\u908a\u3061\u3053",
    "country_code": "US",
    "country": "United States"
  },
  {
    "username": "PerawatGunner",
    "followingArtist": "\u6e21\u908a\u3061\u3053",
    "country_code": "TH",
    "country": "Thailand"
  },
  {
    "username": "Noctis98706668",
    "followingArtist": "\u6e21\u908a\u3061\u3053",
    "country_code": "TH",
    "country": "Thailand"
  },
  {
    "username": "Cara_2K",
    "followingArtist": "\u6e21\u908a\u3061\u3053",
    "country_code": "TH",
    "country": "Thailand"
  },
  {
    "username": "Marc_1TT",
    "followingArtist": "\u6e21\u908a\u3061\u3053",
    "country_code": "ES",
    "country": "Spain"
  },
  {
    "username": "BizarreMNT",
    "followingArtist": "\u6e21\u908a\u3061\u3053",
    "country_code": "US",
    "country": "United States"
  },
  {
    "username": "Pandaboxltd",
    "followingArtist": "\u6e21\u908a\u3061\u3053",
    "country_code": "UK",
    "country": "United Kingdom"
  },
  {
    "username": "PPewe2532",
    "followingArtist": "\u6e21\u908a\u3061\u3053",
    "country_code": "TH",
    "country": "Thailand"
  },
  {
    "username": "priest1drago",
    "followingArtist": "\u6e21\u908a\u3061\u3053",
    "country_code": "TH",
    "country": "Thailand"
  },
  {
    "username": "AJTorballon",
    "followingArtist": "\u6e21\u908a\u3061\u3053",
    "country_code": "US",
    "country": "United States"
  },
  {
    "username": "dbmzmaxz",
    "followingArtist": "\u6e21\u908a\u3061\u3053",
    "country_code": "TH",
    "country": "Thailand"
  },
  {
    "username": "LuxzForever",
    "followingArtist": "\u6e21\u908a\u3061\u3053",
    "country_code": "TH",
    "country": "Thailand"
  },
  {
    "username": "pheeni27",
    "followingArtist": "\u6e21\u908a\u3061\u3053",
    "country_code": "TH",
    "country": "Thailand"
  },
  {
    "username": "auburnmac",
    "followingArtist": "\u6e21\u908a\u3061\u3053",
    "country_code": "TH",
    "country": "Thailand"
  },
  {
    "username": "HamP_punipuni",
    "followingArtist": "\u6e21\u908a\u3061\u3053",
    "country_code": "TH",
    "country": "Thailand"
  },
  {
    "username": "hajimeM1122",
    "followingArtist": "\u6e21\u908a\u3061\u3053",
    "country_code": "JP",
    "country": "Japan"
  },
  {
    "username": "zameoldshit",
    "followingArtist": "\u6e21\u908a\u3061\u3053",
    "country_code": "TH",
    "country": "Thailand"
  },
  {
    "username": "aum2u",
    "followingArtist": "\u6e21\u908a\u3061\u3053",
    "country_code": "TH",
    "country": "Thailand"
  },
  {
    "username": "doipix",
    "followingArtist": "\u6e21\u908a\u3061\u3053",
    "country_code": "TH",
    "country": "Thailand"
  },
  {
    "username": "Mark_KanawatN",
    "followingArtist": "\u6e21\u908a\u3061\u3053",
    "country_code": "TH",
    "country": "Thailand"
  },
  {
    "username": "Jja_lomonX",
    "followingArtist": "\u6e21\u908a\u3061\u3053",
    "country_code": "MY",
    "country": "Malaysia"
  },
  {
    "username": "nongkui007",
    "followingArtist": "\u6e21\u908a\u3061\u3053",
    "country_code": "TH",
    "country": "Thailand"
  },
  {
    "username": "paeliver",
    "followingArtist": "\u6e21\u908a\u3061\u3053",
    "country_code": "TH",
    "country": "Thailand"
  },
  {
    "username": "john_xs",
    "followingArtist": "\u6e21\u908a\u3061\u3053",
    "country_code": "US",
    "country": "United States"
  },
  {
    "username": "gachipop",
    "followingArtist": "\u6e21\u908a\u3061\u3053",
    "country_code": "US",
    "country": "United States"
  },
  {
    "username": "DopeSneakersInc",
    "followingArtist": "\u6e21\u908a\u3061\u3053",
    "country_code": "US",
    "country": "United States"
  },
  {
    "username": "RitkungS",
    "followingArtist": "\u6e21\u908a\u3061\u3053",
    "country_code": "TH",
    "country": "Thailand"
  },
  {
    "username": "NicoGodoyOk",
    "followingArtist": "\u6e21\u908a\u3061\u3053",
    "country_code": "MX",
    "country": "Mexico"
  },
  {
    "username": "olorosooso",
    "followingArtist": "\u6e21\u908a\u3061\u3053",
    "country_code": "US",
    "country": "United States"
  },
  {
    "username": "aides_public",
    "followingArtist": "\u6e21\u908a\u3061\u3053",
    "country_code": "ID",
    "country": "Indonesia"
  },
  {
    "username": "LorisChincoli",
    "followingArtist": "\u6e21\u908a\u3061\u3053",
    "country_code": "IT",
    "country": "Italy"
  },
  {
    "username": "lyn_bird_tgs",
    "followingArtist": "\u6e21\u908a\u3061\u3053",
    "country_code": "JP",
    "country": "Japan"
  },
  {
    "username": "sydney_danji",
    "followingArtist": "\u6e21\u908a\u3061\u3053",
    "country_code": "AU",
    "country": "Australia"
  },
  {
    "username": "deeperdanpoetry",
    "followingArtist": "\u6e21\u908a\u3061\u3053",
    "country_code": "US",
    "country": "United States"
  },
  {
    "username": "AreYouPicado",
    "followingArtist": "\u6e21\u908a\u3061\u3053",
    "country_code": "US",
    "country": "United States"
  },
  {
    "username": "sakuramazun",
    "followingArtist": "\u6e21\u908a\u3061\u3053",
    "country_code": "US",
    "country": "United States"
  },
  {
    "username": "fyucha_official",
    "followingArtist": "\u6e21\u908a\u3061\u3053",
    "country_code": "JP",
    "country": "Japan"
  },
  {
    "username": "HookpapaN",
    "followingArtist": "\u6e21\u908a\u3061\u3053",
    "country_code": "US",
    "country": "United States"
  },
  {
    "username": "XNS_Psycho_REAL",
    "followingArtist": "\u6e21\u908a\u3061\u3053",
    "country_code": "BR",
    "country": "Brazil"
  },
  {
    "username": "IglesiaEPDLP",
    "followingArtist": "\u6e21\u908a\u3061\u3053",
    "country_code": "AU",
    "country": "Australia"
  },
  {
    "username": "93noz",
    "followingArtist": "\u6e21\u908a\u3061\u3053",
    "country_code": "CO",
    "country": "Colombia"
  },
  {
    "username": "tkgksr",
    "followingArtist": "\u6e21\u908a\u3061\u3053",
    "country_code": "JP",
    "country": "Japan"
  },
  {
    "username": "KazuyaLapis",
    "followingArtist": "\u6e21\u908a\u3061\u3053",
    "country_code": "CZ",
    "country": "Czech Republic"
  },
  {
    "username": "NAO041124",
    "followingArtist": "\u6e21\u908a\u3061\u3053",
    "country_code": "JP",
    "country": "Japan"
  },
  {
    "username": "kanefkh",
    "followingArtist": "\u6e21\u908a\u3061\u3053",
    "country_code": "GB",
    "country": "Scotland"
  },
  {
    "username": "Luv_O_MATiC",
    "followingArtist": "\u6e21\u908a\u3061\u3053",
    "country_code": "MR",
    "country": "Mauritania"
  },
  {
    "username": "Fransiskus_J",
    "followingArtist": "\u6e21\u908a\u3061\u3053",
    "country_code": "ID",
    "country": "Indonesia"
  },
  {
    "username": "yukihisaito",
    "followingArtist": "\u6e21\u908a\u3061\u3053",
    "country_code": "JP",
    "country": "Japan"
  },
  {
    "username": "KevinShaw6",
    "followingArtist": "\u6e21\u908a\u3061\u3053",
    "country_code": "GB",
    "country": "Scotland"
  },
  {
    "username": "CellHendy",
    "followingArtist": "\u6e21\u908a\u3061\u3053",
    "country_code": "ID",
    "country": "Indonesia"
  }
]