[
  {
    "username": "Arthur09487649",
    "followingArtist": "Marcelo Tas",
    "country_code": "BR",
    "country": "Brazil"
  },
  {
    "username": "Felipegomesde15",
    "followingArtist": "Marcelo Tas",
    "country_code": "PT",
    "country": "Portugal"
  },
  {
    "username": "Guilherme2791",
    "followingArtist": "Marcelo Tas",
    "country_code": "BR",
    "country": "Brazil"
  },
  {
    "username": "PauloRi67910094",
    "followingArtist": "Marcelo Tas",
    "country_code": "US",
    "country": "USA"
  },
  {
    "username": "Rgis78899725",
    "followingArtist": "Marcelo Tas",
    "country_code": "BR",
    "country": "Brazil"
  },
  {
    "username": "xLarissa20",
    "followingArtist": "Marcelo Tas",
    "country_code": "BR",
    "country": "Brazil"
  },
  {
    "username": "Lugomes04818904",
    "followingArtist": "Marcelo Tas",
    "country_code": "IN",
    "country": "India"
  },
  {
    "username": "KBergamasco",
    "followingArtist": "Marcelo Tas",
    "country_code": "ES",
    "country": "Spain"
  },
  {
    "username": "Andersonn_lima",
    "followingArtist": "Marcelo Tas",
    "country_code": "BR",
    "country": "Brazil"
  },
  {
    "username": "Anderso86978534",
    "followingArtist": "Marcelo Tas",
    "country_code": "BR",
    "country": "Brazil"
  },
  {
    "username": "TostesFernando",
    "followingArtist": "Marcelo Tas",
    "country_code": "BR",
    "country": "Brazil"
  },
  {
    "username": "HelderM54510189",
    "followingArtist": "Marcelo Tas",
    "country_code": "BR",
    "country": "Brazil"
  },
  {
    "username": "MatheuseDebora2",
    "followingArtist": "Marcelo Tas",
    "country_code": "CL",
    "country": "Chile"
  },
  {
    "username": "cunha_mirna",
    "followingArtist": "Marcelo Tas",
    "country_code": "BR",
    "country": "Brazil"
  },
  {
    "username": "CassioAlex39",
    "followingArtist": "Marcelo Tas",
    "country_code": "BR",
    "country": "Brazil"
  },
  {
    "username": "Camila_Dias28",
    "followingArtist": "Marcelo Tas",
    "country_code": "BR",
    "country": "Brazil"
  },
  {
    "username": "MNasista",
    "followingArtist": "Marcelo Tas",
    "country_code": "BR",
    "country": "Brazil"
  },
  {
    "username": "Rosilda49099241",
    "followingArtist": "Marcelo Tas",
    "country_code": "BR",
    "country": "Brazil"
  },
  {
    "username": "RenanAr20787615",
    "followingArtist": "Marcelo Tas",
    "country_code": "US",
    "country": "USA"
  },
  {
    "username": "Brbara49744443",
    "followingArtist": "Marcelo Tas",
    "country_code": "BR",
    "country": "Brazil"
  },
  {
    "username": "ca1opatrick",
    "followingArtist": "Marcelo Tas",
    "country_code": "BR",
    "country": "Brazil"
  },
  {
    "username": "RgAnselmo",
    "followingArtist": "Marcelo Tas",
    "country_code": "US",
    "country": "USA"
  },
  {
    "username": "ProbstCaroline",
    "followingArtist": "Marcelo Tas",
    "country_code": "BR",
    "country": "Brazil"
  },
  {
    "username": "Erikana05534220",
    "followingArtist": "Marcelo Tas",
    "country_code": "BR",
    "country": "Brazil"
  },
  {
    "username": "Vitrya95217575",
    "followingArtist": "Marcelo Tas",
    "country_code": "BR",
    "country": "Brazil"
  },
  {
    "username": "Marcia12131410",
    "followingArtist": "Marcelo Tas",
    "country_code": "BR",
    "country": "Brazil"
  },
  {
    "username": "sithum1111",
    "followingArtist": "Marcelo Tas",
    "country_code": "ID",
    "country": "Indonesia"
  },
  {
    "username": "annyfeltz",
    "followingArtist": "Marcelo Tas",
    "country_code": "CU",
    "country": "Cuba"
  },
  {
    "username": "SergioKkabh1",
    "followingArtist": "Marcelo Tas",
    "country_code": "US",
    "country": "USA"
  },
  {
    "username": "JOAOLEALL",
    "followingArtist": "Marcelo Tas",
    "country_code": "BR",
    "country": "Brazil"
  },
  {
    "username": "Romulo",
    "followingArtist": "Marcelo Tas",
    "country_code": "BR",
    "country": "Brazil"
  },
  {
    "username": "basalces",
    "followingArtist": "Marcelo Tas",
    "country_code": "MG",
    "country": "Madagascar"
  },
  {
    "username": "psi_dionisio",
    "followingArtist": "Marcelo Tas",
    "country_code": "BR",
    "country": "Brazil"
  },
  {
    "username": "MiriansilvaSil1",
    "followingArtist": "Marcelo Tas",
    "country_code": "BR",
    "country": "Brazil"
  },
  {
    "username": "maiconmdasilva",
    "followingArtist": "Marcelo Tas",
    "country_code": "BR",
    "country": "Brazil"
  },
  {
    "username": "vrmelo09",
    "followingArtist": "Marcelo Tas",
    "country_code": "BR",
    "country": "Brazil"
  },
  {
    "username": "williancac1",
    "followingArtist": "Marcelo Tas",
    "country_code": "PT",
    "country": "Portugal"
  },
  {
    "username": "marcios_mm2",
    "followingArtist": "Marcelo Tas",
    "country_code": "BR",
    "country": "Brazil"
  },
  {
    "username": "drfabioubatuba",
    "followingArtist": "Marcelo Tas",
    "country_code": "BR",
    "country": "Brazil"
  },
  {
    "username": "i9_tv",
    "followingArtist": "Marcelo Tas",
    "country_code": "FR",
    "country": "France"
  },
  {
    "username": "RegislandiaGome",
    "followingArtist": "Marcelo Tas",
    "country_code": "BR",
    "country": "Brazil"
  },
  {
    "username": "Taina_Mdrs",
    "followingArtist": "Marcelo Tas",
    "country_code": "ZA",
    "country": "South Africa"
  },
  {
    "username": "julianibolete",
    "followingArtist": "Marcelo Tas",
    "country_code": "GB",
    "country": "Scotland"
  },
  {
    "username": "Diego44138805",
    "followingArtist": "Marcelo Tas",
    "country_code": "BR",
    "country": "Brazil"
  },
  {
    "username": "avellar_james",
    "followingArtist": "Marcelo Tas",
    "country_code": "BR",
    "country": "Brazil"
  },
  {
    "username": "ArturPastana",
    "followingArtist": "Marcelo Tas",
    "country_code": "DE",
    "country": "Germany"
  },
  {
    "username": "Leykon94",
    "followingArtist": "Marcelo Tas",
    "country_code": "BR",
    "country": "Brazil"
  },
  {
    "username": "Wladia_Tavares",
    "followingArtist": "Marcelo Tas",
    "country_code": "BR",
    "country": "Brazil"
  },
  {
    "username": "mechamamdejose",
    "followingArtist": "Marcelo Tas",
    "country_code": "BR",
    "country": "Brazil"
  },
  {
    "username": "mallumavi",
    "followingArtist": "Marcelo Tas",
    "country_code": "BR",
    "country": "Brazil"
  },
  {
    "username": "ComRodape",
    "followingArtist": "Marcelo Tas",
    "country_code": "BR",
    "country": "Brazil"
  },
  {
    "username": "pedropizzuto",
    "followingArtist": "Marcelo Tas",
    "country_code": "MX",
    "country": "Mexico"
  },
  {
    "username": "TmabdulT",
    "followingArtist": "Marcelo Tas",
    "country_code": "BD",
    "country": "Bangladesh"
  },
  {
    "username": "NunisClayton",
    "followingArtist": "Marcelo Tas",
    "country_code": "BR",
    "country": "Brazil"
  },
  {
    "username": "Leogabi9",
    "followingArtist": "Marcelo Tas",
    "country_code": "BR",
    "country": "Brazil"
  },
  {
    "username": "danyelgabrielly",
    "followingArtist": "Marcelo Tas",
    "country_code": "BR",
    "country": "Brazil"
  },
  {
    "username": "Muniquesantos12",
    "followingArtist": "Marcelo Tas",
    "country_code": "US",
    "country": "USA"
  },
  {
    "username": "Leticiaanzoin1",
    "followingArtist": "Marcelo Tas",
    "country_code": "BR",
    "country": "Brazil"
  },
  {
    "username": "ABarrilari00",
    "followingArtist": "Marcelo Tas",
    "country_code": "PT",
    "country": "Portugal"
  },
  {
    "username": "MSilony",
    "followingArtist": "Marcelo Tas",
    "country_code": "PT",
    "country": "Portugal"
  },
  {
    "username": "joyccealves_",
    "followingArtist": "Marcelo Tas",
    "country_code": "BR",
    "country": "Brazil"
  },
  {
    "username": "le_np",
    "followingArtist": "Marcelo Tas",
    "country_code": "BR",
    "country": "Brazil"
  },
  {
    "username": "angeloguru",
    "followingArtist": "Marcelo Tas",
    "country_code": "BR",
    "country": "Brazil"
  },
  {
    "username": "andrade_maryam",
    "followingArtist": "Marcelo Tas",
    "country_code": "BR",
    "country": "Brazil"
  },
  {
    "username": "JaneSan50661849",
    "followingArtist": "Marcelo Tas",
    "country_code": "IN",
    "country": "India"
  },
  {
    "username": "BrunoLi06015750",
    "followingArtist": "Marcelo Tas",
    "country_code": "BR",
    "country": "Brazil"
  },
  {
    "username": "Jamyle39418960",
    "followingArtist": "Marcelo Tas",
    "country_code": "BR",
    "country": "Brazil"
  },
  {
    "username": "rogerioalves67",
    "followingArtist": "Marcelo Tas",
    "country_code": "BR",
    "country": "Brazil"
  },
  {
    "username": "SartorCidda",
    "followingArtist": "Marcelo Tas",
    "country_code": "IT",
    "country": "Italy"
  },
  {
    "username": "ingridysantos33",
    "followingArtist": "Marcelo Tas",
    "country_code": "BR",
    "country": "Brazil"
  },
  {
    "username": "allexgoncalvess",
    "followingArtist": "Marcelo Tas",
    "country_code": "BR",
    "country": "Brazil"
  },
  {
    "username": "quicosoares",
    "followingArtist": "Marcelo Tas",
    "country_code": "ES",
    "country": "Spain"
  },
  {
    "username": "Angelic48602939",
    "followingArtist": "Marcelo Tas",
    "country_code": "BR",
    "country": "Brazil"
  },
  {
    "username": "RinaldoLucas6",
    "followingArtist": "Marcelo Tas",
    "country_code": "BR",
    "country": "Brazil"
  },
  {
    "username": "edgarsilva948",
    "followingArtist": "Marcelo Tas",
    "country_code": "BR",
    "country": "Brazil"
  },
  {
    "username": "AdrianoMollik",
    "followingArtist": "Marcelo Tas",
    "country_code": "BR",
    "country": "Brazil"
  },
  {
    "username": "GrazielleFiusa",
    "followingArtist": "Marcelo Tas",
    "country_code": "BR",
    "country": "Brazil"
  },
  {
    "username": "benedoca",
    "followingArtist": "Marcelo Tas",
    "country_code": "BR",
    "country": "Brazil"
  },
  {
    "username": "CaioVilela14",
    "followingArtist": "Marcelo Tas",
    "country_code": "PT",
    "country": "Portugal"
  },
  {
    "username": "lucampos__",
    "followingArtist": "Marcelo Tas",
    "country_code": "BR",
    "country": "Brazil"
  },
  {
    "username": "JoaoAlvesDeAlm1",
    "followingArtist": "Marcelo Tas",
    "country_code": "BR",
    "country": "Brazil"
  },
  {
    "username": "ramsesreis",
    "followingArtist": "Marcelo Tas",
    "country_code": "BR",
    "country": "Brazil"
  },
  {
    "username": "68a9e55395964a7",
    "followingArtist": "Marcelo Tas",
    "country_code": "BR",
    "country": "Brazil"
  },
  {
    "username": "Viniciu91723324",
    "followingArtist": "Marcelo Tas",
    "country_code": "BR",
    "country": "Brazil"
  },
  {
    "username": "neya04121995",
    "followingArtist": "Marcelo Tas",
    "country_code": "MG",
    "country": "Madagascar"
  },
  {
    "username": "LEONARDOJCA",
    "followingArtist": "Marcelo Tas",
    "country_code": "BR",
    "country": "Brazil"
  },
  {
    "username": "raffabarretto",
    "followingArtist": "Marcelo Tas",
    "country_code": "PR",
    "country": "Puerto Rico"
  },
  {
    "username": "euvanessasousa1",
    "followingArtist": "Marcelo Tas",
    "country_code": "BR",
    "country": "Brazil"
  },
  {
    "username": "NodokaFeellings",
    "followingArtist": "Marcelo Tas",
    "country_code": "UA",
    "country": "Ukraine"
  },
  {
    "username": "mayishii",
    "followingArtist": "Marcelo Tas",
    "country_code": "BR",
    "country": "Brazil"
  },
  {
    "username": "Luana62094637",
    "followingArtist": "Marcelo Tas",
    "country_code": "BR",
    "country": "Brazil"
  },
  {
    "username": "jonsacramento1",
    "followingArtist": "Marcelo Tas",
    "country_code": "IN",
    "country": "India"
  },
  {
    "username": "paanwend",
    "followingArtist": "Marcelo Tas",
    "country_code": "BR",
    "country": "Brazil"
  },
  {
    "username": "boarolipamelag1",
    "followingArtist": "Marcelo Tas",
    "country_code": "BR",
    "country": "Brazil"
  },
  {
    "username": "pedropauloanjo1",
    "followingArtist": "Marcelo Tas",
    "country_code": "BR",
    "country": "Brazil"
  },
  {
    "username": "sanyjusto",
    "followingArtist": "Marcelo Tas",
    "country_code": "BR",
    "country": "Brazil"
  },
  {
    "username": "Brunomangalarg1",
    "followingArtist": "Marcelo Tas",
    "country_code": "BR",
    "country": "Brazil"
  },
  {
    "username": "ARAUJO281",
    "followingArtist": "Marcelo Tas",
    "country_code": "BR",
    "country": "Brazil"
  },
  {
    "username": "leoaalves1977",
    "followingArtist": "Marcelo Tas",
    "country_code": "ES",
    "country": "Spain"
  },
  {
    "username": "nayaracarvalho",
    "followingArtist": "Marcelo Tas",
    "country_code": "BR",
    "country": "Brazil"
  },
  {
    "username": "Adrfigueired",
    "followingArtist": "Marcelo Tas",
    "country_code": "BR",
    "country": "Brazil"
  },
  {
    "username": "AlbaVal75805884",
    "followingArtist": "Marcelo Tas",
    "country_code": "BR",
    "country": "Brazil"
  },
  {
    "username": "admarti90s",
    "followingArtist": "Marcelo Tas",
    "country_code": "BR",
    "country": "Brazil"
  },
  {
    "username": "CamilaM34246502",
    "followingArtist": "Marcelo Tas",
    "country_code": "BR",
    "country": "Brazil"
  },
  {
    "username": "KarineNeder",
    "followingArtist": "Marcelo Tas",
    "country_code": "BR",
    "country": "Brazil"
  },
  {
    "username": "Sarah62159716",
    "followingArtist": "Marcelo Tas",
    "country_code": "US",
    "country": "USA"
  },
  {
    "username": "anrafelmoreira",
    "followingArtist": "Marcelo Tas",
    "country_code": "BR",
    "country": "Brazil"
  },
  {
    "username": "CEVSERGIPE",
    "followingArtist": "Marcelo Tas",
    "country_code": "BR",
    "country": "Brazil"
  },
  {
    "username": "Humberto2Cleber",
    "followingArtist": "Marcelo Tas",
    "country_code": "BR",
    "country": "Brazil"
  },
  {
    "username": "KarlaPa76527975",
    "followingArtist": "Marcelo Tas",
    "country_code": "BR",
    "country": "Brazil"
  },
  {
    "username": "DotNiry",
    "followingArtist": "Marcelo Tas",
    "country_code": "BR",
    "country": "Brazil"
  },
  {
    "username": "SilvanoSousa16",
    "followingArtist": "Marcelo Tas",
    "country_code": "BR",
    "country": "Brazil"
  },
  {
    "username": "pedroso_sales",
    "followingArtist": "Marcelo Tas",
    "country_code": "BR",
    "country": "Brazil"
  },
  {
    "username": "Adriana37056471",
    "followingArtist": "Marcelo Tas",
    "country_code": "BR",
    "country": "Brazil"
  },
  {
    "username": "ni_assad",
    "followingArtist": "Marcelo Tas",
    "country_code": "BR",
    "country": "Brazil"
  },
  {
    "username": "BarrosDinardi",
    "followingArtist": "Marcelo Tas",
    "country_code": "ES",
    "country": "Spain"
  },
  {
    "username": "wips88",
    "followingArtist": "Marcelo Tas",
    "country_code": "ES",
    "country": "Spain"
  },
  {
    "username": "VongolaRick",
    "followingArtist": "Marcelo Tas",
    "country_code": "BR",
    "country": "Brazil"
  },
  {
    "username": "eufatorres",
    "followingArtist": "Marcelo Tas",
    "country_code": "BR",
    "country": "Brazil"
  },
  {
    "username": "Paulinh86361208",
    "followingArtist": "Marcelo Tas",
    "country_code": "BR",
    "country": "Brazil"
  },
  {
    "username": "MatheusDandraC1",
    "followingArtist": "Marcelo Tas",
    "country_code": "BR",
    "country": "Brazil"
  },
  {
    "username": "natalialonso11",
    "followingArtist": "Marcelo Tas",
    "country_code": "UK",
    "country": "United Kingdom"
  },
  {
    "username": "Valeria69014047",
    "followingArtist": "Marcelo Tas",
    "country_code": "BR",
    "country": "Brazil"
  },
  {
    "username": "bethantonelli",
    "followingArtist": "Marcelo Tas",
    "country_code": "BR",
    "country": "Brazil"
  },
  {
    "username": "lucabran",
    "followingArtist": "Marcelo Tas",
    "country_code": "BR",
    "country": "Brazil"
  },
  {
    "username": "JosLuisPessoa1",
    "followingArtist": "Marcelo Tas",
    "country_code": "BR",
    "country": "Brazil"
  },
  {
    "username": "expomarte2019",
    "followingArtist": "Marcelo Tas",
    "country_code": "BR",
    "country": "Brazil"
  },
  {
    "username": "mspolitics2",
    "followingArtist": "Marcelo Tas",
    "country_code": "BR",
    "country": "Brazil"
  },
  {
    "username": "celcoaraujo",
    "followingArtist": "Marcelo Tas",
    "country_code": "BR",
    "country": "Brazil"
  },
  {
    "username": "Gabrielbat0376",
    "followingArtist": "Marcelo Tas",
    "country_code": "BR",
    "country": "Brazil"
  },
  {
    "username": "amandaromao01",
    "followingArtist": "Marcelo Tas",
    "country_code": "CA",
    "country": "Canada"
  },
  {
    "username": "MARKELLYLIRA",
    "followingArtist": "Marcelo Tas",
    "country_code": "BR",
    "country": "Brazil"
  },
  {
    "username": "denis22lara",
    "followingArtist": "Marcelo Tas",
    "country_code": "BR",
    "country": "Brazil"
  },
  {
    "username": "fariasmeg16",
    "followingArtist": "Marcelo Tas",
    "country_code": "BR",
    "country": "Brazil"
  },
  {
    "username": "jhoaonheto",
    "followingArtist": "Marcelo Tas",
    "country_code": "BR",
    "country": "Brazil"
  },
  {
    "username": "manurisoflora",
    "followingArtist": "Marcelo Tas",
    "country_code": "IT",
    "country": "Italy"
  },
  {
    "username": "ServilitS",
    "followingArtist": "Marcelo Tas",
    "country_code": "UG",
    "country": "Uganda"
  },
  {
    "username": "camilo10901090",
    "followingArtist": "Marcelo Tas",
    "country_code": "BR",
    "country": "Brazil"
  },
  {
    "username": "BrayanB50851049",
    "followingArtist": "Marcelo Tas",
    "country_code": "ES",
    "country": "Spain"
  },
  {
    "username": "emersonallves9",
    "followingArtist": "Marcelo Tas",
    "country_code": "BR",
    "country": "Brazil"
  },
  {
    "username": "OlivieriGiovana",
    "followingArtist": "Marcelo Tas",
    "country_code": "PY",
    "country": "Paraguay"
  },
  {
    "username": "g4brielgabi",
    "followingArtist": "Marcelo Tas",
    "country_code": "BR",
    "country": "Brazil"
  },
  {
    "username": "marcoandrei",
    "followingArtist": "Marcelo Tas",
    "country_code": "PT",
    "country": "Portugal"
  },
  {
    "username": "Evandro32402592",
    "followingArtist": "Marcelo Tas",
    "country_code": "UK",
    "country": "United Kingdom"
  },
  {
    "username": "lubregagnol",
    "followingArtist": "Marcelo Tas",
    "country_code": "BR",
    "country": "Brazil"
  },
  {
    "username": "AthieElvira",
    "followingArtist": "Marcelo Tas",
    "country_code": "ES",
    "country": "Spain"
  },
  {
    "username": "araaujo_mariana",
    "followingArtist": "Marcelo Tas",
    "country_code": "BR",
    "country": "Brazil"
  },
  {
    "username": "anapaul32592537",
    "followingArtist": "Marcelo Tas",
    "country_code": "BR",
    "country": "Brazil"
  },
  {
    "username": "sanchescac",
    "followingArtist": "Marcelo Tas",
    "country_code": "BR",
    "country": "Brazil"
  },
  {
    "username": "HerbetPereira",
    "followingArtist": "Marcelo Tas",
    "country_code": "BR",
    "country": "Brazil"
  },
  {
    "username": "Sousubita_m",
    "followingArtist": "Marcelo Tas",
    "country_code": "BR",
    "country": "Brazil"
  },
  {
    "username": "EdsonHVAC",
    "followingArtist": "Marcelo Tas",
    "country_code": "BR",
    "country": "Brazil"
  },
  {
    "username": "FelipeAlvesMac8",
    "followingArtist": "Marcelo Tas",
    "country_code": "BR",
    "country": "Brazil"
  },
  {
    "username": "denis_deroza",
    "followingArtist": "Marcelo Tas",
    "country_code": "BR",
    "country": "Brazil"
  },
  {
    "username": "guiiigow",
    "followingArtist": "Marcelo Tas",
    "country_code": "BR",
    "country": "Brazil"
  },
  {
    "username": "W_Juniopimentel",
    "followingArtist": "Marcelo Tas",
    "country_code": "MG",
    "country": "Madagascar"
  },
  {
    "username": "arilson25515422",
    "followingArtist": "Marcelo Tas",
    "country_code": "BR",
    "country": "Brazil"
  },
  {
    "username": "crossfut_Para",
    "followingArtist": "Marcelo Tas",
    "country_code": "BR",
    "country": "Brazil"
  },
  {
    "username": "JulioCe98662747",
    "followingArtist": "Marcelo Tas",
    "country_code": "ZA",
    "country": "South Africa"
  },
  {
    "username": "JooVict46917746",
    "followingArtist": "Marcelo Tas",
    "country_code": "SN",
    "country": "Senegal"
  },
  {
    "username": "Adriana50798015",
    "followingArtist": "Marcelo Tas",
    "country_code": "BR",
    "country": "Brazil"
  },
  {
    "username": "inglidsnj",
    "followingArtist": "Marcelo Tas",
    "country_code": "US",
    "country": "USA"
  },
  {
    "username": "Francis93683928",
    "followingArtist": "Marcelo Tas",
    "country_code": "CO",
    "country": "Colombia"
  },
  {
    "username": "AnaCrespoSimoes",
    "followingArtist": "Marcelo Tas",
    "country_code": "BR",
    "country": "Brazil"
  },
  {
    "username": "gvfigueiredo79",
    "followingArtist": "Marcelo Tas",
    "country_code": "BR",
    "country": "Brazil"
  },
  {
    "username": "Malu51303129",
    "followingArtist": "Marcelo Tas",
    "country_code": "PR",
    "country": "Puerto Rico"
  },
  {
    "username": "malkerto",
    "followingArtist": "Marcelo Tas",
    "country_code": "BR",
    "country": "Brazil"
  },
  {
    "username": "bonduki_chico",
    "followingArtist": "Marcelo Tas",
    "country_code": "BR",
    "country": "Brazil"
  },
  {
    "username": "IsabellyVieira0",
    "followingArtist": "Marcelo Tas",
    "country_code": "BR",
    "country": "Brazil"
  },
  {
    "username": "LancelottiLuh",
    "followingArtist": "Marcelo Tas",
    "country_code": "VU",
    "country": "Vanuatu"
  },
  {
    "username": "AnaCaro99550660",
    "followingArtist": "Marcelo Tas",
    "country_code": "US",
    "country": "USA"
  },
  {
    "username": "LeonisLuz",
    "followingArtist": "Marcelo Tas",
    "country_code": "IT",
    "country": "Italy"
  },
  {
    "username": "_Rayhanne_",
    "followingArtist": "Marcelo Tas",
    "country_code": "BR",
    "country": "Brazil"
  },
  {
    "username": "cecelomar",
    "followingArtist": "Marcelo Tas",
    "country_code": "CV",
    "country": "Cape Verde"
  },
  {
    "username": "andersonmarof",
    "followingArtist": "Marcelo Tas",
    "country_code": "ZA",
    "country": "South Africa"
  },
  {
    "username": "MrBigRap1",
    "followingArtist": "Marcelo Tas",
    "country_code": "BR",
    "country": "Brazil"
  },
  {
    "username": "Netoce01",
    "followingArtist": "Marcelo Tas",
    "country_code": "BR",
    "country": "Brazil"
  },
  {
    "username": "ArielWe50462080",
    "followingArtist": "Marcelo Tas",
    "country_code": "GH",
    "country": "Ghana"
  },
  {
    "username": "Ilanasouto1",
    "followingArtist": "Marcelo Tas",
    "country_code": "BR",
    "country": "Brazil"
  },
  {
    "username": "targa_carlos",
    "followingArtist": "Marcelo Tas",
    "country_code": "BR",
    "country": "Brazil"
  },
  {
    "username": "rondantas",
    "followingArtist": "Marcelo Tas",
    "country_code": "ZA",
    "country": "South Africa"
  },
  {
    "username": "joaobalaom",
    "followingArtist": "Marcelo Tas",
    "country_code": "DE",
    "country": "Germany"
  },
  {
    "username": "DayaneF61437131",
    "followingArtist": "Marcelo Tas",
    "country_code": "BR",
    "country": "Brazil"
  },
  {
    "username": "Ashiraab",
    "followingArtist": "Marcelo Tas",
    "country_code": "BR",
    "country": "Brazil"
  },
  {
    "username": "Duda41762173",
    "followingArtist": "Marcelo Tas",
    "country_code": "BR",
    "country": "Brazil"
  },
  {
    "username": "Leocadio_henrik",
    "followingArtist": "Marcelo Tas",
    "country_code": "BR",
    "country": "Brazil"
  },
  {
    "username": "biules",
    "followingArtist": "Marcelo Tas",
    "country_code": "BR",
    "country": "Brazil"
  },
  {
    "username": "GihSantoli",
    "followingArtist": "Marcelo Tas",
    "country_code": "CL",
    "country": "Chile"
  },
  {
    "username": "Paulaexponenci1",
    "followingArtist": "Marcelo Tas",
    "country_code": "BR",
    "country": "Brazil"
  },
  {
    "username": "WillFak8",
    "followingArtist": "Marcelo Tas",
    "country_code": "BR",
    "country": "Brazil"
  },
  {
    "username": "agatha_bell",
    "followingArtist": "Marcelo Tas",
    "country_code": "UY",
    "country": "Uruguay"
  },
  {
    "username": "DauAdib",
    "followingArtist": "Marcelo Tas",
    "country_code": "BR",
    "country": "Brazil"
  },
  {
    "username": "VidottoEdson",
    "followingArtist": "Marcelo Tas",
    "country_code": "BR",
    "country": "Brazil"
  },
  {
    "username": "JooPaul04462687",
    "followingArtist": "Marcelo Tas",
    "country_code": "BR",
    "country": "Brazil"
  },
  {
    "username": "bruzinxd",
    "followingArtist": "Marcelo Tas",
    "country_code": "US",
    "country": "USA"
  },
  {
    "username": "Lilybarros2",
    "followingArtist": "Marcelo Tas",
    "country_code": "BR",
    "country": "Brazil"
  },
  {
    "username": "RicardoSignini1",
    "followingArtist": "Marcelo Tas",
    "country_code": "BR",
    "country": "Brazil"
  },
  {
    "username": "wijhon01",
    "followingArtist": "Marcelo Tas",
    "country_code": "BR",
    "country": "Brazil"
  },
  {
    "username": "fraelmachado",
    "followingArtist": "Marcelo Tas",
    "country_code": "BR",
    "country": "Brazil"
  },
  {
    "username": "andreaugustob1",
    "followingArtist": "Marcelo Tas",
    "country_code": "BR",
    "country": "Brazil"
  },
  {
    "username": "RoseaneMirand18",
    "followingArtist": "Marcelo Tas",
    "country_code": "DE",
    "country": "Germany"
  },
  {
    "username": "flahyoshimura",
    "followingArtist": "Marcelo Tas",
    "country_code": "BR",
    "country": "Brazil"
  },
  {
    "username": "Elisa03262383",
    "followingArtist": "Marcelo Tas",
    "country_code": "BR",
    "country": "Brazil"
  },
  {
    "username": "Priscil67908102",
    "followingArtist": "Marcelo Tas",
    "country_code": "DE",
    "country": "Germany"
  },
  {
    "username": "Alisson72536035",
    "followingArtist": "Marcelo Tas",
    "country_code": "MZ",
    "country": "Mozambique"
  },
  {
    "username": "CoringoSCCP1",
    "followingArtist": "Marcelo Tas",
    "country_code": "BR",
    "country": "Brazil"
  },
  {
    "username": "aryannetn",
    "followingArtist": "Marcelo Tas",
    "country_code": "PT",
    "country": "Portugal"
  },
  {
    "username": "tiagobarbosads_",
    "followingArtist": "Marcelo Tas",
    "country_code": "BR",
    "country": "Brazil"
  },
  {
    "username": "Juliana44577709",
    "followingArtist": "Marcelo Tas",
    "country_code": "BR",
    "country": "Brazil"
  },
  {
    "username": "lage_dani",
    "followingArtist": "Marcelo Tas",
    "country_code": "MG",
    "country": "Madagascar"
  },
  {
    "username": "buduhzinha",
    "followingArtist": "Marcelo Tas",
    "country_code": "BR",
    "country": "Brazil"
  },
  {
    "username": "DsfMarcelo",
    "followingArtist": "Marcelo Tas",
    "country_code": "US",
    "country": "USA"
  },
  {
    "username": "GPIPAS1",
    "followingArtist": "Marcelo Tas",
    "country_code": "BR",
    "country": "Brazil"
  },
  {
    "username": "giuvizaco",
    "followingArtist": "Marcelo Tas",
    "country_code": "BR",
    "country": "Brazil"
  },
  {
    "username": "AlineRo83005937",
    "followingArtist": "Marcelo Tas",
    "country_code": "BR",
    "country": "Brazil"
  },
  {
    "username": "Leandroquest",
    "followingArtist": "Marcelo Tas",
    "country_code": "BR",
    "country": "Brazil"
  },
  {
    "username": "willian55458930",
    "followingArtist": "Marcelo Tas",
    "country_code": "BR",
    "country": "Brazil"
  },
  {
    "username": "JuarezGuimaraes",
    "followingArtist": "Marcelo Tas",
    "country_code": "BR",
    "country": "Brazil"
  },
  {
    "username": "marichi_diana",
    "followingArtist": "Marcelo Tas",
    "country_code": "BR",
    "country": "Brazil"
  },
  {
    "username": "Evelyng76861118",
    "followingArtist": "Marcelo Tas",
    "country_code": "DE",
    "country": "Germany"
  },
  {
    "username": "TERESADIAS14",
    "followingArtist": "Marcelo Tas",
    "country_code": "BR",
    "country": "Brazil"
  },
  {
    "username": "CaputtoLucas",
    "followingArtist": "Marcelo Tas",
    "country_code": "BR",
    "country": "Brazil"
  },
  {
    "username": "jeh_euavisei",
    "followingArtist": "Marcelo Tas",
    "country_code": "BR",
    "country": "Brazil"
  },
  {
    "username": "CrestaniCyndi",
    "followingArtist": "Marcelo Tas",
    "country_code": "BO",
    "country": "Bolivia"
  },
  {
    "username": "boachan97",
    "followingArtist": "Marcelo Tas",
    "country_code": "BR",
    "country": "Brazil"
  },
  {
    "username": "pecosta",
    "followingArtist": "Marcelo Tas",
    "country_code": "PT",
    "country": "Portugal"
  },
  {
    "username": "jamylabrasil",
    "followingArtist": "Marcelo Tas",
    "country_code": "VU",
    "country": "Vanuatu"
  },
  {
    "username": "grassiricardorg",
    "followingArtist": "Marcelo Tas",
    "country_code": "US",
    "country": "United States"
  },
  {
    "username": "Alembik_F",
    "followingArtist": "Marcelo Tas",
    "country_code": "BR",
    "country": "Brazil"
  },
  {
    "username": "RafaelCamposX",
    "followingArtist": "Marcelo Tas",
    "country_code": "BR",
    "country": "Brazil"
  },
  {
    "username": "Alifer88048903",
    "followingArtist": "Marcelo Tas",
    "country_code": "BR",
    "country": "Brazil"
  },
  {
    "username": "dabrandao",
    "followingArtist": "Marcelo Tas",
    "country_code": "BR",
    "country": "Brazil"
  },
  {
    "username": "BauckJessica",
    "followingArtist": "Marcelo Tas",
    "country_code": "VU",
    "country": "Vanuatu"
  },
  {
    "username": "PanVenturelli",
    "followingArtist": "Marcelo Tas",
    "country_code": "BR",
    "country": "Brazil"
  },
  {
    "username": "VanessaFCosta2",
    "followingArtist": "Marcelo Tas",
    "country_code": "PT",
    "country": "Portugal"
  },
  {
    "username": "Bruna_Alves___",
    "followingArtist": "Marcelo Tas",
    "country_code": "BR",
    "country": "Brazil"
  },
  {
    "username": "RafaelNarvez4",
    "followingArtist": "Marcelo Tas",
    "country_code": "FR",
    "country": "France"
  },
  {
    "username": "EuSant021",
    "followingArtist": "Marcelo Tas",
    "country_code": "BR",
    "country": "Brazil"
  },
  {
    "username": "dan_bertolino",
    "followingArtist": "Marcelo Tas",
    "country_code": "UY",
    "country": "Uruguay"
  },
  {
    "username": "paulohpmaga",
    "followingArtist": "Marcelo Tas",
    "country_code": "MG",
    "country": "Madagascar"
  },
  {
    "username": "AlexSou44585953",
    "followingArtist": "Marcelo Tas",
    "country_code": "BR",
    "country": "Brazil"
  },
  {
    "username": "CibelleCamile5",
    "followingArtist": "Marcelo Tas",
    "country_code": "BR",
    "country": "Brazil"
  },
  {
    "username": "veronic36377641",
    "followingArtist": "Marcelo Tas",
    "country_code": "BR",
    "country": "Brazil"
  },
  {
    "username": "DiegoRoger11",
    "followingArtist": "Marcelo Tas",
    "country_code": "RO",
    "country": "Romania"
  },
  {
    "username": "elehcim92",
    "followingArtist": "Marcelo Tas",
    "country_code": "BR",
    "country": "Brazil"
  },
  {
    "username": "Marcioal10",
    "followingArtist": "Marcelo Tas",
    "country_code": "DE",
    "country": "Germany"
  },
  {
    "username": "Abreu_Andr3ws",
    "followingArtist": "Marcelo Tas",
    "country_code": "BR",
    "country": "Brazil"
  },
  {
    "username": "deJesus3302",
    "followingArtist": "Marcelo Tas",
    "country_code": "BR",
    "country": "Brazil"
  },
  {
    "username": "daniel_fllores",
    "followingArtist": "Marcelo Tas",
    "country_code": "VU",
    "country": "Vanuatu"
  },
  {
    "username": "Maiara39906835",
    "followingArtist": "Marcelo Tas",
    "country_code": "BR",
    "country": "Brazil"
  },
  {
    "username": "DuarteNeto_BR",
    "followingArtist": "Marcelo Tas",
    "country_code": "DE",
    "country": "Germany"
  },
  {
    "username": "Amandinha0612",
    "followingArtist": "Marcelo Tas",
    "country_code": "BR",
    "country": "Brazil"
  },
  {
    "username": "paulopetri3",
    "followingArtist": "Marcelo Tas",
    "country_code": "RU",
    "country": "Russia"
  },
  {
    "username": "lula_molusco69",
    "followingArtist": "Marcelo Tas",
    "country_code": "UY",
    "country": "Uruguay"
  },
  {
    "username": "alessandrolui73",
    "followingArtist": "Marcelo Tas",
    "country_code": "BR",
    "country": "Brazil"
  },
  {
    "username": "MrsilvaPE",
    "followingArtist": "Marcelo Tas",
    "country_code": "BR",
    "country": "Brazil"
  },
  {
    "username": "FRochadeus",
    "followingArtist": "Marcelo Tas",
    "country_code": "BR",
    "country": "Brazil"
  },
  {
    "username": "NeySouzaFMM",
    "followingArtist": "Marcelo Tas",
    "country_code": "BR",
    "country": "Brazil"
  },
  {
    "username": "Lukasricardolu1",
    "followingArtist": "Marcelo Tas",
    "country_code": "ES",
    "country": "Spain"
  },
  {
    "username": "diloks_guitar",
    "followingArtist": "Marcelo Tas",
    "country_code": "BR",
    "country": "Brazil"
  },
  {
    "username": "andreoliveiran2",
    "followingArtist": "Marcelo Tas",
    "country_code": "US",
    "country": "United States"
  },
  {
    "username": "Gustamontes",
    "followingArtist": "Marcelo Tas",
    "country_code": "BR",
    "country": "Brazil"
  },
  {
    "username": "BrunoKau20",
    "followingArtist": "Marcelo Tas",
    "country_code": "BR",
    "country": "Brazil"
  },
  {
    "username": "EuniceS01904734",
    "followingArtist": "Marcelo Tas",
    "country_code": "BR",
    "country": "Brazil"
  },
  {
    "username": "thiagoplt86",
    "followingArtist": "Marcelo Tas",
    "country_code": "BR",
    "country": "Brazil"
  },
  {
    "username": "rodrigodez8",
    "followingArtist": "Marcelo Tas",
    "country_code": "BR",
    "country": "Brazil"
  },
  {
    "username": "LetciaA29522660",
    "followingArtist": "Marcelo Tas",
    "country_code": "BR",
    "country": "Brazil"
  },
  {
    "username": "Warlley_Santos",
    "followingArtist": "Marcelo Tas",
    "country_code": "US",
    "country": "United States"
  },
  {
    "username": "AnaPaul10346997",
    "followingArtist": "Marcelo Tas",
    "country_code": "MG",
    "country": "Madagascar"
  },
  {
    "username": "Juliana12896308",
    "followingArtist": "Marcelo Tas",
    "country_code": "MZ",
    "country": "Mozambique"
  },
  {
    "username": "SLehonidas",
    "followingArtist": "Marcelo Tas",
    "country_code": "MG",
    "country": "Madagascar"
  },
  {
    "username": "dudaclemos",
    "followingArtist": "Marcelo Tas",
    "country_code": "BR",
    "country": "Brazil"
  },
  {
    "username": "BryanZanotti",
    "followingArtist": "Marcelo Tas",
    "country_code": "BR",
    "country": "Brazil"
  },
  {
    "username": "MoisesC25324348",
    "followingArtist": "Marcelo Tas",
    "country_code": "BR",
    "country": "Brazil"
  },
  {
    "username": "Johnata69811260",
    "followingArtist": "Marcelo Tas",
    "country_code": "US",
    "country": "United States"
  },
  {
    "username": "mtsalvadorcx",
    "followingArtist": "Marcelo Tas",
    "country_code": "BR",
    "country": "Brazil"
  },
  {
    "username": "Thathacarvalho_",
    "followingArtist": "Marcelo Tas",
    "country_code": "FR",
    "country": "France"
  },
  {
    "username": "JuliaOliveiraSt",
    "followingArtist": "Marcelo Tas",
    "country_code": "CA",
    "country": "Canada"
  },
  {
    "username": "mbellieny",
    "followingArtist": "Marcelo Tas",
    "country_code": "BR",
    "country": "Brazil"
  },
  {
    "username": "Fercesar25",
    "followingArtist": "Marcelo Tas",
    "country_code": "BR",
    "country": "Brazil"
  },
  {
    "username": "jessica30013980",
    "followingArtist": "Marcelo Tas",
    "country_code": "BR",
    "country": "Brazil"
  },
  {
    "username": "pedroandrade_v",
    "followingArtist": "Marcelo Tas",
    "country_code": "VU",
    "country": "Vanuatu"
  },
  {
    "username": "Matheus93486020",
    "followingArtist": "Marcelo Tas",
    "country_code": "MG",
    "country": "Madagascar"
  },
  {
    "username": "DosHipocritas",
    "followingArtist": "Marcelo Tas",
    "country_code": "BR",
    "country": "Brazil"
  },
  {
    "username": "rdiasy",
    "followingArtist": "Marcelo Tas",
    "country_code": "BR",
    "country": "Brazil"
  },
  {
    "username": "MarceloMarrega",
    "followingArtist": "Marcelo Tas",
    "country_code": "BR",
    "country": "Brazil"
  },
  {
    "username": "Evillen11",
    "followingArtist": "Marcelo Tas",
    "country_code": "PG",
    "country": "Papua New Guinea"
  },
  {
    "username": "leticiagoullar",
    "followingArtist": "Marcelo Tas",
    "country_code": "BR",
    "country": "Brazil"
  },
  {
    "username": "EmanoeldaCosta6",
    "followingArtist": "Marcelo Tas",
    "country_code": "US",
    "country": "United States"
  },
  {
    "username": "BarbieriKim",
    "followingArtist": "Marcelo Tas",
    "country_code": "DE",
    "country": "Germany"
  },
  {
    "username": "jacqueravine",
    "followingArtist": "Marcelo Tas",
    "country_code": "BR",
    "country": "Brazil"
  },
  {
    "username": "RenatinRT",
    "followingArtist": "Marcelo Tas",
    "country_code": "IR",
    "country": "Iran"
  },
  {
    "username": "perlis_will",
    "followingArtist": "Marcelo Tas",
    "country_code": "BR",
    "country": "Brazil"
  },
  {
    "username": "reclama_rio",
    "followingArtist": "Marcelo Tas",
    "country_code": "BR",
    "country": "Brazil"
  },
  {
    "username": "GlopesMd",
    "followingArtist": "Marcelo Tas",
    "country_code": "US",
    "country": "United States"
  },
  {
    "username": "FOLHAPN",
    "followingArtist": "Marcelo Tas",
    "country_code": "PT",
    "country": "Portugal"
  },
  {
    "username": "mariaap72298509",
    "followingArtist": "Marcelo Tas",
    "country_code": "BR",
    "country": "Brazil"
  },
  {
    "username": "MarceloLeite123",
    "followingArtist": "Marcelo Tas",
    "country_code": "IT",
    "country": "Italy"
  },
  {
    "username": "JniorMateus1",
    "followingArtist": "Marcelo Tas",
    "country_code": "IT",
    "country": "Italy"
  },
  {
    "username": "FERNAND49318940",
    "followingArtist": "Marcelo Tas",
    "country_code": "US",
    "country": "United States"
  },
  {
    "username": "goretes01942712",
    "followingArtist": "Marcelo Tas",
    "country_code": "BR",
    "country": "Brazil"
  },
  {
    "username": "sccp_lucas",
    "followingArtist": "Marcelo Tas",
    "country_code": "IE",
    "country": "Ireland"
  },
  {
    "username": "michell37220187",
    "followingArtist": "Marcelo Tas",
    "country_code": "BR",
    "country": "Brazil"
  },
  {
    "username": "dj_anderson_rj",
    "followingArtist": "Marcelo Tas",
    "country_code": "BR",
    "country": "Brazil"
  },
  {
    "username": "Rogerio81528851",
    "followingArtist": "Marcelo Tas",
    "country_code": "MG",
    "country": "Madagascar"
  },
  {
    "username": "PaulaXavier_",
    "followingArtist": "Marcelo Tas",
    "country_code": "MG",
    "country": "Madagascar"
  },
  {
    "username": "Dg20_",
    "followingArtist": "Marcelo Tas",
    "country_code": "BR",
    "country": "Brazil"
  },
  {
    "username": "BrunoCristoforo",
    "followingArtist": "Marcelo Tas",
    "country_code": "BR",
    "country": "Brazil"
  },
  {
    "username": "Luanpat12",
    "followingArtist": "Marcelo Tas",
    "country_code": "BR",
    "country": "Brazil"
  },
  {
    "username": "aloucadomangue",
    "followingArtist": "Marcelo Tas",
    "country_code": "BR",
    "country": "Brazil"
  },
  {
    "username": "ThaliaKarpinski",
    "followingArtist": "Marcelo Tas",
    "country_code": "VU",
    "country": "Vanuatu"
  },
  {
    "username": "Darlycat",
    "followingArtist": "Marcelo Tas",
    "country_code": "BR",
    "country": "Brazil"
  },
  {
    "username": "Marcus__Lima",
    "followingArtist": "Marcelo Tas",
    "country_code": "BR",
    "country": "Brazil"
  },
  {
    "username": "7CbUkcziRzsqwSs",
    "followingArtist": "Marcelo Tas",
    "country_code": "BR",
    "country": "Brazil"
  },
  {
    "username": "rosanaleitao",
    "followingArtist": "Marcelo Tas",
    "country_code": "BR",
    "country": "Brazil"
  },
  {
    "username": "drivilacorta",
    "followingArtist": "Marcelo Tas",
    "country_code": "BR",
    "country": "Brazil"
  },
  {
    "username": "MuriloM65640591",
    "followingArtist": "Marcelo Tas",
    "country_code": "ES",
    "country": "Spain"
  },
  {
    "username": "mynameisrobson1",
    "followingArtist": "Marcelo Tas",
    "country_code": "BR",
    "country": "Brazil"
  },
  {
    "username": "thaylan_weyll",
    "followingArtist": "Marcelo Tas",
    "country_code": "BR",
    "country": "Brazil"
  },
  {
    "username": "anaemoreno",
    "followingArtist": "Marcelo Tas",
    "country_code": "BR",
    "country": "Brazil"
  },
  {
    "username": "Mh72693673",
    "followingArtist": "Marcelo Tas",
    "country_code": "BR",
    "country": "Brazil"
  },
  {
    "username": "Mayara87374363",
    "followingArtist": "Marcelo Tas",
    "country_code": "BR",
    "country": "Brazil"
  },
  {
    "username": "JosGuilhermeMa1",
    "followingArtist": "Marcelo Tas",
    "country_code": "BR",
    "country": "Brazil"
  },
  {
    "username": "paulosglcastro",
    "followingArtist": "Marcelo Tas",
    "country_code": "AR",
    "country": "Argentina"
  },
  {
    "username": "lopescn1",
    "followingArtist": "Marcelo Tas",
    "country_code": "BR",
    "country": "Brazil"
  },
  {
    "username": "VitorGMonT",
    "followingArtist": "Marcelo Tas",
    "country_code": "BR",
    "country": "Brazil"
  },
  {
    "username": "rainerio12",
    "followingArtist": "Marcelo Tas",
    "country_code": "BR",
    "country": "Brazil"
  },
  {
    "username": "allanlafeta",
    "followingArtist": "Marcelo Tas",
    "country_code": "UY",
    "country": "Uruguay"
  },
  {
    "username": "diegomsilva22",
    "followingArtist": "Marcelo Tas",
    "country_code": "BR",
    "country": "Brazil"
  },
  {
    "username": "wsmiranda21",
    "followingArtist": "Marcelo Tas",
    "country_code": "BR",
    "country": "Brazil"
  },
  {
    "username": "AlineMMonteiro",
    "followingArtist": "Marcelo Tas",
    "country_code": "BR",
    "country": "Brazil"
  },
  {
    "username": "Lucas_Dias2018",
    "followingArtist": "Marcelo Tas",
    "country_code": "BR",
    "country": "Brazil"
  },
  {
    "username": "Alexand47913073",
    "followingArtist": "Marcelo Tas",
    "country_code": "BR",
    "country": "Brazil"
  },
  {
    "username": "danydertinatti",
    "followingArtist": "Marcelo Tas",
    "country_code": "BR",
    "country": "Brazil"
  },
  {
    "username": "romulomaia87",
    "followingArtist": "Marcelo Tas",
    "country_code": "ES",
    "country": "Spain"
  },
  {
    "username": "Eliane84117054",
    "followingArtist": "Marcelo Tas",
    "country_code": "MX",
    "country": "Mexico"
  },
  {
    "username": "holderlincunha",
    "followingArtist": "Marcelo Tas",
    "country_code": "BR",
    "country": "Brazil"
  },
  {
    "username": "Gabriel53391244",
    "followingArtist": "Marcelo Tas",
    "country_code": "BR",
    "country": "Brazil"
  },
  {
    "username": "JacksonLopesLJC",
    "followingArtist": "Marcelo Tas",
    "country_code": "BR",
    "country": "Brazil"
  },
  {
    "username": "ViniciusWeiss2",
    "followingArtist": "Marcelo Tas",
    "country_code": "MZ",
    "country": "Mozambique"
  },
  {
    "username": "AlessonJustino",
    "followingArtist": "Marcelo Tas",
    "country_code": "BR",
    "country": "Brazil"
  },
  {
    "username": "SergioFiorotti",
    "followingArtist": "Marcelo Tas",
    "country_code": "VU",
    "country": "Vanuatu"
  },
  {
    "username": "RaquelJaeger1",
    "followingArtist": "Marcelo Tas",
    "country_code": "PT",
    "country": "Portugal"
  },
  {
    "username": "VieCampos",
    "followingArtist": "Marcelo Tas",
    "country_code": "BR",
    "country": "Brazil"
  },
  {
    "username": "Homemaionese",
    "followingArtist": "Marcelo Tas",
    "country_code": "BR",
    "country": "Brazil"
  },
  {
    "username": "_David_Vieira_",
    "followingArtist": "Marcelo Tas",
    "country_code": "PT",
    "country": "Portugal"
  },
  {
    "username": "suelencds",
    "followingArtist": "Marcelo Tas",
    "country_code": "BJ",
    "country": "Benin"
  },
  {
    "username": "HiltonCarvalho7",
    "followingArtist": "Marcelo Tas",
    "country_code": "BR",
    "country": "Brazil"
  },
  {
    "username": "LessaMaickon",
    "followingArtist": "Marcelo Tas",
    "country_code": "BR",
    "country": "Brazil"
  },
  {
    "username": "CattaPreta2",
    "followingArtist": "Marcelo Tas",
    "country_code": "BR",
    "country": "Brazil"
  },
  {
    "username": "gidelmartins",
    "followingArtist": "Marcelo Tas",
    "country_code": "RO",
    "country": "Romania"
  },
  {
    "username": "Ricardo88755512",
    "followingArtist": "Marcelo Tas",
    "country_code": "BR",
    "country": "Brazil"
  },
  {
    "username": "Felipe02510112",
    "followingArtist": "Marcelo Tas",
    "country_code": "GH",
    "country": "Ghana"
  },
  {
    "username": "Aline15127875",
    "followingArtist": "Marcelo Tas",
    "country_code": "ES",
    "country": "Spain"
  },
  {
    "username": "Nayara54691265",
    "followingArtist": "Marcelo Tas",
    "country_code": "BR",
    "country": "Brazil"
  },
  {
    "username": "DiegoMe99149090",
    "followingArtist": "Marcelo Tas",
    "country_code": "BR",
    "country": "Brazil"
  },
  {
    "username": "estrelackin15",
    "followingArtist": "Marcelo Tas",
    "country_code": "FR",
    "country": "France"
  },
  {
    "username": "19Rosefaria",
    "followingArtist": "Marcelo Tas",
    "country_code": "BR",
    "country": "Brazil"
  },
  {
    "username": "Ednardolima8",
    "followingArtist": "Marcelo Tas",
    "country_code": "BR",
    "country": "Brazil"
  },
  {
    "username": "ColicaSubversiv",
    "followingArtist": "Marcelo Tas",
    "country_code": "PT",
    "country": "Portugal"
  },
  {
    "username": "luize_maciel",
    "followingArtist": "Marcelo Tas",
    "country_code": "BR",
    "country": "Brazil"
  },
  {
    "username": "Marcos08008669",
    "followingArtist": "Marcelo Tas",
    "country_code": "SN",
    "country": "Senegal"
  },
  {
    "username": "pvbinatto",
    "followingArtist": "Marcelo Tas",
    "country_code": "BR",
    "country": "Brazil"
  },
  {
    "username": "vgner_luis",
    "followingArtist": "Marcelo Tas",
    "country_code": "US",
    "country": "United States"
  },
  {
    "username": "MapeliWaleria",
    "followingArtist": "Marcelo Tas",
    "country_code": "PT",
    "country": "Portugal"
  },
  {
    "username": "Tassiacosta3",
    "followingArtist": "Marcelo Tas",
    "country_code": "DE",
    "country": "Germany"
  },
  {
    "username": "bbllgs",
    "followingArtist": "Marcelo Tas",
    "country_code": "MG",
    "country": "Madagascar"
  },
  {
    "username": "GreccaPaulinho",
    "followingArtist": "Marcelo Tas",
    "country_code": "BR",
    "country": "Brazil"
  },
  {
    "username": "MicheleArajoSi2",
    "followingArtist": "Marcelo Tas",
    "country_code": "BR",
    "country": "Brazil"
  },
  {
    "username": "Leonard05310332",
    "followingArtist": "Marcelo Tas",
    "country_code": "FR",
    "country": "France"
  },
  {
    "username": "paulofachini",
    "followingArtist": "Marcelo Tas",
    "country_code": "IT",
    "country": "Italy"
  },
  {
    "username": "vanys2vnessa",
    "followingArtist": "Marcelo Tas",
    "country_code": "IT",
    "country": "Italy"
  },
  {
    "username": "amlunasoares",
    "followingArtist": "Marcelo Tas",
    "country_code": "MZ",
    "country": "Mozambique"
  },
  {
    "username": "CarlinPedreiras",
    "followingArtist": "Marcelo Tas",
    "country_code": "BR",
    "country": "Brazil"
  },
  {
    "username": "Bio_BrunoCF",
    "followingArtist": "Marcelo Tas",
    "country_code": "BR",
    "country": "Brazil"
  },
  {
    "username": "PollPolliana",
    "followingArtist": "Marcelo Tas",
    "country_code": "CO",
    "country": "Colombia"
  },
  {
    "username": "yurimacdo1",
    "followingArtist": "Marcelo Tas",
    "country_code": "BR",
    "country": "Brazil"
  },
  {
    "username": "CezarioGiselly",
    "followingArtist": "Marcelo Tas",
    "country_code": "BR",
    "country": "Brazil"
  },
  {
    "username": "JRCamargo26",
    "followingArtist": "Marcelo Tas",
    "country_code": "CU",
    "country": "Cuba"
  },
  {
    "username": "DiegoStefanoSF",
    "followingArtist": "Marcelo Tas",
    "country_code": "MG",
    "country": "Madagascar"
  },
  {
    "username": "Homero_Barros",
    "followingArtist": "Marcelo Tas",
    "country_code": "BR",
    "country": "Brazil"
  },
  {
    "username": "_muriloaugustoo",
    "followingArtist": "Marcelo Tas",
    "country_code": "BR",
    "country": "Brazil"
  },
  {
    "username": "PedroMa34678648",
    "followingArtist": "Marcelo Tas",
    "country_code": "BR",
    "country": "Brazil"
  },
  {
    "username": "KennedyCollins_",
    "followingArtist": "Marcelo Tas",
    "country_code": "CO",
    "country": "Colombia"
  },
  {
    "username": "mottams",
    "followingArtist": "Marcelo Tas",
    "country_code": "BR",
    "country": "Brazil"
  },
  {
    "username": "CapitaoHidalgo",
    "followingArtist": "Marcelo Tas",
    "country_code": "BR",
    "country": "Brazil"
  },
  {
    "username": "binhocarvalho1",
    "followingArtist": "Marcelo Tas",
    "country_code": "BR",
    "country": "Brazil"
  },
  {
    "username": "Barbara48907083",
    "followingArtist": "Marcelo Tas",
    "country_code": "US",
    "country": "United States"
  },
  {
    "username": "Ewertondsc",
    "followingArtist": "Marcelo Tas",
    "country_code": "IT",
    "country": "Italy"
  },
  {
    "username": "AmadoBinho",
    "followingArtist": "Marcelo Tas",
    "country_code": "BR",
    "country": "Brazil"
  },
  {
    "username": "Dalilapiupiuof",
    "followingArtist": "Marcelo Tas",
    "country_code": "BR",
    "country": "Brazil"
  },
  {
    "username": "AriellyTredezi1",
    "followingArtist": "Marcelo Tas",
    "country_code": "BR",
    "country": "Brazil"
  },
  {
    "username": "renecionjr",
    "followingArtist": "Marcelo Tas",
    "country_code": "BR",
    "country": "Brazil"
  },
  {
    "username": "alissonrafamelo",
    "followingArtist": "Marcelo Tas",
    "country_code": "BR",
    "country": "Brazil"
  },
  {
    "username": "vitalmneto",
    "followingArtist": "Marcelo Tas",
    "country_code": "BR",
    "country": "Brazil"
  },
  {
    "username": "lop_sidney",
    "followingArtist": "Marcelo Tas",
    "country_code": "VU",
    "country": "Vanuatu"
  },
  {
    "username": "amaralcouto16",
    "followingArtist": "Marcelo Tas",
    "country_code": "BR",
    "country": "Brazil"
  },
  {
    "username": "val_azambuja",
    "followingArtist": "Marcelo Tas",
    "country_code": "BR",
    "country": "Brazil"
  },
  {
    "username": "Eloi123Viviane",
    "followingArtist": "Marcelo Tas",
    "country_code": "PR",
    "country": "Puerto Rico"
  },
  {
    "username": "134cim",
    "followingArtist": "Marcelo Tas",
    "country_code": "VU",
    "country": "Vanuatu"
  },
  {
    "username": "LoMelo17",
    "followingArtist": "Marcelo Tas",
    "country_code": "BR",
    "country": "Brazil"
  },
  {
    "username": "jonathaklaus",
    "followingArtist": "Marcelo Tas",
    "country_code": "BR",
    "country": "Brazil"
  },
  {
    "username": "SimoneBarbosaM6",
    "followingArtist": "Marcelo Tas",
    "country_code": "ES",
    "country": "Spain"
  },
  {
    "username": "OPaiDaAylla",
    "followingArtist": "Marcelo Tas",
    "country_code": "BR",
    "country": "Brazil"
  },
  {
    "username": "gabslavisky",
    "followingArtist": "Marcelo Tas",
    "country_code": "BR",
    "country": "Brazil"
  },
  {
    "username": "Andress47372749",
    "followingArtist": "Marcelo Tas",
    "country_code": "BR",
    "country": "Brazil"
  },
  {
    "username": "Vanessa63559890",
    "followingArtist": "Marcelo Tas",
    "country_code": "MG",
    "country": "Madagascar"
  },
  {
    "username": "gertomazoli",
    "followingArtist": "Marcelo Tas",
    "country_code": "BR",
    "country": "Brazil"
  },
  {
    "username": "Thabatt69638875",
    "followingArtist": "Marcelo Tas",
    "country_code": "US",
    "country": "United States"
  },
  {
    "username": "severianofilho",
    "followingArtist": "Marcelo Tas",
    "country_code": "BR",
    "country": "Brazil"
  },
  {
    "username": "Alexand28699260",
    "followingArtist": "Marcelo Tas",
    "country_code": "IT",
    "country": "Italy"
  },
  {
    "username": "Rai08406205",
    "followingArtist": "Marcelo Tas",
    "country_code": "BR",
    "country": "Brazil"
  },
  {
    "username": "yago79960834",
    "followingArtist": "Marcelo Tas",
    "country_code": "BR",
    "country": "Brazil"
  },
  {
    "username": "EuniceLeiteSil1",
    "followingArtist": "Marcelo Tas",
    "country_code": "BR",
    "country": "Brazil"
  },
  {
    "username": "mandalemserr",
    "followingArtist": "Marcelo Tas",
    "country_code": "BR",
    "country": "Brazil"
  },
  {
    "username": "sagatsoldier",
    "followingArtist": "Marcelo Tas",
    "country_code": "BR",
    "country": "Brazil"
  },
  {
    "username": "Satallin98",
    "followingArtist": "Marcelo Tas",
    "country_code": "BR",
    "country": "Brazil"
  },
  {
    "username": "leosouzafe",
    "followingArtist": "Marcelo Tas",
    "country_code": "BR",
    "country": "Brazil"
  },
  {
    "username": "SusanaO00664149",
    "followingArtist": "Marcelo Tas",
    "country_code": "BR",
    "country": "Brazil"
  },
  {
    "username": "MariaDonizete11",
    "followingArtist": "Marcelo Tas",
    "country_code": "MG",
    "country": "Madagascar"
  },
  {
    "username": "PrSauloCarvalho",
    "followingArtist": "Marcelo Tas",
    "country_code": "BR",
    "country": "Brazil"
  },
  {
    "username": "darli_micle",
    "followingArtist": "Marcelo Tas",
    "country_code": "TZ",
    "country": "Tanzania"
  },
  {
    "username": "FolhaGoias",
    "followingArtist": "Marcelo Tas",
    "country_code": "BR",
    "country": "Brazil"
  },
  {
    "username": "BlogLit1",
    "followingArtist": "Marcelo Tas",
    "country_code": "NG",
    "country": "Nigeria"
  },
  {
    "username": "Vivianeqaraujo",
    "followingArtist": "Marcelo Tas",
    "country_code": "BR",
    "country": "Brazil"
  },
  {
    "username": "fabianomaximian",
    "followingArtist": "Marcelo Tas",
    "country_code": "BR",
    "country": "Brazil"
  },
  {
    "username": "Diblaim18",
    "followingArtist": "Marcelo Tas",
    "country_code": "BR",
    "country": "Brazil"
  },
  {
    "username": "Rodolfo37625640",
    "followingArtist": "Marcelo Tas",
    "country_code": "FR",
    "country": "France"
  },
  {
    "username": "Cleiton_A96",
    "followingArtist": "Marcelo Tas",
    "country_code": "ZA",
    "country": "South Africa"
  },
  {
    "username": "angeladalpos",
    "followingArtist": "Marcelo Tas",
    "country_code": "PT",
    "country": "Portugal"
  },
  {
    "username": "gramilantoni",
    "followingArtist": "Marcelo Tas",
    "country_code": "BR",
    "country": "Brazil"
  },
  {
    "username": "drakeolune",
    "followingArtist": "Marcelo Tas",
    "country_code": "MG",
    "country": "Madagascar"
  },
  {
    "username": "thicomacedo",
    "followingArtist": "Marcelo Tas",
    "country_code": "BR",
    "country": "Brazil"
  },
  {
    "username": "camila44748924",
    "followingArtist": "Marcelo Tas",
    "country_code": "BR",
    "country": "Brazil"
  },
  {
    "username": "VaniaPedroso2",
    "followingArtist": "Marcelo Tas",
    "country_code": "PT",
    "country": "Portugal"
  },
  {
    "username": "Juliana43460432",
    "followingArtist": "Marcelo Tas",
    "country_code": "CV",
    "country": "Cape Verde"
  },
  {
    "username": "Eduartesss_",
    "followingArtist": "Marcelo Tas",
    "country_code": "MZ",
    "country": "Mozambique"
  },
  {
    "username": "Kim_Mendes98",
    "followingArtist": "Marcelo Tas",
    "country_code": "BR",
    "country": "Brazil"
  },
  {
    "username": "LucasFabri8",
    "followingArtist": "Marcelo Tas",
    "country_code": "HT",
    "country": "Haiti"
  },
  {
    "username": "BrunaLewinsky",
    "followingArtist": "Marcelo Tas",
    "country_code": "BR",
    "country": "Brazil"
  },
  {
    "username": "Madamesat4",
    "followingArtist": "Marcelo Tas",
    "country_code": "PT",
    "country": "Portugal"
  },
  {
    "username": "regorlima",
    "followingArtist": "Marcelo Tas",
    "country_code": "BR",
    "country": "Brazil"
  },
  {
    "username": "clau_andrade",
    "followingArtist": "Marcelo Tas",
    "country_code": "PT",
    "country": "Portugal"
  },
  {
    "username": "Brunssouza1",
    "followingArtist": "Marcelo Tas",
    "country_code": "DE",
    "country": "Germany"
  },
  {
    "username": "RogrioL68566449",
    "followingArtist": "Marcelo Tas",
    "country_code": "BR",
    "country": "Brazil"
  },
  {
    "username": "Gaby_Reis_F",
    "followingArtist": "Marcelo Tas",
    "country_code": "MG",
    "country": "Madagascar"
  },
  {
    "username": "CurtindoAVidaMM",
    "followingArtist": "Marcelo Tas",
    "country_code": "BR",
    "country": "Brazil"
  },
  {
    "username": "Priscil66571097",
    "followingArtist": "Marcelo Tas",
    "country_code": "BR",
    "country": "Brazil"
  },
  {
    "username": "LHACK_",
    "followingArtist": "Marcelo Tas",
    "country_code": "BR",
    "country": "Brazil"
  },
  {
    "username": "celso_botelho",
    "followingArtist": "Marcelo Tas",
    "country_code": "DE",
    "country": "Germany"
  },
  {
    "username": "Evelyn_Sampaaio",
    "followingArtist": "Marcelo Tas",
    "country_code": "US",
    "country": "United States"
  },
  {
    "username": "avictorcrf",
    "followingArtist": "Marcelo Tas",
    "country_code": "BR",
    "country": "Brazil"
  },
  {
    "username": "betojohnson",
    "followingArtist": "Marcelo Tas",
    "country_code": "BR",
    "country": "Brazil"
  },
  {
    "username": "DFelix85",
    "followingArtist": "Marcelo Tas",
    "country_code": "BR",
    "country": "Brazil"
  },
  {
    "username": "Rafael04306469",
    "followingArtist": "Marcelo Tas",
    "country_code": "BR",
    "country": "Brazil"
  },
  {
    "username": "artificialwhole",
    "followingArtist": "Marcelo Tas",
    "country_code": "BR",
    "country": "Brazil"
  },
  {
    "username": "Chapetao",
    "followingArtist": "Marcelo Tas",
    "country_code": "BR",
    "country": "Brazil"
  },
  {
    "username": "Michelliabel",
    "followingArtist": "Marcelo Tas",
    "country_code": "LR",
    "country": "Liberia"
  },
  {
    "username": "DeisieneTeodor2",
    "followingArtist": "Marcelo Tas",
    "country_code": "BR",
    "country": "Brazil"
  },
  {
    "username": "adriano64240736",
    "followingArtist": "Marcelo Tas",
    "country_code": "VU",
    "country": "Vanuatu"
  },
  {
    "username": "Mary05825514",
    "followingArtist": "Marcelo Tas",
    "country_code": "BR",
    "country": "Brazil"
  },
  {
    "username": "mirceleds1",
    "followingArtist": "Marcelo Tas",
    "country_code": "PT",
    "country": "Portugal"
  },
  {
    "username": "LiviaCustodio",
    "followingArtist": "Marcelo Tas",
    "country_code": "BR",
    "country": "Brazil"
  },
  {
    "username": "LickyGas",
    "followingArtist": "Marcelo Tas",
    "country_code": "BR",
    "country": "Brazil"
  },
  {
    "username": "MigliatGabriel",
    "followingArtist": "Marcelo Tas",
    "country_code": "BR",
    "country": "Brazil"
  },
  {
    "username": "JhonySorriso",
    "followingArtist": "Marcelo Tas",
    "country_code": "PT",
    "country": "Portugal"
  },
  {
    "username": "johnkwofie83",
    "followingArtist": "Marcelo Tas",
    "country_code": "PK",
    "country": "Pakistan"
  },
  {
    "username": "Vanderluciovia1",
    "followingArtist": "Marcelo Tas",
    "country_code": "FR",
    "country": "France"
  },
  {
    "username": "correia_erick",
    "followingArtist": "Marcelo Tas",
    "country_code": "BR",
    "country": "Brazil"
  },
  {
    "username": "jackson46706392",
    "followingArtist": "Marcelo Tas",
    "country_code": "DE",
    "country": "Germany"
  },
  {
    "username": "ScalonRafa",
    "followingArtist": "Marcelo Tas",
    "country_code": "BR",
    "country": "Brazil"
  },
  {
    "username": "AnaPaulaDeodac1",
    "followingArtist": "Marcelo Tas",
    "country_code": "BR",
    "country": "Brazil"
  },
  {
    "username": "Rickinho_Alves",
    "followingArtist": "Marcelo Tas",
    "country_code": "CO",
    "country": "Colombia"
  },
  {
    "username": "RaiCost89193955",
    "followingArtist": "Marcelo Tas",
    "country_code": "BR",
    "country": "Brazil"
  },
  {
    "username": "GribelMicheline",
    "followingArtist": "Marcelo Tas",
    "country_code": "BR",
    "country": "Brazil"
  },
  {
    "username": "RitmadoP",
    "followingArtist": "Marcelo Tas",
    "country_code": "BR",
    "country": "Brazil"
  },
  {
    "username": "ana_pat",
    "followingArtist": "Marcelo Tas",
    "country_code": "VU",
    "country": "Vanuatu"
  },
  {
    "username": "vdtardioligmail",
    "followingArtist": "Marcelo Tas",
    "country_code": "PE",
    "country": "Peru"
  },
  {
    "username": "oi90168865",
    "followingArtist": "Marcelo Tas",
    "country_code": "BR",
    "country": "Brazil"
  },
  {
    "username": "camacholuiz",
    "followingArtist": "Marcelo Tas",
    "country_code": "BR",
    "country": "Brazil"
  },
  {
    "username": "fabicamera",
    "followingArtist": "Marcelo Tas",
    "country_code": "BR",
    "country": "Brazil"
  },
  {
    "username": "Mluyza3",
    "followingArtist": "Marcelo Tas",
    "country_code": "IT",
    "country": "Italy"
  },
  {
    "username": "GUIHENRICC",
    "followingArtist": "Marcelo Tas",
    "country_code": "BR",
    "country": "Brazil"
  },
  {
    "username": "NobresMix",
    "followingArtist": "Marcelo Tas",
    "country_code": "BR",
    "country": "Brazil"
  },
  {
    "username": "VanessaBitschi1",
    "followingArtist": "Marcelo Tas",
    "country_code": "RO",
    "country": "Romania"
  },
  {
    "username": "CarolHodel",
    "followingArtist": "Marcelo Tas",
    "country_code": "IT",
    "country": "Italy"
  },
  {
    "username": "Rodrigo99785161",
    "followingArtist": "Marcelo Tas",
    "country_code": "CL",
    "country": "Chile"
  },
  {
    "username": "MoraisTaciana",
    "followingArtist": "Marcelo Tas",
    "country_code": "BR",
    "country": "Brazil"
  },
  {
    "username": "crissoares658",
    "followingArtist": "Marcelo Tas",
    "country_code": "BR",
    "country": "Brazil"
  },
  {
    "username": "rochinha_rn",
    "followingArtist": "Marcelo Tas",
    "country_code": "BR",
    "country": "Brazil"
  },
  {
    "username": "JosLus49578334",
    "followingArtist": "Marcelo Tas",
    "country_code": "BR",
    "country": "Brazil"
  },
  {
    "username": "avieiracaj",
    "followingArtist": "Marcelo Tas",
    "country_code": "BR",
    "country": "Brazil"
  },
  {
    "username": "EricaOl33591425",
    "followingArtist": "Marcelo Tas",
    "country_code": "BR",
    "country": "Brazil"
  },
  {
    "username": "GuilhermeZarpe2",
    "followingArtist": "Marcelo Tas",
    "country_code": "US",
    "country": "United States"
  },
  {
    "username": "SouzaAdelle",
    "followingArtist": "Marcelo Tas",
    "country_code": "BR",
    "country": "Brazil"
  },
  {
    "username": "carurinySincera",
    "followingArtist": "Marcelo Tas",
    "country_code": "BR",
    "country": "Brazil"
  },
  {
    "username": "MCaroline82",
    "followingArtist": "Marcelo Tas",
    "country_code": "BR",
    "country": "Brazil"
  },
  {
    "username": "ChirolRoberta",
    "followingArtist": "Marcelo Tas",
    "country_code": "BR",
    "country": "Brazil"
  },
  {
    "username": "MarceloJacomo",
    "followingArtist": "Marcelo Tas",
    "country_code": "BR",
    "country": "Brazil"
  },
  {
    "username": "RomuloCarneiro4",
    "followingArtist": "Marcelo Tas",
    "country_code": "BR",
    "country": "Brazil"
  },
  {
    "username": "Sophiam89293919",
    "followingArtist": "Marcelo Tas",
    "country_code": "BR",
    "country": "Brazil"
  },
  {
    "username": "Eduardo71329769",
    "followingArtist": "Marcelo Tas",
    "country_code": "BR",
    "country": "Brazil"
  },
  {
    "username": "aliforti",
    "followingArtist": "Marcelo Tas",
    "country_code": "BR",
    "country": "Brazil"
  },
  {
    "username": "Reginal92512234",
    "followingArtist": "Marcelo Tas",
    "country_code": "BR",
    "country": "Brazil"
  },
  {
    "username": "TalitadoNasci10",
    "followingArtist": "Marcelo Tas",
    "country_code": "VU",
    "country": "Vanuatu"
  },
  {
    "username": "VitorSerafim14",
    "followingArtist": "Marcelo Tas",
    "country_code": "IT",
    "country": "Italy"
  },
  {
    "username": "kamadegatocat",
    "followingArtist": "Marcelo Tas",
    "country_code": "BR",
    "country": "Brazil"
  },
  {
    "username": "Rafael04663670",
    "followingArtist": "Marcelo Tas",
    "country_code": "BR",
    "country": "Brazil"
  },
  {
    "username": "pathylia",
    "followingArtist": "Marcelo Tas",
    "country_code": "BR",
    "country": "Brazil"
  },
  {
    "username": "RayaneTomaz8",
    "followingArtist": "Marcelo Tas",
    "country_code": "BR",
    "country": "Brazil"
  },
  {
    "username": "Evandro53966002",
    "followingArtist": "Marcelo Tas",
    "country_code": "BR",
    "country": "Brazil"
  },
  {
    "username": "HigaRicardoo",
    "followingArtist": "Marcelo Tas",
    "country_code": "BR",
    "country": "Brazil"
  },
  {
    "username": "MarcoAu39309228",
    "followingArtist": "Marcelo Tas",
    "country_code": "PH",
    "country": "Philippines"
  },
  {
    "username": "delmartavares_",
    "followingArtist": "Marcelo Tas",
    "country_code": "BR",
    "country": "Brazil"
  },
  {
    "username": "bonisdehh",
    "followingArtist": "Marcelo Tas",
    "country_code": "BR",
    "country": "Brazil"
  },
  {
    "username": "leandrofabior",
    "followingArtist": "Marcelo Tas",
    "country_code": "MZ",
    "country": "Mozambique"
  },
  {
    "username": "BernadeteUhren",
    "followingArtist": "Marcelo Tas",
    "country_code": "BR",
    "country": "Brazil"
  },
  {
    "username": "Alefcoutinho01",
    "followingArtist": "Marcelo Tas",
    "country_code": "US",
    "country": "United States"
  },
  {
    "username": "SidneiCJr",
    "followingArtist": "Marcelo Tas",
    "country_code": "BR",
    "country": "Brazil"
  },
  {
    "username": "alissonludias",
    "followingArtist": "Marcelo Tas",
    "country_code": "BR",
    "country": "Brazil"
  },
  {
    "username": "KarlieneDe",
    "followingArtist": "Marcelo Tas",
    "country_code": "EE",
    "country": "Estonia"
  },
  {
    "username": "Sandrin31581729",
    "followingArtist": "Marcelo Tas",
    "country_code": "BR",
    "country": "Brazil"
  },
  {
    "username": "SandraCoh",
    "followingArtist": "Marcelo Tas",
    "country_code": "BR",
    "country": "Brazil"
  },
  {
    "username": "re_santunes",
    "followingArtist": "Marcelo Tas",
    "country_code": "ES",
    "country": "Spain"
  },
  {
    "username": "LeandroJnr08",
    "followingArtist": "Marcelo Tas",
    "country_code": "BR",
    "country": "Brazil"
  },
  {
    "username": "brunoraphael",
    "followingArtist": "Marcelo Tas",
    "country_code": "BR",
    "country": "Brazil"
  },
  {
    "username": "Tatiane95421439",
    "followingArtist": "Marcelo Tas",
    "country_code": "BR",
    "country": "Brazil"
  },
  {
    "username": "Renata61644132",
    "followingArtist": "Marcelo Tas",
    "country_code": "BR",
    "country": "Brazil"
  },
  {
    "username": "Arthurcanito",
    "followingArtist": "Marcelo Tas",
    "country_code": "BR",
    "country": "Brazil"
  },
  {
    "username": "Suelen_1909",
    "followingArtist": "Marcelo Tas",
    "country_code": "BR",
    "country": "Brazil"
  },
  {
    "username": "Laura66270857",
    "followingArtist": "Marcelo Tas",
    "country_code": "IN",
    "country": "India"
  },
  {
    "username": "kwsboni",
    "followingArtist": "Marcelo Tas",
    "country_code": "BR",
    "country": "Brazil"
  },
  {
    "username": "igorcsilva",
    "followingArtist": "Marcelo Tas",
    "country_code": "DE",
    "country": "Germany"
  },
  {
    "username": "AlessandraMar68",
    "followingArtist": "Marcelo Tas",
    "country_code": "MX",
    "country": "Mexico"
  },
  {
    "username": "LogInsuportavel",
    "followingArtist": "Marcelo Tas",
    "country_code": "BR",
    "country": "Brazil"
  },
  {
    "username": "Eujefersoncezar",
    "followingArtist": "Marcelo Tas",
    "country_code": "VU",
    "country": "Vanuatu"
  },
  {
    "username": "JuuhAlv87310917",
    "followingArtist": "Marcelo Tas",
    "country_code": "BR",
    "country": "Brazil"
  },
  {
    "username": "biabastoss",
    "followingArtist": "Marcelo Tas",
    "country_code": "BR",
    "country": "Brazil"
  },
  {
    "username": "ArmandoMoraes10",
    "followingArtist": "Marcelo Tas",
    "country_code": "BR",
    "country": "Brazil"
  },
  {
    "username": "Gilmar21555346",
    "followingArtist": "Marcelo Tas",
    "country_code": "BR",
    "country": "Brazil"
  },
  {
    "username": "LuizAug15598705",
    "followingArtist": "Marcelo Tas",
    "country_code": "BR",
    "country": "Brazil"
  },
  {
    "username": "JosuFer90205827",
    "followingArtist": "Marcelo Tas",
    "country_code": "BR",
    "country": "Brazil"
  },
  {
    "username": "Iaguinh14310260",
    "followingArtist": "Marcelo Tas",
    "country_code": "BR",
    "country": "Brazil"
  },
  {
    "username": "Fabianafirme",
    "followingArtist": "Marcelo Tas",
    "country_code": "BR",
    "country": "Brazil"
  },
  {
    "username": "Jeduhferreira77",
    "followingArtist": "Marcelo Tas",
    "country_code": "PT",
    "country": "Portugal"
  },
  {
    "username": "AlcobaPriscila",
    "followingArtist": "Marcelo Tas",
    "country_code": "BR",
    "country": "Brazil"
  },
  {
    "username": "lauromarotta",
    "followingArtist": "Marcelo Tas",
    "country_code": "BR",
    "country": "Brazil"
  },
  {
    "username": "Ellen45663834",
    "followingArtist": "Marcelo Tas",
    "country_code": "BR",
    "country": "Brazil"
  },
  {
    "username": "edmilsonfelix11",
    "followingArtist": "Marcelo Tas",
    "country_code": "BR",
    "country": "Brazil"
  },
  {
    "username": "LiraLanny",
    "followingArtist": "Marcelo Tas",
    "country_code": "BR",
    "country": "Brazil"
  },
  {
    "username": "2pinikim",
    "followingArtist": "Marcelo Tas",
    "country_code": "BR",
    "country": "Brazil"
  },
  {
    "username": "Aline41233357",
    "followingArtist": "Marcelo Tas",
    "country_code": "ES",
    "country": "Spain"
  },
  {
    "username": "celsorgjr",
    "followingArtist": "Marcelo Tas",
    "country_code": "BR",
    "country": "Brazil"
  },
  {
    "username": "InsaneThais",
    "followingArtist": "Marcelo Tas",
    "country_code": "BR",
    "country": "Brazil"
  },
  {
    "username": "Erica50168314",
    "followingArtist": "Marcelo Tas",
    "country_code": "BR",
    "country": "Brazil"
  },
  {
    "username": "Bozonabo",
    "followingArtist": "Marcelo Tas",
    "country_code": "IT",
    "country": "Italy"
  },
  {
    "username": "SegoviaWalkiria",
    "followingArtist": "Marcelo Tas",
    "country_code": "VU",
    "country": "Vanuatu"
  },
  {
    "username": "marcelledavilla",
    "followingArtist": "Marcelo Tas",
    "country_code": "IR",
    "country": "Iran"
  },
  {
    "username": "cassiaalvesf",
    "followingArtist": "Marcelo Tas",
    "country_code": "BR",
    "country": "Brazil"
  },
  {
    "username": "Maria03894417",
    "followingArtist": "Marcelo Tas",
    "country_code": "BR",
    "country": "Brazil"
  },
  {
    "username": "AndersonAnaLima",
    "followingArtist": "Marcelo Tas",
    "country_code": "IT",
    "country": "Italy"
  },
  {
    "username": "IngridS98311567",
    "followingArtist": "Marcelo Tas",
    "country_code": "BR",
    "country": "Brazil"
  },
  {
    "username": "Carlito76919912",
    "followingArtist": "Marcelo Tas",
    "country_code": "BR",
    "country": "Brazil"
  },
  {
    "username": "frrr_frnd",
    "followingArtist": "Marcelo Tas",
    "country_code": "BR",
    "country": "Brazil"
  },
  {
    "username": "geraldo_macedo",
    "followingArtist": "Marcelo Tas",
    "country_code": "BR",
    "country": "Brazil"
  },
  {
    "username": "Edirlan37014746",
    "followingArtist": "Marcelo Tas",
    "country_code": "BR",
    "country": "Brazil"
  },
  {
    "username": "Arletemiranda11",
    "followingArtist": "Marcelo Tas",
    "country_code": "BR",
    "country": "Brazil"
  },
  {
    "username": "Viniciu27335080",
    "followingArtist": "Marcelo Tas",
    "country_code": "MX",
    "country": "Mexico"
  },
  {
    "username": "olhalajessica",
    "followingArtist": "Marcelo Tas",
    "country_code": "NL",
    "country": "Netherlands"
  },
  {
    "username": "renatovdomingos",
    "followingArtist": "Marcelo Tas",
    "country_code": "PT",
    "country": "Portugal"
  },
  {
    "username": "NkansahBenjami4",
    "followingArtist": "Marcelo Tas",
    "country_code": "CD",
    "country": "Democratic Republic of Congo"
  },
  {
    "username": "Alex_Cassimiro",
    "followingArtist": "Marcelo Tas",
    "country_code": "US",
    "country": "United States"
  },
  {
    "username": "aimee_casseb",
    "followingArtist": "Marcelo Tas",
    "country_code": "ES",
    "country": "Spain"
  },
  {
    "username": "heitoito",
    "followingArtist": "Marcelo Tas",
    "country_code": "BR",
    "country": "Brazil"
  },
  {
    "username": "Marcelo12703306",
    "followingArtist": "Marcelo Tas",
    "country_code": "BR",
    "country": "Brazil"
  },
  {
    "username": "EdithGon2018",
    "followingArtist": "Marcelo Tas",
    "country_code": "BR",
    "country": "Brazil"
  },
  {
    "username": "luizabhoriy",
    "followingArtist": "Marcelo Tas",
    "country_code": "BR",
    "country": "Brazil"
  },
  {
    "username": "EmanoMV",
    "followingArtist": "Marcelo Tas",
    "country_code": "BR",
    "country": "Brazil"
  },
  {
    "username": "dercioruiz",
    "followingArtist": "Marcelo Tas",
    "country_code": "BR",
    "country": "Brazil"
  },
  {
    "username": "paulo_milet",
    "followingArtist": "Marcelo Tas",
    "country_code": "BR",
    "country": "Brazil"
  },
  {
    "username": "AndreLuisFonta1",
    "followingArtist": "Marcelo Tas",
    "country_code": "BR",
    "country": "Brazil"
  },
  {
    "username": "Connect83010334",
    "followingArtist": "Marcelo Tas",
    "country_code": "ES",
    "country": "Spain"
  },
  {
    "username": "GabyPir84209495",
    "followingArtist": "Marcelo Tas",
    "country_code": "IT",
    "country": "Italy"
  },
  {
    "username": "vereadorpablo",
    "followingArtist": "Marcelo Tas",
    "country_code": "BR",
    "country": "Brazil"
  },
  {
    "username": "luiz3com",
    "followingArtist": "Marcelo Tas",
    "country_code": "BR",
    "country": "Brazil"
  },
  {
    "username": "SusanKatti",
    "followingArtist": "Marcelo Tas",
    "country_code": "BR",
    "country": "Brazil"
  },
  {
    "username": "acolombo17",
    "followingArtist": "Marcelo Tas",
    "country_code": "BR",
    "country": "Brazil"
  },
  {
    "username": "yourwashmachine",
    "followingArtist": "Marcelo Tas",
    "country_code": "PG",
    "country": "Papua New Guinea"
  },
  {
    "username": "frasesv92306033",
    "followingArtist": "Marcelo Tas",
    "country_code": "BR",
    "country": "Brazil"
  },
  {
    "username": "sunsetmonalisa1",
    "followingArtist": "Marcelo Tas",
    "country_code": "BR",
    "country": "Brazil"
  },
  {
    "username": "brunatoris",
    "followingArtist": "Marcelo Tas",
    "country_code": "BR",
    "country": "Brazil"
  }
]