[
  {
    "username": "JassonZg",
    "followingArtist": "Tim Bergling",
    "country_code": "EC",
    "country": "Ecuador"
  },
  {
    "username": "wutripleu",
    "followingArtist": "Tim Bergling",
    "country_code": "CN",
    "country": "China"
  },
  {
    "username": "gurrola_remigio",
    "followingArtist": "Tim Bergling",
    "country_code": "MX",
    "country": "Mexico"
  },
  {
    "username": "melelainetyzzer",
    "followingArtist": "Tim Bergling",
    "country_code": "US",
    "country": "United States"
  },
  {
    "username": "gicastr0",
    "followingArtist": "Tim Bergling",
    "country_code": "BR",
    "country": "Brazil"
  },
  {
    "username": "PabloAl93249632",
    "followingArtist": "Tim Bergling",
    "country_code": "EC",
    "country": "Ecuador"
  },
  {
    "username": "Alexa20Jj",
    "followingArtist": "Tim Bergling",
    "country_code": "IR",
    "country": "Iran"
  },
  {
    "username": "NazarioGaspa",
    "followingArtist": "Tim Bergling",
    "country_code": "CL",
    "country": "Chile"
  },
  {
    "username": "Ricky_Pizzaa",
    "followingArtist": "Tim Bergling",
    "country_code": "JP",
    "country": "Japan"
  },
  {
    "username": "ito___0101",
    "followingArtist": "Tim Bergling",
    "country_code": "US",
    "country": "United States"
  },
  {
    "username": "Dolaa_24",
    "followingArtist": "Tim Bergling",
    "country_code": "EG",
    "country": "Egypt"
  },
  {
    "username": "BlerinaDinaj",
    "followingArtist": "Tim Bergling",
    "country_code": "JP",
    "country": "Japan"
  },
  {
    "username": "Drawde666",
    "followingArtist": "Tim Bergling",
    "country_code": "IR",
    "country": "Iran"
  },
  {
    "username": "Jimladscrew1",
    "followingArtist": "Tim Bergling",
    "country_code": "BR",
    "country": "Brazil"
  },
  {
    "username": "jesse_f_n",
    "followingArtist": "Tim Bergling",
    "country_code": "US",
    "country": "United States"
  },
  {
    "username": "URBOIHAM",
    "followingArtist": "Tim Bergling",
    "country_code": "BR",
    "country": "Brazil"
  },
  {
    "username": "kinglep361",
    "followingArtist": "Tim Bergling",
    "country_code": "HK",
    "country": "Hong Kong"
  },
  {
    "username": "Elba_Ines_R_V",
    "followingArtist": "Tim Bergling",
    "country_code": "MX",
    "country": "Mexico"
  },
  {
    "username": "Admire_Ochiai",
    "followingArtist": "Tim Bergling",
    "country_code": "JP",
    "country": "Japan"
  },
  {
    "username": "MaxWindYT",
    "followingArtist": "Tim Bergling",
    "country_code": "ID",
    "country": "Indonesia"
  },
  {
    "username": "thedigui13",
    "followingArtist": "Tim Bergling",
    "country_code": "PT",
    "country": "Portugal"
  },
  {
    "username": "McRobbie_BusTT",
    "followingArtist": "Tim Bergling",
    "country_code": "JP",
    "country": "Japan"
  },
  {
    "username": "PontesPedro1",
    "followingArtist": "Tim Bergling",
    "country_code": "PT",
    "country": "Portugal"
  },
  {
    "username": "RealDjTrajikk",
    "followingArtist": "Tim Bergling",
    "country_code": "US",
    "country": "United States"
  },
  {
    "username": "camii_vargas33",
    "followingArtist": "Tim Bergling",
    "country_code": "US",
    "country": "United States"
  },
  {
    "username": "SALET33471403",
    "followingArtist": "Tim Bergling",
    "country_code": "PE",
    "country": "Peru"
  },
  {
    "username": "Diam0ndCam0",
    "followingArtist": "Tim Bergling",
    "country_code": "US",
    "country": "United States"
  },
  {
    "username": "JesusD96656401",
    "followingArtist": "Tim Bergling",
    "country_code": "US",
    "country": "United States"
  },
  {
    "username": "johnnAvii",
    "followingArtist": "Tim Bergling",
    "country_code": "AR",
    "country": "Argentina"
  },
  {
    "username": "lazersarec00l",
    "followingArtist": "Tim Bergling",
    "country_code": "NG",
    "country": "Nigeria"
  },
  {
    "username": "JessRm14",
    "followingArtist": "Tim Bergling",
    "country_code": "MX",
    "country": "Mexico"
  },
  {
    "username": "TOSHIKI_DJ",
    "followingArtist": "Tim Bergling",
    "country_code": "JP",
    "country": "Japan"
  },
  {
    "username": "kathyDick15",
    "followingArtist": "Tim Bergling",
    "country_code": "US",
    "country": "United States"
  },
  {
    "username": "iBENTBENTBENT",
    "followingArtist": "Tim Bergling",
    "country_code": "US",
    "country": "United States"
  },
  {
    "username": "DIGEN27439922",
    "followingArtist": "Tim Bergling",
    "country_code": "IN",
    "country": "India"
  },
  {
    "username": "SouravJain1992",
    "followingArtist": "Tim Bergling",
    "country_code": "IN",
    "country": "India"
  },
  {
    "username": "Charmy_0064",
    "followingArtist": "Tim Bergling",
    "country_code": "MX",
    "country": "Mexico"
  },
  {
    "username": "kimmiogimmeo",
    "followingArtist": "Tim Bergling",
    "country_code": "EE",
    "country": "Estonia"
  },
  {
    "username": "rodolfo_chano",
    "followingArtist": "Tim Bergling",
    "country_code": "MX",
    "country": "Mexico"
  },
  {
    "username": "lunawat_darshan",
    "followingArtist": "Tim Bergling",
    "country_code": "IN",
    "country": "India"
  },
  {
    "username": "SteveGr15271310",
    "followingArtist": "Tim Bergling",
    "country_code": "US",
    "country": "United States"
  },
  {
    "username": "Ridwan32017262",
    "followingArtist": "Tim Bergling",
    "country_code": "NO",
    "country": "Norway"
  },
  {
    "username": "PetitMatho3",
    "followingArtist": "Tim Bergling",
    "country_code": "FR",
    "country": "France"
  },
  {
    "username": "ChloeBelleAdam",
    "followingArtist": "Tim Bergling",
    "country_code": "GB",
    "country": "England"
  },
  {
    "username": "Balaji87235520",
    "followingArtist": "Tim Bergling",
    "country_code": "IN",
    "country": "India"
  },
  {
    "username": "officialrocb",
    "followingArtist": "Tim Bergling",
    "country_code": "US",
    "country": "United States"
  },
  {
    "username": "Alexfan39866666",
    "followingArtist": "Tim Bergling",
    "country_code": "US",
    "country": "United States"
  },
  {
    "username": "opveii_music",
    "followingArtist": "Tim Bergling",
    "country_code": "CO",
    "country": "Colombia"
  },
  {
    "username": "Henry19953944",
    "followingArtist": "Tim Bergling",
    "country_code": "CL",
    "country": "Chile"
  },
  {
    "username": "imklsuresh",
    "followingArtist": "Tim Bergling",
    "country_code": "IN",
    "country": "India"
  },
  {
    "username": "RocioAc54599499",
    "followingArtist": "Tim Bergling",
    "country_code": "US",
    "country": "United States"
  },
  {
    "username": "uneekintsworld",
    "followingArtist": "Tim Bergling",
    "country_code": "California City Blvd",
    "country": "California City Blvd"
  },
  {
    "username": "cinthiasolan",
    "followingArtist": "Tim Bergling",
    "country_code": "PE",
    "country": "Peru"
  },
  {
    "username": "AnthonyOsiel",
    "followingArtist": "Tim Bergling",
    "country_code": "MX",
    "country": "Mexico"
  },
  {
    "username": "JessicaNassifLb",
    "followingArtist": "Tim Bergling",
    "country_code": "LB",
    "country": "Lebanon"
  },
  {
    "username": "RosaLpe34003661",
    "followingArtist": "Tim Bergling",
    "country_code": "ES",
    "country": "Spain"
  },
  {
    "username": "OersJerre",
    "followingArtist": "Tim Bergling",
    "country_code": "NL",
    "country": "Netherlands"
  },
  {
    "username": "cynosurejoonn",
    "followingArtist": "Tim Bergling",
    "country_code": "US",
    "country": "United States"
  },
  {
    "username": "izzhshrn00",
    "followingArtist": "Tim Bergling",
    "country_code": "RO",
    "country": "Romania"
  },
  {
    "username": "C7Shady",
    "followingArtist": "Tim Bergling",
    "country_code": "CM",
    "country": "Cameroon"
  },
  {
    "username": "sovh_radio",
    "followingArtist": "Tim Bergling",
    "country_code": "ZA",
    "country": "South Africa"
  },
  {
    "username": "DianaSofiadaCu1",
    "followingArtist": "Tim Bergling",
    "country_code": "US",
    "country": "United States"
  },
  {
    "username": "Alana87395476",
    "followingArtist": "Tim Bergling",
    "country_code": "NG",
    "country": "Nigeria"
  },
  {
    "username": "KatoVdp",
    "followingArtist": "Tim Bergling",
    "country_code": "BE",
    "country": "Belgium"
  },
  {
    "username": "HoriiTakuto",
    "followingArtist": "Tim Bergling",
    "country_code": "JP",
    "country": "Japan"
  },
  {
    "username": "Maiteheart",
    "followingArtist": "Tim Bergling",
    "country_code": "ES",
    "country": "Spain"
  },
  {
    "username": "RockOneUK",
    "followingArtist": "Tim Bergling",
    "country_code": "NG",
    "country": "Nigeria"
  },
  {
    "username": "DJMikeyWay0",
    "followingArtist": "Tim Bergling",
    "country_code": "BR",
    "country": "Brazil"
  },
  {
    "username": "Suedesss",
    "followingArtist": "Tim Bergling",
    "country_code": "California City Blvd",
    "country": "California City Blvd"
  },
  {
    "username": "dtreasuresp",
    "followingArtist": "Tim Bergling",
    "country_code": "US",
    "country": "United States"
  },
  {
    "username": "swillsound",
    "followingArtist": "Tim Bergling",
    "country_code": "US",
    "country": "United States"
  },
  {
    "username": "FabianBl0ch",
    "followingArtist": "Tim Bergling",
    "country_code": "NG",
    "country": "Nigeria"
  },
  {
    "username": "antoomonges1",
    "followingArtist": "Tim Bergling",
    "country_code": "US",
    "country": "United States"
  },
  {
    "username": "arturo_maila",
    "followingArtist": "Tim Bergling",
    "country_code": "EC",
    "country": "Ecuador"
  },
  {
    "username": "NegonaxXx",
    "followingArtist": "Tim Bergling",
    "country_code": "BR",
    "country": "Brazil"
  },
  {
    "username": "MariusWFJensen1",
    "followingArtist": "Tim Bergling",
    "country_code": "RU",
    "country": "Russian Federation"
  },
  {
    "username": "benjirenou27",
    "followingArtist": "Tim Bergling",
    "country_code": "FR",
    "country": "France"
  },
  {
    "username": "andrxacxntu",
    "followingArtist": "Tim Bergling",
    "country_code": "MX",
    "country": "Mexico"
  },
  {
    "username": "kohei1465",
    "followingArtist": "Tim Bergling",
    "country_code": "JP",
    "country": "Japan"
  },
  {
    "username": "MaelleProtte",
    "followingArtist": "Tim Bergling",
    "country_code": "FR",
    "country": "France"
  },
  {
    "username": "Thefleming_EMC",
    "followingArtist": "Tim Bergling",
    "country_code": "ES",
    "country": "Spain"
  },
  {
    "username": "lukemorris1234",
    "followingArtist": "Tim Bergling",
    "country_code": "US",
    "country": "United States"
  },
  {
    "username": "RomeoTango2018",
    "followingArtist": "Tim Bergling",
    "country_code": "US",
    "country": "United States"
  },
  {
    "username": "merazh6",
    "followingArtist": "Tim Bergling",
    "country_code": "US",
    "country": "United States"
  },
  {
    "username": "Alt_Gayle",
    "followingArtist": "Tim Bergling",
    "country_code": "PH",
    "country": "Philippines"
  },
  {
    "username": "sunflower_de",
    "followingArtist": "Tim Bergling",
    "country_code": "IN",
    "country": "India"
  },
  {
    "username": "BrettHolcomb8",
    "followingArtist": "Tim Bergling",
    "country_code": "US",
    "country": "United States"
  },
  {
    "username": "SubhaRaj7063",
    "followingArtist": "Tim Bergling",
    "country_code": "IN",
    "country": "India"
  },
  {
    "username": "e21587240",
    "followingArtist": "Tim Bergling",
    "country_code": "CZ",
    "country": "Czech Republic"
  },
  {
    "username": "DCsitari",
    "followingArtist": "Tim Bergling",
    "country_code": "AT",
    "country": "Austria"
  },
  {
    "username": "Potae23928658",
    "followingArtist": "Tim Bergling",
    "country_code": "TH",
    "country": "Thailand"
  },
  {
    "username": "silviatoribio",
    "followingArtist": "Tim Bergling",
    "country_code": "CO",
    "country": "Colombia"
  },
  {
    "username": "Weiz_h",
    "followingArtist": "Tim Bergling",
    "country_code": "ID",
    "country": "Indonesia"
  },
  {
    "username": "Alejand28434211",
    "followingArtist": "Tim Bergling",
    "country_code": "US",
    "country": "United States"
  },
  {
    "username": "VictorD95905600",
    "followingArtist": "Tim Bergling",
    "country_code": "US",
    "country": "United States"
  },
  {
    "username": "clown_person",
    "followingArtist": "Tim Bergling",
    "country_code": "US",
    "country": "United States"
  },
  {
    "username": "inunuu",
    "followingArtist": "Tim Bergling",
    "country_code": "JP",
    "country": "Japan"
  },
  {
    "username": "nataliabreu3",
    "followingArtist": "Tim Bergling",
    "country_code": "UY",
    "country": "Uruguay"
  },
  {
    "username": "Eliceo021",
    "followingArtist": "Tim Bergling",
    "country_code": "CR",
    "country": "Costa Rica"
  },
  {
    "username": "BrizuelaEdgardo",
    "followingArtist": "Tim Bergling",
    "country_code": "US",
    "country": "United States"
  },
  {
    "username": "taravosborne",
    "followingArtist": "Tim Bergling",
    "country_code": "US",
    "country": "United States"
  },
  {
    "username": "LupitaA87669705",
    "followingArtist": "Tim Bergling",
    "country_code": "MX",
    "country": "Mexico"
  },
  {
    "username": "FayOsbourne1",
    "followingArtist": "Tim Bergling",
    "country_code": "NG",
    "country": "Nigeria"
  },
  {
    "username": "0o0Aiosha0o0",
    "followingArtist": "Tim Bergling",
    "country_code": "SA",
    "country": "Saudi Arabia"
  },
  {
    "username": "garwood__",
    "followingArtist": "Tim Bergling",
    "country_code": "GB",
    "country": "England"
  },
  {
    "username": "Gustavodlcz",
    "followingArtist": "Tim Bergling",
    "country_code": "MX",
    "country": "Mexico"
  },
  {
    "username": "CharlotteDee45",
    "followingArtist": "Tim Bergling",
    "country_code": "GB",
    "country": "England"
  },
  {
    "username": "adhvikmusic",
    "followingArtist": "Tim Bergling",
    "country_code": "IN",
    "country": "India"
  },
  {
    "username": "Geondj07",
    "followingArtist": "Tim Bergling",
    "country_code": "VE",
    "country": "Venezuela"
  },
  {
    "username": "DeMohammed96",
    "followingArtist": "Tim Bergling",
    "country_code": "US",
    "country": "United States"
  },
  {
    "username": "ArrobaJobdiel",
    "followingArtist": "Tim Bergling",
    "country_code": "US",
    "country": "United States"
  },
  {
    "username": "Deco26570851",
    "followingArtist": "Tim Bergling",
    "country_code": "BR",
    "country": "Brazil"
  },
  {
    "username": "cami_ale273",
    "followingArtist": "Tim Bergling",
    "country_code": "CL",
    "country": "Chile"
  },
  {
    "username": "inehal_8f",
    "followingArtist": "Tim Bergling",
    "country_code": "SA",
    "country": "Saudi Arabia"
  },
  {
    "username": "yairsotov",
    "followingArtist": "Tim Bergling",
    "country_code": "MX",
    "country": "Mexico"
  },
  {
    "username": "FifteeWest",
    "followingArtist": "Tim Bergling",
    "country_code": "JP",
    "country": "Japan"
  },
  {
    "username": "GmoneySymbol",
    "followingArtist": "Tim Bergling",
    "country_code": "US",
    "country": "United States"
  },
  {
    "username": "mithunknair",
    "followingArtist": "Tim Bergling",
    "country_code": "NG",
    "country": "Nigeria"
  },
  {
    "username": "kousei06027",
    "followingArtist": "Tim Bergling",
    "country_code": "JP",
    "country": "Japan"
  },
  {
    "username": "LoyolaCassey",
    "followingArtist": "Tim Bergling",
    "country_code": "US",
    "country": "United States"
  },
  {
    "username": "farhaniishraq",
    "followingArtist": "Tim Bergling",
    "country_code": "NG",
    "country": "Nigeria"
  },
  {
    "username": "VARUNOFFICIAL13",
    "followingArtist": "Tim Bergling",
    "country_code": "US",
    "country": "United States"
  },
  {
    "username": "Market247N",
    "followingArtist": "Tim Bergling",
    "country_code": "NG",
    "country": "Nigeria"
  },
  {
    "username": "Koshiro_Youtube",
    "followingArtist": "Tim Bergling",
    "country_code": "US",
    "country": "United States"
  },
  {
    "username": "andreamichelort",
    "followingArtist": "Tim Bergling",
    "country_code": "NG",
    "country": "Nigeria"
  },
  {
    "username": "gabustosvargas",
    "followingArtist": "Tim Bergling",
    "country_code": "ES",
    "country": "Spain"
  },
  {
    "username": "_StarsShooter_",
    "followingArtist": "Tim Bergling",
    "country_code": "VN",
    "country": "Viet Nam"
  },
  {
    "username": "dodiyayogesh88",
    "followingArtist": "Tim Bergling",
    "country_code": "IN",
    "country": "India"
  },
  {
    "username": "Roth_Trader",
    "followingArtist": "Tim Bergling",
    "country_code": "US",
    "country": "United States"
  },
  {
    "username": "MarikaKutaladze",
    "followingArtist": "Tim Bergling",
    "country_code": "US",
    "country": "United States"
  },
  {
    "username": "jasonserrato2",
    "followingArtist": "Tim Bergling",
    "country_code": "US",
    "country": "United States"
  },
  {
    "username": "JesusGa88322598",
    "followingArtist": "Tim Bergling",
    "country_code": "US",
    "country": "United States"
  },
  {
    "username": "KenjiBanksDj",
    "followingArtist": "Tim Bergling",
    "country_code": "GB",
    "country": "England"
  },
  {
    "username": "Angel53329387",
    "followingArtist": "Tim Bergling",
    "country_code": "AU",
    "country": "Australia"
  },
  {
    "username": "alejandrabg00",
    "followingArtist": "Tim Bergling",
    "country_code": "MX",
    "country": "Mexico"
  },
  {
    "username": "AntonioYasonai1",
    "followingArtist": "Tim Bergling",
    "country_code": "MX",
    "country": "Mexico"
  },
  {
    "username": "Hugofv82",
    "followingArtist": "Tim Bergling",
    "country_code": "ES",
    "country": "Spain"
  },
  {
    "username": "niikoosya",
    "followingArtist": "Tim Bergling",
    "country_code": "RU",
    "country": "Russian Federation"
  },
  {
    "username": "MariusDruart__",
    "followingArtist": "Tim Bergling",
    "country_code": "FR",
    "country": "France"
  },
  {
    "username": "middlechilddan",
    "followingArtist": "Tim Bergling",
    "country_code": "US",
    "country": "United States"
  },
  {
    "username": "Francoooo89",
    "followingArtist": "Tim Bergling",
    "country_code": "PY",
    "country": "Paraguay"
  },
  {
    "username": "Eleazar90976082",
    "followingArtist": "Tim Bergling",
    "country_code": "PE",
    "country": "Peru"
  },
  {
    "username": "haruu_11113",
    "followingArtist": "Tim Bergling",
    "country_code": "US",
    "country": "United States"
  },
  {
    "username": "NickPassig",
    "followingArtist": "Tim Bergling",
    "country_code": "US",
    "country": "United States"
  },
  {
    "username": "Rastalovealways",
    "followingArtist": "Tim Bergling",
    "country_code": "BR",
    "country": "Brazil"
  },
  {
    "username": "Oliverostar",
    "followingArtist": "Tim Bergling",
    "country_code": "ES",
    "country": "Spain"
  },
  {
    "username": "Dyemeson_F",
    "followingArtist": "Tim Bergling",
    "country_code": "BR",
    "country": "Brazil"
  },
  {
    "username": "VieuxRiche",
    "followingArtist": "Tim Bergling",
    "country_code": "IT",
    "country": "Italy"
  },
  {
    "username": "RazzoReaz",
    "followingArtist": "Tim Bergling",
    "country_code": "BD",
    "country": "Bangladesh"
  },
  {
    "username": "sofi_cladellas",
    "followingArtist": "Tim Bergling",
    "country_code": "US",
    "country": "United States"
  },
  {
    "username": "Alicetruong14",
    "followingArtist": "Tim Bergling",
    "country_code": "California City Blvd",
    "country": "California City Blvd"
  },
  {
    "username": "t_createmusic",
    "followingArtist": "Tim Bergling",
    "country_code": "JP",
    "country": "Japan"
  },
  {
    "username": "cristinahappy12",
    "followingArtist": "Tim Bergling",
    "country_code": "ES",
    "country": "Spain"
  },
  {
    "username": "Coast2002",
    "followingArtist": "Tim Bergling",
    "country_code": "AU",
    "country": "Australia"
  },
  {
    "username": "Sowe99653373",
    "followingArtist": "Tim Bergling",
    "country_code": "ES",
    "country": "Spain"
  },
  {
    "username": "FranckErickGar1",
    "followingArtist": "Tim Bergling",
    "country_code": "PE",
    "country": "Peru"
  },
  {
    "username": "Valentinorafa1",
    "followingArtist": "Tim Bergling",
    "country_code": "US",
    "country": "United States"
  },
  {
    "username": "stonebridge_br",
    "followingArtist": "Tim Bergling",
    "country_code": "BR",
    "country": "Brazil"
  },
  {
    "username": "KumiNinja",
    "followingArtist": "Tim Bergling",
    "country_code": "JP",
    "country": "Japan"
  },
  {
    "username": "jordane_morel",
    "followingArtist": "Tim Bergling",
    "country_code": "FR",
    "country": "France"
  },
  {
    "username": "26_vallen",
    "followingArtist": "Tim Bergling",
    "country_code": "US",
    "country": "United States"
  },
  {
    "username": "shaileshanandpu",
    "followingArtist": "Tim Bergling",
    "country_code": "IN",
    "country": "India"
  },
  {
    "username": "luisitomexican3",
    "followingArtist": "Tim Bergling",
    "country_code": "MX",
    "country": "Mexico"
  },
  {
    "username": "_asifrahman_",
    "followingArtist": "Tim Bergling",
    "country_code": "BD",
    "country": "Bangladesh"
  },
  {
    "username": "03_peas",
    "followingArtist": "Tim Bergling",
    "country_code": "UG",
    "country": "Uganda"
  },
  {
    "username": "zeenaashir14",
    "followingArtist": "Tim Bergling",
    "country_code": "California City Blvd",
    "country": "California City Blvd"
  },
  {
    "username": "smith_destro",
    "followingArtist": "Tim Bergling",
    "country_code": "NG",
    "country": "Nigeria"
  },
  {
    "username": "AnNguye68368700",
    "followingArtist": "Tim Bergling",
    "country_code": "ES",
    "country": "Spain"
  },
  {
    "username": "LTPhillips88",
    "followingArtist": "Tim Bergling",
    "country_code": "UK",
    "country": "United Kingdom"
  },
  {
    "username": "SpiritTheWolf99",
    "followingArtist": "Tim Bergling",
    "country_code": "CA",
    "country": "Canada"
  },
  {
    "username": "Johan61611003",
    "followingArtist": "Tim Bergling",
    "country_code": "PE",
    "country": "Peru"
  },
  {
    "username": "yam863",
    "followingArtist": "Tim Bergling",
    "country_code": "JP",
    "country": "Japan"
  },
  {
    "username": "IMarthiinez",
    "followingArtist": "Tim Bergling",
    "country_code": "BR",
    "country": "Brazil"
  },
  {
    "username": "PATTYTREJORADIO",
    "followingArtist": "Tim Bergling",
    "country_code": "US",
    "country": "United States"
  },
  {
    "username": "ricky_guerrero2",
    "followingArtist": "Tim Bergling",
    "country_code": "US",
    "country": "United States"
  },
  {
    "username": "matthmrt_music",
    "followingArtist": "Tim Bergling",
    "country_code": "FR",
    "country": "France"
  },
  {
    "username": "dankoteggi",
    "followingArtist": "Tim Bergling",
    "country_code": "DE",
    "country": "Germany"
  },
  {
    "username": "B_Edwards85",
    "followingArtist": "Tim Bergling",
    "country_code": "US",
    "country": "United States"
  },
  {
    "username": "Skrillhead",
    "followingArtist": "Tim Bergling",
    "country_code": "US",
    "country": "United States"
  },
  {
    "username": "Robert_ERM",
    "followingArtist": "Tim Bergling",
    "country_code": "NL",
    "country": "Netherlands"
  },
  {
    "username": "Rhungc13",
    "followingArtist": "Tim Bergling",
    "country_code": "CN",
    "country": "China"
  },
  {
    "username": "SunnyRao0",
    "followingArtist": "Tim Bergling",
    "country_code": "IN",
    "country": "India"
  },
  {
    "username": "Francis12706940",
    "followingArtist": "Tim Bergling",
    "country_code": "California City Blvd",
    "country": "California City Blvd"
  },
  {
    "username": "KrayventMusic",
    "followingArtist": "Tim Bergling",
    "country_code": "US",
    "country": "United States"
  },
  {
    "username": "marcosbotijaa",
    "followingArtist": "Tim Bergling",
    "country_code": "ES",
    "country": "Spain"
  },
  {
    "username": "kuhabano",
    "followingArtist": "Tim Bergling",
    "country_code": "CZ",
    "country": "Czech Republic"
  },
  {
    "username": "jb_disney_",
    "followingArtist": "Tim Bergling",
    "country_code": "US",
    "country": "United States"
  },
  {
    "username": "TyrieLaura",
    "followingArtist": "Tim Bergling",
    "country_code": "UK",
    "country": "United Kingdom"
  },
  {
    "username": "TrebleDoggo",
    "followingArtist": "Tim Bergling",
    "country_code": "US",
    "country": "United States"
  },
  {
    "username": "yousef_ax",
    "followingArtist": "Tim Bergling",
    "country_code": "PS",
    "country": "Palestinian Territory"
  },
  {
    "username": "richard_hlusko",
    "followingArtist": "Tim Bergling",
    "country_code": "US",
    "country": "United States"
  },
  {
    "username": "false1235",
    "followingArtist": "Tim Bergling",
    "country_code": "US",
    "country": "United States"
  },
  {
    "username": "Legitdome",
    "followingArtist": "Tim Bergling",
    "country_code": "KE",
    "country": "Kenya"
  },
  {
    "username": "pyta36",
    "followingArtist": "Tim Bergling",
    "country_code": "ES",
    "country": "Spain"
  },
  {
    "username": "KevinLinzan",
    "followingArtist": "Tim Bergling",
    "country_code": "US",
    "country": "United States"
  },
  {
    "username": "MANUCO2012",
    "followingArtist": "Tim Bergling",
    "country_code": "EC",
    "country": "Ecuador"
  },
  {
    "username": "Santiag21641729",
    "followingArtist": "Tim Bergling",
    "country_code": "CU",
    "country": "Cuba"
  },
  {
    "username": "Danyvilla002",
    "followingArtist": "Tim Bergling",
    "country_code": "MX",
    "country": "Mexico"
  },
  {
    "username": "Msizzav",
    "followingArtist": "Tim Bergling",
    "country_code": "PH",
    "country": "Philippines"
  },
  {
    "username": "DegoGlez",
    "followingArtist": "Tim Bergling",
    "country_code": "MX",
    "country": "Mexico"
  },
  {
    "username": "CinthiaCM25",
    "followingArtist": "Tim Bergling",
    "country_code": "NG",
    "country": "Nigeria"
  },
  {
    "username": "Raul_11lb_x",
    "followingArtist": "Tim Bergling",
    "country_code": "US",
    "country": "United States"
  },
  {
    "username": "emnamujoo",
    "followingArtist": "Tim Bergling",
    "country_code": "US",
    "country": "United States"
  },
  {
    "username": "shanyrarachel15",
    "followingArtist": "Tim Bergling",
    "country_code": "IR",
    "country": "Iran"
  },
  {
    "username": "ProdHybrid",
    "followingArtist": "Tim Bergling",
    "country_code": "US",
    "country": "United States"
  },
  {
    "username": "AlexanderChili7",
    "followingArtist": "Tim Bergling",
    "country_code": "VU",
    "country": "Vanuatu"
  },
  {
    "username": "junaidK6445",
    "followingArtist": "Tim Bergling",
    "country_code": "IN",
    "country": "India"
  },
  {
    "username": "afraid_dinosaur",
    "followingArtist": "Tim Bergling",
    "country_code": "US",
    "country": "United States"
  },
  {
    "username": "countkust",
    "followingArtist": "Tim Bergling",
    "country_code": "PH",
    "country": "Philippines"
  },
  {
    "username": "Gerardo93865181",
    "followingArtist": "Tim Bergling",
    "country_code": "MX",
    "country": "Mexico"
  },
  {
    "username": "unei_kimoi",
    "followingArtist": "Tim Bergling",
    "country_code": "JP",
    "country": "Japan"
  },
  {
    "username": "mudassarsani2",
    "followingArtist": "Tim Bergling",
    "country_code": "PK",
    "country": "Pakistan"
  },
  {
    "username": "Becca26314279",
    "followingArtist": "Tim Bergling",
    "country_code": "DK",
    "country": "Denmark"
  },
  {
    "username": "Mia1050908",
    "followingArtist": "Tim Bergling",
    "country_code": "BJ",
    "country": "Benin"
  },
  {
    "username": "JordanKleinman",
    "followingArtist": "Tim Bergling",
    "country_code": "US",
    "country": "United States"
  },
  {
    "username": "oculus03",
    "followingArtist": "Tim Bergling",
    "country_code": "US",
    "country": "United States"
  },
  {
    "username": "GemmaGa71852885",
    "followingArtist": "Tim Bergling",
    "country_code": "ID",
    "country": "Indonesia"
  },
  {
    "username": "ParmarAkshayp",
    "followingArtist": "Tim Bergling",
    "country_code": "IN",
    "country": "India"
  },
  {
    "username": "IkerAld",
    "followingArtist": "Tim Bergling",
    "country_code": "MX",
    "country": "Mexico"
  },
  {
    "username": "Can0Al3x",
    "followingArtist": "Tim Bergling",
    "country_code": "PY",
    "country": "Paraguay"
  },
  {
    "username": "SantosYair2",
    "followingArtist": "Tim Bergling",
    "country_code": "MX",
    "country": "Mexico"
  },
  {
    "username": "VioletBoipelo",
    "followingArtist": "Tim Bergling",
    "country_code": "ZA",
    "country": "South Africa"
  },
  {
    "username": "jetrix_official",
    "followingArtist": "Tim Bergling",
    "country_code": "BJ",
    "country": "Benin"
  },
  {
    "username": "FerHermosita",
    "followingArtist": "Tim Bergling",
    "country_code": "US",
    "country": "United States"
  },
  {
    "username": "LD_GnP",
    "followingArtist": "Tim Bergling",
    "country_code": "US",
    "country": "United States"
  },
  {
    "username": "A1ejandro_AL",
    "followingArtist": "Tim Bergling",
    "country_code": "VE",
    "country": "Venezuela"
  },
  {
    "username": "doncohnor_blvd",
    "followingArtist": "Tim Bergling",
    "country_code": "US",
    "country": "United States"
  },
  {
    "username": "lauren92wood",
    "followingArtist": "Tim Bergling",
    "country_code": "GB",
    "country": "England"
  },
  {
    "username": "officialfreezy0",
    "followingArtist": "Tim Bergling",
    "country_code": "US",
    "country": "United States"
  },
  {
    "username": "CeronCristinna",
    "followingArtist": "Tim Bergling",
    "country_code": "MX",
    "country": "Mexico"
  },
  {
    "username": "X_SiobhanS_X",
    "followingArtist": "Tim Bergling",
    "country_code": "GB",
    "country": "England"
  },
  {
    "username": "AndreaKelsey2",
    "followingArtist": "Tim Bergling",
    "country_code": "US",
    "country": "United States"
  },
  {
    "username": "fredo924",
    "followingArtist": "Tim Bergling",
    "country_code": "US",
    "country": "United States"
  },
  {
    "username": "PoulomiMitra4",
    "followingArtist": "Tim Bergling",
    "country_code": "IN",
    "country": "India"
  },
  {
    "username": "LingKatie",
    "followingArtist": "Tim Bergling",
    "country_code": "UK",
    "country": "United Kingdom"
  },
  {
    "username": "__HIR0T0__",
    "followingArtist": "Tim Bergling",
    "country_code": "UG",
    "country": "Uganda"
  },
  {
    "username": "Asrat37",
    "followingArtist": "Tim Bergling",
    "country_code": "US",
    "country": "United States"
  },
  {
    "username": "bhBIztIBnY0jSNQ",
    "followingArtist": "Tim Bergling",
    "country_code": "US",
    "country": "United States"
  },
  {
    "username": "fifo1899",
    "followingArtist": "Tim Bergling",
    "country_code": "UY",
    "country": "Uruguay"
  },
  {
    "username": "Eva75812451",
    "followingArtist": "Tim Bergling",
    "country_code": "NL",
    "country": "Netherlands"
  },
  {
    "username": "KewatNaman",
    "followingArtist": "Tim Bergling",
    "country_code": "IN",
    "country": "India"
  },
  {
    "username": "the_fire_sagar",
    "followingArtist": "Tim Bergling",
    "country_code": "IN",
    "country": "India"
  },
  {
    "username": "galileo_jack",
    "followingArtist": "Tim Bergling",
    "country_code": "PE",
    "country": "Peru"
  },
  {
    "username": "AlanRod87127663",
    "followingArtist": "Tim Bergling",
    "country_code": "US",
    "country": "United States"
  },
  {
    "username": "MariosoZeta10",
    "followingArtist": "Tim Bergling",
    "country_code": "PY",
    "country": "Paraguay"
  },
  {
    "username": "OkadaVictor",
    "followingArtist": "Tim Bergling",
    "country_code": "IN",
    "country": "India"
  },
  {
    "username": "carlosgrundy616",
    "followingArtist": "Tim Bergling",
    "country_code": "US",
    "country": "United States"
  },
  {
    "username": "morninganimated",
    "followingArtist": "Tim Bergling",
    "country_code": "NO",
    "country": "Norway"
  },
  {
    "username": "DarkRodrig0",
    "followingArtist": "Tim Bergling",
    "country_code": "PE",
    "country": "Peru"
  },
  {
    "username": "MariFer131837",
    "followingArtist": "Tim Bergling",
    "country_code": "MX",
    "country": "Mexico"
  },
  {
    "username": "GardRoadFarm",
    "followingArtist": "Tim Bergling",
    "country_code": "US",
    "country": "United States"
  },
  {
    "username": "mangel_mp7",
    "followingArtist": "Tim Bergling",
    "country_code": "US",
    "country": "United States"
  },
  {
    "username": "noraziad19",
    "followingArtist": "Tim Bergling",
    "country_code": "UK",
    "country": "United Kingdom"
  },
  {
    "username": "kitchen_hipster",
    "followingArtist": "Tim Bergling",
    "country_code": "US",
    "country": "United States"
  },
  {
    "username": "federicolafu",
    "followingArtist": "Tim Bergling",
    "country_code": "US",
    "country": "United States"
  },
  {
    "username": "itslittledark",
    "followingArtist": "Tim Bergling",
    "country_code": "CA",
    "country": "Canada"
  },
  {
    "username": "elia_ob2",
    "followingArtist": "Tim Bergling",
    "country_code": "ES",
    "country": "Spain"
  },
  {
    "username": "rin_kyapi__t07",
    "followingArtist": "Tim Bergling",
    "country_code": "RU",
    "country": "Russian Federation"
  },
  {
    "username": "Akith8",
    "followingArtist": "Tim Bergling",
    "country_code": "ID",
    "country": "Indonesia"
  },
  {
    "username": "Unseen_master",
    "followingArtist": "Tim Bergling",
    "country_code": "AU",
    "country": "Australia"
  },
  {
    "username": "Ruma23880",
    "followingArtist": "Tim Bergling",
    "country_code": "BD",
    "country": "Bangladesh"
  },
  {
    "username": "Cz3354",
    "followingArtist": "Tim Bergling",
    "country_code": "US",
    "country": "United States"
  },
  {
    "username": "blcassidy",
    "followingArtist": "Tim Bergling",
    "country_code": "US",
    "country": "United States"
  },
  {
    "username": "AeronReo",
    "followingArtist": "Tim Bergling",
    "country_code": "AU",
    "country": "Australia"
  },
  {
    "username": "PonceEdier",
    "followingArtist": "Tim Bergling",
    "country_code": "US",
    "country": "United States"
  },
  {
    "username": "EliassSolo",
    "followingArtist": "Tim Bergling",
    "country_code": "CL",
    "country": "Chile"
  },
  {
    "username": "malwinamrt",
    "followingArtist": "Tim Bergling",
    "country_code": "PL",
    "country": "Poland"
  },
  {
    "username": "OfficalStevenEs",
    "followingArtist": "Tim Bergling",
    "country_code": "US",
    "country": "United States"
  },
  {
    "username": "emilffferm",
    "followingArtist": "Tim Bergling",
    "country_code": "SE",
    "country": "Sweden"
  },
  {
    "username": "OrosticaCornejo",
    "followingArtist": "Tim Bergling",
    "country_code": "CL",
    "country": "Chile"
  },
  {
    "username": "ForBlackout",
    "followingArtist": "Tim Bergling",
    "country_code": "ZA",
    "country": "South Africa"
  },
  {
    "username": "MalikKarchnak",
    "followingArtist": "Tim Bergling",
    "country_code": "AU",
    "country": "Australia"
  },
  {
    "username": "RenzoBessone",
    "followingArtist": "Tim Bergling",
    "country_code": "IT",
    "country": "Italy"
  },
  {
    "username": "fckbwp",
    "followingArtist": "Tim Bergling",
    "country_code": "ID",
    "country": "Indonesia"
  },
  {
    "username": "lourynnel",
    "followingArtist": "Tim Bergling",
    "country_code": "IR",
    "country": "Iran"
  },
  {
    "username": "HishQuTenHabbo",
    "followingArtist": "Tim Bergling",
    "country_code": "ES",
    "country": "Spain"
  },
  {
    "username": "ReivirL",
    "followingArtist": "Tim Bergling",
    "country_code": "VE",
    "country": "Venezuela"
  },
  {
    "username": "oreilly_becca",
    "followingArtist": "Tim Bergling",
    "country_code": "IE",
    "country": "Ireland"
  },
  {
    "username": "dcoboping",
    "followingArtist": "Tim Bergling",
    "country_code": "ES",
    "country": "Spain"
  },
  {
    "username": "hebayou18753147",
    "followingArtist": "Tim Bergling",
    "country_code": "EG",
    "country": "Egypt"
  },
  {
    "username": "Daniel38668388",
    "followingArtist": "Tim Bergling",
    "country_code": "ES",
    "country": "Spain"
  },
  {
    "username": "rogffrr",
    "followingArtist": "Tim Bergling",
    "country_code": "PT",
    "country": "Portugal"
  },
  {
    "username": "SypixMusic",
    "followingArtist": "Tim Bergling",
    "country_code": "US",
    "country": "United States"
  },
  {
    "username": "chava_valdivia",
    "followingArtist": "Tim Bergling",
    "country_code": "MX",
    "country": "Mexico"
  },
  {
    "username": "MoisesYii",
    "followingArtist": "Tim Bergling",
    "country_code": "VE",
    "country": "Venezuela"
  },
  {
    "username": "OktoDeka",
    "followingArtist": "Tim Bergling",
    "country_code": "KR",
    "country": "South Korea"
  },
  {
    "username": "NiallHernndez2",
    "followingArtist": "Tim Bergling",
    "country_code": "MX",
    "country": "Mexico"
  },
  {
    "username": "empiregroupug",
    "followingArtist": "Tim Bergling",
    "country_code": "UG",
    "country": "Uganda"
  },
  {
    "username": "ElRussell6",
    "followingArtist": "Tim Bergling",
    "country_code": "CR",
    "country": "Costa Rica"
  },
  {
    "username": "serina_10988",
    "followingArtist": "Tim Bergling",
    "country_code": "JP",
    "country": "Japan"
  },
  {
    "username": "DeLeonJezreel",
    "followingArtist": "Tim Bergling",
    "country_code": "PH",
    "country": "Philippines"
  },
  {
    "username": "10Fedesartori",
    "followingArtist": "Tim Bergling",
    "country_code": "IT",
    "country": "Italy"
  },
  {
    "username": "erickoyaz",
    "followingArtist": "Tim Bergling",
    "country_code": "KE",
    "country": "Kenya"
  },
  {
    "username": "aviator_john",
    "followingArtist": "Tim Bergling",
    "country_code": "US",
    "country": "United States"
  },
  {
    "username": "ju_lu_00",
    "followingArtist": "Tim Bergling",
    "country_code": "ES",
    "country": "Spain"
  },
  {
    "username": "Skuljay5",
    "followingArtist": "Tim Bergling",
    "country_code": "GB",
    "country": "England"
  },
  {
    "username": "Z4B7QT9k1lJuMPT",
    "followingArtist": "Tim Bergling",
    "country_code": "US",
    "country": "United States"
  },
  {
    "username": "marinaatherese",
    "followingArtist": "Tim Bergling",
    "country_code": "US",
    "country": "United States"
  },
  {
    "username": "IlhamNurArifi10",
    "followingArtist": "Tim Bergling",
    "country_code": "ID",
    "country": "Indonesia"
  },
  {
    "username": "aliGxv",
    "followingArtist": "Tim Bergling",
    "country_code": "BD",
    "country": "Bangladesh"
  },
  {
    "username": "AT17526",
    "followingArtist": "Tim Bergling",
    "country_code": "CA",
    "country": "Canada"
  },
  {
    "username": "Adrin92823552",
    "followingArtist": "Tim Bergling",
    "country_code": "US",
    "country": "United States"
  },
  {
    "username": "XDsanti2000_",
    "followingArtist": "Tim Bergling",
    "country_code": "US",
    "country": "United States"
  },
  {
    "username": "div_sks",
    "followingArtist": "Tim Bergling",
    "country_code": "US",
    "country": "United States"
  },
  {
    "username": "Leeo_guerraa",
    "followingArtist": "Tim Bergling",
    "country_code": "IT",
    "country": "Italy"
  },
  {
    "username": "riquelme_martu",
    "followingArtist": "Tim Bergling",
    "country_code": "AR",
    "country": "Argentina"
  },
  {
    "username": "TomasDPS",
    "followingArtist": "Tim Bergling",
    "country_code": "US",
    "country": "United States"
  },
  {
    "username": "Emil505",
    "followingArtist": "Tim Bergling",
    "country_code": "EC",
    "country": "Ecuador"
  },
  {
    "username": "011Skygamer",
    "followingArtist": "Tim Bergling",
    "country_code": "California City Blvd",
    "country": "California City Blvd"
  },
  {
    "username": "LuanAlb38703226",
    "followingArtist": "Tim Bergling",
    "country_code": "BR",
    "country": "Brazil"
  },
  {
    "username": "TangumaToral",
    "followingArtist": "Tim Bergling",
    "country_code": "MX",
    "country": "Mexico"
  },
  {
    "username": "tasajobanda",
    "followingArtist": "Tim Bergling",
    "country_code": "MX",
    "country": "Mexico"
  },
  {
    "username": "jeseniadelacru6",
    "followingArtist": "Tim Bergling",
    "country_code": "EC",
    "country": "Ecuador"
  },
  {
    "username": "TomAs35200749",
    "followingArtist": "Tim Bergling",
    "country_code": "FR",
    "country": "France"
  },
  {
    "username": "paulicorn1410",
    "followingArtist": "Tim Bergling",
    "country_code": "US",
    "country": "United States"
  },
  {
    "username": "Damruiz12",
    "followingArtist": "Tim Bergling",
    "country_code": "AR",
    "country": "Argentina"
  },
  {
    "username": "chaosmusic_",
    "followingArtist": "Tim Bergling",
    "country_code": "US",
    "country": "United States"
  },
  {
    "username": "shimon03861912",
    "followingArtist": "Tim Bergling",
    "country_code": "BR",
    "country": "Brazil"
  },
  {
    "username": "tarkiyakoii",
    "followingArtist": "Tim Bergling",
    "country_code": "US",
    "country": "United States"
  },
  {
    "username": "PFEMG_MUSIC",
    "followingArtist": "Tim Bergling",
    "country_code": "US",
    "country": "United States"
  },
  {
    "username": "charliyyydexyyy",
    "followingArtist": "Tim Bergling",
    "country_code": "TR",
    "country": "Turkey"
  },
  {
    "username": "RigeauxSolange",
    "followingArtist": "Tim Bergling",
    "country_code": "BE",
    "country": "Belgium"
  },
  {
    "username": "Nightcoreangel2",
    "followingArtist": "Tim Bergling",
    "country_code": "FR",
    "country": "France"
  },
  {
    "username": "Oficial_Salva24",
    "followingArtist": "Tim Bergling",
    "country_code": "IR",
    "country": "Iran"
  },
  {
    "username": "LosingBerta",
    "followingArtist": "Tim Bergling",
    "country_code": "US",
    "country": "United States"
  },
  {
    "username": "RobinNapMusic",
    "followingArtist": "Tim Bergling",
    "country_code": "NL",
    "country": "Netherlands"
  },
  {
    "username": "xgermenji",
    "followingArtist": "Tim Bergling",
    "country_code": "US",
    "country": "United States"
  },
  {
    "username": "villaruz_13",
    "followingArtist": "Tim Bergling",
    "country_code": "IT",
    "country": "Italy"
  },
  {
    "username": "desiraybino",
    "followingArtist": "Tim Bergling",
    "country_code": "HK",
    "country": "Hong Kong"
  },
  {
    "username": "RachelD35828314",
    "followingArtist": "Tim Bergling",
    "country_code": "GB",
    "country": "England"
  },
  {
    "username": "LLeminy",
    "followingArtist": "Tim Bergling",
    "country_code": "CO",
    "country": "Colombia"
  },
  {
    "username": "vicho2010d",
    "followingArtist": "Tim Bergling",
    "country_code": "MX",
    "country": "Mexico"
  },
  {
    "username": "PLURvrs",
    "followingArtist": "Tim Bergling",
    "country_code": "MX",
    "country": "Mexico"
  },
  {
    "username": "RealJCHGaming98",
    "followingArtist": "Tim Bergling",
    "country_code": "US",
    "country": "United States"
  },
  {
    "username": "ai_vaibhav",
    "followingArtist": "Tim Bergling",
    "country_code": "IN",
    "country": "India"
  },
  {
    "username": "DanielOzaltin",
    "followingArtist": "Tim Bergling",
    "country_code": "AU",
    "country": "Australia"
  },
  {
    "username": "speakthetr_th",
    "followingArtist": "Tim Bergling",
    "country_code": "UK",
    "country": "United Kingdom"
  },
  {
    "username": "JuanNelson7319",
    "followingArtist": "Tim Bergling",
    "country_code": "YT",
    "country": "Mayotte"
  },
  {
    "username": "cabaretzoo",
    "followingArtist": "Tim Bergling",
    "country_code": "ES",
    "country": "Spain"
  },
  {
    "username": "KocekLaura",
    "followingArtist": "Tim Bergling",
    "country_code": "US",
    "country": "United States"
  },
  {
    "username": "taintedcyclone",
    "followingArtist": "Tim Bergling",
    "country_code": "US",
    "country": "United States"
  },
  {
    "username": "KnotPj",
    "followingArtist": "Tim Bergling",
    "country_code": "TH",
    "country": "Thailand"
  },
  {
    "username": "mu_qiang",
    "followingArtist": "Tim Bergling",
    "country_code": "CN",
    "country": "China"
  },
  {
    "username": "BreehGois",
    "followingArtist": "Tim Bergling",
    "country_code": "BR",
    "country": "Brazil"
  },
  {
    "username": "Henry97613721",
    "followingArtist": "Tim Bergling",
    "country_code": "NG",
    "country": "Nigeria"
  },
  {
    "username": "domoniqxe",
    "followingArtist": "Tim Bergling",
    "country_code": "California City Blvd",
    "country": "California City Blvd"
  },
  {
    "username": "kulmiye95",
    "followingArtist": "Tim Bergling",
    "country_code": "AU",
    "country": "Australia"
  },
  {
    "username": "ErnestoDzib1",
    "followingArtist": "Tim Bergling",
    "country_code": "MX",
    "country": "Mexico"
  },
  {
    "username": "Jostin043",
    "followingArtist": "Tim Bergling",
    "country_code": "EC",
    "country": "Ecuador"
  },
  {
    "username": "BastianF18",
    "followingArtist": "Tim Bergling",
    "country_code": "ML",
    "country": "Mali"
  },
  {
    "username": "Missmarkovic",
    "followingArtist": "Tim Bergling",
    "country_code": "CA",
    "country": "Canada"
  },
  {
    "username": "nathana03833456",
    "followingArtist": "Tim Bergling",
    "country_code": "NZ",
    "country": "Aotearoa"
  },
  {
    "username": "kenyaalfonzo",
    "followingArtist": "Tim Bergling",
    "country_code": "VE",
    "country": "Venezuela"
  },
  {
    "username": "Gabo___18",
    "followingArtist": "Tim Bergling",
    "country_code": "MX",
    "country": "Mexico"
  },
  {
    "username": "LiliTdm",
    "followingArtist": "Tim Bergling",
    "country_code": "US",
    "country": "United States"
  },
  {
    "username": "LeyvaRosiitha",
    "followingArtist": "Tim Bergling",
    "country_code": "MX",
    "country": "Mexico"
  },
  {
    "username": "tonymidang",
    "followingArtist": "Tim Bergling",
    "country_code": "US",
    "country": "United States"
  },
  {
    "username": "Mary86060105",
    "followingArtist": "Tim Bergling",
    "country_code": "US",
    "country": "United States"
  },
  {
    "username": "Ale58283545",
    "followingArtist": "Tim Bergling",
    "country_code": "PE",
    "country": "Peru"
  },
  {
    "username": "Barlow95345725",
    "followingArtist": "Tim Bergling",
    "country_code": "NG",
    "country": "Nigeria"
  },
  {
    "username": "Deymar55601963",
    "followingArtist": "Tim Bergling",
    "country_code": "US",
    "country": "United States"
  },
  {
    "username": "AkshayP85687582",
    "followingArtist": "Tim Bergling",
    "country_code": "IN",
    "country": "India"
  },
  {
    "username": "Erick52599956",
    "followingArtist": "Tim Bergling",
    "country_code": "IT",
    "country": "Italy"
  },
  {
    "username": "kikoo_menezesss",
    "followingArtist": "Tim Bergling",
    "country_code": "PT",
    "country": "Portugal"
  },
  {
    "username": "EuanGray8",
    "followingArtist": "Tim Bergling",
    "country_code": "GB",
    "country": "England"
  },
  {
    "username": "stephflorentin1",
    "followingArtist": "Tim Bergling",
    "country_code": "US",
    "country": "United States"
  },
  {
    "username": "alejand53404898",
    "followingArtist": "Tim Bergling",
    "country_code": "CL",
    "country": "Chile"
  },
  {
    "username": "JaggerJen",
    "followingArtist": "Tim Bergling",
    "country_code": "UK",
    "country": "United Kingdom"
  },
  {
    "username": "Eduardo16082002",
    "followingArtist": "Tim Bergling",
    "country_code": "PT",
    "country": "Portugal"
  },
  {
    "username": "andresambrosio6",
    "followingArtist": "Tim Bergling",
    "country_code": "PH",
    "country": "Philippines"
  },
  {
    "username": "MathewRaymond12",
    "followingArtist": "Tim Bergling",
    "country_code": "NG",
    "country": "Nigeria"
  },
  {
    "username": "IsisClepatra1",
    "followingArtist": "Tim Bergling",
    "country_code": "ES",
    "country": "Spain"
  },
  {
    "username": "jhoenfhael",
    "followingArtist": "Tim Bergling",
    "country_code": "CO",
    "country": "Colombia"
  },
  {
    "username": "haruharu161616",
    "followingArtist": "Tim Bergling",
    "country_code": "JP",
    "country": "Japan"
  },
  {
    "username": "Strongerq1",
    "followingArtist": "Tim Bergling",
    "country_code": "MK",
    "country": "Macedonia"
  },
  {
    "username": "ballet_k92",
    "followingArtist": "Tim Bergling",
    "country_code": "PT",
    "country": "Portugal"
  },
  {
    "username": "WesleyOlivei163",
    "followingArtist": "Tim Bergling",
    "country_code": "PT",
    "country": "Portugal"
  },
  {
    "username": "edwardthepleb",
    "followingArtist": "Tim Bergling",
    "country_code": "AU",
    "country": "Australia"
  },
  {
    "username": "JefrinaThe",
    "followingArtist": "Tim Bergling",
    "country_code": "US",
    "country": "United States"
  },
  {
    "username": "CJNR13",
    "followingArtist": "Tim Bergling",
    "country_code": "PH",
    "country": "Philippines"
  },
  {
    "username": "millkiewayy",
    "followingArtist": "Tim Bergling",
    "country_code": "ES",
    "country": "Spain"
  },
  {
    "username": "sugiyama_0326",
    "followingArtist": "Tim Bergling",
    "country_code": "JP",
    "country": "Japan"
  },
  {
    "username": "ezepool33",
    "followingArtist": "Tim Bergling",
    "country_code": "MX",
    "country": "Mexico"
  },
  {
    "username": "JosshueVazquez",
    "followingArtist": "Tim Bergling",
    "country_code": "MX",
    "country": "Mexico"
  },
  {
    "username": "mafovalles",
    "followingArtist": "Tim Bergling",
    "country_code": "VE",
    "country": "Venezuela"
  },
  {
    "username": "ParakhSood",
    "followingArtist": "Tim Bergling",
    "country_code": "US",
    "country": "United States"
  },
  {
    "username": "ivonalejandram1",
    "followingArtist": "Tim Bergling",
    "country_code": "BR",
    "country": "Brazil"
  },
  {
    "username": "Leonard43825068",
    "followingArtist": "Tim Bergling",
    "country_code": "MX",
    "country": "Mexico"
  },
  {
    "username": "JosueGG7",
    "followingArtist": "Tim Bergling",
    "country_code": "IT",
    "country": "Italy"
  },
  {
    "username": "Sum41Seba",
    "followingArtist": "Tim Bergling",
    "country_code": "CL",
    "country": "Chile"
  },
  {
    "username": "JrMikky",
    "followingArtist": "Tim Bergling",
    "country_code": "ES",
    "country": "Spain"
  },
  {
    "username": "SergioGarcia623",
    "followingArtist": "Tim Bergling",
    "country_code": "UY",
    "country": "Uruguay"
  },
  {
    "username": "Sal25123132",
    "followingArtist": "Tim Bergling",
    "country_code": "MX",
    "country": "Mexico"
  },
  {
    "username": "arandoesstuff",
    "followingArtist": "Tim Bergling",
    "country_code": "GB",
    "country": "England"
  },
  {
    "username": "esme_fuentes18",
    "followingArtist": "Tim Bergling",
    "country_code": "California City Blvd",
    "country": "California City Blvd"
  },
  {
    "username": "AngelAM09351568",
    "followingArtist": "Tim Bergling",
    "country_code": "MX",
    "country": "Mexico"
  },
  {
    "username": "RolfiSchiaffino",
    "followingArtist": "Tim Bergling",
    "country_code": "IT",
    "country": "Italy"
  },
  {
    "username": "AngheloWilson",
    "followingArtist": "Tim Bergling",
    "country_code": "PE",
    "country": "Peru"
  },
  {
    "username": "tpatoncarstairs",
    "followingArtist": "Tim Bergling",
    "country_code": "GB",
    "country": "England"
  },
  {
    "username": "CarlosKamilo1",
    "followingArtist": "Tim Bergling",
    "country_code": "MX",
    "country": "Mexico"
  },
  {
    "username": "Triangularrrr",
    "followingArtist": "Tim Bergling",
    "country_code": "US",
    "country": "United States"
  },
  {
    "username": "ariadnalechon",
    "followingArtist": "Tim Bergling",
    "country_code": "ES",
    "country": "Spain"
  },
  {
    "username": "JodieMannFans",
    "followingArtist": "Tim Bergling",
    "country_code": "UK",
    "country": "United Kingdom"
  },
  {
    "username": "Oakey10",
    "followingArtist": "Tim Bergling",
    "country_code": "QA",
    "country": "Qatar"
  },
  {
    "username": "zaciani",
    "followingArtist": "Tim Bergling",
    "country_code": "CA",
    "country": "Canada"
  },
  {
    "username": "agnesgitams",
    "followingArtist": "Tim Bergling",
    "country_code": "ID",
    "country": "Indonesia"
  },
  {
    "username": "saadbm27",
    "followingArtist": "Tim Bergling",
    "country_code": "NG",
    "country": "Nigeria"
  },
  {
    "username": "sofita11032005",
    "followingArtist": "Tim Bergling",
    "country_code": "MX",
    "country": "Mexico"
  },
  {
    "username": "BlanRodriguez2",
    "followingArtist": "Tim Bergling",
    "country_code": "CL",
    "country": "Chile"
  },
  {
    "username": "AllChimmybts",
    "followingArtist": "Tim Bergling",
    "country_code": "US",
    "country": "United States"
  },
  {
    "username": "EMZ680",
    "followingArtist": "Tim Bergling",
    "country_code": "UK",
    "country": "United Kingdom"
  },
  {
    "username": "ViriDiazs",
    "followingArtist": "Tim Bergling",
    "country_code": "MX",
    "country": "Mexico"
  },
  {
    "username": "MiaMiaue",
    "followingArtist": "Tim Bergling",
    "country_code": "NP",
    "country": "Nepal"
  },
  {
    "username": "JohnThrottleRol",
    "followingArtist": "Tim Bergling",
    "country_code": "US",
    "country": "United States"
  },
  {
    "username": "MariaEd95487508",
    "followingArtist": "Tim Bergling",
    "country_code": "MZ",
    "country": "Mozambique"
  },
  {
    "username": "lizeth01116848",
    "followingArtist": "Tim Bergling",
    "country_code": "FR",
    "country": "France"
  },
  {
    "username": "dreamwinoff",
    "followingArtist": "Tim Bergling",
    "country_code": "US",
    "country": "United States"
  },
  {
    "username": "MariahFinch",
    "followingArtist": "Tim Bergling",
    "country_code": "US",
    "country": "United States"
  },
  {
    "username": "replixx_",
    "followingArtist": "Tim Bergling",
    "country_code": "IT",
    "country": "Italy"
  },
  {
    "username": "Go_11_28",
    "followingArtist": "Tim Bergling",
    "country_code": "FR",
    "country": "France"
  },
  {
    "username": "FcoMgx",
    "followingArtist": "Tim Bergling",
    "country_code": "PH",
    "country": "Philippines"
  },
  {
    "username": "honeine",
    "followingArtist": "Tim Bergling",
    "country_code": "US",
    "country": "United States"
  },
  {
    "username": "8024soichiro",
    "followingArtist": "Tim Bergling",
    "country_code": "JP",
    "country": "Japan"
  },
  {
    "username": "DiegoMo06958919",
    "followingArtist": "Tim Bergling",
    "country_code": "MX",
    "country": "Mexico"
  },
  {
    "username": "Thomasemorock",
    "followingArtist": "Tim Bergling",
    "country_code": "EC",
    "country": "Ecuador"
  },
  {
    "username": "6f2a682af0c544d",
    "followingArtist": "Tim Bergling",
    "country_code": "CO",
    "country": "Colombia"
  },
  {
    "username": "Spies_Boy",
    "followingArtist": "Tim Bergling",
    "country_code": "AU",
    "country": "Australia"
  },
  {
    "username": "Rayan_Nordien",
    "followingArtist": "Tim Bergling",
    "country_code": "AU",
    "country": "Australia"
  },
  {
    "username": "AbegaelMartinez",
    "followingArtist": "Tim Bergling",
    "country_code": "PH",
    "country": "Philippines"
  },
  {
    "username": "isabelVR_",
    "followingArtist": "Tim Bergling",
    "country_code": "GB",
    "country": "Wales"
  },
  {
    "username": "TirzaUrena",
    "followingArtist": "Tim Bergling",
    "country_code": "CO",
    "country": "Colombia"
  },
  {
    "username": "smochichi2",
    "followingArtist": "Tim Bergling",
    "country_code": "JP",
    "country": "Japan"
  },
  {
    "username": "DjStarMixDivine",
    "followingArtist": "Tim Bergling",
    "country_code": "ZW",
    "country": "Zimbabwe"
  },
  {
    "username": "eddie16691679",
    "followingArtist": "Tim Bergling",
    "country_code": "GB",
    "country": "Wales"
  },
  {
    "username": "maruta_nyasha",
    "followingArtist": "Tim Bergling",
    "country_code": "ZW",
    "country": "Zimbabwe"
  },
  {
    "username": "kaliric",
    "followingArtist": "Tim Bergling",
    "country_code": "FR",
    "country": "France"
  },
  {
    "username": "sanjaylfc",
    "followingArtist": "Tim Bergling",
    "country_code": "AR",
    "country": "Argentina"
  },
  {
    "username": "YaninaPortill10",
    "followingArtist": "Tim Bergling",
    "country_code": "PY",
    "country": "Paraguay"
  },
  {
    "username": "ak71516657",
    "followingArtist": "Tim Bergling",
    "country_code": "US",
    "country": "United States"
  },
  {
    "username": "mh012944063",
    "followingArtist": "Tim Bergling",
    "country_code": "SY",
    "country": "Syria"
  },
  {
    "username": "Ancanedo95",
    "followingArtist": "Tim Bergling",
    "country_code": "ES",
    "country": "Spain"
  },
  {
    "username": "kiddrick420",
    "followingArtist": "Tim Bergling",
    "country_code": "US",
    "country": "United States"
  },
  {
    "username": "UrbaniakAlice",
    "followingArtist": "Tim Bergling",
    "country_code": "NO",
    "country": "Norway"
  },
  {
    "username": "JuliusCmusic",
    "followingArtist": "Tim Bergling",
    "country_code": "NG",
    "country": "Nigeria"
  },
  {
    "username": "GermanArguell10",
    "followingArtist": "Tim Bergling",
    "country_code": "PE",
    "country": "Peru"
  },
  {
    "username": "iamdawoood",
    "followingArtist": "Tim Bergling",
    "country_code": "IN",
    "country": "India"
  },
  {
    "username": "TrevayneT",
    "followingArtist": "Tim Bergling",
    "country_code": "AU",
    "country": "Australia"
  },
  {
    "username": "aanwdn",
    "followingArtist": "Tim Bergling",
    "country_code": "ID",
    "country": "Indonesia"
  },
  {
    "username": "Bravo22nd",
    "followingArtist": "Tim Bergling",
    "country_code": "PH",
    "country": "Philippines"
  },
  {
    "username": "millonairekid",
    "followingArtist": "Tim Bergling",
    "country_code": "CO",
    "country": "Colombia"
  },
  {
    "username": "AasthaSipani",
    "followingArtist": "Tim Bergling",
    "country_code": "IN",
    "country": "India"
  },
  {
    "username": "kennisosa",
    "followingArtist": "Tim Bergling",
    "country_code": "US",
    "country": "United States"
  },
  {
    "username": "PercifieldPaul",
    "followingArtist": "Tim Bergling",
    "country_code": "US",
    "country": "United States"
  },
  {
    "username": "marcus_sikora",
    "followingArtist": "Tim Bergling",
    "country_code": "BF",
    "country": "Burkina Faso"
  },
  {
    "username": "eli_bustos5",
    "followingArtist": "Tim Bergling",
    "country_code": "EC",
    "country": "Ecuador"
  },
  {
    "username": "annaestateagent",
    "followingArtist": "Tim Bergling",
    "country_code": "IT",
    "country": "Italy"
  },
  {
    "username": "mayaarbidx",
    "followingArtist": "Tim Bergling",
    "country_code": "CH",
    "country": "Switzerland"
  },
  {
    "username": "CeelyFlores_",
    "followingArtist": "Tim Bergling",
    "country_code": "ES",
    "country": "Spain"
  },
  {
    "username": "segamits5",
    "followingArtist": "Tim Bergling",
    "country_code": "MX",
    "country": "Mexico"
  },
  {
    "username": "Ana62483129",
    "followingArtist": "Tim Bergling",
    "country_code": "BR",
    "country": "Brazil"
  },
  {
    "username": "faisalfalsaif",
    "followingArtist": "Tim Bergling",
    "country_code": "NO",
    "country": "Norway"
  },
  {
    "username": "ArtistsBuzz",
    "followingArtist": "Tim Bergling",
    "country_code": "US",
    "country": "United States"
  },
  {
    "username": "LyricsToday1",
    "followingArtist": "Tim Bergling",
    "country_code": "ES",
    "country": "Spain"
  },
  {
    "username": "KathleenMoorePR",
    "followingArtist": "Tim Bergling",
    "country_code": "NG",
    "country": "Nigeria"
  },
  {
    "username": "6SXRed",
    "followingArtist": "Tim Bergling",
    "country_code": "IT",
    "country": "Italy"
  },
  {
    "username": "Marsesgil_24",
    "followingArtist": "Tim Bergling",
    "country_code": "VE",
    "country": "Venezuela"
  },
  {
    "username": "HarronCandaza",
    "followingArtist": "Tim Bergling",
    "country_code": "PH",
    "country": "Philippines"
  },
  {
    "username": "mathiis_rl",
    "followingArtist": "Tim Bergling",
    "country_code": "FR",
    "country": "France"
  },
  {
    "username": "SilvanaAltuve",
    "followingArtist": "Tim Bergling",
    "country_code": "US",
    "country": "United States"
  },
  {
    "username": "JKalaris",
    "followingArtist": "Tim Bergling",
    "country_code": "GR",
    "country": "Greece"
  },
  {
    "username": "AliChisom3",
    "followingArtist": "Tim Bergling",
    "country_code": "NG",
    "country": "Nigeria"
  },
  {
    "username": "FuriArtist",
    "followingArtist": "Tim Bergling",
    "country_code": "US",
    "country": "United States"
  },
  {
    "username": "char_b612",
    "followingArtist": "Tim Bergling",
    "country_code": "UK",
    "country": "United Kingdom"
  },
  {
    "username": "NSK1394",
    "followingArtist": "Tim Bergling",
    "country_code": "IN",
    "country": "India"
  },
  {
    "username": "_claramizrahi",
    "followingArtist": "Tim Bergling",
    "country_code": "IT",
    "country": "Italy"
  },
  {
    "username": "thiagoxbK",
    "followingArtist": "Tim Bergling",
    "country_code": "BR",
    "country": "Brazil"
  },
  {
    "username": "Carpiojona3",
    "followingArtist": "Tim Bergling",
    "country_code": "US",
    "country": "United States"
  },
  {
    "username": "Iittlehedgehog",
    "followingArtist": "Tim Bergling",
    "country_code": "US",
    "country": "United States"
  },
  {
    "username": "happycavern",
    "followingArtist": "Tim Bergling",
    "country_code": "ES",
    "country": "Spain"
  },
  {
    "username": "LeifTheSly",
    "followingArtist": "Tim Bergling",
    "country_code": "US",
    "country": "United States"
  },
  {
    "username": "TNatia1",
    "followingArtist": "Tim Bergling",
    "country_code": "DE",
    "country": "Germany"
  },
  {
    "username": "DFWPatriotsfan",
    "followingArtist": "Tim Bergling",
    "country_code": "US",
    "country": "United States"
  },
  {
    "username": "ZeenathNeymar",
    "followingArtist": "Tim Bergling",
    "country_code": "PK",
    "country": "Pakistan"
  },
  {
    "username": "iniestaaaaaaan",
    "followingArtist": "Tim Bergling",
    "country_code": "BR",
    "country": "Brazil"
  },
  {
    "username": "SoumarePapa2",
    "followingArtist": "Tim Bergling",
    "country_code": "FR",
    "country": "France"
  },
  {
    "username": "Dinukara96",
    "followingArtist": "Tim Bergling",
    "country_code": "ID",
    "country": "Indonesia"
  },
  {
    "username": "LongiKA2",
    "followingArtist": "Tim Bergling",
    "country_code": "FR",
    "country": "France"
  },
  {
    "username": "sooobro",
    "followingArtist": "Tim Bergling",
    "country_code": "AF",
    "country": "Afghanistan"
  },
  {
    "username": "Chigozi25746592",
    "followingArtist": "Tim Bergling",
    "country_code": "US",
    "country": "United States"
  },
  {
    "username": "Jmarco97",
    "followingArtist": "Tim Bergling",
    "country_code": "VU",
    "country": "Vanuatu"
  },
  {
    "username": "caoler21",
    "followingArtist": "Tim Bergling",
    "country_code": "US",
    "country": "United States"
  },
  {
    "username": "number9inelarge",
    "followingArtist": "Tim Bergling",
    "country_code": "NG",
    "country": "Nigeria"
  },
  {
    "username": "mdmirza95415357",
    "followingArtist": "Tim Bergling",
    "country_code": "BD",
    "country": "Bangladesh"
  },
  {
    "username": "AinaFar33214150",
    "followingArtist": "Tim Bergling",
    "country_code": "MY",
    "country": "Malaysia"
  },
  {
    "username": "sinanIsa7",
    "followingArtist": "Tim Bergling",
    "country_code": "UG",
    "country": "Uganda"
  },
  {
    "username": "yaximini",
    "followingArtist": "Tim Bergling",
    "country_code": "VU",
    "country": "Vanuatu"
  },
  {
    "username": "NemsNdala",
    "followingArtist": "Tim Bergling",
    "country_code": "CD",
    "country": "Democratic Republic of Congo"
  },
  {
    "username": "Andrew38634193",
    "followingArtist": "Tim Bergling",
    "country_code": "UK",
    "country": "United Kingdom"
  },
  {
    "username": "kashyap656",
    "followingArtist": "Tim Bergling",
    "country_code": "IN",
    "country": "India"
  },
  {
    "username": "Gillmo4",
    "followingArtist": "Tim Bergling",
    "country_code": "TZ",
    "country": "Tanzania"
  },
  {
    "username": "HamidTanveer6",
    "followingArtist": "Tim Bergling",
    "country_code": "PK",
    "country": "Pakistan"
  },
  {
    "username": "DoffourEmmanue4",
    "followingArtist": "Tim Bergling",
    "country_code": "GH",
    "country": "Ghana"
  },
  {
    "username": "ricki_1999",
    "followingArtist": "Tim Bergling",
    "country_code": "ES",
    "country": "Spain"
  },
  {
    "username": "HasanAresh",
    "followingArtist": "Tim Bergling",
    "country_code": "BD",
    "country": "Bangladesh"
  },
  {
    "username": "jerrychch",
    "followingArtist": "Tim Bergling",
    "country_code": "California City Blvd",
    "country": "California City Blvd"
  },
  {
    "username": "Mariaaaaa025",
    "followingArtist": "Tim Bergling",
    "country_code": "US",
    "country": "United States"
  },
  {
    "username": "AkashKhanShaki1",
    "followingArtist": "Tim Bergling",
    "country_code": "BD",
    "country": "Bangladesh"
  },
  {
    "username": "naidin_andreea",
    "followingArtist": "Tim Bergling",
    "country_code": "GB",
    "country": "Wales"
  },
  {
    "username": "BB_s501",
    "followingArtist": "Tim Bergling",
    "country_code": "US",
    "country": "United States"
  },
  {
    "username": "DezzoulD",
    "followingArtist": "Tim Bergling",
    "country_code": "US",
    "country": "United States"
  },
  {
    "username": "Exverio1",
    "followingArtist": "Tim Bergling",
    "country_code": "ZW",
    "country": "Zimbabwe"
  },
  {
    "username": "mdrimonislamra",
    "followingArtist": "Tim Bergling",
    "country_code": "BD",
    "country": "Bangladesh"
  },
  {
    "username": "Sami48009005",
    "followingArtist": "Tim Bergling",
    "country_code": "FR",
    "country": "France"
  },
  {
    "username": "Esteban72805420",
    "followingArtist": "Tim Bergling",
    "country_code": "CR",
    "country": "Costa Rica"
  },
  {
    "username": "FrannLawliett",
    "followingArtist": "Tim Bergling",
    "country_code": "NG",
    "country": "Nigeria"
  },
  {
    "username": "MariferVillalta",
    "followingArtist": "Tim Bergling",
    "country_code": "US",
    "country": "United States"
  },
  {
    "username": "jade62991454",
    "followingArtist": "Tim Bergling",
    "country_code": "US",
    "country": "United States"
  },
  {
    "username": "ImaaxA",
    "followingArtist": "Tim Bergling",
    "country_code": "MV",
    "country": "Maldives"
  },
  {
    "username": "concretenative2",
    "followingArtist": "Tim Bergling",
    "country_code": "UK",
    "country": "United Kingdom"
  },
  {
    "username": "Derron36371950",
    "followingArtist": "Tim Bergling",
    "country_code": "CA",
    "country": "Canada"
  },
  {
    "username": "Genesis51932860",
    "followingArtist": "Tim Bergling",
    "country_code": "US",
    "country": "United States"
  },
  {
    "username": "MelissaBoateng2",
    "followingArtist": "Tim Bergling",
    "country_code": "US",
    "country": "United States"
  },
  {
    "username": "MiguelC35217897",
    "followingArtist": "Tim Bergling",
    "country_code": "NG",
    "country": "Nigeria"
  },
  {
    "username": "AliQure59735963",
    "followingArtist": "Tim Bergling",
    "country_code": "PK",
    "country": "Pakistan"
  },
  {
    "username": "keeciyuna",
    "followingArtist": "Tim Bergling",
    "country_code": "US",
    "country": "United States"
  },
  {
    "username": "RenaeGomez7",
    "followingArtist": "Tim Bergling",
    "country_code": "US",
    "country": "United States"
  },
  {
    "username": "SpecialKDammit",
    "followingArtist": "Tim Bergling",
    "country_code": "US",
    "country": "United States"
  },
  {
    "username": "0801_radwimps",
    "followingArtist": "Tim Bergling",
    "country_code": "US",
    "country": "United States"
  },
  {
    "username": "soniastrong",
    "followingArtist": "Tim Bergling",
    "country_code": "US",
    "country": "United States"
  },
  {
    "username": "bryce_fo",
    "followingArtist": "Tim Bergling",
    "country_code": "GB",
    "country": "Wales"
  },
  {
    "username": "Shbo73",
    "followingArtist": "Tim Bergling",
    "country_code": "SD",
    "country": "Sudan"
  },
  {
    "username": "VanitoChioza",
    "followingArtist": "Tim Bergling",
    "country_code": "MZ",
    "country": "Mozambique"
  },
  {
    "username": "evann118",
    "followingArtist": "Tim Bergling",
    "country_code": "US",
    "country": "United States"
  },
  {
    "username": "A7_Abdelhak96",
    "followingArtist": "Tim Bergling",
    "country_code": "NL",
    "country": "Netherlands"
  },
  {
    "username": "alexfr2oo1",
    "followingArtist": "Tim Bergling",
    "country_code": "US",
    "country": "United States"
  },
  {
    "username": "idrissa99862358",
    "followingArtist": "Tim Bergling",
    "country_code": "SN",
    "country": "Senegal"
  },
  {
    "username": "TiffanyCheney7",
    "followingArtist": "Tim Bergling",
    "country_code": "US",
    "country": "United States"
  },
  {
    "username": "RosieAl2",
    "followingArtist": "Tim Bergling",
    "country_code": "NG",
    "country": "Nigeria"
  },
  {
    "username": "NatTonOr",
    "followingArtist": "Tim Bergling",
    "country_code": "UK",
    "country": "United Kingdom"
  },
  {
    "username": "coolgir90699091",
    "followingArtist": "Tim Bergling",
    "country_code": "N Oklahoma",
    "country": "N Oklahoma"
  },
  {
    "username": "n_luthor",
    "followingArtist": "Tim Bergling",
    "country_code": "US",
    "country": "United States"
  },
  {
    "username": "Hamim3666",
    "followingArtist": "Tim Bergling",
    "country_code": "BD",
    "country": "Bangladesh"
  },
  {
    "username": "StefanieBraem1",
    "followingArtist": "Tim Bergling",
    "country_code": "BE",
    "country": "Belgium"
  },
  {
    "username": "Cacahuate_Payne",
    "followingArtist": "Tim Bergling",
    "country_code": "ES",
    "country": "Spain"
  },
  {
    "username": "Dreamy_Pumpkin",
    "followingArtist": "Tim Bergling",
    "country_code": "CZ",
    "country": "Czech Republic"
  },
  {
    "username": "CyndiKecy",
    "followingArtist": "Tim Bergling",
    "country_code": "BW",
    "country": "Botswana"
  },
  {
    "username": "SLG37685512",
    "followingArtist": "Tim Bergling",
    "country_code": "BE",
    "country": "Belgium"
  },
  {
    "username": "brenke_jessa",
    "followingArtist": "Tim Bergling",
    "country_code": "US",
    "country": "United States"
  },
  {
    "username": "jattjannu",
    "followingArtist": "Tim Bergling",
    "country_code": "IN",
    "country": "India"
  },
  {
    "username": "storys_a",
    "followingArtist": "Tim Bergling",
    "country_code": "US",
    "country": "United States"
  },
  {
    "username": "lamin140",
    "followingArtist": "Tim Bergling",
    "country_code": "US",
    "country": "United States"
  },
  {
    "username": "muhamma06952065",
    "followingArtist": "Tim Bergling",
    "country_code": "PK",
    "country": "Pakistan"
  },
  {
    "username": "limon_mosiur",
    "followingArtist": "Tim Bergling",
    "country_code": "BD",
    "country": "Bangladesh"
  },
  {
    "username": "MuhamadRiskyRa3",
    "followingArtist": "Tim Bergling",
    "country_code": "ID",
    "country": "Indonesia"
  },
  {
    "username": "euphorwrfr",
    "followingArtist": "Tim Bergling",
    "country_code": "Main St",
    "country": "Main St"
  },
  {
    "username": "Dino20523678",
    "followingArtist": "Tim Bergling",
    "country_code": "GB",
    "country": "Wales"
  },
  {
    "username": "ColeKinky",
    "followingArtist": "Tim Bergling",
    "country_code": "ZA",
    "country": "South Africa"
  },
  {
    "username": "Bobbiedoll88",
    "followingArtist": "Tim Bergling",
    "country_code": "US",
    "country": "United States"
  },
  {
    "username": "princessLeziar",
    "followingArtist": "Tim Bergling",
    "country_code": "PE",
    "country": "Peru"
  },
  {
    "username": "Rhasese1991",
    "followingArtist": "Tim Bergling",
    "country_code": "JP",
    "country": "Japan"
  },
  {
    "username": "Raphael87234000",
    "followingArtist": "Tim Bergling",
    "country_code": "FR",
    "country": "France"
  },
  {
    "username": "SnakesCantSwim",
    "followingArtist": "Tim Bergling",
    "country_code": "AU",
    "country": "Australia"
  },
  {
    "username": "saboktindayan",
    "followingArtist": "Tim Bergling",
    "country_code": "BJ",
    "country": "Benin"
  },
  {
    "username": "TrayMusicEST",
    "followingArtist": "Tim Bergling",
    "country_code": "EE",
    "country": "Estonia"
  },
  {
    "username": "Yashrajsinh7880",
    "followingArtist": "Tim Bergling",
    "country_code": "IN",
    "country": "India"
  },
  {
    "username": "TPtproject",
    "followingArtist": "Tim Bergling",
    "country_code": "NO",
    "country": "Norway"
  },
  {
    "username": "LocketUk",
    "followingArtist": "Tim Bergling",
    "country_code": "UK",
    "country": "United Kingdom"
  },
  {
    "username": "robthehuman1",
    "followingArtist": "Tim Bergling",
    "country_code": "BR",
    "country": "Brazil"
  },
  {
    "username": "NR200487",
    "followingArtist": "Tim Bergling",
    "country_code": "MU",
    "country": "Mauritius"
  },
  {
    "username": "JackoWadsworth",
    "followingArtist": "Tim Bergling",
    "country_code": "AU",
    "country": "Australia"
  },
  {
    "username": "MariamDvalishv7",
    "followingArtist": "Tim Bergling",
    "country_code": "US",
    "country": "United States"
  },
  {
    "username": "midoriyallan",
    "followingArtist": "Tim Bergling",
    "country_code": "FR",
    "country": "France"
  },
  {
    "username": "CalvioFrancesc1",
    "followingArtist": "Tim Bergling",
    "country_code": "IT",
    "country": "Italy"
  },
  {
    "username": "RiposoV",
    "followingArtist": "Tim Bergling",
    "country_code": "FR",
    "country": "France"
  },
  {
    "username": "BylonLevy",
    "followingArtist": "Tim Bergling",
    "country_code": "BR",
    "country": "Brazil"
  },
  {
    "username": "ShafranAhamed",
    "followingArtist": "Tim Bergling",
    "country_code": "ID",
    "country": "Indonesia"
  },
  {
    "username": "YahyaKh23709724",
    "followingArtist": "Tim Bergling",
    "country_code": "PK",
    "country": "Pakistan"
  },
  {
    "username": "EzamaBabikiri",
    "followingArtist": "Tim Bergling",
    "country_code": "UG",
    "country": "Uganda"
  },
  {
    "username": "maria44104915",
    "followingArtist": "Tim Bergling",
    "country_code": "US",
    "country": "United States"
  },
  {
    "username": "Muzammal_Dax",
    "followingArtist": "Tim Bergling",
    "country_code": "PK",
    "country": "Pakistan"
  },
  {
    "username": "FOXXIE1995",
    "followingArtist": "Tim Bergling",
    "country_code": "ZW",
    "country": "Zimbabwe"
  },
  {
    "username": "AkechLuka",
    "followingArtist": "Tim Bergling",
    "country_code": "BJ",
    "country": "Benin"
  },
  {
    "username": "DJ_Nuttnbuttz",
    "followingArtist": "Tim Bergling",
    "country_code": "US",
    "country": "United States"
  },
  {
    "username": "BrandonnGist3",
    "followingArtist": "Tim Bergling",
    "country_code": "US",
    "country": "United States"
  },
  {
    "username": "AlejandroDLR3",
    "followingArtist": "Tim Bergling",
    "country_code": "MX",
    "country": "Mexico"
  },
  {
    "username": "BRGHTSuicide",
    "followingArtist": "Tim Bergling",
    "country_code": "CA",
    "country": "Canada"
  },
  {
    "username": "Smartkiddy4",
    "followingArtist": "Tim Bergling",
    "country_code": "AU",
    "country": "Australia"
  },
  {
    "username": "JingreeShavin",
    "followingArtist": "Tim Bergling",
    "country_code": "CA",
    "country": "Canada"
  },
  {
    "username": "ignacio55983255",
    "followingArtist": "Tim Bergling",
    "country_code": "CL",
    "country": "Chile"
  },
  {
    "username": "ShaoYilin",
    "followingArtist": "Tim Bergling",
    "country_code": "US",
    "country": "United States"
  },
  {
    "username": "KJHayes12",
    "followingArtist": "Tim Bergling",
    "country_code": "US",
    "country": "United States"
  },
  {
    "username": "ObasDj",
    "followingArtist": "Tim Bergling",
    "country_code": "US",
    "country": "United States"
  },
  {
    "username": "Evan18684403",
    "followingArtist": "Tim Bergling",
    "country_code": "US",
    "country": "United States"
  },
  {
    "username": "Jacob__Gateb",
    "followingArtist": "Tim Bergling",
    "country_code": "US",
    "country": "United States"
  },
  {
    "username": "HijerraLucas",
    "followingArtist": "Tim Bergling",
    "country_code": "ES",
    "country": "Spain"
  },
  {
    "username": "YuBinrui",
    "followingArtist": "Tim Bergling",
    "country_code": "CN",
    "country": "China"
  },
  {
    "username": "Suckafree00N",
    "followingArtist": "Tim Bergling",
    "country_code": "US",
    "country": "United States"
  },
  {
    "username": "ThBlandine",
    "followingArtist": "Tim Bergling",
    "country_code": "FR",
    "country": "France"
  },
  {
    "username": "blakechenderson",
    "followingArtist": "Tim Bergling",
    "country_code": "US",
    "country": "United States"
  },
  {
    "username": "JoeyAbby4",
    "followingArtist": "Tim Bergling",
    "country_code": "GH",
    "country": "Ghana"
  },
  {
    "username": "DevinJuarez16",
    "followingArtist": "Tim Bergling",
    "country_code": "NG",
    "country": "Nigeria"
  },
  {
    "username": "partain_bobby",
    "followingArtist": "Tim Bergling",
    "country_code": "US",
    "country": "United States"
  },
  {
    "username": "JacobUsif",
    "followingArtist": "Tim Bergling",
    "country_code": "GH",
    "country": "Ghana"
  },
  {
    "username": "DanielA67455190",
    "followingArtist": "Tim Bergling",
    "country_code": "CL",
    "country": "Chile"
  },
  {
    "username": "CindellH",
    "followingArtist": "Tim Bergling",
    "country_code": "PY",
    "country": "Paraguay"
  },
  {
    "username": "michaelmwelwa7",
    "followingArtist": "Tim Bergling",
    "country_code": "ZM",
    "country": "Zambia"
  },
  {
    "username": "ErikWitz",
    "followingArtist": "Tim Bergling",
    "country_code": "US",
    "country": "United States"
  },
  {
    "username": "jorge22837196",
    "followingArtist": "Tim Bergling",
    "country_code": "AU",
    "country": "Australia"
  },
  {
    "username": "YuvnTi",
    "followingArtist": "Tim Bergling",
    "country_code": "US",
    "country": "United States"
  },
  {
    "username": "DlmMcdonnel",
    "followingArtist": "Tim Bergling",
    "country_code": "ZW",
    "country": "Zimbabwe"
  },
  {
    "username": "Elijah09709230",
    "followingArtist": "Tim Bergling",
    "country_code": "California City Blvd",
    "country": "California City Blvd"
  },
  {
    "username": "looklikeshaggy",
    "followingArtist": "Tim Bergling",
    "country_code": "GB",
    "country": "Wales"
  },
  {
    "username": "SophieH75684865",
    "followingArtist": "Tim Bergling",
    "country_code": "UK",
    "country": "United Kingdom"
  },
  {
    "username": "MC19023",
    "followingArtist": "Tim Bergling",
    "country_code": "SI",
    "country": "Slovenia"
  },
  {
    "username": "AriasSther17",
    "followingArtist": "Tim Bergling",
    "country_code": "US",
    "country": "United States"
  },
  {
    "username": "Elbieta36400826",
    "followingArtist": "Tim Bergling",
    "country_code": "PL",
    "country": "Poland"
  },
  {
    "username": "abu_munchen",
    "followingArtist": "Tim Bergling",
    "country_code": "DE",
    "country": "Germany"
  },
  {
    "username": "AlvaradoLooba",
    "followingArtist": "Tim Bergling",
    "country_code": "EC",
    "country": "Ecuador"
  },
  {
    "username": "leo10329",
    "followingArtist": "Tim Bergling",
    "country_code": "NL",
    "country": "Netherlands"
  },
  {
    "username": "mohamedmulaffa9",
    "followingArtist": "Tim Bergling",
    "country_code": "LK",
    "country": "Sri Lanka"
  },
  {
    "username": "xtrpl6",
    "followingArtist": "Tim Bergling",
    "country_code": "US",
    "country": "United States"
  },
  {
    "username": "KokabNureen",
    "followingArtist": "Tim Bergling",
    "country_code": "PK",
    "country": "Pakistan"
  },
  {
    "username": "LahiruPeiris11",
    "followingArtist": "Tim Bergling",
    "country_code": "IT",
    "country": "Italy"
  },
  {
    "username": "DaniellePragit1",
    "followingArtist": "Tim Bergling",
    "country_code": "US",
    "country": "United States"
  },
  {
    "username": "hinakoks3331",
    "followingArtist": "Tim Bergling",
    "country_code": "CA",
    "country": "Canada"
  },
  {
    "username": "OstineChristian",
    "followingArtist": "Tim Bergling",
    "country_code": "GH",
    "country": "Ghana"
  },
  {
    "username": "BouhayaO",
    "followingArtist": "Tim Bergling",
    "country_code": "NL",
    "country": "Netherlands"
  },
  {
    "username": "ScottMcNeill33",
    "followingArtist": "Tim Bergling",
    "country_code": "CA",
    "country": "Canada"
  },
  {
    "username": "TimGale20",
    "followingArtist": "Tim Bergling",
    "country_code": "US",
    "country": "United States"
  },
  {
    "username": "JacksonWuXX",
    "followingArtist": "Tim Bergling",
    "country_code": "US",
    "country": "United States"
  },
  {
    "username": "Brettcrogers1",
    "followingArtist": "Tim Bergling",
    "country_code": "RE",
    "country": "Reunion"
  },
  {
    "username": "Ambrosi97571071",
    "followingArtist": "Tim Bergling",
    "country_code": "US",
    "country": "United States"
  },
  {
    "username": "JKaljura",
    "followingArtist": "Tim Bergling",
    "country_code": "EE",
    "country": "Estonia"
  },
  {
    "username": "Ciarahoulihan3",
    "followingArtist": "Tim Bergling",
    "country_code": "IE",
    "country": "Ireland"
  },
  {
    "username": "craigta31985786",
    "followingArtist": "Tim Bergling",
    "country_code": "GB",
    "country": "Wales"
  },
  {
    "username": "beatriz22062333",
    "followingArtist": "Tim Bergling",
    "country_code": "VU",
    "country": "Vanuatu"
  },
  {
    "username": "Al98967209",
    "followingArtist": "Tim Bergling",
    "country_code": "CN",
    "country": "China"
  },
  {
    "username": "Exiled_Person",
    "followingArtist": "Tim Bergling",
    "country_code": "CN",
    "country": "China"
  },
  {
    "username": "prat_chandrani",
    "followingArtist": "Tim Bergling",
    "country_code": "IN",
    "country": "India"
  },
  {
    "username": "KaciBrown",
    "followingArtist": "Tim Bergling",
    "country_code": "NG",
    "country": "Nigeria"
  },
  {
    "username": "damiensantiag12",
    "followingArtist": "Tim Bergling",
    "country_code": "FR",
    "country": "France"
  },
  {
    "username": "MubitaChoolwe",
    "followingArtist": "Tim Bergling",
    "country_code": "ZM",
    "country": "Zambia"
  },
  {
    "username": "Felipe12244537",
    "followingArtist": "Tim Bergling",
    "country_code": "CL",
    "country": "Chile"
  },
  {
    "username": "SimonaCardinal",
    "followingArtist": "Tim Bergling",
    "country_code": "CA",
    "country": "Canada"
  },
  {
    "username": "Emma80767794",
    "followingArtist": "Tim Bergling",
    "country_code": "US",
    "country": "United States"
  },
  {
    "username": "MadDog51650849",
    "followingArtist": "Tim Bergling",
    "country_code": "DE",
    "country": "Germany"
  },
  {
    "username": "FaceHD1",
    "followingArtist": "Tim Bergling",
    "country_code": "US",
    "country": "United States"
  },
  {
    "username": "Yeezy57779676",
    "followingArtist": "Tim Bergling",
    "country_code": "CI",
    "country": "Cote D'Ivoire"
  },
  {
    "username": "PawlingSydney",
    "followingArtist": "Tim Bergling",
    "country_code": "US",
    "country": "United States"
  },
  {
    "username": "lotty_ava",
    "followingArtist": "Tim Bergling",
    "country_code": "IE",
    "country": "Ireland"
  },
  {
    "username": "BacalimVlad",
    "followingArtist": "Tim Bergling",
    "country_code": "CH",
    "country": "Switzerland"
  },
  {
    "username": "GeorgiA90632345",
    "followingArtist": "Tim Bergling",
    "country_code": "GR",
    "country": "Greece"
  },
  {
    "username": "Michell15246406",
    "followingArtist": "Tim Bergling",
    "country_code": "AU",
    "country": "Australia"
  },
  {
    "username": "rashelkatrin1",
    "followingArtist": "Tim Bergling",
    "country_code": "FR",
    "country": "France"
  },
  {
    "username": "kotei_gabriel",
    "followingArtist": "Tim Bergling",
    "country_code": "GH",
    "country": "Ghana"
  },
  {
    "username": "miliePetit6",
    "followingArtist": "Tim Bergling",
    "country_code": "FR",
    "country": "France"
  },
  {
    "username": "AlvaropopMadeby",
    "followingArtist": "Tim Bergling",
    "country_code": "GB",
    "country": "Wales"
  },
  {
    "username": "WozKasia",
    "followingArtist": "Tim Bergling",
    "country_code": "PL",
    "country": "Poland"
  },
  {
    "username": "Tissboi1",
    "followingArtist": "Tim Bergling",
    "country_code": "BR",
    "country": "Brazil"
  },
  {
    "username": "BlueberryButt2",
    "followingArtist": "Tim Bergling",
    "country_code": "US",
    "country": "United States"
  },
  {
    "username": "SpicyTrend",
    "followingArtist": "Tim Bergling",
    "country_code": "GH",
    "country": "Ghana"
  },
  {
    "username": "StefanDuke08",
    "followingArtist": "Tim Bergling",
    "country_code": "ID",
    "country": "Indonesia"
  },
  {
    "username": "snotygoblin99",
    "followingArtist": "Tim Bergling",
    "country_code": "GB",
    "country": "Wales"
  },
  {
    "username": "Genaro61512605",
    "followingArtist": "Tim Bergling",
    "country_code": "RU",
    "country": "Russia"
  },
  {
    "username": "iamdamian101",
    "followingArtist": "Tim Bergling",
    "country_code": "ZM",
    "country": "Zambia"
  }
]