[
  {
    "username": "RPgurung1",
    "followingArtist": "Era Istrefi",
    "country_code": "IN",
    "country": "India"
  },
  {
    "username": "JusTGamorra",
    "followingArtist": "Era Istrefi",
    "country_code": "FR",
    "country": "France"
  },
  {
    "username": "EssamAdhem",
    "followingArtist": "Era Istrefi",
    "country_code": "EG",
    "country": "Egypt"
  },
  {
    "username": "Emon39078666",
    "followingArtist": "Era Istrefi",
    "country_code": "BD",
    "country": "Bangladesh"
  },
  {
    "username": "naim_xhelili",
    "followingArtist": "Era Istrefi",
    "country_code": "MK",
    "country": "F.Y.R.O.M."
  },
  {
    "username": "Lady_lady92",
    "followingArtist": "Era Istrefi",
    "country_code": "US",
    "country": "USA"
  },
  {
    "username": "EnesCosovic",
    "followingArtist": "Era Istrefi",
    "country_code": "US",
    "country": "USA"
  },
  {
    "username": "miguel_jrz",
    "followingArtist": "Era Istrefi",
    "country_code": "US",
    "country": "USA"
  },
  {
    "username": "QSejdaj",
    "followingArtist": "Era Istrefi",
    "country_code": "FR",
    "country": "France"
  },
  {
    "username": "iamthenavilshah",
    "followingArtist": "Era Istrefi",
    "country_code": "IN",
    "country": "India"
  },
  {
    "username": "marian49944154",
    "followingArtist": "Era Istrefi",
    "country_code": "IT",
    "country": "Italy"
  },
  {
    "username": "theannaribeiroo",
    "followingArtist": "Era Istrefi",
    "country_code": "FR",
    "country": "France"
  },
  {
    "username": "salma_safwat94",
    "followingArtist": "Era Istrefi",
    "country_code": "EG",
    "country": "Egypt"
  },
  {
    "username": "sed021",
    "followingArtist": "Era Istrefi",
    "country_code": "AE",
    "country": "United Arab Emirates"
  },
  {
    "username": "ikujtimi",
    "followingArtist": "Era Istrefi",
    "country_code": "XK",
    "country": "XK"
  },
  {
    "username": "uka_erion",
    "followingArtist": "Era Istrefi",
    "country_code": "UA",
    "country": "Ukraine"
  },
  {
    "username": "Madmax6663",
    "followingArtist": "Era Istrefi",
    "country_code": "FR",
    "country": "France"
  },
  {
    "username": "nandyVarman",
    "followingArtist": "Era Istrefi",
    "country_code": "IN",
    "country": "India"
  },
  {
    "username": "Fortesaa4",
    "followingArtist": "Era Istrefi",
    "country_code": "AE",
    "country": "United Arab Emirates"
  },
  {
    "username": "lito_sergei",
    "followingArtist": "Era Istrefi",
    "country_code": "IT",
    "country": "Italy"
  },
  {
    "username": "kramober",
    "followingArtist": "Era Istrefi",
    "country_code": "UA",
    "country": "Ukraine"
  },
  {
    "username": "EuropaKinkCpl",
    "followingArtist": "Era Istrefi",
    "country_code": "US",
    "country": "USA"
  },
  {
    "username": "1997JamesG",
    "followingArtist": "Era Istrefi",
    "country_code": "US",
    "country": "USA"
  },
  {
    "username": "_ChicagoMusic_",
    "followingArtist": "Era Istrefi",
    "country_code": "US",
    "country": "USA"
  },
  {
    "username": "xgermenji",
    "followingArtist": "Era Istrefi",
    "country_code": "US",
    "country": "USA"
  },
  {
    "username": "Nitiiiiiiiiii",
    "followingArtist": "Era Istrefi",
    "country_code": "US",
    "country": "USA"
  },
  {
    "username": "ilaz11188307",
    "followingArtist": "Era Istrefi",
    "country_code": "UK",
    "country": "United Kingdom"
  },
  {
    "username": "Jos81435173",
    "followingArtist": "Era Istrefi",
    "country_code": "US",
    "country": "USA"
  },
  {
    "username": "Dinaafetaii",
    "followingArtist": "Era Istrefi",
    "country_code": "MK",
    "country": "F.Y.R.O.M."
  },
  {
    "username": "PrettyD42425851",
    "followingArtist": "Era Istrefi",
    "country_code": "US",
    "country": "USA"
  },
  {
    "username": "Amandamissio5",
    "followingArtist": "Era Istrefi",
    "country_code": "NG",
    "country": "Nigeria"
  },
  {
    "username": "Eng_AndrOo",
    "followingArtist": "Era Istrefi",
    "country_code": "NL",
    "country": "Netherlands"
  },
  {
    "username": "deepdickdave",
    "followingArtist": "Era Istrefi",
    "country_code": "UK",
    "country": "United Kingdom"
  },
  {
    "username": "NggDuda",
    "followingArtist": "Era Istrefi",
    "country_code": "UK",
    "country": "United Kingdom"
  },
  {
    "username": "PranataArtha",
    "followingArtist": "Era Istrefi",
    "country_code": "ID",
    "country": "Indonesia"
  },
  {
    "username": "AngelaYama1997",
    "followingArtist": "Era Istrefi",
    "country_code": "US",
    "country": "USA"
  },
  {
    "username": "Armyga59125758",
    "followingArtist": "Era Istrefi",
    "country_code": "PT",
    "country": "Portugal"
  },
  {
    "username": "micolekz",
    "followingArtist": "Era Istrefi",
    "country_code": "NG",
    "country": "Nigeria"
  },
  {
    "username": "Zargham26516741",
    "followingArtist": "Era Istrefi",
    "country_code": "PK",
    "country": "Pakistan"
  },
  {
    "username": "sedatlipa",
    "followingArtist": "Era Istrefi",
    "country_code": "UA",
    "country": "Ukraine"
  },
  {
    "username": "cpsigala",
    "followingArtist": "Era Istrefi",
    "country_code": "MX",
    "country": "Mexico"
  },
  {
    "username": "Blerim054046650",
    "followingArtist": "Era Istrefi",
    "country_code": "AL",
    "country": "Albania"
  },
  {
    "username": "gloria_shahini",
    "followingArtist": "Era Istrefi",
    "country_code": "IT",
    "country": "Italy"
  },
  {
    "username": "Arbbi_Krasniqi",
    "followingArtist": "Era Istrefi",
    "country_code": "XK",
    "country": "XK"
  },
  {
    "username": "ShaneAce4",
    "followingArtist": "Era Istrefi",
    "country_code": "US",
    "country": "USA"
  },
  {
    "username": "arditajeti33",
    "followingArtist": "Era Istrefi",
    "country_code": "US",
    "country": "USA"
  },
  {
    "username": "velihoti",
    "followingArtist": "Era Istrefi",
    "country_code": "DE",
    "country": "Germany"
  },
  {
    "username": "artanj95",
    "followingArtist": "Era Istrefi",
    "country_code": "MK",
    "country": "F.Y.R.O.M."
  },
  {
    "username": "dolovac_ali",
    "followingArtist": "Era Istrefi",
    "country_code": "US",
    "country": "USA"
  },
  {
    "username": "noi_noelaaa",
    "followingArtist": "Era Istrefi",
    "country_code": "US",
    "country": "USA"
  },
  {
    "username": "niti_kings",
    "followingArtist": "Era Istrefi",
    "country_code": "UA",
    "country": "Ukraine"
  },
  {
    "username": "qamilhaxha18",
    "followingArtist": "Era Istrefi",
    "country_code": "RS",
    "country": "Serbia"
  },
  {
    "username": "ronald_jb3",
    "followingArtist": "Era Istrefi",
    "country_code": "PE",
    "country": "Peru"
  },
  {
    "username": "KSinNL",
    "followingArtist": "Era Istrefi",
    "country_code": "BR",
    "country": "Brazil"
  },
  {
    "username": "dyermarti1",
    "followingArtist": "Era Istrefi",
    "country_code": "UG",
    "country": "Uganda"
  },
  {
    "username": "TheussOfficial",
    "followingArtist": "Era Istrefi",
    "country_code": "BR",
    "country": "Brazil"
  },
  {
    "username": "KaragianniPersa",
    "followingArtist": "Era Istrefi",
    "country_code": "GR",
    "country": "Greece"
  },
  {
    "username": "_Arbnora_",
    "followingArtist": "Era Istrefi",
    "country_code": "RS",
    "country": "Serbia"
  },
  {
    "username": "bledar68840770",
    "followingArtist": "Era Istrefi",
    "country_code": "IT",
    "country": "Italy"
  },
  {
    "username": "Deco26570851",
    "followingArtist": "Era Istrefi",
    "country_code": "BR",
    "country": "Brazil"
  },
  {
    "username": "theJaeGoodwin",
    "followingArtist": "Era Istrefi",
    "country_code": "US",
    "country": "USA"
  },
  {
    "username": "fatihskenderi1",
    "followingArtist": "Era Istrefi",
    "country_code": "UA",
    "country": "Ukraine"
  },
  {
    "username": "NikolaS62601462",
    "followingArtist": "Era Istrefi",
    "country_code": "RS",
    "country": "Serbia"
  },
  {
    "username": "adrian_ibraimi",
    "followingArtist": "Era Istrefi",
    "country_code": "AT",
    "country": "Austria"
  },
  {
    "username": "miumws",
    "followingArtist": "Era Istrefi",
    "country_code": "FR",
    "country": "France"
  },
  {
    "username": "4ever17X",
    "followingArtist": "Era Istrefi",
    "country_code": "UA",
    "country": "Ukraine"
  },
  {
    "username": "Edreaven",
    "followingArtist": "Era Istrefi",
    "country_code": "IT",
    "country": "Italy"
  },
  {
    "username": "BlerianDushica3",
    "followingArtist": "Era Istrefi",
    "country_code": "XK",
    "country": "XK"
  },
  {
    "username": "DenisBalaj3",
    "followingArtist": "Era Istrefi",
    "country_code": "DE",
    "country": "Germany"
  },
  {
    "username": "Xefreny",
    "followingArtist": "Era Istrefi",
    "country_code": "RU",
    "country": "Russian Federation"
  },
  {
    "username": "Hosam_sala7",
    "followingArtist": "Era Istrefi",
    "country_code": "EG",
    "country": "Egypt"
  },
  {
    "username": "Ervisvoka97",
    "followingArtist": "Era Istrefi",
    "country_code": "UK",
    "country": "United Kingdom"
  },
  {
    "username": "Alex_Escobar_96",
    "followingArtist": "Era Istrefi",
    "country_code": "IT",
    "country": "Italy"
  },
  {
    "username": "AhenkMedia",
    "followingArtist": "Era Istrefi",
    "country_code": "DE",
    "country": "Germany"
  },
  {
    "username": "ishaya_mbami",
    "followingArtist": "Era Istrefi",
    "country_code": "NG",
    "country": "Nigeria"
  },
  {
    "username": "juanpav93972311",
    "followingArtist": "Era Istrefi",
    "country_code": "MX",
    "country": "Mexico"
  },
  {
    "username": "aldophe16",
    "followingArtist": "Era Istrefi",
    "country_code": "CH",
    "country": "Switzerland"
  },
  {
    "username": "caravaku",
    "followingArtist": "Era Istrefi",
    "country_code": "FR",
    "country": "France"
  },
  {
    "username": "koscop",
    "followingArtist": "Era Istrefi",
    "country_code": "NL",
    "country": "Netherlands"
  },
  {
    "username": "FreakTheBloody",
    "followingArtist": "Era Istrefi",
    "country_code": "US",
    "country": "USA"
  },
  {
    "username": "Xhenis73302679",
    "followingArtist": "Era Istrefi",
    "country_code": "UA",
    "country": "Ukraine"
  },
  {
    "username": "chetanp33754476",
    "followingArtist": "Era Istrefi",
    "country_code": "IN",
    "country": "India"
  },
  {
    "username": "_hakan98_",
    "followingArtist": "Era Istrefi",
    "country_code": "TR",
    "country": "Turkey"
  },
  {
    "username": "Arbri59748044",
    "followingArtist": "Era Istrefi",
    "country_code": "DE",
    "country": "Germany"
  },
  {
    "username": "mihai_macovei",
    "followingArtist": "Era Istrefi",
    "country_code": "RO",
    "country": "Romania"
  },
  {
    "username": "Dthwlkr",
    "followingArtist": "Era Istrefi",
    "country_code": "US",
    "country": "USA"
  },
  {
    "username": "BacomBailey",
    "followingArtist": "Era Istrefi",
    "country_code": "US",
    "country": "USA"
  },
  {
    "username": "RealVicky24",
    "followingArtist": "Era Istrefi",
    "country_code": "IN",
    "country": "India"
  },
  {
    "username": "demtimet",
    "followingArtist": "Era Istrefi",
    "country_code": "XK",
    "country": "XK"
  },
  {
    "username": "Abhishe78267146",
    "followingArtist": "Era Istrefi",
    "country_code": "IN",
    "country": "India"
  },
  {
    "username": "AchumiBoka",
    "followingArtist": "Era Istrefi",
    "country_code": "IN",
    "country": "India"
  },
  {
    "username": "faeez_ezry",
    "followingArtist": "Era Istrefi",
    "country_code": "PH",
    "country": "Philippines"
  },
  {
    "username": "phenomenal_drew",
    "followingArtist": "Era Istrefi",
    "country_code": "ES",
    "country": "Spain"
  },
  {
    "username": "mixedbymiles",
    "followingArtist": "Era Istrefi",
    "country_code": "US",
    "country": "USA"
  },
  {
    "username": "GoranJestrovic",
    "followingArtist": "Era Istrefi",
    "country_code": "HR",
    "country": "Croatia"
  },
  {
    "username": "jozo_t",
    "followingArtist": "Era Istrefi",
    "country_code": "CH",
    "country": "Switzerland"
  },
  {
    "username": "IanSimiyuIan1",
    "followingArtist": "Era Istrefi",
    "country_code": "KE",
    "country": "Kenya"
  },
  {
    "username": "brunomcdores",
    "followingArtist": "Era Istrefi",
    "country_code": "PT",
    "country": "Portugal"
  },
  {
    "username": "Rama91955421",
    "followingArtist": "Era Istrefi",
    "country_code": "CH",
    "country": "Switzerland"
  },
  {
    "username": "saramuratiii",
    "followingArtist": "Era Istrefi",
    "country_code": "IT",
    "country": "Italy"
  },
  {
    "username": "Tom__Ace",
    "followingArtist": "Era Istrefi",
    "country_code": "US",
    "country": "USA"
  },
  {
    "username": "JuanLop02945686",
    "followingArtist": "Era Istrefi",
    "country_code": "PY",
    "country": "Paraguay"
  },
  {
    "username": "robestebb",
    "followingArtist": "Era Istrefi",
    "country_code": "CL",
    "country": "Chile"
  },
  {
    "username": "Uli_Zalazar24",
    "followingArtist": "Era Istrefi",
    "country_code": "US",
    "country": "USA"
  },
  {
    "username": "s_topme",
    "followingArtist": "Era Istrefi",
    "country_code": "FR",
    "country": "France"
  },
  {
    "username": "ajeti76",
    "followingArtist": "Era Istrefi",
    "country_code": "XK",
    "country": "XK"
  },
  {
    "username": "Pfirsicheart",
    "followingArtist": "Era Istrefi",
    "country_code": "US",
    "country": "USA"
  },
  {
    "username": "diellzaasllani_",
    "followingArtist": "Era Istrefi",
    "country_code": "XK",
    "country": "XK"
  },
  {
    "username": "Dragan65708839",
    "followingArtist": "Era Istrefi",
    "country_code": "CH",
    "country": "Switzerland"
  },
  {
    "username": "Ramiz56278556",
    "followingArtist": "Era Istrefi",
    "country_code": "SI",
    "country": "Slovenia"
  },
  {
    "username": "_marcolechner",
    "followingArtist": "Era Istrefi",
    "country_code": "AT",
    "country": "Austria"
  },
  {
    "username": "BiciQendresa",
    "followingArtist": "Era Istrefi",
    "country_code": "RS",
    "country": "Serbia"
  },
  {
    "username": "dopewinddd",
    "followingArtist": "Era Istrefi",
    "country_code": "UA",
    "country": "Ukraine"
  },
  {
    "username": "Phil_Nis",
    "followingArtist": "Era Istrefi",
    "country_code": "AT",
    "country": "Austria"
  },
  {
    "username": "Mamunur40096933",
    "followingArtist": "Era Istrefi",
    "country_code": "BD",
    "country": "Bangladesh"
  },
  {
    "username": "RealtyCabo",
    "followingArtist": "Era Istrefi",
    "country_code": "NG",
    "country": "Nigeria"
  },
  {
    "username": "Moji46639598",
    "followingArtist": "Era Istrefi",
    "country_code": "AT",
    "country": "Austria"
  },
  {
    "username": "okiErman",
    "followingArtist": "Era Istrefi",
    "country_code": "US",
    "country": "USA"
  },
  {
    "username": "Arben96157615",
    "followingArtist": "Era Istrefi",
    "country_code": "UA",
    "country": "Ukraine"
  },
  {
    "username": "paulgar89560130",
    "followingArtist": "Era Istrefi",
    "country_code": "UK",
    "country": "United Kingdom"
  },
  {
    "username": "Bujamin64554880",
    "followingArtist": "Era Istrefi",
    "country_code": "CH",
    "country": "Switzerland"
  },
  {
    "username": "vllahija",
    "followingArtist": "Era Istrefi",
    "country_code": "XK",
    "country": "XK"
  },
  {
    "username": "Tringa04131930",
    "followingArtist": "Era Istrefi",
    "country_code": "UA",
    "country": "Ukraine"
  },
  {
    "username": "vijaysangtani08",
    "followingArtist": "Era Istrefi",
    "country_code": "IN",
    "country": "India"
  },
  {
    "username": "klara09990079",
    "followingArtist": "Era Istrefi",
    "country_code": "GB",
    "country": "Wales"
  },
  {
    "username": "V7_oficial",
    "followingArtist": "Era Istrefi",
    "country_code": "AR",
    "country": "Argentina"
  },
  {
    "username": "halili_veton",
    "followingArtist": "Era Istrefi",
    "country_code": "XK",
    "country": "XK"
  },
  {
    "username": "MoisesBarreto_",
    "followingArtist": "Era Istrefi",
    "country_code": "BR",
    "country": "Brazil"
  },
  {
    "username": "enigeka",
    "followingArtist": "Era Istrefi",
    "country_code": "AL",
    "country": "Albania"
  },
  {
    "username": "10Darkstalker",
    "followingArtist": "Era Istrefi",
    "country_code": "ES",
    "country": "Spain"
  },
  {
    "username": "rinaldoramesh",
    "followingArtist": "Era Istrefi",
    "country_code": "IN",
    "country": "India"
  },
  {
    "username": "i__am_odin",
    "followingArtist": "Era Istrefi",
    "country_code": "AL",
    "country": "Albania"
  },
  {
    "username": "BlerHebert",
    "followingArtist": "Era Istrefi",
    "country_code": "PE",
    "country": "Peru"
  },
  {
    "username": "phaosgr",
    "followingArtist": "Era Istrefi",
    "country_code": "GR",
    "country": "Greece"
  },
  {
    "username": "CarlosA14827301",
    "followingArtist": "Era Istrefi",
    "country_code": "IT",
    "country": "Italy"
  },
  {
    "username": "idrizi001",
    "followingArtist": "Era Istrefi",
    "country_code": "MK",
    "country": "F.Y.R.O.M."
  },
  {
    "username": "christianpao17",
    "followingArtist": "Era Istrefi",
    "country_code": "PH",
    "country": "Philippines"
  },
  {
    "username": "ANDRS12678083",
    "followingArtist": "Era Istrefi",
    "country_code": "CO",
    "country": "Colombia"
  },
  {
    "username": "jerryabraham_23",
    "followingArtist": "Era Istrefi",
    "country_code": "IN",
    "country": "India"
  },
  {
    "username": "ITS16096343",
    "followingArtist": "Era Istrefi",
    "country_code": "AT",
    "country": "Austria"
  },
  {
    "username": "EkaGopa",
    "followingArtist": "Era Istrefi",
    "country_code": "BD",
    "country": "Bangladesh"
  },
  {
    "username": "xhooxhooo",
    "followingArtist": "Era Istrefi",
    "country_code": "US",
    "country": "USA"
  },
  {
    "username": "gtshla",
    "followingArtist": "Era Istrefi",
    "country_code": "US",
    "country": "USA"
  },
  {
    "username": "TheeILLUMIN47R",
    "followingArtist": "Era Istrefi",
    "country_code": "US",
    "country": "USA"
  },
  {
    "username": "DavidArin777",
    "followingArtist": "Era Istrefi",
    "country_code": "UK",
    "country": "United Kingdom"
  },
  {
    "username": "SagarJeet13",
    "followingArtist": "Era Istrefi",
    "country_code": "IN",
    "country": "India"
  },
  {
    "username": "arbnnorx",
    "followingArtist": "Era Istrefi",
    "country_code": "US",
    "country": "USA"
  },
  {
    "username": "ShadyTota74",
    "followingArtist": "Era Istrefi",
    "country_code": "EG",
    "country": "Egypt"
  },
  {
    "username": "NirzarBhaidkar",
    "followingArtist": "Era Istrefi",
    "country_code": "IN",
    "country": "India"
  },
  {
    "username": "NavedMeraz",
    "followingArtist": "Era Istrefi",
    "country_code": "BD",
    "country": "Bangladesh"
  },
  {
    "username": "hdconsultanc",
    "followingArtist": "Era Istrefi",
    "country_code": "AL",
    "country": "Albania"
  },
  {
    "username": "Waks94",
    "followingArtist": "Era Istrefi",
    "country_code": "NA",
    "country": "Namibia"
  },
  {
    "username": "GuptaAbhishekDr",
    "followingArtist": "Era Istrefi",
    "country_code": "IN",
    "country": "India"
  },
  {
    "username": "EiverSanes",
    "followingArtist": "Era Istrefi",
    "country_code": "CO",
    "country": "Colombia"
  },
  {
    "username": "Altiin06",
    "followingArtist": "Era Istrefi",
    "country_code": "UA",
    "country": "Ukraine"
  },
  {
    "username": "RoqueFerns",
    "followingArtist": "Era Istrefi",
    "country_code": "IN",
    "country": "India"
  },
  {
    "username": "granit73239360",
    "followingArtist": "Era Istrefi",
    "country_code": "UA",
    "country": "Ukraine"
  },
  {
    "username": "BernardoDeLucas",
    "followingArtist": "Era Istrefi",
    "country_code": "MX",
    "country": "Mexico"
  },
  {
    "username": "sagnellini",
    "followingArtist": "Era Istrefi",
    "country_code": "US",
    "country": "USA"
  },
  {
    "username": "FromDaHell",
    "followingArtist": "Era Istrefi",
    "country_code": "US",
    "country": "USA"
  },
  {
    "username": "AntonelloFierro",
    "followingArtist": "Era Istrefi",
    "country_code": "IT",
    "country": "Italy"
  },
  {
    "username": "LirouxB",
    "followingArtist": "Era Istrefi",
    "country_code": "BE",
    "country": "Belgium"
  },
  {
    "username": "gngngn5gngn6791",
    "followingArtist": "Era Istrefi",
    "country_code": "GR",
    "country": "Greece"
  },
  {
    "username": "igranizo",
    "followingArtist": "Era Istrefi",
    "country_code": "EC",
    "country": "Ecuador"
  },
  {
    "username": "KoLiBerisha",
    "followingArtist": "Era Istrefi",
    "country_code": "XK",
    "country": "XK"
  },
  {
    "username": "JasmindSKEDM",
    "followingArtist": "Era Istrefi",
    "country_code": "IN",
    "country": "India"
  },
  {
    "username": "Jst_B_Official",
    "followingArtist": "Era Istrefi",
    "country_code": "US",
    "country": "USA"
  },
  {
    "username": "llynewrll",
    "followingArtist": "Era Istrefi",
    "country_code": "TR",
    "country": "Turkey"
  },
  {
    "username": "iflywithluv",
    "followingArtist": "Era Istrefi",
    "country_code": "US",
    "country": "USA"
  },
  {
    "username": "PLAYZON55358283",
    "followingArtist": "Era Istrefi",
    "country_code": "IN",
    "country": "India"
  },
  {
    "username": "ALASSANADIALL11",
    "followingArtist": "Era Istrefi",
    "country_code": "FR",
    "country": "France"
  },
  {
    "username": "mrpete3000",
    "followingArtist": "Era Istrefi",
    "country_code": "MY",
    "country": "Malaysia"
  },
  {
    "username": "MarcusV45109072",
    "followingArtist": "Era Istrefi",
    "country_code": "BR",
    "country": "Brazil"
  },
  {
    "username": "Ek13504099",
    "followingArtist": "Era Istrefi",
    "country_code": "US",
    "country": "USA"
  },
  {
    "username": "biso1806",
    "followingArtist": "Era Istrefi",
    "country_code": "US",
    "country": "USA"
  },
  {
    "username": "Betul_______",
    "followingArtist": "Era Istrefi",
    "country_code": "TR",
    "country": "Turkey"
  },
  {
    "username": "AliRaza56212887",
    "followingArtist": "Era Istrefi",
    "country_code": "PK",
    "country": "Pakistan"
  },
  {
    "username": "HimuSharot",
    "followingArtist": "Era Istrefi",
    "country_code": "BD",
    "country": "Bangladesh"
  },
  {
    "username": "bjondineee",
    "followingArtist": "Era Istrefi",
    "country_code": "XK",
    "country": "XK"
  },
  {
    "username": "Mariel76435868",
    "followingArtist": "Era Istrefi",
    "country_code": "IT",
    "country": "Italy"
  },
  {
    "username": "danielf40168431",
    "followingArtist": "Era Istrefi",
    "country_code": "VE",
    "country": "Venezuela"
  },
  {
    "username": "skylahofficial",
    "followingArtist": "Era Istrefi",
    "country_code": "UK",
    "country": "United Kingdom"
  },
  {
    "username": "askallialp",
    "followingArtist": "Era Istrefi",
    "country_code": "TR",
    "country": "Turkey"
  },
  {
    "username": "flabrapal",
    "followingArtist": "Era Istrefi",
    "country_code": "US",
    "country": "USA"
  },
  {
    "username": "btsjimi63155966",
    "followingArtist": "Era Istrefi",
    "country_code": "US",
    "country": "USA"
  },
  {
    "username": "rxlphx",
    "followingArtist": "Era Istrefi",
    "country_code": "ES",
    "country": "Spain"
  },
  {
    "username": "RimshaIjaz12",
    "followingArtist": "Era Istrefi",
    "country_code": "PK",
    "country": "Pakistan"
  },
  {
    "username": "betimh01",
    "followingArtist": "Era Istrefi",
    "country_code": "AU",
    "country": "Australia"
  },
  {
    "username": "UsamaTahir13",
    "followingArtist": "Era Istrefi",
    "country_code": "PK",
    "country": "Pakistan"
  },
  {
    "username": "fatir557",
    "followingArtist": "Era Istrefi",
    "country_code": "XK",
    "country": "XK"
  },
  {
    "username": "Mahmoud95155509",
    "followingArtist": "Era Istrefi",
    "country_code": "EG",
    "country": "Egypt"
  },
  {
    "username": "shpendismit",
    "followingArtist": "Era Istrefi",
    "country_code": "UA",
    "country": "Ukraine"
  },
  {
    "username": "kevinbahamon17",
    "followingArtist": "Era Istrefi",
    "country_code": "NG",
    "country": "Nigeria"
  },
  {
    "username": "BabylonFM993",
    "followingArtist": "Era Istrefi",
    "country_code": "IQ",
    "country": "Iraq"
  },
  {
    "username": "TikaDance",
    "followingArtist": "Era Istrefi",
    "country_code": "XK",
    "country": "XK"
  },
  {
    "username": "Muzzamal_Mian",
    "followingArtist": "Era Istrefi",
    "country_code": "PK",
    "country": "Pakistan"
  },
  {
    "username": "alejand19971997",
    "followingArtist": "Era Istrefi",
    "country_code": "NG",
    "country": "Nigeria"
  },
  {
    "username": "Olsi_Agalliu",
    "followingArtist": "Era Istrefi",
    "country_code": "AL",
    "country": "Albania"
  },
  {
    "username": "shawnmyfavorite",
    "followingArtist": "Era Istrefi",
    "country_code": "EG",
    "country": "Egypt"
  },
  {
    "username": "Giusepp65529074",
    "followingArtist": "Era Istrefi",
    "country_code": "DE",
    "country": "Germany"
  },
  {
    "username": "edumaluka",
    "followingArtist": "Era Istrefi",
    "country_code": "GH",
    "country": "Ghana"
  },
  {
    "username": "timisgrigore2",
    "followingArtist": "Era Istrefi",
    "country_code": "GR",
    "country": "Greece"
  },
  {
    "username": "geodasilva01",
    "followingArtist": "Era Istrefi",
    "country_code": "RO",
    "country": "Romania"
  },
  {
    "username": "lauta_quintero7",
    "followingArtist": "Era Istrefi",
    "country_code": "AR",
    "country": "Argentina"
  },
  {
    "username": "evebrav18",
    "followingArtist": "Era Istrefi",
    "country_code": "UY",
    "country": "Uruguay"
  },
  {
    "username": "Mmhalex",
    "followingArtist": "Era Istrefi",
    "country_code": "NG",
    "country": "Nigeria"
  },
  {
    "username": "zllsaacbrandon",
    "followingArtist": "Era Istrefi",
    "country_code": "US",
    "country": "USA"
  },
  {
    "username": "sayansayz",
    "followingArtist": "Era Istrefi",
    "country_code": "IN",
    "country": "India"
  },
  {
    "username": "krlnikee",
    "followingArtist": "Era Istrefi",
    "country_code": "ID",
    "country": "Indonesia"
  },
  {
    "username": "Big_MattyC",
    "followingArtist": "Era Istrefi",
    "country_code": "AU",
    "country": "Australia"
  },
  {
    "username": "sksakinkhan",
    "followingArtist": "Era Istrefi",
    "country_code": "BD",
    "country": "Bangladesh"
  },
  {
    "username": "ChikaEric4",
    "followingArtist": "Era Istrefi",
    "country_code": "NG",
    "country": "Nigeria"
  },
  {
    "username": "shah11047",
    "followingArtist": "Era Istrefi",
    "country_code": "AE",
    "country": "United Arab Emirates"
  },
  {
    "username": "Ragasurya_13",
    "followingArtist": "Era Istrefi",
    "country_code": "ID",
    "country": "Indonesia"
  },
  {
    "username": "edi__die",
    "followingArtist": "Era Istrefi",
    "country_code": "RS",
    "country": "Serbia"
  },
  {
    "username": "_eltrebol",
    "followingArtist": "Era Istrefi",
    "country_code": "IT",
    "country": "Italy"
  },
  {
    "username": "gztaylorgang",
    "followingArtist": "Era Istrefi",
    "country_code": "FR",
    "country": "France"
  },
  {
    "username": "KULANIOG",
    "followingArtist": "Era Istrefi",
    "country_code": "ZA",
    "country": "South Africa"
  },
  {
    "username": "nano86CARP",
    "followingArtist": "Era Istrefi",
    "country_code": "PT",
    "country": "Portugal"
  },
  {
    "username": "yss_prince",
    "followingArtist": "Era Istrefi",
    "country_code": "IN",
    "country": "India"
  },
  {
    "username": "MateuszDawidzi2",
    "followingArtist": "Era Istrefi",
    "country_code": "UK",
    "country": "United Kingdom"
  },
  {
    "username": "rn_raksha",
    "followingArtist": "Era Istrefi",
    "country_code": "IN",
    "country": "India"
  },
  {
    "username": "rajvir80199493",
    "followingArtist": "Era Istrefi",
    "country_code": "CA",
    "country": "Canada"
  },
  {
    "username": "Donjeta63653232",
    "followingArtist": "Era Istrefi",
    "country_code": "FR",
    "country": "France"
  },
  {
    "username": "raulwireless",
    "followingArtist": "Era Istrefi",
    "country_code": "TR",
    "country": "Turkey"
  },
  {
    "username": "Chifukomuzaham2",
    "followingArtist": "Era Istrefi",
    "country_code": "GQ",
    "country": "Equatorial Guinea"
  },
  {
    "username": "Qendrim04403385",
    "followingArtist": "Era Istrefi",
    "country_code": "UA",
    "country": "Ukraine"
  },
  {
    "username": "diellzaselimi_",
    "followingArtist": "Era Istrefi",
    "country_code": "TD",
    "country": "Chad"
  },
  {
    "username": "JanoSifu17",
    "followingArtist": "Era Istrefi",
    "country_code": "PE",
    "country": "Peru"
  },
  {
    "username": "gemy_85",
    "followingArtist": "Era Istrefi",
    "country_code": "EG",
    "country": "Egypt"
  },
  {
    "username": "ADobroshevci",
    "followingArtist": "Era Istrefi",
    "country_code": "XK",
    "country": "XK"
  },
  {
    "username": "amantinqamili",
    "followingArtist": "Era Istrefi",
    "country_code": "US",
    "country": "USA"
  },
  {
    "username": "ox1_sa",
    "followingArtist": "Era Istrefi",
    "country_code": "TN",
    "country": "Tunisia"
  },
  {
    "username": "Leonnydaz",
    "followingArtist": "Era Istrefi",
    "country_code": "BR",
    "country": "Brazil"
  },
  {
    "username": "ErickDavila08",
    "followingArtist": "Era Istrefi",
    "country_code": "MX",
    "country": "Mexico"
  },
  {
    "username": "JimmyVarte",
    "followingArtist": "Era Istrefi",
    "country_code": "IN",
    "country": "India"
  },
  {
    "username": "paulkonings73",
    "followingArtist": "Era Istrefi",
    "country_code": "NL",
    "country": "Netherlands"
  },
  {
    "username": "ButrintTotaj",
    "followingArtist": "Era Istrefi",
    "country_code": "XK",
    "country": "XK"
  },
  {
    "username": "jeanca0812",
    "followingArtist": "Era Istrefi",
    "country_code": "EC",
    "country": "Ecuador"
  },
  {
    "username": "abdo22yousry",
    "followingArtist": "Era Istrefi",
    "country_code": "AE",
    "country": "United Arab Emirates"
  },
  {
    "username": "Nic0guerrer0",
    "followingArtist": "Era Istrefi",
    "country_code": "AR",
    "country": "Argentina"
  },
  {
    "username": "worldlyAlbania",
    "followingArtist": "Era Istrefi",
    "country_code": "US",
    "country": "USA"
  },
  {
    "username": "JoskN",
    "followingArtist": "Era Istrefi",
    "country_code": "US",
    "country": "USA"
  },
  {
    "username": "Lizahasani",
    "followingArtist": "Era Istrefi",
    "country_code": "XK",
    "country": "XK"
  },
  {
    "username": "EDONASHEHU2",
    "followingArtist": "Era Istrefi",
    "country_code": "MR",
    "country": "Mauritania"
  },
  {
    "username": "Abhishe49695775",
    "followingArtist": "Era Istrefi",
    "country_code": "IN",
    "country": "India"
  },
  {
    "username": "1712Gcc",
    "followingArtist": "Era Istrefi",
    "country_code": "BD",
    "country": "Bangladesh"
  },
  {
    "username": "AnaMertezi",
    "followingArtist": "Era Istrefi",
    "country_code": "US",
    "country": "USA"
  },
  {
    "username": "flaviameraxes",
    "followingArtist": "Era Istrefi",
    "country_code": "UG",
    "country": "Uganda"
  },
  {
    "username": "SmoothM4",
    "followingArtist": "Era Istrefi",
    "country_code": "NP",
    "country": "Nepal"
  },
  {
    "username": "YokuMasaki",
    "followingArtist": "Era Istrefi",
    "country_code": "GB",
    "country": "Wales"
  },
  {
    "username": "StephVanTaylor",
    "followingArtist": "Era Istrefi",
    "country_code": "US",
    "country": "USA"
  },
  {
    "username": "AyrtonRomanista",
    "followingArtist": "Era Istrefi",
    "country_code": "NL",
    "country": "Netherlands"
  },
  {
    "username": "MaxDs10",
    "followingArtist": "Era Istrefi",
    "country_code": "US",
    "country": "USA"
  },
  {
    "username": "alap_arsalan",
    "followingArtist": "Era Istrefi",
    "country_code": "PK",
    "country": "Pakistan"
  },
  {
    "username": "HenryRoyal_",
    "followingArtist": "Era Istrefi",
    "country_code": "US",
    "country": "USA"
  },
  {
    "username": "YlliPalokaa",
    "followingArtist": "Era Istrefi",
    "country_code": "XK",
    "country": "XK"
  },
  {
    "username": "malsi_shemsi",
    "followingArtist": "Era Istrefi",
    "country_code": "DE",
    "country": "Germany"
  },
  {
    "username": "Team1685",
    "followingArtist": "Era Istrefi",
    "country_code": "ZA",
    "country": "South Africa"
  },
  {
    "username": "misael_chunez",
    "followingArtist": "Era Istrefi",
    "country_code": "EC",
    "country": "Ecuador"
  },
  {
    "username": "pitufo_mtz",
    "followingArtist": "Era Istrefi",
    "country_code": "US",
    "country": "USA"
  },
  {
    "username": "MARIO48775580",
    "followingArtist": "Era Istrefi",
    "country_code": "MX",
    "country": "Mexico"
  },
  {
    "username": "davecolinz",
    "followingArtist": "Era Istrefi",
    "country_code": "US",
    "country": "USA"
  },
  {
    "username": "Lewis__Diamond",
    "followingArtist": "Era Istrefi",
    "country_code": "NG",
    "country": "Nigeria"
  },
  {
    "username": "IkshuP",
    "followingArtist": "Era Istrefi",
    "country_code": "IN",
    "country": "India"
  },
  {
    "username": "RoBs3Rd",
    "followingArtist": "Era Istrefi",
    "country_code": "US",
    "country": "USA"
  },
  {
    "username": "SmokeMirross",
    "followingArtist": "Era Istrefi",
    "country_code": "AZ",
    "country": "Azerbaijan"
  },
  {
    "username": "ElmddinS",
    "followingArtist": "Era Istrefi",
    "country_code": "UA",
    "country": "Ukraine"
  },
  {
    "username": "ItsAngelRG",
    "followingArtist": "Era Istrefi",
    "country_code": "MX",
    "country": "Mexico"
  },
  {
    "username": "MiNi39477554",
    "followingArtist": "Era Istrefi",
    "country_code": "CZ",
    "country": "Czech Republic"
  },
  {
    "username": "RomeQueenof",
    "followingArtist": "Era Istrefi",
    "country_code": "IT",
    "country": "Italy"
  },
  {
    "username": "Shkelze2",
    "followingArtist": "Era Istrefi",
    "country_code": "XK",
    "country": "XK"
  },
  {
    "username": "MeryemNisaTrkm",
    "followingArtist": "Era Istrefi",
    "country_code": "TR",
    "country": "Turkey"
  },
  {
    "username": "SauravChaur2802",
    "followingArtist": "Era Istrefi",
    "country_code": "IN",
    "country": "India"
  },
  {
    "username": "Akhfash7",
    "followingArtist": "Era Istrefi",
    "country_code": "BD",
    "country": "Bangladesh"
  },
  {
    "username": "Genti22561424",
    "followingArtist": "Era Istrefi",
    "country_code": "NL",
    "country": "Netherlands"
  },
  {
    "username": "Febian12",
    "followingArtist": "Era Istrefi",
    "country_code": "MX",
    "country": "Mexico"
  },
  {
    "username": "matutro_22",
    "followingArtist": "Era Istrefi",
    "country_code": "IT",
    "country": "Italy"
  },
  {
    "username": "Jaweng6",
    "followingArtist": "Era Istrefi",
    "country_code": "ID",
    "country": "Indonesia"
  },
  {
    "username": "VctorGa31586133",
    "followingArtist": "Era Istrefi",
    "country_code": "MX",
    "country": "Mexico"
  },
  {
    "username": "nlamlopez",
    "followingArtist": "Era Istrefi",
    "country_code": "UY",
    "country": "Uruguay"
  },
  {
    "username": "The_LE_Winters",
    "followingArtist": "Era Istrefi",
    "country_code": "CA",
    "country": "Canada"
  },
  {
    "username": "GenSpotify",
    "followingArtist": "Era Istrefi",
    "country_code": "CO",
    "country": "Colombia"
  },
  {
    "username": "RafsanJ76160826",
    "followingArtist": "Era Istrefi",
    "country_code": "BD",
    "country": "Bangladesh"
  },
  {
    "username": "Altrim007",
    "followingArtist": "Era Istrefi",
    "country_code": "BJ",
    "country": "Benin"
  },
  {
    "username": "Swarnashonai4",
    "followingArtist": "Era Istrefi",
    "country_code": "IN",
    "country": "India"
  },
  {
    "username": "prathamthedevil",
    "followingArtist": "Era Istrefi",
    "country_code": "IN",
    "country": "India"
  },
  {
    "username": "CEKI3NT",
    "followingArtist": "Era Istrefi",
    "country_code": "CA",
    "country": "Canada"
  },
  {
    "username": "sorinbr2010",
    "followingArtist": "Era Istrefi",
    "country_code": "CA",
    "country": "Canada"
  },
  {
    "username": "UmarRia85696382",
    "followingArtist": "Era Istrefi",
    "country_code": "PK",
    "country": "Pakistan"
  },
  {
    "username": "mihirkale13",
    "followingArtist": "Era Istrefi",
    "country_code": "IN",
    "country": "India"
  },
  {
    "username": "suadii",
    "followingArtist": "Era Istrefi",
    "country_code": "SE",
    "country": "Sweden"
  },
  {
    "username": "agyei_koranteng",
    "followingArtist": "Era Istrefi",
    "country_code": "GH",
    "country": "Ghana"
  },
  {
    "username": "GaetanG11",
    "followingArtist": "Era Istrefi",
    "country_code": "CM",
    "country": "Cameroon"
  },
  {
    "username": "Bardhyli2001",
    "followingArtist": "Era Istrefi",
    "country_code": "IT",
    "country": "Italy"
  },
  {
    "username": "Bonbiina",
    "followingArtist": "Era Istrefi",
    "country_code": "FR",
    "country": "France"
  },
  {
    "username": "TariqMu63710880",
    "followingArtist": "Era Istrefi",
    "country_code": "PK",
    "country": "Pakistan"
  },
  {
    "username": "rinexx_",
    "followingArtist": "Era Istrefi",
    "country_code": "RS",
    "country": "Serbia"
  },
  {
    "username": "GalleryTrend",
    "followingArtist": "Era Istrefi",
    "country_code": "US",
    "country": "USA"
  },
  {
    "username": "GustavoMacado",
    "followingArtist": "Era Istrefi",
    "country_code": "BR",
    "country": "Brazil"
  },
  {
    "username": "DavidJC30",
    "followingArtist": "Era Istrefi",
    "country_code": "CO",
    "country": "Colombia"
  },
  {
    "username": "ldgjulius",
    "followingArtist": "Era Istrefi",
    "country_code": "MX",
    "country": "Mexico"
  },
  {
    "username": "Sadri47468363",
    "followingArtist": "Era Istrefi",
    "country_code": "XK",
    "country": "XK"
  },
  {
    "username": "CEOlifedotmini",
    "followingArtist": "Era Istrefi",
    "country_code": "BD",
    "country": "Bangladesh"
  },
  {
    "username": "chillspotmedia",
    "followingArtist": "Era Istrefi",
    "country_code": "GB",
    "country": "Wales"
  },
  {
    "username": "benjberisha",
    "followingArtist": "Era Istrefi",
    "country_code": "CH",
    "country": "Switzerland"
  },
  {
    "username": "Oda74569636",
    "followingArtist": "Era Istrefi",
    "country_code": "US",
    "country": "USA"
  },
  {
    "username": "Ch4stA",
    "followingArtist": "Era Istrefi",
    "country_code": "US",
    "country": "USA"
  },
  {
    "username": "Danazoul",
    "followingArtist": "Era Istrefi",
    "country_code": "CA",
    "country": "Canada"
  },
  {
    "username": "BayejidHossain4",
    "followingArtist": "Era Istrefi",
    "country_code": "BD",
    "country": "Bangladesh"
  },
  {
    "username": "Arul97093909",
    "followingArtist": "Era Istrefi",
    "country_code": "IN",
    "country": "India"
  },
  {
    "username": "bahthiernosidy1",
    "followingArtist": "Era Istrefi",
    "country_code": "GN",
    "country": "Guinea"
  },
  {
    "username": "tatianaaaaaas",
    "followingArtist": "Era Istrefi",
    "country_code": "UY",
    "country": "Uruguay"
  },
  {
    "username": "XhildaUstia",
    "followingArtist": "Era Istrefi",
    "country_code": "NL",
    "country": "Netherlands"
  },
  {
    "username": "erisinjo",
    "followingArtist": "Era Istrefi",
    "country_code": "XK",
    "country": "XK"
  },
  {
    "username": "vic0491",
    "followingArtist": "Era Istrefi",
    "country_code": "US",
    "country": "USA"
  },
  {
    "username": "savnamedanna",
    "followingArtist": "Era Istrefi",
    "country_code": "NG",
    "country": "Nigeria"
  },
  {
    "username": "leonandandi",
    "followingArtist": "Era Istrefi",
    "country_code": "US",
    "country": "USA"
  },
  {
    "username": "OdaSpokesperson",
    "followingArtist": "Era Istrefi",
    "country_code": "US",
    "country": "USA"
  },
  {
    "username": "MedAmin65776637",
    "followingArtist": "Era Istrefi",
    "country_code": "TN",
    "country": "Tunisia"
  },
  {
    "username": "NauWa_S",
    "followingArtist": "Era Istrefi",
    "country_code": "ID",
    "country": "Indonesia"
  },
  {
    "username": "OfficialKenRyan",
    "followingArtist": "Era Istrefi",
    "country_code": "US",
    "country": "USA"
  },
  {
    "username": "utsavdayal",
    "followingArtist": "Era Istrefi",
    "country_code": "IN",
    "country": "India"
  },
  {
    "username": "Joshua70mega777",
    "followingArtist": "Era Istrefi",
    "country_code": "US",
    "country": "USA"
  },
  {
    "username": "DenisiitoUB",
    "followingArtist": "Era Istrefi",
    "country_code": "EC",
    "country": "Ecuador"
  },
  {
    "username": "Ronaldo82280401",
    "followingArtist": "Era Istrefi",
    "country_code": "BR",
    "country": "Brazil"
  },
  {
    "username": "GabrielGehovany",
    "followingArtist": "Era Istrefi",
    "country_code": "AO",
    "country": "Angola"
  },
  {
    "username": "BookPromotion3",
    "followingArtist": "Era Istrefi",
    "country_code": "US",
    "country": "USA"
  },
  {
    "username": "UncleUdy",
    "followingArtist": "Era Istrefi",
    "country_code": "US",
    "country": "USA"
  },
  {
    "username": "D1Shpetim",
    "followingArtist": "Era Istrefi",
    "country_code": "MK",
    "country": "F.Y.R.O.M."
  },
  {
    "username": "Ronaldo27906702",
    "followingArtist": "Era Istrefi",
    "country_code": "BR",
    "country": "Brazil"
  },
  {
    "username": "AidenNovoa",
    "followingArtist": "Era Istrefi",
    "country_code": "NG",
    "country": "Nigeria"
  },
  {
    "username": "hizzy_young",
    "followingArtist": "Era Istrefi",
    "country_code": "NG",
    "country": "Nigeria"
  },
  {
    "username": "bsmarbaniang",
    "followingArtist": "Era Istrefi",
    "country_code": "IN",
    "country": "India"
  },
  {
    "username": "HardeepSinghH2K",
    "followingArtist": "Era Istrefi",
    "country_code": "IN",
    "country": "India"
  },
  {
    "username": "Mohamme32323887",
    "followingArtist": "Era Istrefi",
    "country_code": "US",
    "country": "USA"
  },
  {
    "username": "diego_gaxiola",
    "followingArtist": "Era Istrefi",
    "country_code": "MX",
    "country": "Mexico"
  },
  {
    "username": "Yusuf38522810",
    "followingArtist": "Era Istrefi",
    "country_code": "SA",
    "country": "Saudi Arabia"
  },
  {
    "username": "FetahuSema",
    "followingArtist": "Era Istrefi",
    "country_code": "CZ",
    "country": "Czech Republic"
  },
  {
    "username": "DuryVictoria",
    "followingArtist": "Era Istrefi",
    "country_code": "FR",
    "country": "France"
  },
  {
    "username": "asmir_kecap",
    "followingArtist": "Era Istrefi",
    "country_code": "RS",
    "country": "Serbia"
  },
  {
    "username": "Georgeujkani",
    "followingArtist": "Era Istrefi",
    "country_code": "BR",
    "country": "Brazil"
  },
  {
    "username": "Unejsacandy",
    "followingArtist": "Era Istrefi",
    "country_code": "AT",
    "country": "Austria"
  },
  {
    "username": "DuanCulo",
    "followingArtist": "Era Istrefi",
    "country_code": "US",
    "country": "USA"
  },
  {
    "username": "RebecaHuerta16",
    "followingArtist": "Era Istrefi",
    "country_code": "HU",
    "country": "Hungary"
  },
  {
    "username": "josarteaga17",
    "followingArtist": "Era Istrefi",
    "country_code": "ES",
    "country": "Spain"
  },
  {
    "username": "beats_li",
    "followingArtist": "Era Istrefi",
    "country_code": "UA",
    "country": "Ukraine"
  },
  {
    "username": "Candice_k04",
    "followingArtist": "Era Istrefi",
    "country_code": "FR",
    "country": "France"
  },
  {
    "username": "j2syb",
    "followingArtist": "Era Istrefi",
    "country_code": "US",
    "country": "United States"
  },
  {
    "username": "Kobifynn",
    "followingArtist": "Era Istrefi",
    "country_code": "US",
    "country": "United States"
  },
  {
    "username": "PrinceArshadius",
    "followingArtist": "Era Istrefi",
    "country_code": "GB",
    "country": "Wales"
  },
  {
    "username": "Appy861",
    "followingArtist": "Era Istrefi",
    "country_code": "ID",
    "country": "Indonesia"
  },
  {
    "username": "Aye81782479",
    "followingArtist": "Era Istrefi",
    "country_code": "TR",
    "country": "Turkey"
  },
  {
    "username": "Soni03274637",
    "followingArtist": "Era Istrefi",
    "country_code": "US",
    "country": "United States"
  },
  {
    "username": "DollardEuro",
    "followingArtist": "Era Istrefi",
    "country_code": "BE",
    "country": "Belgium"
  },
  {
    "username": "Kalebea38781661",
    "followingArtist": "Era Istrefi",
    "country_code": "UK",
    "country": "United Kingdom"
  },
  {
    "username": "nyerika24",
    "followingArtist": "Era Istrefi",
    "country_code": "US",
    "country": "United States"
  },
  {
    "username": "jonarfdez",
    "followingArtist": "Era Istrefi",
    "country_code": "BR",
    "country": "Brazil"
  },
  {
    "username": "RilindBytyqi2",
    "followingArtist": "Era Istrefi",
    "country_code": "UA",
    "country": "Ukraine"
  },
  {
    "username": "Lada_PLM",
    "followingArtist": "Era Istrefi",
    "country_code": "BR",
    "country": "Brazil"
  },
  {
    "username": "MrYoOAbhi",
    "followingArtist": "Era Istrefi",
    "country_code": "IN",
    "country": "India"
  },
  {
    "username": "PatoIori",
    "followingArtist": "Era Istrefi",
    "country_code": "EC",
    "country": "Ecuador"
  },
  {
    "username": "n1kkando",
    "followingArtist": "Era Istrefi",
    "country_code": "US",
    "country": "United States"
  },
  {
    "username": "sriram45572955",
    "followingArtist": "Era Istrefi",
    "country_code": "IN",
    "country": "India"
  },
  {
    "username": "ErikaMi34107563",
    "followingArtist": "Era Istrefi",
    "country_code": "MA",
    "country": "Morocco"
  },
  {
    "username": "gianpsouza",
    "followingArtist": "Era Istrefi",
    "country_code": "MG",
    "country": "Madagascar"
  },
  {
    "username": "Laura40565509",
    "followingArtist": "Era Istrefi",
    "country_code": "IT",
    "country": "Italy"
  },
  {
    "username": "MaximeLeh18",
    "followingArtist": "Era Istrefi",
    "country_code": "FR",
    "country": "France"
  },
  {
    "username": "AntrikshRajawat",
    "followingArtist": "Era Istrefi",
    "country_code": "IN",
    "country": "India"
  },
  {
    "username": "Alghazali_Bader",
    "followingArtist": "Era Istrefi",
    "country_code": "US",
    "country": "United States"
  },
  {
    "username": "A_Wahab_07",
    "followingArtist": "Era Istrefi",
    "country_code": "PK",
    "country": "Pakistan"
  },
  {
    "username": "Burak58384194",
    "followingArtist": "Era Istrefi",
    "country_code": "TR",
    "country": "Turkey"
  },
  {
    "username": "coolaidgvy",
    "followingArtist": "Era Istrefi",
    "country_code": "US",
    "country": "United States"
  },
  {
    "username": "TheronHunter6",
    "followingArtist": "Era Istrefi",
    "country_code": "CA",
    "country": "Canada"
  },
  {
    "username": "SunCity104_9FM",
    "followingArtist": "Era Istrefi",
    "country_code": "JM",
    "country": "Jamaica"
  },
  {
    "username": "rprntt",
    "followingArtist": "Era Istrefi",
    "country_code": "FR",
    "country": "France"
  },
  {
    "username": "usamazafar631",
    "followingArtist": "Era Istrefi",
    "country_code": "PK",
    "country": "Pakistan"
  },
  {
    "username": "PK_MOJKraj",
    "followingArtist": "Era Istrefi",
    "country_code": "RS",
    "country": "Serbia"
  },
  {
    "username": "San21Sia",
    "followingArtist": "Era Istrefi",
    "country_code": "FR",
    "country": "France"
  },
  {
    "username": "Mo_tork74",
    "followingArtist": "Era Istrefi",
    "country_code": "EG",
    "country": "Egypt"
  },
  {
    "username": "SteeveJoffray",
    "followingArtist": "Era Istrefi",
    "country_code": "FR",
    "country": "France"
  },
  {
    "username": "alisyed0071",
    "followingArtist": "Era Istrefi",
    "country_code": "PK",
    "country": "Pakistan"
  },
  {
    "username": "itsnadeemahmad",
    "followingArtist": "Era Istrefi",
    "country_code": "IN",
    "country": "India"
  },
  {
    "username": "Priyank65882022",
    "followingArtist": "Era Istrefi",
    "country_code": "IN",
    "country": "India"
  },
  {
    "username": "Hareja15",
    "followingArtist": "Era Istrefi",
    "country_code": "UA",
    "country": "Ukraine"
  },
  {
    "username": "raistreeter",
    "followingArtist": "Era Istrefi",
    "country_code": "CL",
    "country": "Chile"
  },
  {
    "username": "TheMChisme",
    "followingArtist": "Era Istrefi",
    "country_code": "US",
    "country": "United States"
  },
  {
    "username": "Felizity_20",
    "followingArtist": "Era Istrefi",
    "country_code": "IT",
    "country": "Italy"
  },
  {
    "username": "lazarevic_no",
    "followingArtist": "Era Istrefi",
    "country_code": "RS",
    "country": "Serbia"
  },
  {
    "username": "RadioDaze_1",
    "followingArtist": "Era Istrefi",
    "country_code": "CN",
    "country": "China"
  },
  {
    "username": "bizzotto_julian",
    "followingArtist": "Era Istrefi",
    "country_code": "AR",
    "country": "Argentina"
  },
  {
    "username": "HamadUlh555",
    "followingArtist": "Era Istrefi",
    "country_code": "PK",
    "country": "Pakistan"
  },
  {
    "username": "HossamA29485248",
    "followingArtist": "Era Istrefi",
    "country_code": "EG",
    "country": "Egypt"
  },
  {
    "username": "mixerduabrexha",
    "followingArtist": "Era Istrefi",
    "country_code": "FR",
    "country": "France"
  },
  {
    "username": "Shkelqimxhafer1",
    "followingArtist": "Era Istrefi",
    "country_code": "FI",
    "country": "Finland"
  },
  {
    "username": "JManGV11",
    "followingArtist": "Era Istrefi",
    "country_code": "MX",
    "country": "Mexico"
  },
  {
    "username": "Itzamna_MM",
    "followingArtist": "Era Istrefi",
    "country_code": "MX",
    "country": "Mexico"
  },
  {
    "username": "TheIndieWolf21",
    "followingArtist": "Era Istrefi",
    "country_code": "US",
    "country": "United States"
  },
  {
    "username": "NoluthandoMaph4",
    "followingArtist": "Era Istrefi",
    "country_code": "BJ",
    "country": "Benin"
  },
  {
    "username": "jerryreggaezion",
    "followingArtist": "Era Istrefi",
    "country_code": "MX",
    "country": "Mexico"
  },
  {
    "username": "GiorgioSkn",
    "followingArtist": "Era Istrefi",
    "country_code": "IT",
    "country": "Italy"
  },
  {
    "username": "paulinibra1",
    "followingArtist": "Era Istrefi",
    "country_code": "GB",
    "country": "Wales"
  },
  {
    "username": "MANUELANTONIOE",
    "followingArtist": "Era Istrefi",
    "country_code": "CO",
    "country": "Colombia"
  },
  {
    "username": "AlbinGa75021870",
    "followingArtist": "Era Istrefi",
    "country_code": "IT",
    "country": "Italy"
  },
  {
    "username": "DJNexusbeats",
    "followingArtist": "Era Istrefi",
    "country_code": "US",
    "country": "United States"
  },
  {
    "username": "PROPHET49449525",
    "followingArtist": "Era Istrefi",
    "country_code": "ZA",
    "country": "South Africa"
  },
  {
    "username": "Ivan_GV85",
    "followingArtist": "Era Istrefi",
    "country_code": "MX",
    "country": "Mexico"
  },
  {
    "username": "Char_T",
    "followingArtist": "Era Istrefi",
    "country_code": "UK",
    "country": "United Kingdom"
  },
  {
    "username": "frankz_official",
    "followingArtist": "Era Istrefi",
    "country_code": "PE",
    "country": "Peru"
  },
  {
    "username": "Vikash860355",
    "followingArtist": "Era Istrefi",
    "country_code": "IN",
    "country": "India"
  },
  {
    "username": "Saraj44Saraj",
    "followingArtist": "Era Istrefi",
    "country_code": "PK",
    "country": "Pakistan"
  },
  {
    "username": "llyjaa",
    "followingArtist": "Era Istrefi",
    "country_code": "XK",
    "country": "XK"
  },
  {
    "username": "JaraSpahiu",
    "followingArtist": "Era Istrefi",
    "country_code": "AT",
    "country": "Austria"
  },
  {
    "username": "EmilioMartinezC",
    "followingArtist": "Era Istrefi",
    "country_code": "IT",
    "country": "Italy"
  },
  {
    "username": "AMD1_CEO",
    "followingArtist": "Era Istrefi",
    "country_code": "AU",
    "country": "Australia"
  },
  {
    "username": "Aarif_Shafi",
    "followingArtist": "Era Istrefi",
    "country_code": "IN",
    "country": "India"
  },
  {
    "username": "safa00339287",
    "followingArtist": "Era Istrefi",
    "country_code": "EG",
    "country": "Egypt"
  },
  {
    "username": "Biswas09698058",
    "followingArtist": "Era Istrefi",
    "country_code": "NP",
    "country": "Nepal"
  },
  {
    "username": "Cla_ari_sse",
    "followingArtist": "Era Istrefi",
    "country_code": "FR",
    "country": "France"
  },
  {
    "username": "AlexaRose420",
    "followingArtist": "Era Istrefi",
    "country_code": "US",
    "country": "United States"
  },
  {
    "username": "gabe55473997",
    "followingArtist": "Era Istrefi",
    "country_code": "US",
    "country": "United States"
  },
  {
    "username": "LEOthaKING1",
    "followingArtist": "Era Istrefi",
    "country_code": "US",
    "country": "United States"
  },
  {
    "username": "kay_kay992",
    "followingArtist": "Era Istrefi",
    "country_code": "GB",
    "country": "Wales"
  },
  {
    "username": "ArturoT66333936",
    "followingArtist": "Era Istrefi",
    "country_code": "BJ",
    "country": "Benin"
  },
  {
    "username": "moonlightboew",
    "followingArtist": "Era Istrefi",
    "country_code": "US",
    "country": "United States"
  },
  {
    "username": "SturgessSp",
    "followingArtist": "Era Istrefi",
    "country_code": "US",
    "country": "United States"
  },
  {
    "username": "AlexJuegaJuego",
    "followingArtist": "Era Istrefi",
    "country_code": "US",
    "country": "United States"
  },
  {
    "username": "djkhaled231",
    "followingArtist": "Era Istrefi",
    "country_code": "TR",
    "country": "Turkey"
  },
  {
    "username": "pankajkantsingh",
    "followingArtist": "Era Istrefi",
    "country_code": "IN",
    "country": "India"
  },
  {
    "username": "ElliotJCornish",
    "followingArtist": "Era Istrefi",
    "country_code": "FR",
    "country": "France"
  },
  {
    "username": "AnnaBrbaraRibe3",
    "followingArtist": "Era Istrefi",
    "country_code": "BR",
    "country": "Brazil"
  },
  {
    "username": "TheEstiakAhmed",
    "followingArtist": "Era Istrefi",
    "country_code": "BD",
    "country": "Bangladesh"
  },
  {
    "username": "RiteshTheShady",
    "followingArtist": "Era Istrefi",
    "country_code": "IN",
    "country": "India"
  },
  {
    "username": "NickyStarlett",
    "followingArtist": "Era Istrefi",
    "country_code": "FR",
    "country": "France"
  },
  {
    "username": "joker187cal",
    "followingArtist": "Era Istrefi",
    "country_code": "California City Blvd",
    "country": "California City Blvd"
  },
  {
    "username": "Jaime_Quetra",
    "followingArtist": "Era Istrefi",
    "country_code": "CL",
    "country": "Chile"
  },
  {
    "username": "_supshem",
    "followingArtist": "Era Istrefi",
    "country_code": "CA",
    "country": "Canada"
  },
  {
    "username": "KarlVivarez",
    "followingArtist": "Era Istrefi",
    "country_code": "CO",
    "country": "Colombia"
  },
  {
    "username": "FittaTwitta",
    "followingArtist": "Era Istrefi",
    "country_code": "UK",
    "country": "United Kingdom"
  },
  {
    "username": "raul_sdz",
    "followingArtist": "Era Istrefi",
    "country_code": "PE",
    "country": "Peru"
  },
  {
    "username": "senthil374u",
    "followingArtist": "Era Istrefi",
    "country_code": "UG",
    "country": "Uganda"
  },
  {
    "username": "aIexsvs",
    "followingArtist": "Era Istrefi",
    "country_code": "GB",
    "country": "Wales"
  },
  {
    "username": "mdakashtorofdar",
    "followingArtist": "Era Istrefi",
    "country_code": "BD",
    "country": "Bangladesh"
  },
  {
    "username": "tringasallahu",
    "followingArtist": "Era Istrefi",
    "country_code": "UK",
    "country": "United Kingdom"
  },
  {
    "username": "AZC0222",
    "followingArtist": "Era Istrefi",
    "country_code": "US",
    "country": "United States"
  },
  {
    "username": "bujar222",
    "followingArtist": "Era Istrefi",
    "country_code": "MK",
    "country": "Macedonia"
  },
  {
    "username": "demon_king_hrf",
    "followingArtist": "Era Istrefi",
    "country_code": "BD",
    "country": "Bangladesh"
  },
  {
    "username": "Sandeep84389974",
    "followingArtist": "Era Istrefi",
    "country_code": "IN",
    "country": "India"
  },
  {
    "username": "AwalSoyab",
    "followingArtist": "Era Istrefi",
    "country_code": "TR",
    "country": "Turkey"
  },
  {
    "username": "shadyari1111",
    "followingArtist": "Era Istrefi",
    "country_code": "US",
    "country": "United States"
  },
  {
    "username": "ArtiolaAce",
    "followingArtist": "Era Istrefi",
    "country_code": "NG",
    "country": "Nigeria"
  },
  {
    "username": "smith2901835901",
    "followingArtist": "Era Istrefi",
    "country_code": "AU",
    "country": "Australia"
  },
  {
    "username": "adamkarczewski2",
    "followingArtist": "Era Istrefi",
    "country_code": "PL",
    "country": "Poland"
  },
  {
    "username": "azbi_arapi",
    "followingArtist": "Era Istrefi",
    "country_code": "US",
    "country": "United States"
  },
  {
    "username": "NikonGraham",
    "followingArtist": "Era Istrefi",
    "country_code": "US",
    "country": "United States"
  },
  {
    "username": "followalicolak",
    "followingArtist": "Era Istrefi",
    "country_code": "US",
    "country": "United States"
  },
  {
    "username": "AntonioCimareli",
    "followingArtist": "Era Istrefi",
    "country_code": "BR",
    "country": "Brazil"
  },
  {
    "username": "jp79twit",
    "followingArtist": "Era Istrefi",
    "country_code": "PT",
    "country": "Portugal"
  },
  {
    "username": "humzaFaisal_HF",
    "followingArtist": "Era Istrefi",
    "country_code": "PK",
    "country": "Pakistan"
  },
  {
    "username": "ZevsAlban",
    "followingArtist": "Era Istrefi",
    "country_code": "ZA",
    "country": "South Africa"
  },
  {
    "username": "B3T01504",
    "followingArtist": "Era Istrefi",
    "country_code": "VU",
    "country": "Vanuatu"
  },
  {
    "username": "FekaHashim",
    "followingArtist": "Era Istrefi",
    "country_code": "IT",
    "country": "Italy"
  },
  {
    "username": "renatagbrl",
    "followingArtist": "Era Istrefi",
    "country_code": "CD",
    "country": "Democratic Republic of Congo"
  },
  {
    "username": "RyanWCCFC",
    "followingArtist": "Era Istrefi",
    "country_code": "GB",
    "country": "Wales"
  },
  {
    "username": "PrayasSarthak",
    "followingArtist": "Era Istrefi",
    "country_code": "IN",
    "country": "India"
  },
  {
    "username": "haxhi_thuqi",
    "followingArtist": "Era Istrefi",
    "country_code": "KH",
    "country": "Cambodia"
  },
  {
    "username": "Gladiol93656939",
    "followingArtist": "Era Istrefi",
    "country_code": "IT",
    "country": "Italy"
  },
  {
    "username": "M_A_F_R",
    "followingArtist": "Era Istrefi",
    "country_code": "ID",
    "country": "Indonesia"
  },
  {
    "username": "Nico92683802",
    "followingArtist": "Era Istrefi",
    "country_code": "AR",
    "country": "Argentina"
  },
  {
    "username": "DepkmrDk",
    "followingArtist": "Era Istrefi",
    "country_code": "IN",
    "country": "India"
  },
  {
    "username": "sinasalehian1",
    "followingArtist": "Era Istrefi",
    "country_code": "CA",
    "country": "Canada"
  },
  {
    "username": "tam35izmirliyiz",
    "followingArtist": "Era Istrefi",
    "country_code": "TR",
    "country": "Turkey"
  },
  {
    "username": "taehyungskoya",
    "followingArtist": "Era Istrefi",
    "country_code": "US",
    "country": "United States"
  },
  {
    "username": "arlex3162136011",
    "followingArtist": "Era Istrefi",
    "country_code": "CO",
    "country": "Colombia"
  },
  {
    "username": "nokshiqi_guas",
    "followingArtist": "Era Istrefi",
    "country_code": "US",
    "country": "United States"
  },
  {
    "username": "nicaoxdxd",
    "followingArtist": "Era Istrefi",
    "country_code": "BR",
    "country": "Brazil"
  },
  {
    "username": "Kikikaminski03",
    "followingArtist": "Era Istrefi",
    "country_code": "US",
    "country": "United States"
  },
  {
    "username": "calebancz12",
    "followingArtist": "Era Istrefi",
    "country_code": "US",
    "country": "United States"
  },
  {
    "username": "GiiantsMusic",
    "followingArtist": "Era Istrefi",
    "country_code": "NG",
    "country": "Nigeria"
  },
  {
    "username": "mujaj81",
    "followingArtist": "Era Istrefi",
    "country_code": "CH",
    "country": "Switzerland"
  },
  {
    "username": "arianayseni",
    "followingArtist": "Era Istrefi",
    "country_code": "EG",
    "country": "Egypt"
  },
  {
    "username": "RicciEgn",
    "followingArtist": "Era Istrefi",
    "country_code": "UK",
    "country": "United Kingdom"
  },
  {
    "username": "VdYuk3tzsPKm1CS",
    "followingArtist": "Era Istrefi",
    "country_code": "PG",
    "country": "Papua New Guinea"
  },
  {
    "username": "Ali_Xhan__",
    "followingArtist": "Era Istrefi",
    "country_code": "GB",
    "country": "Wales"
  },
  {
    "username": "PerparimKlinaku",
    "followingArtist": "Era Istrefi",
    "country_code": "XK",
    "country": "XK"
  },
  {
    "username": "BlerandS",
    "followingArtist": "Era Istrefi",
    "country_code": "XK",
    "country": "XK"
  },
  {
    "username": "raihan_tahsin",
    "followingArtist": "Era Istrefi",
    "country_code": "BD",
    "country": "Bangladesh"
  },
  {
    "username": "mariamarimb",
    "followingArtist": "Era Istrefi",
    "country_code": "AL",
    "country": "Albania"
  },
  {
    "username": "florina70018128",
    "followingArtist": "Era Istrefi",
    "country_code": "CZ",
    "country": "Czech Republic"
  },
  {
    "username": "LicJun3z",
    "followingArtist": "Era Istrefi",
    "country_code": "MX",
    "country": "Mexico"
  },
  {
    "username": "JumperAtl",
    "followingArtist": "Era Istrefi",
    "country_code": "US",
    "country": "United States"
  },
  {
    "username": "AndreeaP34",
    "followingArtist": "Era Istrefi",
    "country_code": "CA",
    "country": "Canada"
  },
  {
    "username": "1Dreunion__",
    "followingArtist": "Era Istrefi",
    "country_code": "XK",
    "country": "XK"
  },
  {
    "username": "brahimi_roni",
    "followingArtist": "Era Istrefi",
    "country_code": "FR",
    "country": "France"
  },
  {
    "username": "Isaac49104013",
    "followingArtist": "Era Istrefi",
    "country_code": "MX",
    "country": "Mexico"
  },
  {
    "username": "FatmirMetaj",
    "followingArtist": "Era Istrefi",
    "country_code": "XK",
    "country": "XK"
  },
  {
    "username": "joseph_tauk",
    "followingArtist": "Era Istrefi",
    "country_code": "LB",
    "country": "Lebanon"
  },
  {
    "username": "kujtimbaraliu",
    "followingArtist": "Era Istrefi",
    "country_code": "XK",
    "country": "XK"
  },
  {
    "username": "GjaknxetiTimip",
    "followingArtist": "Era Istrefi",
    "country_code": "DE",
    "country": "Germany"
  },
  {
    "username": "1LeoKai",
    "followingArtist": "Era Istrefi",
    "country_code": "IN",
    "country": "India"
  },
  {
    "username": "JoslinMie",
    "followingArtist": "Era Istrefi",
    "country_code": "MY",
    "country": "Malaysia"
  },
  {
    "username": "saifulazreen92",
    "followingArtist": "Era Istrefi",
    "country_code": "US",
    "country": "United States"
  },
  {
    "username": "OlivierCarre68",
    "followingArtist": "Era Istrefi",
    "country_code": "FR",
    "country": "France"
  },
  {
    "username": "1stOfRagnarok",
    "followingArtist": "Era Istrefi",
    "country_code": "FR",
    "country": "France"
  },
  {
    "username": "enzopoblete",
    "followingArtist": "Era Istrefi",
    "country_code": "AR",
    "country": "Argentina"
  },
  {
    "username": "Drakegamer507",
    "followingArtist": "Era Istrefi",
    "country_code": "IR",
    "country": "Iran"
  },
  {
    "username": "Tri5BelAir",
    "followingArtist": "Era Istrefi",
    "country_code": "US",
    "country": "United States"
  },
  {
    "username": "foe_faker",
    "followingArtist": "Era Istrefi",
    "country_code": "GB",
    "country": "Wales"
  },
  {
    "username": "merloclaudio",
    "followingArtist": "Era Istrefi",
    "country_code": "US",
    "country": "United States"
  },
  {
    "username": "adakamberi",
    "followingArtist": "Era Istrefi",
    "country_code": "AL",
    "country": "Albania"
  },
  {
    "username": "GBCBaby96",
    "followingArtist": "Era Istrefi",
    "country_code": "US",
    "country": "United States"
  },
  {
    "username": "_kingdomandi",
    "followingArtist": "Era Istrefi",
    "country_code": "NG",
    "country": "Nigeria"
  },
  {
    "username": "DrumbossJ",
    "followingArtist": "Era Istrefi",
    "country_code": "ZA",
    "country": "South Africa"
  },
  {
    "username": "thiccminn",
    "followingArtist": "Era Istrefi",
    "country_code": "TD",
    "country": "Chad"
  },
  {
    "username": "petar_carapina",
    "followingArtist": "Era Istrefi",
    "country_code": "BA",
    "country": "Bosnia and Herzegovina"
  },
  {
    "username": "mar_ce4",
    "followingArtist": "Era Istrefi",
    "country_code": "CL",
    "country": "Chile"
  },
  {
    "username": "Sounava_njr",
    "followingArtist": "Era Istrefi",
    "country_code": "IN",
    "country": "India"
  },
  {
    "username": "ReivanGates",
    "followingArtist": "Era Istrefi",
    "country_code": "FR",
    "country": "France"
  },
  {
    "username": "RizaPeker_",
    "followingArtist": "Era Istrefi",
    "country_code": "GL",
    "country": "Greenland"
  },
  {
    "username": "DJSTORM_LONDON",
    "followingArtist": "Era Istrefi",
    "country_code": "UK",
    "country": "United Kingdom"
  },
  {
    "username": "oneIX91",
    "followingArtist": "Era Istrefi",
    "country_code": "US",
    "country": "United States"
  },
  {
    "username": "OkenwaEmmanuel9",
    "followingArtist": "Era Istrefi",
    "country_code": "NG",
    "country": "Nigeria"
  },
  {
    "username": "hadeed_kz",
    "followingArtist": "Era Istrefi",
    "country_code": "IN",
    "country": "India"
  },
  {
    "username": "CamiloCastell13",
    "followingArtist": "Era Istrefi",
    "country_code": "FR",
    "country": "France"
  },
  {
    "username": "SellasieSoldier",
    "followingArtist": "Era Istrefi",
    "country_code": "KE",
    "country": "Kenya"
  },
  {
    "username": "Momo59441143",
    "followingArtist": "Era Istrefi",
    "country_code": "FR",
    "country": "France"
  },
  {
    "username": "julianduque2",
    "followingArtist": "Era Istrefi",
    "country_code": "CO",
    "country": "Colombia"
  },
  {
    "username": "Santinos_",
    "followingArtist": "Era Istrefi",
    "country_code": "EC",
    "country": "Ecuador"
  },
  {
    "username": "Dariosanchezn",
    "followingArtist": "Era Istrefi",
    "country_code": "PE",
    "country": "Peru"
  },
  {
    "username": "itrapyou5",
    "followingArtist": "Era Istrefi",
    "country_code": "IE",
    "country": "Ireland"
  },
  {
    "username": "bensuddes",
    "followingArtist": "Era Istrefi",
    "country_code": "SI",
    "country": "Slovenia"
  },
  {
    "username": "davideliguori1",
    "followingArtist": "Era Istrefi",
    "country_code": "IT",
    "country": "Italy"
  },
  {
    "username": "EuRiderFx",
    "followingArtist": "Era Istrefi",
    "country_code": "TR",
    "country": "Turkey"
  },
  {
    "username": "JuLi3ta_at3iLuJ",
    "followingArtist": "Era Istrefi",
    "country_code": "US",
    "country": "United States"
  },
  {
    "username": "HorizontPllana",
    "followingArtist": "Era Istrefi",
    "country_code": "US",
    "country": "United States"
  },
  {
    "username": "gazm3nd",
    "followingArtist": "Era Istrefi",
    "country_code": "FI",
    "country": "Finland"
  },
  {
    "username": "GodFredGo",
    "followingArtist": "Era Istrefi",
    "country_code": "ID",
    "country": "Indonesia"
  },
  {
    "username": "santiago_rp_31",
    "followingArtist": "Era Istrefi",
    "country_code": "US",
    "country": "United States"
  },
  {
    "username": "pastfa",
    "followingArtist": "Era Istrefi",
    "country_code": "FI",
    "country": "Finland"
  },
  {
    "username": "RealPakMaon",
    "followingArtist": "Era Istrefi",
    "country_code": "MY",
    "country": "Malaysia"
  },
  {
    "username": "abbyxx0",
    "followingArtist": "Era Istrefi",
    "country_code": "US",
    "country": "United States"
  },
  {
    "username": "catherinemc___",
    "followingArtist": "Era Istrefi",
    "country_code": "US",
    "country": "United States"
  },
  {
    "username": "AmandaSadiku",
    "followingArtist": "Era Istrefi",
    "country_code": "US",
    "country": "United States"
  },
  {
    "username": "KershCWood24",
    "followingArtist": "Era Istrefi",
    "country_code": "TR",
    "country": "Turkey"
  },
  {
    "username": "SlimSarri",
    "followingArtist": "Era Istrefi",
    "country_code": "CA",
    "country": "Canada"
  },
  {
    "username": "nmcjewel",
    "followingArtist": "Era Istrefi",
    "country_code": "US",
    "country": "United States"
  },
  {
    "username": "termcglader",
    "followingArtist": "Era Istrefi",
    "country_code": "US",
    "country": "United States"
  },
  {
    "username": "DritanSinani3",
    "followingArtist": "Era Istrefi",
    "country_code": "XK",
    "country": "XK"
  },
  {
    "username": "MersimRizmani",
    "followingArtist": "Era Istrefi",
    "country_code": "US",
    "country": "United States"
  },
  {
    "username": "aademiii",
    "followingArtist": "Era Istrefi",
    "country_code": "US",
    "country": "United States"
  },
  {
    "username": "CelalettinN_bsr",
    "followingArtist": "Era Istrefi",
    "country_code": "TR",
    "country": "Turkey"
  },
  {
    "username": "RobbieLewis92",
    "followingArtist": "Era Istrefi",
    "country_code": "US",
    "country": "United States"
  },
  {
    "username": "bshan805",
    "followingArtist": "Era Istrefi",
    "country_code": "PK",
    "country": "Pakistan"
  },
  {
    "username": "DanteVedder412",
    "followingArtist": "Era Istrefi",
    "country_code": "US",
    "country": "United States"
  },
  {
    "username": "hyunjih_",
    "followingArtist": "Era Istrefi",
    "country_code": "PK",
    "country": "Pakistan"
  },
  {
    "username": "aman_debnath",
    "followingArtist": "Era Istrefi",
    "country_code": "IN",
    "country": "India"
  },
  {
    "username": "iknkclothing",
    "followingArtist": "Era Istrefi",
    "country_code": "NG",
    "country": "Nigeria"
  },
  {
    "username": "juliancardenasb",
    "followingArtist": "Era Istrefi",
    "country_code": "US",
    "country": "United States"
  },
  {
    "username": "CrisMoon20",
    "followingArtist": "Era Istrefi",
    "country_code": "BR",
    "country": "Brazil"
  },
  {
    "username": "Avnihl78",
    "followingArtist": "Era Istrefi",
    "country_code": "CA",
    "country": "Canada"
  },
  {
    "username": "JillianChrist",
    "followingArtist": "Era Istrefi",
    "country_code": "California City Blvd",
    "country": "California City Blvd"
  },
  {
    "username": "way2naked",
    "followingArtist": "Era Istrefi",
    "country_code": "UK",
    "country": "United Kingdom"
  },
  {
    "username": "KristenSimone14",
    "followingArtist": "Era Istrefi",
    "country_code": "US",
    "country": "United States"
  },
  {
    "username": "randomrantss",
    "followingArtist": "Era Istrefi",
    "country_code": "US",
    "country": "United States"
  },
  {
    "username": "Andrejrovic",
    "followingArtist": "Era Istrefi",
    "country_code": "CO",
    "country": "Colombia"
  },
  {
    "username": "liridon16209842",
    "followingArtist": "Era Istrefi",
    "country_code": "IT",
    "country": "Italy"
  },
  {
    "username": "luis_mejia2020",
    "followingArtist": "Era Istrefi",
    "country_code": "EC",
    "country": "Ecuador"
  },
  {
    "username": "grandtsunami",
    "followingArtist": "Era Istrefi",
    "country_code": "US",
    "country": "United States"
  },
  {
    "username": "Islam1Yeasin",
    "followingArtist": "Era Istrefi",
    "country_code": "BD",
    "country": "Bangladesh"
  },
  {
    "username": "Abda17202681",
    "followingArtist": "Era Istrefi",
    "country_code": "ID",
    "country": "Indonesia"
  },
  {
    "username": "yannettrosa1",
    "followingArtist": "Era Istrefi",
    "country_code": "CO",
    "country": "Colombia"
  },
  {
    "username": "shakilapops",
    "followingArtist": "Era Istrefi",
    "country_code": "AE",
    "country": "United Arab Emirates"
  }
]