[
  {
    "username": "FahadIr73728356",
    "followingArtist": "Tim Bergling",
    "country_code": "PK",
    "country": "Pakistan"
  },
  {
    "username": "crisp04390436",
    "followingArtist": "Tim Bergling",
    "country_code": "CZ",
    "country": "Czech Republic"
  },
  {
    "username": "PAUL_MCLEAN1994",
    "followingArtist": "Tim Bergling",
    "country_code": "UK",
    "country": "United Kingdom"
  },
  {
    "username": "SzabolcsFabian1",
    "followingArtist": "Tim Bergling",
    "country_code": "DK",
    "country": "Denmark"
  },
  {
    "username": "2broke2Bdown",
    "followingArtist": "Tim Bergling",
    "country_code": "California City Blvd",
    "country": "California City Blvd"
  },
  {
    "username": "MunyangeI",
    "followingArtist": "Tim Bergling",
    "country_code": "UG",
    "country": "Uganda"
  },
  {
    "username": "Pam90934740",
    "followingArtist": "Tim Bergling",
    "country_code": "US",
    "country": "USA"
  },
  {
    "username": "JuniorDeHunter1",
    "followingArtist": "Tim Bergling",
    "country_code": "KE",
    "country": "Kenya"
  },
  {
    "username": "Blessin25181205",
    "followingArtist": "Tim Bergling",
    "country_code": "US",
    "country": "USA"
  },
  {
    "username": "jrcava32",
    "followingArtist": "Tim Bergling",
    "country_code": "US",
    "country": "USA"
  },
  {
    "username": "alicela02825931",
    "followingArtist": "Tim Bergling",
    "country_code": "CN",
    "country": "China"
  },
  {
    "username": "ShawonM19831594",
    "followingArtist": "Tim Bergling",
    "country_code": "BD",
    "country": "Bangladesh"
  },
  {
    "username": "DriscollBaron",
    "followingArtist": "Tim Bergling",
    "country_code": "BJ",
    "country": "Benin"
  },
  {
    "username": "Vicki0kk",
    "followingArtist": "Tim Bergling",
    "country_code": "US",
    "country": "USA"
  },
  {
    "username": "Justin_ONeill13",
    "followingArtist": "Tim Bergling",
    "country_code": "ES",
    "country": "Spain"
  },
  {
    "username": "carvacho_benja",
    "followingArtist": "Tim Bergling",
    "country_code": "US",
    "country": "USA"
  },
  {
    "username": "stefflertada",
    "followingArtist": "Tim Bergling",
    "country_code": "US",
    "country": "USA"
  },
  {
    "username": "AzumaNew",
    "followingArtist": "Tim Bergling",
    "country_code": "BL",
    "country": "BL"
  },
  {
    "username": "Thiaregajardo2",
    "followingArtist": "Tim Bergling",
    "country_code": "CL",
    "country": "Chile"
  },
  {
    "username": "ElhassanBobtop",
    "followingArtist": "Tim Bergling",
    "country_code": "GH",
    "country": "Ghana"
  },
  {
    "username": "JalisaNicole23",
    "followingArtist": "Tim Bergling",
    "country_code": "US",
    "country": "USA"
  },
  {
    "username": "Otaku_Basshead",
    "followingArtist": "Tim Bergling",
    "country_code": "US",
    "country": "USA"
  },
  {
    "username": "WFw5aS0yNMdtQcB",
    "followingArtist": "Tim Bergling",
    "country_code": "CN",
    "country": "China"
  },
  {
    "username": "DraYoselyn",
    "followingArtist": "Tim Bergling",
    "country_code": "VE",
    "country": "Venezuela"
  },
  {
    "username": "WhoAnoopSingh",
    "followingArtist": "Tim Bergling",
    "country_code": "IN",
    "country": "India"
  },
  {
    "username": "WjIAIeCwtnuycm5",
    "followingArtist": "Tim Bergling",
    "country_code": "TR",
    "country": "Turkey"
  },
  {
    "username": "ChukieSarkcess",
    "followingArtist": "Tim Bergling",
    "country_code": "GH",
    "country": "Ghana"
  },
  {
    "username": "AmeerHa11097070",
    "followingArtist": "Tim Bergling",
    "country_code": "PK",
    "country": "Pakistan"
  },
  {
    "username": "abanto_leo",
    "followingArtist": "Tim Bergling",
    "country_code": "GB",
    "country": "Great Britain"
  },
  {
    "username": "Jonathanpillaj6",
    "followingArtist": "Tim Bergling",
    "country_code": "EC",
    "country": "Ecuador"
  },
  {
    "username": "Siemon92201485",
    "followingArtist": "Tim Bergling",
    "country_code": "AT",
    "country": "Austria"
  },
  {
    "username": "yadi84385330",
    "followingArtist": "Tim Bergling",
    "country_code": "US",
    "country": "USA"
  },
  {
    "username": "jarron2002",
    "followingArtist": "Tim Bergling",
    "country_code": "ES",
    "country": "Spain"
  },
  {
    "username": "wordtozara",
    "followingArtist": "Tim Bergling",
    "country_code": "UK",
    "country": "United Kingdom"
  },
  {
    "username": "ItzSammy19",
    "followingArtist": "Tim Bergling",
    "country_code": "GH",
    "country": "Ghana"
  },
  {
    "username": "zddtysbx",
    "followingArtist": "Tim Bergling",
    "country_code": "US",
    "country": "USA"
  },
  {
    "username": "HolidayNasty",
    "followingArtist": "Tim Bergling",
    "country_code": "GH",
    "country": "Ghana"
  },
  {
    "username": "Hussein25329179",
    "followingArtist": "Tim Bergling",
    "country_code": "US",
    "country": "USA"
  },
  {
    "username": "luuciabescos",
    "followingArtist": "Tim Bergling",
    "country_code": "MX",
    "country": "Mexico"
  },
  {
    "username": "OfficialMoonE",
    "followingArtist": "Tim Bergling",
    "country_code": "NL",
    "country": "Netherlands"
  },
  {
    "username": "SmithFa12134615",
    "followingArtist": "Tim Bergling",
    "country_code": "US",
    "country": "USA"
  },
  {
    "username": "SoundJunkeyz",
    "followingArtist": "Tim Bergling",
    "country_code": "US",
    "country": "USA"
  },
  {
    "username": "wax_group",
    "followingArtist": "Tim Bergling",
    "country_code": "US",
    "country": "USA"
  },
  {
    "username": "Gift01338132",
    "followingArtist": "Tim Bergling",
    "country_code": "ZA",
    "country": "South Africa"
  },
  {
    "username": "NurNabi21303507",
    "followingArtist": "Tim Bergling",
    "country_code": "BD",
    "country": "Bangladesh"
  },
  {
    "username": "FreddyboiCA19",
    "followingArtist": "Tim Bergling",
    "country_code": "US",
    "country": "USA"
  },
  {
    "username": "Nicole89327529",
    "followingArtist": "Tim Bergling",
    "country_code": "MX",
    "country": "Mexico"
  },
  {
    "username": "Dav3P3nny",
    "followingArtist": "Tim Bergling",
    "country_code": "CA",
    "country": "Canada"
  },
  {
    "username": "anaportg",
    "followingArtist": "Tim Bergling",
    "country_code": "US",
    "country": "USA"
  },
  {
    "username": "hadis71084570",
    "followingArtist": "Tim Bergling",
    "country_code": "IR",
    "country": "Iran"
  },
  {
    "username": "alitamos",
    "followingArtist": "Tim Bergling",
    "country_code": "UG",
    "country": "Uganda"
  },
  {
    "username": "YuranDaSilva2",
    "followingArtist": "Tim Bergling",
    "country_code": "US",
    "country": "USA"
  },
  {
    "username": "Katja_delta",
    "followingArtist": "Tim Bergling",
    "country_code": "DE",
    "country": "Germany"
  },
  {
    "username": "liciaaaa3",
    "followingArtist": "Tim Bergling",
    "country_code": "US",
    "country": "USA"
  },
  {
    "username": "afroknife1",
    "followingArtist": "Tim Bergling",
    "country_code": "NG",
    "country": "Nigeria"
  },
  {
    "username": "BeckyLev123",
    "followingArtist": "Tim Bergling",
    "country_code": "GB",
    "country": "Great Britain"
  },
  {
    "username": "markisinc",
    "followingArtist": "Tim Bergling",
    "country_code": "US",
    "country": "USA"
  },
  {
    "username": "korean_mike",
    "followingArtist": "Tim Bergling",
    "country_code": "US",
    "country": "USA"
  },
  {
    "username": "JossalynnHerna1",
    "followingArtist": "Tim Bergling",
    "country_code": "US",
    "country": "USA"
  },
  {
    "username": "EricRabago2",
    "followingArtist": "Tim Bergling",
    "country_code": "US",
    "country": "USA"
  },
  {
    "username": "HelenGOULDSON2",
    "followingArtist": "Tim Bergling",
    "country_code": "UK",
    "country": "United Kingdom"
  },
  {
    "username": "ameliaxoxo111",
    "followingArtist": "Tim Bergling",
    "country_code": "PL",
    "country": "Poland"
  },
  {
    "username": "NBuruku",
    "followingArtist": "Tim Bergling",
    "country_code": "GH",
    "country": "Ghana"
  },
  {
    "username": "ChritopherLong3",
    "followingArtist": "Tim Bergling",
    "country_code": "US",
    "country": "USA"
  },
  {
    "username": "BrientNathan",
    "followingArtist": "Tim Bergling",
    "country_code": "FR",
    "country": "France"
  },
  {
    "username": "WilliamDawn5",
    "followingArtist": "Tim Bergling",
    "country_code": "UK",
    "country": "United Kingdom"
  },
  {
    "username": "samforlers",
    "followingArtist": "Tim Bergling",
    "country_code": "TW",
    "country": "Taiwan"
  },
  {
    "username": "JunaidC41542514",
    "followingArtist": "Tim Bergling",
    "country_code": "PK",
    "country": "Pakistan"
  },
  {
    "username": "TonyCha68788527",
    "followingArtist": "Tim Bergling",
    "country_code": "SE",
    "country": "Sweden"
  },
  {
    "username": "Jagdeep22414422",
    "followingArtist": "Tim Bergling",
    "country_code": "IN",
    "country": "India"
  },
  {
    "username": "vvhypnosis",
    "followingArtist": "Tim Bergling",
    "country_code": "FR",
    "country": "France"
  },
  {
    "username": "Heidijoseline33",
    "followingArtist": "Tim Bergling",
    "country_code": "US",
    "country": "USA"
  },
  {
    "username": "SeedorfGyan3",
    "followingArtist": "Tim Bergling",
    "country_code": "NL",
    "country": "Netherlands"
  },
  {
    "username": "Fg3JyNTPe14xKlo",
    "followingArtist": "Tim Bergling",
    "country_code": "DE",
    "country": "Germany"
  },
  {
    "username": "mariamtsotsko30",
    "followingArtist": "Tim Bergling",
    "country_code": "GE",
    "country": "Georgia"
  },
  {
    "username": "Trinidadfounda1",
    "followingArtist": "Tim Bergling",
    "country_code": "UG",
    "country": "Uganda"
  },
  {
    "username": "EdwardQweci",
    "followingArtist": "Tim Bergling",
    "country_code": "GH",
    "country": "Ghana"
  },
  {
    "username": "gracelujanosan",
    "followingArtist": "Tim Bergling",
    "country_code": "US",
    "country": "USA"
  },
  {
    "username": "DaleHornsby",
    "followingArtist": "Tim Bergling",
    "country_code": "UK",
    "country": "United Kingdom"
  },
  {
    "username": "Dallas_Rocks_",
    "followingArtist": "Tim Bergling",
    "country_code": "US",
    "country": "USA"
  },
  {
    "username": "mash_tovi",
    "followingArtist": "Tim Bergling",
    "country_code": "UG",
    "country": "Uganda"
  },
  {
    "username": "Christo30743684",
    "followingArtist": "Tim Bergling",
    "country_code": "ES",
    "country": "Spain"
  },
  {
    "username": "Aco04505259",
    "followingArtist": "Tim Bergling",
    "country_code": "CN",
    "country": "China"
  },
  {
    "username": "varankaranos",
    "followingArtist": "Tim Bergling",
    "country_code": "BJ",
    "country": "Benin"
  },
  {
    "username": "Atheris66158155",
    "followingArtist": "Tim Bergling",
    "country_code": "US",
    "country": "USA"
  },
  {
    "username": "IamBahaddin",
    "followingArtist": "Tim Bergling",
    "country_code": "DZ",
    "country": "Algeria"
  },
  {
    "username": "akosuakiddiface",
    "followingArtist": "Tim Bergling",
    "country_code": "GH",
    "country": "Ghana"
  },
  {
    "username": "adamuhammadreal",
    "followingArtist": "Tim Bergling",
    "country_code": "ID",
    "country": "Indonesia"
  },
  {
    "username": "misanthropolitn",
    "followingArtist": "Tim Bergling",
    "country_code": "LB",
    "country": "Lebanon"
  },
  {
    "username": "MaygeAg",
    "followingArtist": "Tim Bergling",
    "country_code": "ZA",
    "country": "South Africa"
  },
  {
    "username": "MissaarSeth",
    "followingArtist": "Tim Bergling",
    "country_code": "NL",
    "country": "Netherlands"
  },
  {
    "username": "xuty665",
    "followingArtist": "Tim Bergling",
    "country_code": "US",
    "country": "USA"
  },
  {
    "username": "SherinSahla",
    "followingArtist": "Tim Bergling",
    "country_code": "IN",
    "country": "India"
  },
  {
    "username": "JulianaRaymon15",
    "followingArtist": "Tim Bergling",
    "country_code": "UG",
    "country": "Uganda"
  },
  {
    "username": "yoada23",
    "followingArtist": "Tim Bergling",
    "country_code": "ID",
    "country": "Indonesia"
  },
  {
    "username": "TLamote",
    "followingArtist": "Tim Bergling",
    "country_code": "FR",
    "country": "France"
  },
  {
    "username": "toralchavosh",
    "followingArtist": "Tim Bergling",
    "country_code": "BJ",
    "country": "Benin"
  },
  {
    "username": "JuanSorianoPaz1",
    "followingArtist": "Tim Bergling",
    "country_code": "MX",
    "country": "Mexico"
  },
  {
    "username": "meluusoy",
    "followingArtist": "Tim Bergling",
    "country_code": "AR",
    "country": "Argentina"
  },
  {
    "username": "Rakim32511712",
    "followingArtist": "Tim Bergling",
    "country_code": "US",
    "country": "United States"
  },
  {
    "username": "TanuiElvis3",
    "followingArtist": "Tim Bergling",
    "country_code": "BJ",
    "country": "Benin"
  },
  {
    "username": "CalvoViales",
    "followingArtist": "Tim Bergling",
    "country_code": "PT",
    "country": "Portugal"
  },
  {
    "username": "morenocaio_",
    "followingArtist": "Tim Bergling",
    "country_code": "BR",
    "country": "Brazil"
  },
  {
    "username": "JTomanovich",
    "followingArtist": "Tim Bergling",
    "country_code": "US",
    "country": "USA"
  },
  {
    "username": "SpojaTravis",
    "followingArtist": "Tim Bergling",
    "country_code": "US",
    "country": "USA"
  },
  {
    "username": "G486PD",
    "followingArtist": "Tim Bergling",
    "country_code": "CN",
    "country": "China"
  },
  {
    "username": "osbornsk",
    "followingArtist": "Tim Bergling",
    "country_code": "US",
    "country": "USA"
  },
  {
    "username": "edutessyu",
    "followingArtist": "Tim Bergling",
    "country_code": "California City Blvd",
    "country": "California City Blvd"
  },
  {
    "username": "MichaelFirca",
    "followingArtist": "Tim Bergling",
    "country_code": "US",
    "country": "USA"
  },
  {
    "username": "brunoeckertt",
    "followingArtist": "Tim Bergling",
    "country_code": "PT",
    "country": "Portugal"
  },
  {
    "username": "BlizzySimply",
    "followingArtist": "Tim Bergling",
    "country_code": "Pennsylvania Furnace Rd",
    "country": "Pennsylvania Furnace Rd"
  },
  {
    "username": "pvtrick4",
    "followingArtist": "Tim Bergling",
    "country_code": "ES",
    "country": "Spain"
  },
  {
    "username": "Cote_CamposT",
    "followingArtist": "Tim Bergling",
    "country_code": "CL",
    "country": "Chile"
  },
  {
    "username": "el_zaiko",
    "followingArtist": "Tim Bergling",
    "country_code": "CL",
    "country": "Chile"
  },
  {
    "username": "Mamadou46959182",
    "followingArtist": "Tim Bergling",
    "country_code": "SN",
    "country": "Senegal"
  },
  {
    "username": "outsider_919",
    "followingArtist": "Tim Bergling",
    "country_code": "BR",
    "country": "Brazil"
  },
  {
    "username": "Milton94701092",
    "followingArtist": "Tim Bergling",
    "country_code": "ZM",
    "country": "Zambia"
  },
  {
    "username": "BrendaDerrick13",
    "followingArtist": "Tim Bergling",
    "country_code": "BJ",
    "country": "Benin"
  },
  {
    "username": "sasiwon",
    "followingArtist": "Tim Bergling",
    "country_code": "US",
    "country": "USA"
  },
  {
    "username": "imcescanisce",
    "followingArtist": "Tim Bergling",
    "country_code": "US",
    "country": "USA"
  },
  {
    "username": "RapParole2",
    "followingArtist": "Tim Bergling",
    "country_code": "FR",
    "country": "France"
  },
  {
    "username": "TylerMichniewic",
    "followingArtist": "Tim Bergling",
    "country_code": "US",
    "country": "USA"
  },
  {
    "username": "Aimee95985333",
    "followingArtist": "Tim Bergling",
    "country_code": "GB",
    "country": "Great Britain"
  },
  {
    "username": "XoXoAbiiBN",
    "followingArtist": "Tim Bergling",
    "country_code": "VE",
    "country": "Venezuela"
  },
  {
    "username": "Believe_In_God2",
    "followingArtist": "Tim Bergling",
    "country_code": "US",
    "country": "USA"
  },
  {
    "username": "theloneralien",
    "followingArtist": "Tim Bergling",
    "country_code": "US",
    "country": "USA"
  },
  {
    "username": "lonnie_brantley",
    "followingArtist": "Tim Bergling",
    "country_code": "US",
    "country": "USA"
  },
  {
    "username": "rhianna13999815",
    "followingArtist": "Tim Bergling",
    "country_code": "US",
    "country": "USA"
  },
  {
    "username": "KellyKeleshia",
    "followingArtist": "Tim Bergling",
    "country_code": "US",
    "country": "USA"
  },
  {
    "username": "CallmeDagger_",
    "followingArtist": "Tim Bergling",
    "country_code": "NG",
    "country": "Nigeria"
  },
  {
    "username": "_arb14",
    "followingArtist": "Tim Bergling",
    "country_code": "ES",
    "country": "Spain"
  },
  {
    "username": "OdjiDaviol",
    "followingArtist": "Tim Bergling",
    "country_code": "CM",
    "country": "Cameroon"
  },
  {
    "username": "NelsonTavas",
    "followingArtist": "Tim Bergling",
    "country_code": "ZW",
    "country": "Zimbabwe"
  },
  {
    "username": "anna95318587",
    "followingArtist": "Tim Bergling",
    "country_code": "US",
    "country": "USA"
  },
  {
    "username": "mariodaza",
    "followingArtist": "Tim Bergling",
    "country_code": "CO",
    "country": "Colombia"
  },
  {
    "username": "friday2115",
    "followingArtist": "Tim Bergling",
    "country_code": "US",
    "country": "USA"
  },
  {
    "username": "victorgauna403",
    "followingArtist": "Tim Bergling",
    "country_code": "AR",
    "country": "Argentina"
  },
  {
    "username": "chloe37033887",
    "followingArtist": "Tim Bergling",
    "country_code": "NZ",
    "country": "Aotearoa"
  },
  {
    "username": "RazuTalha",
    "followingArtist": "Tim Bergling",
    "country_code": "BD",
    "country": "Bangladesh"
  },
  {
    "username": "franckdres",
    "followingArtist": "Tim Bergling",
    "country_code": "CL",
    "country": "Chile"
  },
  {
    "username": "HbkKike",
    "followingArtist": "Tim Bergling",
    "country_code": "CA",
    "country": "Canada"
  },
  {
    "username": "sesedigital",
    "followingArtist": "Tim Bergling",
    "country_code": "HU",
    "country": "Hungary"
  },
  {
    "username": "terence_mbeng",
    "followingArtist": "Tim Bergling",
    "country_code": "CM",
    "country": "Cameroon"
  },
  {
    "username": "kay75395594",
    "followingArtist": "Tim Bergling",
    "country_code": "UG",
    "country": "Uganda"
  },
  {
    "username": "Tomas61448385",
    "followingArtist": "Tim Bergling",
    "country_code": "ES",
    "country": "Spain"
  },
  {
    "username": "Alondra86654012",
    "followingArtist": "Tim Bergling",
    "country_code": "US",
    "country": "USA"
  },
  {
    "username": "Samuel65663810",
    "followingArtist": "Tim Bergling",
    "country_code": "EC",
    "country": "Ecuador"
  },
  {
    "username": "BiisomKombat",
    "followingArtist": "Tim Bergling",
    "country_code": "GH",
    "country": "Ghana"
  },
  {
    "username": "EderQui00892433",
    "followingArtist": "Tim Bergling",
    "country_code": "MX",
    "country": "Mexico"
  },
  {
    "username": "atomic2society",
    "followingArtist": "Tim Bergling",
    "country_code": "BY",
    "country": "Belarus"
  },
  {
    "username": "ABNOUFOSMAN3",
    "followingArtist": "Tim Bergling",
    "country_code": "SD",
    "country": "Sudan"
  },
  {
    "username": "BryanAV10",
    "followingArtist": "Tim Bergling",
    "country_code": "MX",
    "country": "Mexico"
  },
  {
    "username": "stacey10116712",
    "followingArtist": "Tim Bergling",
    "country_code": "US",
    "country": "USA"
  },
  {
    "username": "Plexcitys",
    "followingArtist": "Tim Bergling",
    "country_code": "SE",
    "country": "Sweden"
  },
  {
    "username": "BaBaIDi6",
    "followingArtist": "Tim Bergling",
    "country_code": "GH",
    "country": "Ghana"
  },
  {
    "username": "KingCar500",
    "followingArtist": "Tim Bergling",
    "country_code": "ES",
    "country": "Spain"
  },
  {
    "username": "Elizabe92230289",
    "followingArtist": "Tim Bergling",
    "country_code": "US",
    "country": "USA"
  },
  {
    "username": "Grant2808105901",
    "followingArtist": "Tim Bergling",
    "country_code": "US",
    "country": "USA"
  },
  {
    "username": "porteous_kim",
    "followingArtist": "Tim Bergling",
    "country_code": "US",
    "country": "USA"
  },
  {
    "username": "TottiannaT",
    "followingArtist": "Tim Bergling",
    "country_code": "US",
    "country": "USA"
  },
  {
    "username": "jessiicaOR",
    "followingArtist": "Tim Bergling",
    "country_code": "MX",
    "country": "Mexico"
  },
  {
    "username": "WillX013",
    "followingArtist": "Tim Bergling",
    "country_code": "US",
    "country": "USA"
  },
  {
    "username": "BCompared",
    "followingArtist": "Tim Bergling",
    "country_code": "US",
    "country": "USA"
  },
  {
    "username": "Andi68074134",
    "followingArtist": "Tim Bergling",
    "country_code": "IT",
    "country": "Italy"
  },
  {
    "username": "quinteromico",
    "followingArtist": "Tim Bergling",
    "country_code": "US",
    "country": "USA"
  },
  {
    "username": "Whitney05338713",
    "followingArtist": "Tim Bergling",
    "country_code": "US",
    "country": "USA"
  },
  {
    "username": "AKEELMAJEEDSHA1",
    "followingArtist": "Tim Bergling",
    "country_code": "IN",
    "country": "India"
  },
  {
    "username": "Emily25198521",
    "followingArtist": "Tim Bergling",
    "country_code": "Pennsylvania Furnace Rd",
    "country": "Pennsylvania Furnace Rd"
  },
  {
    "username": "zpetrichor",
    "followingArtist": "Tim Bergling",
    "country_code": "VN",
    "country": "Viet Nam"
  },
  {
    "username": "Draksin2",
    "followingArtist": "Tim Bergling",
    "country_code": "ZA",
    "country": "South Africa"
  },
  {
    "username": "le_edelin",
    "followingArtist": "Tim Bergling",
    "country_code": "CL",
    "country": "Chile"
  },
  {
    "username": "nyeve_z",
    "followingArtist": "Tim Bergling",
    "country_code": "ZW",
    "country": "Zimbabwe"
  },
  {
    "username": "juumndes",
    "followingArtist": "Tim Bergling",
    "country_code": "US",
    "country": "USA"
  },
  {
    "username": "jr_righton",
    "followingArtist": "Tim Bergling",
    "country_code": "TZ",
    "country": "Tanzania"
  },
  {
    "username": "Uriel27512883",
    "followingArtist": "Tim Bergling",
    "country_code": "PE",
    "country": "Peru"
  },
  {
    "username": "ephrem18372873",
    "followingArtist": "Tim Bergling",
    "country_code": "US",
    "country": "USA"
  },
  {
    "username": "BANvibers",
    "followingArtist": "Tim Bergling",
    "country_code": "IN",
    "country": "India"
  },
  {
    "username": "Samuel07528903",
    "followingArtist": "Tim Bergling",
    "country_code": "NG",
    "country": "Nigeria"
  },
  {
    "username": "NguyenBichLie18",
    "followingArtist": "Tim Bergling",
    "country_code": "CA",
    "country": "Canada"
  },
  {
    "username": "syotaro413",
    "followingArtist": "Tim Bergling",
    "country_code": "SE",
    "country": "Sweden"
  },
  {
    "username": "MDSalau09507358",
    "followingArtist": "Tim Bergling",
    "country_code": "BD",
    "country": "Bangladesh"
  },
  {
    "username": "bxptisterie",
    "followingArtist": "Tim Bergling",
    "country_code": "FR",
    "country": "France"
  },
  {
    "username": "sheshan97",
    "followingArtist": "Tim Bergling",
    "country_code": "ID",
    "country": "Indonesia"
  },
  {
    "username": "SahoriarJ",
    "followingArtist": "Tim Bergling",
    "country_code": "BD",
    "country": "Bangladesh"
  },
  {
    "username": "_4pian",
    "followingArtist": "Tim Bergling",
    "country_code": "US",
    "country": "USA"
  },
  {
    "username": "cocombengagmai1",
    "followingArtist": "Tim Bergling",
    "country_code": "CD",
    "country": "Democratic Republic of Congo"
  },
  {
    "username": "_debwtf",
    "followingArtist": "Tim Bergling",
    "country_code": "IN",
    "country": "India"
  },
  {
    "username": "MuqarabAliKhan1",
    "followingArtist": "Tim Bergling",
    "country_code": "BD",
    "country": "Bangladesh"
  },
  {
    "username": "Abel91664748",
    "followingArtist": "Tim Bergling",
    "country_code": "ZA",
    "country": "South Africa"
  },
  {
    "username": "jiayce",
    "followingArtist": "Tim Bergling",
    "country_code": "US",
    "country": "USA"
  },
  {
    "username": "3he_chosen_one",
    "followingArtist": "Tim Bergling",
    "country_code": "IN",
    "country": "India"
  },
  {
    "username": "g_blackey",
    "followingArtist": "Tim Bergling",
    "country_code": "NG",
    "country": "Nigeria"
  },
  {
    "username": "killgov2501",
    "followingArtist": "Tim Bergling",
    "country_code": "NO",
    "country": "Norway"
  },
  {
    "username": "AugustFlynnG",
    "followingArtist": "Tim Bergling",
    "country_code": "PE",
    "country": "Peru"
  },
  {
    "username": "Mohansai522004",
    "followingArtist": "Tim Bergling",
    "country_code": "BR",
    "country": "Brazil"
  },
  {
    "username": "Noor43999024",
    "followingArtist": "Tim Bergling",
    "country_code": "BD",
    "country": "Bangladesh"
  },
  {
    "username": "Daisybrunskill1",
    "followingArtist": "Tim Bergling",
    "country_code": "GB",
    "country": "Great Britain"
  },
  {
    "username": "don_vangu",
    "followingArtist": "Tim Bergling",
    "country_code": "CD",
    "country": "Democratic Republic of Congo"
  },
  {
    "username": "VIIs07",
    "followingArtist": "Tim Bergling",
    "country_code": "BR",
    "country": "Brazil"
  },
  {
    "username": "NoorFat38549682",
    "followingArtist": "Tim Bergling",
    "country_code": "PK",
    "country": "Pakistan"
  },
  {
    "username": "YangZhenh",
    "followingArtist": "Tim Bergling",
    "country_code": "CA",
    "country": "Canada"
  },
  {
    "username": "dahan_philippe",
    "followingArtist": "Tim Bergling",
    "country_code": "FR",
    "country": "France"
  },
  {
    "username": "Ehla_Modap",
    "followingArtist": "Tim Bergling",
    "country_code": "GH",
    "country": "Ghana"
  },
  {
    "username": "ThelmaMelindah",
    "followingArtist": "Tim Bergling",
    "country_code": "ZW",
    "country": "Zimbabwe"
  },
  {
    "username": "Cecy07778839",
    "followingArtist": "Tim Bergling",
    "country_code": "US",
    "country": "USA"
  },
  {
    "username": "Amandamissio5",
    "followingArtist": "Tim Bergling",
    "country_code": "NG",
    "country": "Nigeria"
  },
  {
    "username": "KingKHA88417118",
    "followingArtist": "Tim Bergling",
    "country_code": "BD",
    "country": "Bangladesh"
  },
  {
    "username": "AqibKhursheed15",
    "followingArtist": "Tim Bergling",
    "country_code": "PK",
    "country": "Pakistan"
  },
  {
    "username": "JaroBocko",
    "followingArtist": "Tim Bergling",
    "country_code": "US",
    "country": "USA"
  },
  {
    "username": "JollyToyArt3",
    "followingArtist": "Tim Bergling",
    "country_code": "US",
    "country": "USA"
  },
  {
    "username": "AMITPAN15836372",
    "followingArtist": "Tim Bergling",
    "country_code": "IN",
    "country": "India"
  },
  {
    "username": "AgusPC02",
    "followingArtist": "Tim Bergling",
    "country_code": "UY",
    "country": "Uruguay"
  },
  {
    "username": "AngiiEytch",
    "followingArtist": "Tim Bergling",
    "country_code": "Nebraska St",
    "country": "Nebraska St"
  },
  {
    "username": "Ellisatkinson10",
    "followingArtist": "Tim Bergling",
    "country_code": "GB",
    "country": "Great Britain"
  },
  {
    "username": "GuzmanImalay",
    "followingArtist": "Tim Bergling",
    "country_code": "US",
    "country": "USA"
  },
  {
    "username": "TAdvertizer",
    "followingArtist": "Tim Bergling",
    "country_code": "US",
    "country": "USA"
  },
  {
    "username": "AMehrwaldt",
    "followingArtist": "Tim Bergling",
    "country_code": "PY",
    "country": "Paraguay"
  },
  {
    "username": "Cheeto_lukas",
    "followingArtist": "Tim Bergling",
    "country_code": "CA",
    "country": "Canada"
  },
  {
    "username": "TheChrissmas",
    "followingArtist": "Tim Bergling",
    "country_code": "AU",
    "country": "Australia"
  },
  {
    "username": "obharyhar",
    "followingArtist": "Tim Bergling",
    "country_code": "GH",
    "country": "Ghana"
  },
  {
    "username": "texasgirl198",
    "followingArtist": "Tim Bergling",
    "country_code": "US",
    "country": "USA"
  },
  {
    "username": "ayaanfaysal2",
    "followingArtist": "Tim Bergling",
    "country_code": "PK",
    "country": "Pakistan"
  },
  {
    "username": "tk_girl17",
    "followingArtist": "Tim Bergling",
    "country_code": "JM",
    "country": "Jamaica"
  },
  {
    "username": "alien86122365",
    "followingArtist": "Tim Bergling",
    "country_code": "US",
    "country": "USA"
  },
  {
    "username": "Bossgam90140041",
    "followingArtist": "Tim Bergling",
    "country_code": "Wisconsin St",
    "country": "Wisconsin St"
  },
  {
    "username": "Saintjohns93",
    "followingArtist": "Tim Bergling",
    "country_code": "GA",
    "country": "Gabon"
  },
  {
    "username": "Babybryantb",
    "followingArtist": "Tim Bergling",
    "country_code": "NG",
    "country": "Nigeria"
  },
  {
    "username": "CarlosA91779593",
    "followingArtist": "Tim Bergling",
    "country_code": "PY",
    "country": "Paraguay"
  },
  {
    "username": "TrancyAnny",
    "followingArtist": "Tim Bergling",
    "country_code": "FJ",
    "country": "Fiji"
  },
  {
    "username": "J_Hernan9",
    "followingArtist": "Tim Bergling",
    "country_code": "US",
    "country": "USA"
  },
  {
    "username": "Lidmory_KSAK",
    "followingArtist": "Tim Bergling",
    "country_code": "IT",
    "country": "Italy"
  },
  {
    "username": "Nicholagosney1",
    "followingArtist": "Tim Bergling",
    "country_code": "UK",
    "country": "United Kingdom"
  },
  {
    "username": "luuckfarias",
    "followingArtist": "Tim Bergling",
    "country_code": "BR",
    "country": "Brazil"
  },
  {
    "username": "RihanRayhan1",
    "followingArtist": "Tim Bergling",
    "country_code": "BD",
    "country": "Bangladesh"
  },
  {
    "username": "Vanni1702",
    "followingArtist": "Tim Bergling",
    "country_code": "PY",
    "country": "Paraguay"
  },
  {
    "username": "LloydForReal",
    "followingArtist": "Tim Bergling",
    "country_code": "US",
    "country": "USA"
  },
  {
    "username": "JaylynSmith16",
    "followingArtist": "Tim Bergling",
    "country_code": "BJ",
    "country": "Benin"
  },
  {
    "username": "JONATHA12174514",
    "followingArtist": "Tim Bergling",
    "country_code": "MX",
    "country": "Mexico"
  },
  {
    "username": "BorjaCanteli",
    "followingArtist": "Tim Bergling",
    "country_code": "UZ",
    "country": "Uzbekistan"
  },
  {
    "username": "AttilaPajor",
    "followingArtist": "Tim Bergling",
    "country_code": "US",
    "country": "USA"
  },
  {
    "username": "GaviMitchell",
    "followingArtist": "Tim Bergling",
    "country_code": "US",
    "country": "USA"
  },
  {
    "username": "George_cjHayes",
    "followingArtist": "Tim Bergling",
    "country_code": "US",
    "country": "USA"
  },
  {
    "username": "MnicaCastilloCh",
    "followingArtist": "Tim Bergling",
    "country_code": "AU",
    "country": "Australia"
  },
  {
    "username": "moi_Lise_M",
    "followingArtist": "Tim Bergling",
    "country_code": "BE",
    "country": "Belgium"
  },
  {
    "username": "M4ykol603",
    "followingArtist": "Tim Bergling",
    "country_code": "PE",
    "country": "Peru"
  },
  {
    "username": "Join_super_Rich",
    "followingArtist": "Tim Bergling",
    "country_code": "ZA",
    "country": "South Africa"
  },
  {
    "username": "YceeYusuf",
    "followingArtist": "Tim Bergling",
    "country_code": "UG",
    "country": "Uganda"
  },
  {
    "username": "Rebecca89689501",
    "followingArtist": "Tim Bergling",
    "country_code": "CA",
    "country": "Canada"
  },
  {
    "username": "DaNishM73753247",
    "followingArtist": "Tim Bergling",
    "country_code": "BD",
    "country": "Bangladesh"
  },
  {
    "username": "Ballon_88",
    "followingArtist": "Tim Bergling",
    "country_code": "GH",
    "country": "Ghana"
  },
  {
    "username": "JMS_SVGO",
    "followingArtist": "Tim Bergling",
    "country_code": "ES",
    "country": "Spain"
  },
  {
    "username": "obad_5",
    "followingArtist": "Tim Bergling",
    "country_code": "SA",
    "country": "Saudi Arabia"
  },
  {
    "username": "Chaudha13641078",
    "followingArtist": "Tim Bergling",
    "country_code": "PK",
    "country": "Pakistan"
  },
  {
    "username": "mndz_michelle",
    "followingArtist": "Tim Bergling",
    "country_code": "VE",
    "country": "Venezuela"
  },
  {
    "username": "AJ79918923",
    "followingArtist": "Tim Bergling",
    "country_code": "IN",
    "country": "India"
  },
  {
    "username": "b3ast_8oy",
    "followingArtist": "Tim Bergling",
    "country_code": "MZ",
    "country": "Mozambique"
  },
  {
    "username": "PawcyLeManchot",
    "followingArtist": "Tim Bergling",
    "country_code": "LB",
    "country": "Lebanon"
  },
  {
    "username": "nelson_sabatini",
    "followingArtist": "Tim Bergling",
    "country_code": "UY",
    "country": "Uruguay"
  },
  {
    "username": "Joker03953901",
    "followingArtist": "Tim Bergling",
    "country_code": "DZ",
    "country": "Algeria"
  },
  {
    "username": "BherrieMartins",
    "followingArtist": "Tim Bergling",
    "country_code": "GH",
    "country": "Ghana"
  },
  {
    "username": "ZambianqueenP",
    "followingArtist": "Tim Bergling",
    "country_code": "ZM",
    "country": "Zambia"
  },
  {
    "username": "Xprrtlmn1",
    "followingArtist": "Tim Bergling",
    "country_code": "PT",
    "country": "Portugal"
  },
  {
    "username": "Nicole19360934",
    "followingArtist": "Tim Bergling",
    "country_code": "US",
    "country": "United States"
  },
  {
    "username": "Alex76662185",
    "followingArtist": "Tim Bergling",
    "country_code": "US",
    "country": "USA"
  },
  {
    "username": "Marty82054143",
    "followingArtist": "Tim Bergling",
    "country_code": "GB",
    "country": "Great Britain"
  },
  {
    "username": "JhondazM",
    "followingArtist": "Tim Bergling",
    "country_code": "EC",
    "country": "Ecuador"
  },
  {
    "username": "preciousspyro",
    "followingArtist": "Tim Bergling",
    "country_code": "BJ",
    "country": "Benin"
  },
  {
    "username": "ETheofficial",
    "followingArtist": "Tim Bergling",
    "country_code": "US",
    "country": "USA"
  },
  {
    "username": "faizanb37298813",
    "followingArtist": "Tim Bergling",
    "country_code": "PK",
    "country": "Pakistan"
  },
  {
    "username": "Faizan77670323",
    "followingArtist": "Tim Bergling",
    "country_code": "PK",
    "country": "Pakistan"
  },
  {
    "username": "RonaldL57294889",
    "followingArtist": "Tim Bergling",
    "country_code": "UG",
    "country": "Uganda"
  },
  {
    "username": "JAMES82961019",
    "followingArtist": "Tim Bergling",
    "country_code": "US",
    "country": "USA"
  },
  {
    "username": "culturejus",
    "followingArtist": "Tim Bergling",
    "country_code": "BJ",
    "country": "Benin"
  },
  {
    "username": "JessicaLopezB37",
    "followingArtist": "Tim Bergling",
    "country_code": "US",
    "country": "USA"
  },
  {
    "username": "libiter1",
    "followingArtist": "Tim Bergling",
    "country_code": "CN",
    "country": "China"
  },
  {
    "username": "Sbazi78",
    "followingArtist": "Tim Bergling",
    "country_code": "US",
    "country": "USA"
  },
  {
    "username": "KermicheAbdou",
    "followingArtist": "Tim Bergling",
    "country_code": "DZ",
    "country": "Algeria"
  },
  {
    "username": "RealOIYO",
    "followingArtist": "Tim Bergling",
    "country_code": "US",
    "country": "United States"
  },
  {
    "username": "steffam10",
    "followingArtist": "Tim Bergling",
    "country_code": "EC",
    "country": "Ecuador"
  },
  {
    "username": "jose33975539",
    "followingArtist": "Tim Bergling",
    "country_code": "CL",
    "country": "Chile"
  },
  {
    "username": "EricWan73291338",
    "followingArtist": "Tim Bergling",
    "country_code": "US",
    "country": "USA"
  },
  {
    "username": "sonny_blaise",
    "followingArtist": "Tim Bergling",
    "country_code": "GA",
    "country": "Gabon"
  },
  {
    "username": "AurayDawn",
    "followingArtist": "Tim Bergling",
    "country_code": "CA",
    "country": "Canada"
  },
  {
    "username": "EmilioMaciasGa1",
    "followingArtist": "Tim Bergling",
    "country_code": "MX",
    "country": "Mexico"
  },
  {
    "username": "AlvaroP33877748",
    "followingArtist": "Tim Bergling",
    "country_code": "MX",
    "country": "Mexico"
  },
  {
    "username": "2006yume0514",
    "followingArtist": "Tim Bergling",
    "country_code": "JP",
    "country": "Japan"
  },
  {
    "username": "berach_ishak",
    "followingArtist": "Tim Bergling",
    "country_code": "DZ",
    "country": "Algeria"
  },
  {
    "username": "MursAleenBhatt8",
    "followingArtist": "Tim Bergling",
    "country_code": "PK",
    "country": "Pakistan"
  },
  {
    "username": "93c6gRVZeXiio0z",
    "followingArtist": "Tim Bergling",
    "country_code": "BJ",
    "country": "Benin"
  },
  {
    "username": "RicoAnjos",
    "followingArtist": "Tim Bergling",
    "country_code": "FR",
    "country": "France"
  },
  {
    "username": "SnowboardOLD",
    "followingArtist": "Tim Bergling",
    "country_code": "BR",
    "country": "Brazil"
  },
  {
    "username": "FarlaneKhwezi",
    "followingArtist": "Tim Bergling",
    "country_code": "BJ",
    "country": "Benin"
  },
  {
    "username": "BloodClan3",
    "followingArtist": "Tim Bergling",
    "country_code": "IE",
    "country": "Ireland"
  },
  {
    "username": "PDimitrije",
    "followingArtist": "Tim Bergling",
    "country_code": "RS",
    "country": "Serbia"
  },
  {
    "username": "shimmerywaves",
    "followingArtist": "Tim Bergling",
    "country_code": "US",
    "country": "USA"
  },
  {
    "username": "billy_matador",
    "followingArtist": "Tim Bergling",
    "country_code": "FR",
    "country": "France"
  },
  {
    "username": "SiyuZhou3",
    "followingArtist": "Tim Bergling",
    "country_code": "California City Blvd",
    "country": "California City Blvd"
  },
  {
    "username": "Tiffany17815071",
    "followingArtist": "Tim Bergling",
    "country_code": "US",
    "country": "United States"
  },
  {
    "username": "LilKing00360395",
    "followingArtist": "Tim Bergling",
    "country_code": "US",
    "country": "USA"
  },
  {
    "username": "VladWorkman",
    "followingArtist": "Tim Bergling",
    "country_code": "US",
    "country": "USA"
  },
  {
    "username": "OfficialAdilson",
    "followingArtist": "Tim Bergling",
    "country_code": "PE",
    "country": "Peru"
  },
  {
    "username": "Mel20691667",
    "followingArtist": "Tim Bergling",
    "country_code": "Hawi Rd",
    "country": "Hawi Rd"
  },
  {
    "username": "Gumybrain",
    "followingArtist": "Tim Bergling",
    "country_code": "EG",
    "country": "Egypt"
  },
  {
    "username": "kgarcia35",
    "followingArtist": "Tim Bergling",
    "country_code": "US",
    "country": "USA"
  },
  {
    "username": "PuccioMazzocch",
    "followingArtist": "Tim Bergling",
    "country_code": "IT",
    "country": "Italy"
  },
  {
    "username": "MtchYt",
    "followingArtist": "Tim Bergling",
    "country_code": "US",
    "country": "USA"
  },
  {
    "username": "RNriiS2yzwYxJxA",
    "followingArtist": "Tim Bergling",
    "country_code": "DZ",
    "country": "Algeria"
  },
  {
    "username": "clauadaro",
    "followingArtist": "Tim Bergling",
    "country_code": "CL",
    "country": "Chile"
  },
  {
    "username": "Aimemoi9",
    "followingArtist": "Tim Bergling",
    "country_code": "CN",
    "country": "China"
  },
  {
    "username": "IbrahinRamos2",
    "followingArtist": "Tim Bergling",
    "country_code": "CU",
    "country": "Cuba"
  },
  {
    "username": "ChrisNew2203",
    "followingArtist": "Tim Bergling",
    "country_code": "SE",
    "country": "Sweden"
  },
  {
    "username": "Delfiramos1_",
    "followingArtist": "Tim Bergling",
    "country_code": "AR",
    "country": "Argentina"
  },
  {
    "username": "AbdoulAttahirou",
    "followingArtist": "Tim Bergling",
    "country_code": "NE",
    "country": "Niger"
  },
  {
    "username": "Jazmin15900548",
    "followingArtist": "Tim Bergling",
    "country_code": "UK",
    "country": "United Kingdom"
  },
  {
    "username": "followa40474057",
    "followingArtist": "Tim Bergling",
    "country_code": "CA",
    "country": "Canada"
  },
  {
    "username": "cristia10328374",
    "followingArtist": "Tim Bergling",
    "country_code": "EC",
    "country": "Ecuador"
  },
  {
    "username": "castronavarret1",
    "followingArtist": "Tim Bergling",
    "country_code": "NG",
    "country": "Nigeria"
  },
  {
    "username": "KyotoWinter",
    "followingArtist": "Tim Bergling",
    "country_code": "UK",
    "country": "United Kingdom"
  },
  {
    "username": "J0es12",
    "followingArtist": "Tim Bergling",
    "country_code": "US",
    "country": "United States"
  },
  {
    "username": "RosasNydia",
    "followingArtist": "Tim Bergling",
    "country_code": "US",
    "country": "United States"
  },
  {
    "username": "YohansVillalob1",
    "followingArtist": "Tim Bergling",
    "country_code": "VN",
    "country": "Viet Nam"
  },
  {
    "username": "mouctar_coul",
    "followingArtist": "Tim Bergling",
    "country_code": "FR",
    "country": "France"
  },
  {
    "username": "BrittanyMiner4",
    "followingArtist": "Tim Bergling",
    "country_code": "US",
    "country": "United States"
  },
  {
    "username": "JosuFlo49078070",
    "followingArtist": "Tim Bergling",
    "country_code": "MX",
    "country": "Mexico"
  },
  {
    "username": "Deon68814313",
    "followingArtist": "Tim Bergling",
    "country_code": "NZ",
    "country": "Aotearoa"
  },
  {
    "username": "Emmanue24689556",
    "followingArtist": "Tim Bergling",
    "country_code": "ZM",
    "country": "Zambia"
  },
  {
    "username": "IkechukwuEzenw4",
    "followingArtist": "Tim Bergling",
    "country_code": "NG",
    "country": "Nigeria"
  },
  {
    "username": "DoubleUWhyDee",
    "followingArtist": "Tim Bergling",
    "country_code": "US",
    "country": "USA"
  },
  {
    "username": "KatyaPrez9",
    "followingArtist": "Tim Bergling",
    "country_code": "UY",
    "country": "Uruguay"
  },
  {
    "username": "nicks_fit",
    "followingArtist": "Tim Bergling",
    "country_code": "US",
    "country": "USA"
  },
  {
    "username": "MostWantedBrrr",
    "followingArtist": "Tim Bergling",
    "country_code": "US",
    "country": "USA"
  },
  {
    "username": "andyjonki",
    "followingArtist": "Tim Bergling",
    "country_code": "US",
    "country": "USA"
  },
  {
    "username": "Sarah61828701",
    "followingArtist": "Tim Bergling",
    "country_code": "GB",
    "country": "Great Britain"
  },
  {
    "username": "danpopescu92",
    "followingArtist": "Tim Bergling",
    "country_code": "GR",
    "country": "Greece"
  },
  {
    "username": "DnanWashington",
    "followingArtist": "Tim Bergling",
    "country_code": "GH",
    "country": "Ghana"
  },
  {
    "username": "jean_dussart",
    "followingArtist": "Tim Bergling",
    "country_code": "FR",
    "country": "France"
  },
  {
    "username": "Wylie4Wylie",
    "followingArtist": "Tim Bergling",
    "country_code": "US",
    "country": "United States"
  },
  {
    "username": "DJ_EUVID",
    "followingArtist": "Tim Bergling",
    "country_code": "California City Blvd",
    "country": "California City Blvd"
  },
  {
    "username": "ImfuraLily",
    "followingArtist": "Tim Bergling",
    "country_code": "RW",
    "country": "Rwanda"
  },
  {
    "username": "santiwell1",
    "followingArtist": "Tim Bergling",
    "country_code": "US",
    "country": "United States"
  },
  {
    "username": "GeorgeMateo12",
    "followingArtist": "Tim Bergling",
    "country_code": "US",
    "country": "United States"
  },
  {
    "username": "TylerGibbons18",
    "followingArtist": "Tim Bergling",
    "country_code": "US",
    "country": "United States"
  },
  {
    "username": "MetayerAxel",
    "followingArtist": "Tim Bergling",
    "country_code": "FR",
    "country": "France"
  },
  {
    "username": "HenryWambo",
    "followingArtist": "Tim Bergling",
    "country_code": "UG",
    "country": "Uganda"
  },
  {
    "username": "DeannaB72737625",
    "followingArtist": "Tim Bergling",
    "country_code": "US",
    "country": "USA"
  },
  {
    "username": "AngelJTurner1",
    "followingArtist": "Tim Bergling",
    "country_code": "US",
    "country": "United States"
  },
  {
    "username": "ZBo23922513",
    "followingArtist": "Tim Bergling",
    "country_code": "US",
    "country": "USA"
  },
  {
    "username": "RainbowNL1",
    "followingArtist": "Tim Bergling",
    "country_code": "BR",
    "country": "Brazil"
  },
  {
    "username": "xFuVi_",
    "followingArtist": "Tim Bergling",
    "country_code": "GR",
    "country": "Greece"
  },
  {
    "username": "Francis30285705",
    "followingArtist": "Tim Bergling",
    "country_code": "US",
    "country": "USA"
  },
  {
    "username": "HeissKimi",
    "followingArtist": "Tim Bergling",
    "country_code": "US",
    "country": "USA"
  },
  {
    "username": "RGatesi",
    "followingArtist": "Tim Bergling",
    "country_code": "FR",
    "country": "France"
  },
  {
    "username": "ManumaloL",
    "followingArtist": "Tim Bergling",
    "country_code": "US",
    "country": "United States"
  },
  {
    "username": "GauJustine",
    "followingArtist": "Tim Bergling",
    "country_code": "FR",
    "country": "France"
  },
  {
    "username": "ATM28382431",
    "followingArtist": "Tim Bergling",
    "country_code": "GH",
    "country": "Ghana"
  },
  {
    "username": "HAlhalhouli",
    "followingArtist": "Tim Bergling",
    "country_code": "JO",
    "country": "Jordan"
  },
  {
    "username": "BazarathMuhamm1",
    "followingArtist": "Tim Bergling",
    "country_code": "ID",
    "country": "Indonesia"
  },
  {
    "username": "QuyenRomeroBG",
    "followingArtist": "Tim Bergling",
    "country_code": "ES",
    "country": "Spain"
  },
  {
    "username": "IzgubljeniM",
    "followingArtist": "Tim Bergling",
    "country_code": "US",
    "country": "USA"
  },
  {
    "username": "AfXIfWlFIYBfxY7",
    "followingArtist": "Tim Bergling",
    "country_code": "DZ",
    "country": "Algeria"
  },
  {
    "username": "BloodIrishman",
    "followingArtist": "Tim Bergling",
    "country_code": "IE",
    "country": "Ireland"
  },
  {
    "username": "cedric4949100",
    "followingArtist": "Tim Bergling",
    "country_code": "FR",
    "country": "France"
  },
  {
    "username": "TheManicBoy",
    "followingArtist": "Tim Bergling",
    "country_code": "US",
    "country": "USA"
  },
  {
    "username": "_autumn2016",
    "followingArtist": "Tim Bergling",
    "country_code": "US",
    "country": "USA"
  },
  {
    "username": "SherlockManuel",
    "followingArtist": "Tim Bergling",
    "country_code": "US",
    "country": "USA"
  },
  {
    "username": "joze2103",
    "followingArtist": "Tim Bergling",
    "country_code": "HR",
    "country": "Croatia"
  },
  {
    "username": "Abdulwa06951266",
    "followingArtist": "Tim Bergling",
    "country_code": "PK",
    "country": "Pakistan"
  },
  {
    "username": "just_As_Planted",
    "followingArtist": "Tim Bergling",
    "country_code": "US",
    "country": "USA"
  },
  {
    "username": "lus82399760",
    "followingArtist": "Tim Bergling",
    "country_code": "EC",
    "country": "Ecuador"
  },
  {
    "username": "ADRIANz06306141",
    "followingArtist": "Tim Bergling",
    "country_code": "CL",
    "country": "Chile"
  },
  {
    "username": "Greenmarie813",
    "followingArtist": "Tim Bergling",
    "country_code": "US",
    "country": "USA"
  },
  {
    "username": "jhoana50739472",
    "followingArtist": "Tim Bergling",
    "country_code": "US",
    "country": "USA"
  },
  {
    "username": "Jessica67185281",
    "followingArtist": "Tim Bergling",
    "country_code": "NL",
    "country": "Netherlands"
  },
  {
    "username": "BedouinShek",
    "followingArtist": "Tim Bergling",
    "country_code": "IT",
    "country": "Italy"
  },
  {
    "username": "MpisaneNhlanhla",
    "followingArtist": "Tim Bergling",
    "country_code": "ZA",
    "country": "South Africa"
  },
  {
    "username": "SSans55",
    "followingArtist": "Tim Bergling",
    "country_code": "ES",
    "country": "Spain"
  },
  {
    "username": "BastienBrcqrt",
    "followingArtist": "Tim Bergling",
    "country_code": "FR",
    "country": "France"
  },
  {
    "username": "Satriaboys4",
    "followingArtist": "Tim Bergling",
    "country_code": "ID",
    "country": "Indonesia"
  },
  {
    "username": "PartyRemixer",
    "followingArtist": "Tim Bergling",
    "country_code": "US",
    "country": "USA"
  },
  {
    "username": "nice_truong",
    "followingArtist": "Tim Bergling",
    "country_code": "ES",
    "country": "Spain"
  },
  {
    "username": "Nouhail48534680",
    "followingArtist": "Tim Bergling",
    "country_code": "FR",
    "country": "France"
  },
  {
    "username": "YssaMirasol",
    "followingArtist": "Tim Bergling",
    "country_code": "US",
    "country": "USA"
  },
  {
    "username": "leandrosuntaque",
    "followingArtist": "Tim Bergling",
    "country_code": "IT",
    "country": "Italy"
  },
  {
    "username": "aonimakesmusic",
    "followingArtist": "Tim Bergling",
    "country_code": "CH",
    "country": "Switzerland"
  },
  {
    "username": "DevdaDivyang",
    "followingArtist": "Tim Bergling",
    "country_code": "IN",
    "country": "India"
  },
  {
    "username": "claudiobenitezp",
    "followingArtist": "Tim Bergling",
    "country_code": "MX",
    "country": "Mexico"
  },
  {
    "username": "tonyrulesaca",
    "followingArtist": "Tim Bergling",
    "country_code": "MX",
    "country": "Mexico"
  },
  {
    "username": "artemio_zarate",
    "followingArtist": "Tim Bergling",
    "country_code": "US",
    "country": "USA"
  },
  {
    "username": "AndrewJMOhlson",
    "followingArtist": "Tim Bergling",
    "country_code": "Pennsylvania Furnace Rd",
    "country": "Pennsylvania Furnace Rd"
  },
  {
    "username": "bonnie36523854",
    "followingArtist": "Tim Bergling",
    "country_code": "IT",
    "country": "Italy"
  },
  {
    "username": "MalickManju",
    "followingArtist": "Tim Bergling",
    "country_code": "IN",
    "country": "India"
  },
  {
    "username": "bisexgel__",
    "followingArtist": "Tim Bergling",
    "country_code": "US",
    "country": "USA"
  },
  {
    "username": "DHardpool",
    "followingArtist": "Tim Bergling",
    "country_code": "IN",
    "country": "India"
  },
  {
    "username": "NickSandM",
    "followingArtist": "Tim Bergling",
    "country_code": "AU",
    "country": "Australia"
  },
  {
    "username": "MigueAngeel2001",
    "followingArtist": "Tim Bergling",
    "country_code": "FR",
    "country": "France"
  },
  {
    "username": "SandroniIsadora",
    "followingArtist": "Tim Bergling",
    "country_code": "BR",
    "country": "Brazil"
  },
  {
    "username": "DariaB_",
    "followingArtist": "Tim Bergling",
    "country_code": "US",
    "country": "USA"
  },
  {
    "username": "iamyungwub",
    "followingArtist": "Tim Bergling",
    "country_code": "US",
    "country": "USA"
  },
  {
    "username": "malu1406",
    "followingArtist": "Tim Bergling",
    "country_code": "CO",
    "country": "Colombia"
  },
  {
    "username": "Sthula14",
    "followingArtist": "Tim Bergling",
    "country_code": "ZA",
    "country": "South Africa"
  },
  {
    "username": "yefo_jose",
    "followingArtist": "Tim Bergling",
    "country_code": "AR",
    "country": "Argentina"
  },
  {
    "username": "Jamie31934060",
    "followingArtist": "Tim Bergling",
    "country_code": "US",
    "country": "USA"
  },
  {
    "username": "Hawerd4Lyfe",
    "followingArtist": "Tim Bergling",
    "country_code": "MY",
    "country": "Malaysia"
  },
  {
    "username": "Cristin18429271",
    "followingArtist": "Tim Bergling",
    "country_code": "RO",
    "country": "Romania"
  },
  {
    "username": "Rajdeep1513",
    "followingArtist": "Tim Bergling",
    "country_code": "IN",
    "country": "India"
  },
  {
    "username": "iamanxa",
    "followingArtist": "Tim Bergling",
    "country_code": "NG",
    "country": "Nigeria"
  },
  {
    "username": "musicbydari",
    "followingArtist": "Tim Bergling",
    "country_code": "NO",
    "country": "Norway"
  },
  {
    "username": "SwitcheonYT",
    "followingArtist": "Tim Bergling",
    "country_code": "AU",
    "country": "Australia"
  },
  {
    "username": "journoiz",
    "followingArtist": "Tim Bergling",
    "country_code": "UK",
    "country": "United Kingdom"
  },
  {
    "username": "kaushal7913",
    "followingArtist": "Tim Bergling",
    "country_code": "IN",
    "country": "India"
  },
  {
    "username": "daicehaya",
    "followingArtist": "Tim Bergling",
    "country_code": "JP",
    "country": "Japan"
  },
  {
    "username": "AnderSonIsOut",
    "followingArtist": "Tim Bergling",
    "country_code": "BR",
    "country": "Brazil"
  },
  {
    "username": "jonjon2867",
    "followingArtist": "Tim Bergling",
    "country_code": "NG",
    "country": "Nigeria"
  },
  {
    "username": "BradJWhittaker",
    "followingArtist": "Tim Bergling",
    "country_code": "GB",
    "country": "Great Britain"
  },
  {
    "username": "coteabarca2",
    "followingArtist": "Tim Bergling",
    "country_code": "CL",
    "country": "Chile"
  },
  {
    "username": "luisgarizado",
    "followingArtist": "Tim Bergling",
    "country_code": "CO",
    "country": "Colombia"
  },
  {
    "username": "edmforeverpe",
    "followingArtist": "Tim Bergling",
    "country_code": "AU",
    "country": "Australia"
  },
  {
    "username": "hintzemedia",
    "followingArtist": "Tim Bergling",
    "country_code": "US",
    "country": "USA"
  },
  {
    "username": "emiliaftz",
    "followingArtist": "Tim Bergling",
    "country_code": "NG",
    "country": "Nigeria"
  },
  {
    "username": "LuuliiCim",
    "followingArtist": "Tim Bergling",
    "country_code": "AR",
    "country": "Argentina"
  },
  {
    "username": "_moonflowerr",
    "followingArtist": "Tim Bergling",
    "country_code": "BR",
    "country": "Brazil"
  },
  {
    "username": "Skavadmusic",
    "followingArtist": "Tim Bergling",
    "country_code": "DE",
    "country": "Germany"
  },
  {
    "username": "_benedetta____",
    "followingArtist": "Tim Bergling",
    "country_code": "IT",
    "country": "Italy"
  },
  {
    "username": "PaolaGi43280089",
    "followingArtist": "Tim Bergling",
    "country_code": "MX",
    "country": "Mexico"
  },
  {
    "username": "kaiheger2000",
    "followingArtist": "Tim Bergling",
    "country_code": "DE",
    "country": "Germany"
  },
  {
    "username": "Pegi101",
    "followingArtist": "Tim Bergling",
    "country_code": "US",
    "country": "USA"
  },
  {
    "username": "UMN20426666",
    "followingArtist": "Tim Bergling",
    "country_code": "SA",
    "country": "Saudi Arabia"
  },
  {
    "username": "PratheepKrish1",
    "followingArtist": "Tim Bergling",
    "country_code": "IN",
    "country": "India"
  },
  {
    "username": "party_mob",
    "followingArtist": "Tim Bergling",
    "country_code": "US",
    "country": "USA"
  },
  {
    "username": "Gordon24Lucy",
    "followingArtist": "Tim Bergling",
    "country_code": "GB",
    "country": "Great Britain"
  },
  {
    "username": "jenisha69",
    "followingArtist": "Tim Bergling",
    "country_code": "ID",
    "country": "Indonesia"
  },
  {
    "username": "nele02082",
    "followingArtist": "Tim Bergling",
    "country_code": "DE",
    "country": "Germany"
  },
  {
    "username": "AllardPerrine",
    "followingArtist": "Tim Bergling",
    "country_code": "FR",
    "country": "France"
  },
  {
    "username": "residenttrapper",
    "followingArtist": "Tim Bergling",
    "country_code": "US",
    "country": "USA"
  },
  {
    "username": "Shadowfamous2",
    "followingArtist": "Tim Bergling",
    "country_code": "GH",
    "country": "Ghana"
  },
  {
    "username": "BahTige",
    "followingArtist": "Tim Bergling",
    "country_code": "SN",
    "country": "Senegal"
  },
  {
    "username": "acool_name1",
    "followingArtist": "Tim Bergling",
    "country_code": "US",
    "country": "USA"
  },
  {
    "username": "DreamsPlatinum",
    "followingArtist": "Tim Bergling",
    "country_code": "US",
    "country": "USA"
  },
  {
    "username": "nicolcarpio21",
    "followingArtist": "Tim Bergling",
    "country_code": "US",
    "country": "USA"
  },
  {
    "username": "_01_moon",
    "followingArtist": "Tim Bergling",
    "country_code": "KR",
    "country": "South Korea"
  },
  {
    "username": "hanamishy23",
    "followingArtist": "Tim Bergling",
    "country_code": "US",
    "country": "USA"
  },
  {
    "username": "KamranKaif13",
    "followingArtist": "Tim Bergling",
    "country_code": "PK",
    "country": "Pakistan"
  },
  {
    "username": "Leyton49447765",
    "followingArtist": "Tim Bergling",
    "country_code": "CA",
    "country": "Canada"
  },
  {
    "username": "LoloEsam44",
    "followingArtist": "Tim Bergling",
    "country_code": "SD",
    "country": "Sudan"
  },
  {
    "username": "ClaireL05287225",
    "followingArtist": "Tim Bergling",
    "country_code": "CA",
    "country": "Canada"
  },
  {
    "username": "Jacob33731043",
    "followingArtist": "Tim Bergling",
    "country_code": "PL",
    "country": "Poland"
  },
  {
    "username": "Juan05209286",
    "followingArtist": "Tim Bergling",
    "country_code": "IT",
    "country": "Italy"
  },
  {
    "username": "Brandon17402943",
    "followingArtist": "Tim Bergling",
    "country_code": "US",
    "country": "USA"
  },
  {
    "username": "BlessedMarindin",
    "followingArtist": "Tim Bergling",
    "country_code": "ZW",
    "country": "Zimbabwe"
  },
  {
    "username": "sadnesxz27",
    "followingArtist": "Tim Bergling",
    "country_code": "NG",
    "country": "Nigeria"
  },
  {
    "username": "Dineth_Udantha",
    "followingArtist": "Tim Bergling",
    "country_code": "ID",
    "country": "Indonesia"
  },
  {
    "username": "TristanBonneca1",
    "followingArtist": "Tim Bergling",
    "country_code": "FR",
    "country": "France"
  },
  {
    "username": "champio53956886",
    "followingArtist": "Tim Bergling",
    "country_code": "US",
    "country": "USA"
  },
  {
    "username": "Enterta89285111",
    "followingArtist": "Tim Bergling",
    "country_code": "PK",
    "country": "Pakistan"
  },
  {
    "username": "victor_picard",
    "followingArtist": "Tim Bergling",
    "country_code": "FR",
    "country": "France"
  },
  {
    "username": "sampadak802",
    "followingArtist": "Tim Bergling",
    "country_code": "IR",
    "country": "Iran"
  },
  {
    "username": "maliha_monta",
    "followingArtist": "Tim Bergling",
    "country_code": "BD",
    "country": "Bangladesh"
  },
  {
    "username": "BuhleTjedu",
    "followingArtist": "Tim Bergling",
    "country_code": "ZW",
    "country": "Zimbabwe"
  },
  {
    "username": "Sammytrams1",
    "followingArtist": "Tim Bergling",
    "country_code": "SE",
    "country": "Sweden"
  },
  {
    "username": "SanabriaSoff",
    "followingArtist": "Tim Bergling",
    "country_code": "PY",
    "country": "Paraguay"
  },
  {
    "username": "dylane_takam",
    "followingArtist": "Tim Bergling",
    "country_code": "CM",
    "country": "Cameroon"
  },
  {
    "username": "ArlindoViandr",
    "followingArtist": "Tim Bergling",
    "country_code": "MZ",
    "country": "Mozambique"
  },
  {
    "username": "ArifTurjo",
    "followingArtist": "Tim Bergling",
    "country_code": "BD",
    "country": "Bangladesh"
  },
  {
    "username": "TheSKT2",
    "followingArtist": "Tim Bergling",
    "country_code": "NG",
    "country": "Nigeria"
  },
  {
    "username": "fajar3w",
    "followingArtist": "Tim Bergling",
    "country_code": "IN",
    "country": "India"
  },
  {
    "username": "EashanWijemanne",
    "followingArtist": "Tim Bergling",
    "country_code": "ID",
    "country": "Indonesia"
  },
  {
    "username": "EshiUthpala",
    "followingArtist": "Tim Bergling",
    "country_code": "ID",
    "country": "Indonesia"
  },
  {
    "username": "BatumiGreen",
    "followingArtist": "Tim Bergling",
    "country_code": "US",
    "country": "USA"
  },
  {
    "username": "zhalinsanaz",
    "followingArtist": "Tim Bergling",
    "country_code": "BJ",
    "country": "Benin"
  },
  {
    "username": "DSimpla",
    "followingArtist": "Tim Bergling",
    "country_code": "ZW",
    "country": "Zimbabwe"
  },
  {
    "username": "TANVIRA08060385",
    "followingArtist": "Tim Bergling",
    "country_code": "BD",
    "country": "Bangladesh"
  },
  {
    "username": "SudanChapagain",
    "followingArtist": "Tim Bergling",
    "country_code": "TZ",
    "country": "Tanzania"
  },
  {
    "username": "PolitiPascal",
    "followingArtist": "Tim Bergling",
    "country_code": "FR",
    "country": "France"
  },
  {
    "username": "SalwaAl73247365",
    "followingArtist": "Tim Bergling",
    "country_code": "PK",
    "country": "Pakistan"
  },
  {
    "username": "MThaingar",
    "followingArtist": "Tim Bergling",
    "country_code": "MM",
    "country": "Myanmar"
  },
  {
    "username": "Juliustumwesig5",
    "followingArtist": "Tim Bergling",
    "country_code": "UG",
    "country": "Uganda"
  },
  {
    "username": "Alexa62622133",
    "followingArtist": "Tim Bergling",
    "country_code": "US",
    "country": "USA"
  },
  {
    "username": "muchinachelly",
    "followingArtist": "Tim Bergling",
    "country_code": "ZW",
    "country": "Zimbabwe"
  },
  {
    "username": "kittyca92179709",
    "followingArtist": "Tim Bergling",
    "country_code": "US",
    "country": "USA"
  },
  {
    "username": "pvperxplvnes",
    "followingArtist": "Tim Bergling",
    "country_code": "NG",
    "country": "Nigeria"
  },
  {
    "username": "Dj_Third_",
    "followingArtist": "Tim Bergling",
    "country_code": "NG",
    "country": "Nigeria"
  },
  {
    "username": "Leclerc33179076",
    "followingArtist": "Tim Bergling",
    "country_code": "FR",
    "country": "France"
  },
  {
    "username": "Somnolence226",
    "followingArtist": "Tim Bergling",
    "country_code": "US",
    "country": "USA"
  },
  {
    "username": "MaxAnnexmusic",
    "followingArtist": "Tim Bergling",
    "country_code": "NL",
    "country": "Netherlands"
  },
  {
    "username": "MarthaRachael",
    "followingArtist": "Tim Bergling",
    "country_code": "UG",
    "country": "Uganda"
  },
  {
    "username": "bri10248",
    "followingArtist": "Tim Bergling",
    "country_code": "UY",
    "country": "Uruguay"
  },
  {
    "username": "BatalingayaPaul",
    "followingArtist": "Tim Bergling",
    "country_code": "UG",
    "country": "Uganda"
  },
  {
    "username": "NSatino",
    "followingArtist": "Tim Bergling",
    "country_code": "DE",
    "country": "Germany"
  },
  {
    "username": "VinchiYaw",
    "followingArtist": "Tim Bergling",
    "country_code": "GH",
    "country": "Ghana"
  },
  {
    "username": "TeinaHemara",
    "followingArtist": "Tim Bergling",
    "country_code": "NZ",
    "country": "Aotearoa"
  },
  {
    "username": "assbate",
    "followingArtist": "Tim Bergling",
    "country_code": "MX",
    "country": "Mexico"
  },
  {
    "username": "amazonmizanbd",
    "followingArtist": "Tim Bergling",
    "country_code": "BD",
    "country": "Bangladesh"
  },
  {
    "username": "DONSHY7",
    "followingArtist": "Tim Bergling",
    "country_code": "DK",
    "country": "Denmark"
  },
  {
    "username": "AnisurK04081313",
    "followingArtist": "Tim Bergling",
    "country_code": "IN",
    "country": "India"
  },
  {
    "username": "BadistaJohn",
    "followingArtist": "Tim Bergling",
    "country_code": "UG",
    "country": "Uganda"
  },
  {
    "username": "MartinaGruetter",
    "followingArtist": "Tim Bergling",
    "country_code": "CH",
    "country": "Switzerland"
  },
  {
    "username": "carellednnis603",
    "followingArtist": "Tim Bergling",
    "country_code": "US",
    "country": "USA"
  },
  {
    "username": "CrysMuoz1",
    "followingArtist": "Tim Bergling",
    "country_code": "EC",
    "country": "Ecuador"
  },
  {
    "username": "ThatsDopeASG",
    "followingArtist": "Tim Bergling",
    "country_code": "US",
    "country": "USA"
  },
  {
    "username": "jativa_jennifer",
    "followingArtist": "Tim Bergling",
    "country_code": "EC",
    "country": "Ecuador"
  },
  {
    "username": "Rodrguez111",
    "followingArtist": "Tim Bergling",
    "country_code": "NL",
    "country": "Netherlands"
  },
  {
    "username": "JacobWilk6",
    "followingArtist": "Tim Bergling",
    "country_code": "US",
    "country": "United States"
  },
  {
    "username": "ZaidMoh05543627",
    "followingArtist": "Tim Bergling",
    "country_code": "BD",
    "country": "Bangladesh"
  },
  {
    "username": "JustinTy15",
    "followingArtist": "Tim Bergling",
    "country_code": "FR",
    "country": "France"
  },
  {
    "username": "baiizemusic",
    "followingArtist": "Tim Bergling",
    "country_code": "BR",
    "country": "Brazil"
  },
  {
    "username": "Treyonacunning5",
    "followingArtist": "Tim Bergling",
    "country_code": "US",
    "country": "USA"
  },
  {
    "username": "Tayla33844125",
    "followingArtist": "Tim Bergling",
    "country_code": "GB",
    "country": "Great Britain"
  },
  {
    "username": "Caraa68945859",
    "followingArtist": "Tim Bergling",
    "country_code": "BJ",
    "country": "Benin"
  },
  {
    "username": "lachlan90264645",
    "followingArtist": "Tim Bergling",
    "country_code": "US",
    "country": "United States"
  },
  {
    "username": "RamsumairRoshan",
    "followingArtist": "Tim Bergling",
    "country_code": "US",
    "country": "USA"
  },
  {
    "username": "hugo23454882",
    "followingArtist": "Tim Bergling",
    "country_code": "FR",
    "country": "France"
  },
  {
    "username": "HarisRa92511012",
    "followingArtist": "Tim Bergling",
    "country_code": "PK",
    "country": "Pakistan"
  },
  {
    "username": "r3c0o_",
    "followingArtist": "Tim Bergling",
    "country_code": "IQ",
    "country": "Iraq"
  },
  {
    "username": "Cher32681695",
    "followingArtist": "Tim Bergling",
    "country_code": "CA",
    "country": "Canada"
  },
  {
    "username": "e_giai",
    "followingArtist": "Tim Bergling",
    "country_code": "VN",
    "country": "Viet Nam"
  },
  {
    "username": "JohnnySepulve11",
    "followingArtist": "Tim Bergling",
    "country_code": "California City Blvd",
    "country": "California City Blvd"
  },
  {
    "username": "ConnorW82017534",
    "followingArtist": "Tim Bergling",
    "country_code": "US",
    "country": "United States"
  },
  {
    "username": "Cyn332",
    "followingArtist": "Tim Bergling",
    "country_code": "US",
    "country": "United States"
  },
  {
    "username": "b_milco",
    "followingArtist": "Tim Bergling",
    "country_code": "NG",
    "country": "Nigeria"
  },
  {
    "username": "AyoItsBread",
    "followingArtist": "Tim Bergling",
    "country_code": "US",
    "country": "USA"
  },
  {
    "username": "paloma92702094",
    "followingArtist": "Tim Bergling",
    "country_code": "BR",
    "country": "Brazil"
  },
  {
    "username": "Antito018",
    "followingArtist": "Tim Bergling",
    "country_code": "AR",
    "country": "Argentina"
  },
  {
    "username": "OrdinaryCTCM",
    "followingArtist": "Tim Bergling",
    "country_code": "US",
    "country": "USA"
  },
  {
    "username": "MarkelStevenso5",
    "followingArtist": "Tim Bergling",
    "country_code": "Arkansas St",
    "country": "Arkansas St"
  },
  {
    "username": "Meijin66450983",
    "followingArtist": "Tim Bergling",
    "country_code": "US",
    "country": "USA"
  },
  {
    "username": "ManeMane231",
    "followingArtist": "Tim Bergling",
    "country_code": "US",
    "country": "USA"
  },
  {
    "username": "AbuAmmarAbdulR1",
    "followingArtist": "Tim Bergling",
    "country_code": "BD",
    "country": "Bangladesh"
  },
  {
    "username": "GambaMiyel",
    "followingArtist": "Tim Bergling",
    "country_code": "CG",
    "country": "Congo"
  },
  {
    "username": "KatoaSiua",
    "followingArtist": "Tim Bergling",
    "country_code": "NZ",
    "country": "Aotearoa"
  },
  {
    "username": "ChamalRavihara",
    "followingArtist": "Tim Bergling",
    "country_code": "ID",
    "country": "Indonesia"
  },
  {
    "username": "venson_ashley",
    "followingArtist": "Tim Bergling",
    "country_code": "Arkansas St",
    "country": "Arkansas St"
  },
  {
    "username": "LillyCatBloom1",
    "followingArtist": "Tim Bergling",
    "country_code": "US",
    "country": "USA"
  },
  {
    "username": "AmandaK53894670",
    "followingArtist": "Tim Bergling",
    "country_code": "UK",
    "country": "United Kingdom"
  },
  {
    "username": "Gabo39811136",
    "followingArtist": "Tim Bergling",
    "country_code": "PE",
    "country": "Peru"
  },
  {
    "username": "Victor52898792",
    "followingArtist": "Tim Bergling",
    "country_code": "EC",
    "country": "Ecuador"
  },
  {
    "username": "ValoNelly",
    "followingArtist": "Tim Bergling",
    "country_code": "FR",
    "country": "France"
  },
  {
    "username": "id_skater",
    "followingArtist": "Tim Bergling",
    "country_code": "BJ",
    "country": "Benin"
  },
  {
    "username": "SamuelA999999",
    "followingArtist": "Tim Bergling",
    "country_code": "GH",
    "country": "Ghana"
  },
  {
    "username": "QasimNisar6",
    "followingArtist": "Tim Bergling",
    "country_code": "PK",
    "country": "Pakistan"
  },
  {
    "username": "_manimal_23",
    "followingArtist": "Tim Bergling",
    "country_code": "US",
    "country": "USA"
  },
  {
    "username": "Gabla45247255",
    "followingArtist": "Tim Bergling",
    "country_code": "GB",
    "country": "Great Britain"
  },
  {
    "username": "fatgirlthinks",
    "followingArtist": "Tim Bergling",
    "country_code": "US",
    "country": "USA"
  },
  {
    "username": "mattwallETSU",
    "followingArtist": "Tim Bergling",
    "country_code": "NG",
    "country": "Nigeria"
  },
  {
    "username": "SamiraNicole5",
    "followingArtist": "Tim Bergling",
    "country_code": "PE",
    "country": "Peru"
  },
  {
    "username": "MilkoPatrick",
    "followingArtist": "Tim Bergling",
    "country_code": "US",
    "country": "USA"
  },
  {
    "username": "Tiqueshagallo01",
    "followingArtist": "Tim Bergling",
    "country_code": "US",
    "country": "USA"
  },
  {
    "username": "NataliaRDelgad1",
    "followingArtist": "Tim Bergling",
    "country_code": "US",
    "country": "USA"
  },
  {
    "username": "XoLlena",
    "followingArtist": "Tim Bergling",
    "country_code": "BR",
    "country": "Brazil"
  },
  {
    "username": "Srujan45204213",
    "followingArtist": "Tim Bergling",
    "country_code": "FR",
    "country": "France"
  },
  {
    "username": "Humanosaurus2",
    "followingArtist": "Tim Bergling",
    "country_code": "JM",
    "country": "Jamaica"
  },
  {
    "username": "DezaGin",
    "followingArtist": "Tim Bergling",
    "country_code": "CA",
    "country": "Canada"
  },
  {
    "username": "Alexand91909857",
    "followingArtist": "Tim Bergling",
    "country_code": "UK",
    "country": "United Kingdom"
  },
  {
    "username": "CNROOFINGINC1",
    "followingArtist": "Tim Bergling",
    "country_code": "US",
    "country": "USA"
  },
  {
    "username": "MicaJoh55611218",
    "followingArtist": "Tim Bergling",
    "country_code": "US",
    "country": "USA"
  },
  {
    "username": "stoicaionut139",
    "followingArtist": "Tim Bergling",
    "country_code": "RO",
    "country": "Romania"
  },
  {
    "username": "oladotun_alex",
    "followingArtist": "Tim Bergling",
    "country_code": "NG",
    "country": "Nigeria"
  },
  {
    "username": "BenjaminChavar7",
    "followingArtist": "Tim Bergling",
    "country_code": "AR",
    "country": "Argentina"
  },
  {
    "username": "ClarenceSmithJ4",
    "followingArtist": "Tim Bergling",
    "country_code": "US",
    "country": "USA"
  },
  {
    "username": "shivpujan89",
    "followingArtist": "Tim Bergling",
    "country_code": "in",
    "country": "India"
  },
  {
    "username": "GVO98470458",
    "followingArtist": "Tim Bergling",
    "country_code": "UK",
    "country": "United Kingdom"
  },
  {
    "username": "BoixEddie",
    "followingArtist": "Tim Bergling",
    "country_code": "NO",
    "country": "Norway"
  },
  {
    "username": "hotel_laurent",
    "followingArtist": "Tim Bergling",
    "country_code": "US",
    "country": "USA"
  },
  {
    "username": "gue_richardson",
    "followingArtist": "Tim Bergling",
    "country_code": "US",
    "country": "USA"
  },
  {
    "username": "jbryan522",
    "followingArtist": "Tim Bergling",
    "country_code": "US",
    "country": "USA"
  },
  {
    "username": "AgustnLombardo5",
    "followingArtist": "Tim Bergling",
    "country_code": "US",
    "country": "USA"
  },
  {
    "username": "GzzQuan",
    "followingArtist": "Tim Bergling",
    "country_code": "US",
    "country": "USA"
  },
  {
    "username": "fdamerinob",
    "followingArtist": "Tim Bergling",
    "country_code": "CL",
    "country": "Chile"
  },
  {
    "username": "gabriel86175179",
    "followingArtist": "Tim Bergling",
    "country_code": "EC",
    "country": "Ecuador"
  },
  {
    "username": "tripon_axel",
    "followingArtist": "Tim Bergling",
    "country_code": "ES",
    "country": "Spain"
  },
  {
    "username": "phenominal77",
    "followingArtist": "Tim Bergling",
    "country_code": "GR",
    "country": "Greece"
  },
  {
    "username": "SchulteTil",
    "followingArtist": "Tim Bergling",
    "country_code": "DE",
    "country": "Germany"
  },
  {
    "username": "IsmailK26407450",
    "followingArtist": "Tim Bergling",
    "country_code": "PK",
    "country": "Pakistan"
  },
  {
    "username": "Joselyn16632098",
    "followingArtist": "Tim Bergling",
    "country_code": "EC",
    "country": "Ecuador"
  },
  {
    "username": "AshLatham2",
    "followingArtist": "Tim Bergling",
    "country_code": "UK",
    "country": "United Kingdom"
  },
  {
    "username": "Sujitmondal54g1",
    "followingArtist": "Tim Bergling",
    "country_code": "BD",
    "country": "Bangladesh"
  },
  {
    "username": "ouiouibae1",
    "followingArtist": "Tim Bergling",
    "country_code": "FR",
    "country": "France"
  },
  {
    "username": "Thtguy_J98",
    "followingArtist": "Tim Bergling",
    "country_code": "US",
    "country": "USA"
  },
  {
    "username": "DwomohLl",
    "followingArtist": "Tim Bergling",
    "country_code": "GH",
    "country": "Ghana"
  },
  {
    "username": "Tajamul_1",
    "followingArtist": "Tim Bergling",
    "country_code": "IN",
    "country": "India"
  },
  {
    "username": "MattWysocki4",
    "followingArtist": "Tim Bergling",
    "country_code": "US",
    "country": "USA"
  },
  {
    "username": "OumarKall1",
    "followingArtist": "Tim Bergling",
    "country_code": "GN",
    "country": "Guinea"
  },
  {
    "username": "Tyrese89061979",
    "followingArtist": "Tim Bergling",
    "country_code": "US",
    "country": "USA"
  },
  {
    "username": "whojustteban",
    "followingArtist": "Tim Bergling",
    "country_code": "NL",
    "country": "Netherlands"
  },
  {
    "username": "MazeSmith2",
    "followingArtist": "Tim Bergling",
    "country_code": "BR",
    "country": "Brazil"
  },
  {
    "username": "eatkjinie",
    "followingArtist": "Tim Bergling",
    "country_code": "DE",
    "country": "Germany"
  },
  {
    "username": "JenyTedeschi",
    "followingArtist": "Tim Bergling",
    "country_code": "FR",
    "country": "France"
  },
  {
    "username": "ToiletThought18",
    "followingArtist": "Tim Bergling",
    "country_code": "US",
    "country": "USA"
  },
  {
    "username": "Oliwia21834994",
    "followingArtist": "Tim Bergling",
    "country_code": "US",
    "country": "USA"
  },
  {
    "username": "MariamK15461620",
    "followingArtist": "Tim Bergling",
    "country_code": "UK",
    "country": "United Kingdom"
  },
  {
    "username": "sarah_pandit",
    "followingArtist": "Tim Bergling",
    "country_code": "US",
    "country": "USA"
  },
  {
    "username": "s_a_v_v2014",
    "followingArtist": "Tim Bergling",
    "country_code": "CO",
    "country": "Colombia"
  },
  {
    "username": "letiferreiraa_",
    "followingArtist": "Tim Bergling",
    "country_code": "PY",
    "country": "Paraguay"
  },
  {
    "username": "Kya_XXIV",
    "followingArtist": "Tim Bergling",
    "country_code": "JP",
    "country": "Japan"
  },
  {
    "username": "paabloooqa_",
    "followingArtist": "Tim Bergling",
    "country_code": "ES",
    "country": "Spain"
  },
  {
    "username": "empty_house_uk",
    "followingArtist": "Tim Bergling",
    "country_code": "US",
    "country": "USA"
  },
  {
    "username": "AlgeriAdele",
    "followingArtist": "Tim Bergling",
    "country_code": "IT",
    "country": "Italy"
  },
  {
    "username": "AmalDeav",
    "followingArtist": "Tim Bergling",
    "country_code": "IN",
    "country": "India"
  },
  {
    "username": "lejlaxstancato",
    "followingArtist": "Tim Bergling",
    "country_code": "CH",
    "country": "Switzerland"
  },
  {
    "username": "sima94743160",
    "followingArtist": "Tim Bergling",
    "country_code": "FR",
    "country": "France"
  },
  {
    "username": "Akira06211",
    "followingArtist": "Tim Bergling",
    "country_code": "US",
    "country": "USA"
  },
  {
    "username": "eelizabethjack",
    "followingArtist": "Tim Bergling",
    "country_code": "US",
    "country": "USA"
  },
  {
    "username": "Alexandrasty73",
    "followingArtist": "Tim Bergling",
    "country_code": "CL",
    "country": "Chile"
  },
  {
    "username": "Rohan9280",
    "followingArtist": "Tim Bergling",
    "country_code": "IN",
    "country": "India"
  },
  {
    "username": "IAmJonasAlmgren",
    "followingArtist": "Tim Bergling",
    "country_code": "SE",
    "country": "Sweden"
  },
  {
    "username": "albert_sonw",
    "followingArtist": "Tim Bergling",
    "country_code": "GB",
    "country": "Great Britain"
  },
  {
    "username": "c_milann",
    "followingArtist": "Tim Bergling",
    "country_code": "AR",
    "country": "Argentina"
  },
  {
    "username": "Pfirsicheart",
    "followingArtist": "Tim Bergling",
    "country_code": "US",
    "country": "USA"
  },
  {
    "username": "sofixvpx",
    "followingArtist": "Tim Bergling",
    "country_code": "MX",
    "country": "Mexico"
  },
  {
    "username": "vennyo1",
    "followingArtist": "Tim Bergling",
    "country_code": "JP",
    "country": "Japan"
  },
  {
    "username": "Marit_0315",
    "followingArtist": "Tim Bergling",
    "country_code": "BR",
    "country": "Brazil"
  },
  {
    "username": "ArmyRunaway",
    "followingArtist": "Tim Bergling",
    "country_code": "BR",
    "country": "Brazil"
  },
  {
    "username": "JoraxMusic",
    "followingArtist": "Tim Bergling",
    "country_code": "ES",
    "country": "Spain"
  },
  {
    "username": "kimiiibamboo",
    "followingArtist": "Tim Bergling",
    "country_code": "BE",
    "country": "Belgium"
  },
  {
    "username": "marcusmixx",
    "followingArtist": "Tim Bergling",
    "country_code": "US",
    "country": "United States"
  },
  {
    "username": "iBRM___",
    "followingArtist": "Tim Bergling",
    "country_code": "US",
    "country": "United States"
  },
  {
    "username": "vitrial33989720",
    "followingArtist": "Tim Bergling",
    "country_code": "BR",
    "country": "Brazil"
  },
  {
    "username": "geoge54574651",
    "followingArtist": "Tim Bergling",
    "country_code": "US",
    "country": "United States"
  },
  {
    "username": "burca_denisa",
    "followingArtist": "Tim Bergling",
    "country_code": "CH",
    "country": "Switzerland"
  },
  {
    "username": "Valentine_Markm",
    "followingArtist": "Tim Bergling",
    "country_code": "UK",
    "country": "United Kingdom"
  },
  {
    "username": "Bautijesussok",
    "followingArtist": "Tim Bergling",
    "country_code": "US",
    "country": "USA"
  },
  {
    "username": "I_am_Benjil",
    "followingArtist": "Tim Bergling",
    "country_code": "GH",
    "country": "Ghana"
  },
  {
    "username": "ElectroHeart39",
    "followingArtist": "Tim Bergling",
    "country_code": "TR",
    "country": "Turkey"
  },
  {
    "username": "walle88815084",
    "followingArtist": "Tim Bergling",
    "country_code": "SE",
    "country": "Sweden"
  }
]