[
  {
    "username": "WadaKen_1217",
    "followingArtist": "\u6e21\u908a\u3061\u3053",
    "country_code": "US",
    "country": "USA"
  },
  {
    "username": "faanzieckry",
    "followingArtist": "\u6e21\u908a\u3061\u3053",
    "country_code": "MY",
    "country": "Malaysia"
  },
  {
    "username": "fm_fata_morgana",
    "followingArtist": "\u6e21\u908a\u3061\u3053",
    "country_code": "JP",
    "country": "Japan"
  },
  {
    "username": "makotodayo0308",
    "followingArtist": "\u6e21\u908a\u3061\u3053",
    "country_code": "JP",
    "country": "Japan"
  },
  {
    "username": "juliensampietri",
    "followingArtist": "\u6e21\u908a\u3061\u3053",
    "country_code": "FR",
    "country": "France"
  },
  {
    "username": "SCD_Patient",
    "followingArtist": "\u6e21\u908a\u3061\u3053",
    "country_code": "JP",
    "country": "Japan"
  },
  {
    "username": "yamachan_0113",
    "followingArtist": "\u6e21\u908a\u3061\u3053",
    "country_code": "GU",
    "country": "Guam"
  },
  {
    "username": "history9697",
    "followingArtist": "\u6e21\u908a\u3061\u3053",
    "country_code": "California City Blvd",
    "country": "California City Blvd"
  },
  {
    "username": "chara_pochi",
    "followingArtist": "\u6e21\u908a\u3061\u3053",
    "country_code": "JP",
    "country": "Japan"
  },
  {
    "username": "MayaNsep",
    "followingArtist": "\u6e21\u908a\u3061\u3053",
    "country_code": "SA",
    "country": "Saudi Arabia"
  },
  {
    "username": "HishamSep21",
    "followingArtist": "\u6e21\u908a\u3061\u3053",
    "country_code": "SA",
    "country": "Saudi Arabia"
  },
  {
    "username": "menaa009",
    "followingArtist": "\u6e21\u908a\u3061\u3053",
    "country_code": "EG",
    "country": "Egypt"
  },
  {
    "username": "mmeranahmed",
    "followingArtist": "\u6e21\u908a\u3061\u3053",
    "country_code": "EG",
    "country": "Egypt"
  },
  {
    "username": "haaidimohamed",
    "followingArtist": "\u6e21\u908a\u3061\u3053",
    "country_code": "EG",
    "country": "Egypt"
  },
  {
    "username": "maaiymohamed",
    "followingArtist": "\u6e21\u908a\u3061\u3053",
    "country_code": "EG",
    "country": "Egypt"
  },
  {
    "username": "hungnakata07",
    "followingArtist": "\u6e21\u908a\u3061\u3053",
    "country_code": "DK",
    "country": "Denmark"
  },
  {
    "username": "ai_Chopper",
    "followingArtist": "\u6e21\u908a\u3061\u3053",
    "country_code": "US",
    "country": "United States"
  },
  {
    "username": "HassanA80136802",
    "followingArtist": "\u6e21\u908a\u3061\u3053",
    "country_code": "PK",
    "country": "Pakistan"
  },
  {
    "username": "Derick900",
    "followingArtist": "\u6e21\u908a\u3061\u3053",
    "country_code": "US",
    "country": "USA"
  },
  {
    "username": "robert_savann",
    "followingArtist": "\u6e21\u908a\u3061\u3053",
    "country_code": "US",
    "country": "United States"
  },
  {
    "username": "Top_DC",
    "followingArtist": "\u6e21\u908a\u3061\u3053",
    "country_code": "BR",
    "country": "Brazil"
  },
  {
    "username": "EliMgwv",
    "followingArtist": "\u6e21\u908a\u3061\u3053",
    "country_code": "US",
    "country": "USA"
  },
  {
    "username": "TheEchoChamber_",
    "followingArtist": "\u6e21\u908a\u3061\u3053",
    "country_code": "US",
    "country": "USA"
  },
  {
    "username": "theeNyerian",
    "followingArtist": "\u6e21\u908a\u3061\u3053",
    "country_code": "CA",
    "country": "Canada"
  },
  {
    "username": "Marbles_Alves",
    "followingArtist": "\u6e21\u908a\u3061\u3053",
    "country_code": "BR",
    "country": "Brazil"
  },
  {
    "username": "Str8tHeat4Ya",
    "followingArtist": "\u6e21\u908a\u3061\u3053",
    "country_code": "SI",
    "country": "Slovenia"
  },
  {
    "username": "OutDaTrap",
    "followingArtist": "\u6e21\u908a\u3061\u3053",
    "country_code": "SI",
    "country": "Slovenia"
  },
  {
    "username": "ArmstrongGideo1",
    "followingArtist": "\u6e21\u908a\u3061\u3053",
    "country_code": "GH",
    "country": "Ghana"
  },
  {
    "username": "Tammysdragonfly",
    "followingArtist": "\u6e21\u908a\u3061\u3053",
    "country_code": "US",
    "country": "United States"
  },
  {
    "username": "PedroHe16664518",
    "followingArtist": "\u6e21\u908a\u3061\u3053",
    "country_code": "BR",
    "country": "Brazil"
  },
  {
    "username": "RaissaCamilo3",
    "followingArtist": "\u6e21\u908a\u3061\u3053",
    "country_code": "HU",
    "country": "Hungary"
  },
  {
    "username": "KKieks",
    "followingArtist": "\u6e21\u908a\u3061\u3053",
    "country_code": "US",
    "country": "USA"
  },
  {
    "username": "alexdavis_7",
    "followingArtist": "\u6e21\u908a\u3061\u3053",
    "country_code": "BJ",
    "country": "Benin"
  },
  {
    "username": "LouiseH36059467",
    "followingArtist": "\u6e21\u908a\u3061\u3053",
    "country_code": "GB",
    "country": "Great Britain"
  },
  {
    "username": "suzi_santos16",
    "followingArtist": "\u6e21\u908a\u3061\u3053",
    "country_code": "BR",
    "country": "Brazil"
  },
  {
    "username": "Arman78928340",
    "followingArtist": "\u6e21\u908a\u3061\u3053",
    "country_code": "IN",
    "country": "India"
  },
  {
    "username": "Alexand41545430",
    "followingArtist": "\u6e21\u908a\u3061\u3053",
    "country_code": "BR",
    "country": "Brazil"
  },
  {
    "username": "lucao762",
    "followingArtist": "\u6e21\u908a\u3061\u3053",
    "country_code": "PH",
    "country": "Philippines"
  },
  {
    "username": "SapanaBipana1",
    "followingArtist": "\u6e21\u908a\u3061\u3053",
    "country_code": "US",
    "country": "USA"
  },
  {
    "username": "itsmomanyi",
    "followingArtist": "\u6e21\u908a\u3061\u3053",
    "country_code": "KE",
    "country": "Kenya"
  },
  {
    "username": "Xplodeng",
    "followingArtist": "\u6e21\u908a\u3061\u3053",
    "country_code": "NG",
    "country": "Nigeria"
  },
  {
    "username": "_RaulARG",
    "followingArtist": "\u6e21\u908a\u3061\u3053",
    "country_code": "ID",
    "country": "Indonesia"
  },
  {
    "username": "bangbang_ravbut",
    "followingArtist": "\u6e21\u908a\u3061\u3053",
    "country_code": "US",
    "country": "USA"
  },
  {
    "username": "InesShirayuki",
    "followingArtist": "\u6e21\u908a\u3061\u3053",
    "country_code": "FR",
    "country": "France"
  },
  {
    "username": "pragueblues",
    "followingArtist": "\u6e21\u908a\u3061\u3053",
    "country_code": "CZ",
    "country": "Czech Republic"
  },
  {
    "username": "davideos76",
    "followingArtist": "\u6e21\u908a\u3061\u3053",
    "country_code": "FR",
    "country": "France"
  },
  {
    "username": "ayanorider16",
    "followingArtist": "\u6e21\u908a\u3061\u3053",
    "country_code": "JP",
    "country": "Japan"
  },
  {
    "username": "Ozymandias1997",
    "followingArtist": "\u6e21\u908a\u3061\u3053",
    "country_code": "NG",
    "country": "Nigeria"
  },
  {
    "username": "chandlerdoyle12",
    "followingArtist": "\u6e21\u908a\u3061\u3053",
    "country_code": "US",
    "country": "USA"
  },
  {
    "username": "HattonAndre",
    "followingArtist": "\u6e21\u908a\u3061\u3053",
    "country_code": "FR",
    "country": "France"
  },
  {
    "username": "seb_sayaka",
    "followingArtist": "\u6e21\u908a\u3061\u3053",
    "country_code": "FR",
    "country": "France"
  },
  {
    "username": "_NiroX_",
    "followingArtist": "\u6e21\u908a\u3061\u3053",
    "country_code": "FR",
    "country": "France"
  },
  {
    "username": "WNRISE",
    "followingArtist": "\u6e21\u908a\u3061\u3053",
    "country_code": "US",
    "country": "United States"
  },
  {
    "username": "kamitsuki_offi",
    "followingArtist": "\u6e21\u908a\u3061\u3053",
    "country_code": "JP",
    "country": "Japan"
  },
  {
    "username": "VelThaidis",
    "followingArtist": "\u6e21\u908a\u3061\u3053",
    "country_code": "FR",
    "country": "France"
  },
  {
    "username": "nitro_masson",
    "followingArtist": "\u6e21\u908a\u3061\u3053",
    "country_code": "BO",
    "country": "Bolivia"
  },
  {
    "username": "Elisander",
    "followingArtist": "\u6e21\u908a\u3061\u3053",
    "country_code": "FR",
    "country": "France"
  },
  {
    "username": "Laurent_Solchak",
    "followingArtist": "\u6e21\u908a\u3061\u3053",
    "country_code": "FR",
    "country": "France"
  },
  {
    "username": "_woosung",
    "followingArtist": "\u6e21\u908a\u3061\u3053",
    "country_code": "KR",
    "country": "South Korea"
  },
  {
    "username": "jeremy8sv",
    "followingArtist": "\u6e21\u908a\u3061\u3053",
    "country_code": "FR",
    "country": "France"
  },
  {
    "username": "ke_jiro_",
    "followingArtist": "\u6e21\u908a\u3061\u3053",
    "country_code": "JP",
    "country": "Japan"
  },
  {
    "username": "kevindu78130",
    "followingArtist": "\u6e21\u908a\u3061\u3053",
    "country_code": "FR",
    "country": "France"
  },
  {
    "username": "seb_wolwe",
    "followingArtist": "\u6e21\u908a\u3061\u3053",
    "country_code": "FR",
    "country": "France"
  },
  {
    "username": "mKAv05",
    "followingArtist": "\u6e21\u908a\u3061\u3053",
    "country_code": "BR",
    "country": "Brazil"
  },
  {
    "username": "SteWilllis",
    "followingArtist": "\u6e21\u908a\u3061\u3053",
    "country_code": "US",
    "country": "USA"
  },
  {
    "username": "momoiktkr",
    "followingArtist": "\u6e21\u908a\u3061\u3053",
    "country_code": "JP",
    "country": "Japan"
  },
  {
    "username": "ld_k613",
    "followingArtist": "\u6e21\u908a\u3061\u3053",
    "country_code": "JP",
    "country": "Japan"
  },
  {
    "username": "Namus15",
    "followingArtist": "\u6e21\u908a\u3061\u3053",
    "country_code": "FR",
    "country": "France"
  },
  {
    "username": "James76066300",
    "followingArtist": "\u6e21\u908a\u3061\u3053",
    "country_code": "US",
    "country": "USA"
  },
  {
    "username": "upshoxfeed",
    "followingArtist": "\u6e21\u908a\u3061\u3053",
    "country_code": "IN",
    "country": "India"
  },
  {
    "username": "NatashaCarlsen",
    "followingArtist": "\u6e21\u908a\u3061\u3053",
    "country_code": "DK",
    "country": "Denmark"
  },
  {
    "username": "TheRemoteITPro",
    "followingArtist": "\u6e21\u908a\u3061\u3053",
    "country_code": "GB",
    "country": "Great Britain"
  },
  {
    "username": "avila_juanpablo",
    "followingArtist": "\u6e21\u908a\u3061\u3053",
    "country_code": "AR",
    "country": "Argentina"
  },
  {
    "username": "sandro_vxs",
    "followingArtist": "\u6e21\u908a\u3061\u3053",
    "country_code": "BR",
    "country": "Brazil"
  },
  {
    "username": "SLS_SILVIA",
    "followingArtist": "\u6e21\u908a\u3061\u3053",
    "country_code": "US",
    "country": "USA"
  },
  {
    "username": "LoveSport123",
    "followingArtist": "\u6e21\u908a\u3061\u3053",
    "country_code": "US",
    "country": "USA"
  },
  {
    "username": "OliveryBenji_10",
    "followingArtist": "\u6e21\u908a\u3061\u3053",
    "country_code": "ES",
    "country": "Spain"
  },
  {
    "username": "Lou36625737",
    "followingArtist": "\u6e21\u908a\u3061\u3053",
    "country_code": "GB",
    "country": "Great Britain"
  },
  {
    "username": "JBarrientos1",
    "followingArtist": "\u6e21\u908a\u3061\u3053",
    "country_code": "US",
    "country": "United States"
  },
  {
    "username": "Universal_RM",
    "followingArtist": "\u6e21\u908a\u3061\u3053",
    "country_code": "JP",
    "country": "Japan"
  },
  {
    "username": "Dreknos",
    "followingArtist": "\u6e21\u908a\u3061\u3053",
    "country_code": "FR",
    "country": "France"
  },
  {
    "username": "Dewz_Patchara",
    "followingArtist": "\u6e21\u908a\u3061\u3053",
    "country_code": "TH",
    "country": "Thailand"
  },
  {
    "username": "withwish_taka",
    "followingArtist": "\u6e21\u908a\u3061\u3053",
    "country_code": "JP",
    "country": "Japan"
  },
  {
    "username": "ebiebiaka",
    "followingArtist": "\u6e21\u908a\u3061\u3053",
    "country_code": "GU",
    "country": "Guam"
  },
  {
    "username": "star_lordcu",
    "followingArtist": "\u6e21\u908a\u3061\u3053",
    "country_code": "US",
    "country": "USA"
  },
  {
    "username": "Pharmameliarx",
    "followingArtist": "\u6e21\u908a\u3061\u3053",
    "country_code": "HT",
    "country": "Haiti"
  },
  {
    "username": "n4_elkk",
    "followingArtist": "\u6e21\u908a\u3061\u3053",
    "country_code": "SA",
    "country": "Saudi Arabia"
  },
  {
    "username": "musicJAPANplus",
    "followingArtist": "\u6e21\u908a\u3061\u3053",
    "country_code": "JP",
    "country": "Japan"
  },
  {
    "username": "yaamannnska",
    "followingArtist": "\u6e21\u908a\u3061\u3053",
    "country_code": "JP",
    "country": "Japan"
  },
  {
    "username": "HamadaHe4am",
    "followingArtist": "\u6e21\u908a\u3061\u3053",
    "country_code": "EG",
    "country": "Egypt"
  },
  {
    "username": "S3PPLE",
    "followingArtist": "\u6e21\u908a\u3061\u3053",
    "country_code": "UK",
    "country": "United Kingdom"
  },
  {
    "username": "sixfeetfour4",
    "followingArtist": "\u6e21\u908a\u3061\u3053",
    "country_code": "DK",
    "country": "Denmark"
  },
  {
    "username": "kanji_project",
    "followingArtist": "\u6e21\u908a\u3061\u3053",
    "country_code": "US",
    "country": "USA"
  },
  {
    "username": "patchouli_034",
    "followingArtist": "\u6e21\u908a\u3061\u3053",
    "country_code": "CN",
    "country": "China"
  },
  {
    "username": "tora_jeffchange",
    "followingArtist": "\u6e21\u908a\u3061\u3053",
    "country_code": "CN",
    "country": "China"
  },
  {
    "username": "l_kzp",
    "followingArtist": "\u6e21\u908a\u3061\u3053",
    "country_code": "DK",
    "country": "Denmark"
  },
  {
    "username": "DSIUCHEONG",
    "followingArtist": "\u6e21\u908a\u3061\u3053",
    "country_code": "DK",
    "country": "Denmark"
  },
  {
    "username": "iDOLplus1D",
    "followingArtist": "\u6e21\u908a\u3061\u3053",
    "country_code": "DK",
    "country": "Denmark"
  },
  {
    "username": "1_taa_1",
    "followingArtist": "\u6e21\u908a\u3061\u3053",
    "country_code": "JP",
    "country": "Japan"
  },
  {
    "username": "E0914YAZAWA",
    "followingArtist": "\u6e21\u908a\u3061\u3053",
    "country_code": "US",
    "country": "USA"
  },
  {
    "username": "mokaron0615",
    "followingArtist": "\u6e21\u908a\u3061\u3053",
    "country_code": "JP",
    "country": "Japan"
  },
  {
    "username": "SchadefoxArt",
    "followingArtist": "\u6e21\u908a\u3061\u3053",
    "country_code": "BR",
    "country": "Brazil"
  },
  {
    "username": "Quinnqueens",
    "followingArtist": "\u6e21\u908a\u3061\u3053",
    "country_code": "US",
    "country": "United States"
  },
  {
    "username": "Himekyu8",
    "followingArtist": "\u6e21\u908a\u3061\u3053",
    "country_code": "FR",
    "country": "France"
  },
  {
    "username": "bhm_q23",
    "followingArtist": "\u6e21\u908a\u3061\u3053",
    "country_code": "JP",
    "country": "Japan"
  },
  {
    "username": "stella_subaru",
    "followingArtist": "\u6e21\u908a\u3061\u3053",
    "country_code": "MR",
    "country": "Mauritania"
  },
  {
    "username": "the_bukatsu",
    "followingArtist": "\u6e21\u908a\u3061\u3053",
    "country_code": "JP",
    "country": "Japan"
  },
  {
    "username": "BBeaguar",
    "followingArtist": "\u6e21\u908a\u3061\u3053",
    "country_code": "CL",
    "country": "Chile"
  },
  {
    "username": "massimo4951",
    "followingArtist": "\u6e21\u908a\u3061\u3053",
    "country_code": "IT",
    "country": "Italy"
  },
  {
    "username": "love_musiclb",
    "followingArtist": "\u6e21\u908a\u3061\u3053",
    "country_code": "FR",
    "country": "France"
  },
  {
    "username": "RRR_074",
    "followingArtist": "\u6e21\u908a\u3061\u3053",
    "country_code": "ar",
    "country": "Argentina"
  },
  {
    "username": "RyMsB428",
    "followingArtist": "\u6e21\u908a\u3061\u3053",
    "country_code": "UG",
    "country": "Uganda"
  },
  {
    "username": "cawaful_nonoka",
    "followingArtist": "\u6e21\u908a\u3061\u3053",
    "country_code": "ZA",
    "country": "South Africa"
  },
  {
    "username": "TexasBurgerDLJ",
    "followingArtist": "\u6e21\u908a\u3061\u3053",
    "country_code": "US",
    "country": "USA"
  },
  {
    "username": "luckydragon2016",
    "followingArtist": "\u6e21\u908a\u3061\u3053",
    "country_code": "US",
    "country": "USA"
  },
  {
    "username": "mitsukete_tv",
    "followingArtist": "\u6e21\u908a\u3061\u3053",
    "country_code": "JP",
    "country": "Japan"
  },
  {
    "username": "xianb8",
    "followingArtist": "\u6e21\u908a\u3061\u3053",
    "country_code": "US",
    "country": "USA"
  },
  {
    "username": "kmkmchan_0106",
    "followingArtist": "\u6e21\u908a\u3061\u3053",
    "country_code": "JP",
    "country": "Japan"
  },
  {
    "username": "montelongo_sara",
    "followingArtist": "\u6e21\u908a\u3061\u3053",
    "country_code": "US",
    "country": "USA"
  },
  {
    "username": "perecerda",
    "followingArtist": "\u6e21\u908a\u3061\u3053",
    "country_code": "MX",
    "country": "Mexico"
  },
  {
    "username": "Aamir_iqbal_Aky",
    "followingArtist": "\u6e21\u908a\u3061\u3053",
    "country_code": "PK",
    "country": "Pakistan"
  },
  {
    "username": "Heilyeen",
    "followingArtist": "\u6e21\u908a\u3061\u3053",
    "country_code": "ES",
    "country": "Spain"
  },
  {
    "username": "TiffanyVollmerZ",
    "followingArtist": "\u6e21\u908a\u3061\u3053",
    "country_code": "US",
    "country": "USA"
  },
  {
    "username": "KristaU14",
    "followingArtist": "\u6e21\u908a\u3061\u3053",
    "country_code": "US",
    "country": "USA"
  },
  {
    "username": "girllifetexts",
    "followingArtist": "\u6e21\u908a\u3061\u3053",
    "country_code": "US",
    "country": "USA"
  },
  {
    "username": "JunichiNonoyama",
    "followingArtist": "\u6e21\u908a\u3061\u3053",
    "country_code": "JP",
    "country": "Japan"
  },
  {
    "username": "Viarod007",
    "followingArtist": "\u6e21\u908a\u3061\u3053",
    "country_code": "Maryland Park Dr",
    "country": "Maryland Park Dr"
  },
  {
    "username": "Rayan4300",
    "followingArtist": "\u6e21\u908a\u3061\u3053",
    "country_code": "FR",
    "country": "France"
  },
  {
    "username": "Kalaharipsyco1",
    "followingArtist": "\u6e21\u908a\u3061\u3053",
    "country_code": "ZA",
    "country": "South Africa"
  },
  {
    "username": "SirtuyS",
    "followingArtist": "\u6e21\u908a\u3061\u3053",
    "country_code": "TN",
    "country": "Tunisia"
  },
  {
    "username": "MathewBrians",
    "followingArtist": "\u6e21\u908a\u3061\u3053",
    "country_code": "KE",
    "country": "Kenya"
  },
  {
    "username": "ell4generation",
    "followingArtist": "\u6e21\u908a\u3061\u3053",
    "country_code": "MX",
    "country": "Mexico"
  },
  {
    "username": "and1_grant",
    "followingArtist": "\u6e21\u908a\u3061\u3053",
    "country_code": "US",
    "country": "USA"
  },
  {
    "username": "NoblePotentPoet",
    "followingArtist": "\u6e21\u908a\u3061\u3053",
    "country_code": "CH",
    "country": "Switzerland"
  },
  {
    "username": "MoviesRWin",
    "followingArtist": "\u6e21\u908a\u3061\u3053",
    "country_code": "IT",
    "country": "Italy"
  },
  {
    "username": "ikaoan_o",
    "followingArtist": "\u6e21\u908a\u3061\u3053",
    "country_code": "MW",
    "country": "Malawi"
  },
  {
    "username": "BAMN_NATION",
    "followingArtist": "\u6e21\u908a\u3061\u3053",
    "country_code": "US",
    "country": "USA"
  },
  {
    "username": "mixvegetablemen",
    "followingArtist": "\u6e21\u908a\u3061\u3053",
    "country_code": "US",
    "country": "USA"
  },
  {
    "username": "Eggs_music",
    "followingArtist": "\u6e21\u908a\u3061\u3053",
    "country_code": "JP",
    "country": "Japan"
  },
  {
    "username": "ImChloeCaroline",
    "followingArtist": "\u6e21\u908a\u3061\u3053",
    "country_code": "US",
    "country": "USA"
  },
  {
    "username": "Fitba_Facts",
    "followingArtist": "\u6e21\u908a\u3061\u3053",
    "country_code": "GB",
    "country": "Great Britain"
  },
  {
    "username": "CassidyKenna",
    "followingArtist": "\u6e21\u908a\u3061\u3053",
    "country_code": "US",
    "country": "USA"
  },
  {
    "username": "ChrisYkjr",
    "followingArtist": "\u6e21\u908a\u3061\u3053",
    "country_code": "FR",
    "country": "France"
  },
  {
    "username": "paodepadeiro",
    "followingArtist": "\u6e21\u908a\u3061\u3053",
    "country_code": "BR",
    "country": "Brazil"
  },
  {
    "username": "Kvvvkvvk",
    "followingArtist": "\u6e21\u908a\u3061\u3053",
    "country_code": "US",
    "country": "USA"
  },
  {
    "username": "EdimarSobrinho",
    "followingArtist": "\u6e21\u908a\u3061\u3053",
    "country_code": "BR",
    "country": "Brazil"
  },
  {
    "username": "StarFoxGeramie7",
    "followingArtist": "\u6e21\u908a\u3061\u3053",
    "country_code": "US",
    "country": "USA"
  },
  {
    "username": "gill_ill",
    "followingArtist": "\u6e21\u908a\u3061\u3053",
    "country_code": "US",
    "country": "USA"
  },
  {
    "username": "iginari_karen",
    "followingArtist": "\u6e21\u908a\u3061\u3053",
    "country_code": "GN",
    "country": "Guinea"
  },
  {
    "username": "blackmx_dd",
    "followingArtist": "\u6e21\u908a\u3061\u3053",
    "country_code": "US",
    "country": "USA"
  },
  {
    "username": "6BillionPeople",
    "followingArtist": "\u6e21\u908a\u3061\u3053",
    "country_code": "NG",
    "country": "Nigeria"
  },
  {
    "username": "MiaSanMiaDFB",
    "followingArtist": "\u6e21\u908a\u3061\u3053",
    "country_code": "NG",
    "country": "Nigeria"
  },
  {
    "username": "1ijSnxMmKi7AhUV",
    "followingArtist": "\u6e21\u908a\u3061\u3053",
    "country_code": "CN",
    "country": "China"
  },
  {
    "username": "TeamReece_",
    "followingArtist": "\u6e21\u908a\u3061\u3053",
    "country_code": "AU",
    "country": "Australia"
  },
  {
    "username": "verified",
    "followingArtist": "\u6e21\u908a\u3061\u3053",
    "country_code": "US",
    "country": "USA"
  },
  {
    "username": "yassan__0412",
    "followingArtist": "\u6e21\u908a\u3061\u3053",
    "country_code": "US",
    "country": "USA"
  },
  {
    "username": "Nonameo87",
    "followingArtist": "\u6e21\u908a\u3061\u3053",
    "country_code": "US",
    "country": "USA"
  },
  {
    "username": "Yoshinori_yuji",
    "followingArtist": "\u6e21\u908a\u3061\u3053",
    "country_code": "ID",
    "country": "Indonesia"
  },
  {
    "username": "nobublacklabel",
    "followingArtist": "\u6e21\u908a\u3061\u3053",
    "country_code": "JP",
    "country": "Japan"
  },
  {
    "username": "billybernal25",
    "followingArtist": "\u6e21\u908a\u3061\u3053",
    "country_code": "US",
    "country": "United States"
  },
  {
    "username": "AunsMundai",
    "followingArtist": "\u6e21\u908a\u3061\u3053",
    "country_code": "BR",
    "country": "Brazil"
  },
  {
    "username": "9208560",
    "followingArtist": "\u6e21\u908a\u3061\u3053",
    "country_code": "NZ",
    "country": "Aotearoa"
  },
  {
    "username": "unbeatabletipex",
    "followingArtist": "\u6e21\u908a\u3061\u3053",
    "country_code": "TR",
    "country": "Turkey"
  },
  {
    "username": "zzzgoldzzz",
    "followingArtist": "\u6e21\u908a\u3061\u3053",
    "country_code": "JP",
    "country": "Japan"
  },
  {
    "username": "Vegas_Birthday",
    "followingArtist": "\u6e21\u908a\u3061\u3053",
    "country_code": "US",
    "country": "USA"
  },
  {
    "username": "BriggitteZambr8",
    "followingArtist": "\u6e21\u908a\u3061\u3053",
    "country_code": "EC",
    "country": "Ecuador"
  },
  {
    "username": "TwitWhizz",
    "followingArtist": "\u6e21\u908a\u3061\u3053",
    "country_code": "UK",
    "country": "United Kingdom"
  },
  {
    "username": "Kty93263993",
    "followingArtist": "\u6e21\u908a\u3061\u3053",
    "country_code": "CL",
    "country": "Chile"
  },
  {
    "username": "Charley_lover",
    "followingArtist": "\u6e21\u908a\u3061\u3053",
    "country_code": "US",
    "country": "USA"
  },
  {
    "username": "El_loco0",
    "followingArtist": "\u6e21\u908a\u3061\u3053",
    "country_code": "TN",
    "country": "Tunisia"
  },
  {
    "username": "mylipospa",
    "followingArtist": "\u6e21\u908a\u3061\u3053",
    "country_code": "US",
    "country": "USA"
  },
  {
    "username": "EasyMoneyAds",
    "followingArtist": "\u6e21\u908a\u3061\u3053",
    "country_code": "CA",
    "country": "Canada"
  },
  {
    "username": "Joshua_Hardy33",
    "followingArtist": "\u6e21\u908a\u3061\u3053",
    "country_code": "UK",
    "country": "United Kingdom"
  },
  {
    "username": "Sugee111",
    "followingArtist": "\u6e21\u908a\u3061\u3053",
    "country_code": "US",
    "country": "United States"
  },
  {
    "username": "AreYouTingTong",
    "followingArtist": "\u6e21\u908a\u3061\u3053",
    "country_code": "UK",
    "country": "United Kingdom"
  },
  {
    "username": "Hkiolvh5690",
    "followingArtist": "\u6e21\u908a\u3061\u3053",
    "country_code": "NP",
    "country": "Nepal"
  },
  {
    "username": "I_AM_OHBABY",
    "followingArtist": "\u6e21\u908a\u3061\u3053",
    "country_code": "US",
    "country": "USA"
  },
  {
    "username": "tetsu_501se3248",
    "followingArtist": "\u6e21\u908a\u3061\u3053",
    "country_code": "JP",
    "country": "Japan"
  },
  {
    "username": "hyu_ZEELA",
    "followingArtist": "\u6e21\u908a\u3061\u3053",
    "country_code": "US",
    "country": "United States"
  },
  {
    "username": "phil_mjp",
    "followingArtist": "\u6e21\u908a\u3061\u3053",
    "country_code": "BR",
    "country": "Brazil"
  },
  {
    "username": "93Hajime",
    "followingArtist": "\u6e21\u908a\u3061\u3053",
    "country_code": "JP",
    "country": "Japan"
  },
  {
    "username": "AbuMahajur",
    "followingArtist": "\u6e21\u908a\u3061\u3053",
    "country_code": "IN",
    "country": "India"
  },
  {
    "username": "lemonbnk",
    "followingArtist": "\u6e21\u908a\u3061\u3053",
    "country_code": "TH",
    "country": "Thailand"
  },
  {
    "username": "ke66_toshi",
    "followingArtist": "\u6e21\u908a\u3061\u3053",
    "country_code": "JP",
    "country": "Japan"
  },
  {
    "username": "birdstrike1125",
    "followingArtist": "\u6e21\u908a\u3061\u3053",
    "country_code": "US",
    "country": "USA"
  },
  {
    "username": "412TDAWG",
    "followingArtist": "\u6e21\u908a\u3061\u3053",
    "country_code": "US",
    "country": "USA"
  },
  {
    "username": "SanguineRavens",
    "followingArtist": "\u6e21\u908a\u3061\u3053",
    "country_code": "US",
    "country": "USA"
  },
  {
    "username": "LawtontheLion",
    "followingArtist": "\u6e21\u908a\u3061\u3053",
    "country_code": "Maryland Park Dr",
    "country": "Maryland Park Dr"
  },
  {
    "username": "notall_kagami",
    "followingArtist": "\u6e21\u908a\u3061\u3053",
    "country_code": "PS",
    "country": "Palestinian Territory"
  },
  {
    "username": "zzzgoldzzz2",
    "followingArtist": "\u6e21\u908a\u3061\u3053",
    "country_code": "JP",
    "country": "Japan"
  },
  {
    "username": "more_more3",
    "followingArtist": "\u6e21\u908a\u3061\u3053",
    "country_code": "NP",
    "country": "Nepal"
  },
  {
    "username": "hinatamochi329",
    "followingArtist": "\u6e21\u908a\u3061\u3053",
    "country_code": "JP",
    "country": "Japan"
  },
  {
    "username": "nyankarikari",
    "followingArtist": "\u6e21\u908a\u3061\u3053",
    "country_code": "JP",
    "country": "Japan"
  },
  {
    "username": "azusa_O_521",
    "followingArtist": "\u6e21\u908a\u3061\u3053",
    "country_code": "PS",
    "country": "Palestinian Territory"
  },
  {
    "username": "massa_laz",
    "followingArtist": "\u6e21\u908a\u3061\u3053",
    "country_code": "JP",
    "country": "Japan"
  },
  {
    "username": "tnk_1408",
    "followingArtist": "\u6e21\u908a\u3061\u3053",
    "country_code": "US",
    "country": "USA"
  },
  {
    "username": "ohbeahr",
    "followingArtist": "\u6e21\u908a\u3061\u3053",
    "country_code": "US",
    "country": "USA"
  },
  {
    "username": "faaz_fayis",
    "followingArtist": "\u6e21\u908a\u3061\u3053",
    "country_code": "IN",
    "country": "India"
  },
  {
    "username": "harukaono_",
    "followingArtist": "\u6e21\u908a\u3061\u3053",
    "country_code": "JP",
    "country": "Japan"
  },
  {
    "username": "CalebWithDaShot",
    "followingArtist": "\u6e21\u908a\u3061\u3053",
    "country_code": "Hawi Rd",
    "country": "Hawi Rd"
  },
  {
    "username": "Marcosmaayaa",
    "followingArtist": "\u6e21\u908a\u3061\u3053",
    "country_code": "PT",
    "country": "Portugal"
  },
  {
    "username": "cvsoq",
    "followingArtist": "\u6e21\u908a\u3061\u3053",
    "country_code": "SA",
    "country": "Saudi Arabia"
  },
  {
    "username": "AL_I6ALY",
    "followingArtist": "\u6e21\u908a\u3061\u3053",
    "country_code": "YE",
    "country": "Yemen"
  },
  {
    "username": "ladyinaredcape",
    "followingArtist": "\u6e21\u908a\u3061\u3053",
    "country_code": "US",
    "country": "USA"
  },
  {
    "username": "superweightlos2",
    "followingArtist": "\u6e21\u908a\u3061\u3053",
    "country_code": "UK",
    "country": "United Kingdom"
  },
  {
    "username": "Mustafa_Elaskry",
    "followingArtist": "\u6e21\u908a\u3061\u3053",
    "country_code": "US",
    "country": "USA"
  },
  {
    "username": "SummerBrielle9",
    "followingArtist": "\u6e21\u908a\u3061\u3053",
    "country_code": "US",
    "country": "United States"
  },
  {
    "username": "hello_w_love",
    "followingArtist": "\u6e21\u908a\u3061\u3053",
    "country_code": "JP",
    "country": "Japan"
  },
  {
    "username": "cis_cpht",
    "followingArtist": "\u6e21\u908a\u3061\u3053",
    "country_code": "US",
    "country": "USA"
  },
  {
    "username": "SnkeAltena",
    "followingArtist": "\u6e21\u908a\u3061\u3053",
    "country_code": "DE",
    "country": "Germany"
  },
  {
    "username": "bearista1969",
    "followingArtist": "\u6e21\u908a\u3061\u3053",
    "country_code": "JP",
    "country": "Japan"
  },
  {
    "username": "Eakshii1",
    "followingArtist": "\u6e21\u908a\u3061\u3053",
    "country_code": "IN",
    "country": "India"
  },
  {
    "username": "chkeung777",
    "followingArtist": "\u6e21\u908a\u3061\u3053",
    "country_code": "DK",
    "country": "Denmark"
  },
  {
    "username": "rajupandrangi",
    "followingArtist": "\u6e21\u908a\u3061\u3053",
    "country_code": "IN",
    "country": "India"
  },
  {
    "username": "loveplayballs73",
    "followingArtist": "\u6e21\u908a\u3061\u3053",
    "country_code": "CN",
    "country": "China"
  },
  {
    "username": "Mulayam80189225",
    "followingArtist": "\u6e21\u908a\u3061\u3053",
    "country_code": "IN",
    "country": "India"
  },
  {
    "username": "Dodiarfan0682",
    "followingArtist": "\u6e21\u908a\u3061\u3053",
    "country_code": "ID",
    "country": "Indonesia"
  },
  {
    "username": "Takun_W",
    "followingArtist": "\u6e21\u908a\u3061\u3053",
    "country_code": "DK",
    "country": "Denmark"
  },
  {
    "username": "RayRooks1",
    "followingArtist": "\u6e21\u908a\u3061\u3053",
    "country_code": "US",
    "country": "United States"
  },
  {
    "username": "ReynaldoPaiva3",
    "followingArtist": "\u6e21\u908a\u3061\u3053",
    "country_code": "UY",
    "country": "Uruguay"
  },
  {
    "username": "SltBunny",
    "followingArtist": "\u6e21\u908a\u3061\u3053",
    "country_code": "TH",
    "country": "Thailand"
  },
  {
    "username": "LuisDiegoAlva12",
    "followingArtist": "\u6e21\u908a\u3061\u3053",
    "country_code": "US",
    "country": "USA"
  },
  {
    "username": "jpg_Xavier",
    "followingArtist": "\u6e21\u908a\u3061\u3053",
    "country_code": "CN",
    "country": "China"
  },
  {
    "username": "sushi_oh",
    "followingArtist": "\u6e21\u908a\u3061\u3053",
    "country_code": "NL",
    "country": "Netherlands"
  },
  {
    "username": "Evercool_DJ",
    "followingArtist": "\u6e21\u908a\u3061\u3053",
    "country_code": "IN",
    "country": "India"
  },
  {
    "username": "kisscckisscc",
    "followingArtist": "\u6e21\u908a\u3061\u3053",
    "country_code": "CN",
    "country": "China"
  },
  {
    "username": "Marni_dm",
    "followingArtist": "\u6e21\u908a\u3061\u3053",
    "country_code": "US",
    "country": "USA"
  },
  {
    "username": "iSelenaGornez",
    "followingArtist": "\u6e21\u908a\u3061\u3053",
    "country_code": "NG",
    "country": "Nigeria"
  },
  {
    "username": "jonas_walt",
    "followingArtist": "\u6e21\u908a\u3061\u3053",
    "country_code": "MX",
    "country": "Mexico"
  },
  {
    "username": "Jenong782Nong",
    "followingArtist": "\u6e21\u908a\u3061\u3053",
    "country_code": "ID",
    "country": "Indonesia"
  },
  {
    "username": "Vlad_d_Inhaler",
    "followingArtist": "\u6e21\u908a\u3061\u3053",
    "country_code": "IL",
    "country": "Israel"
  },
  {
    "username": "shoshow0927",
    "followingArtist": "\u6e21\u908a\u3061\u3053",
    "country_code": "US",
    "country": "USA"
  },
  {
    "username": "kevinmirandaXD",
    "followingArtist": "\u6e21\u908a\u3061\u3053",
    "country_code": "ES",
    "country": "Spain"
  },
  {
    "username": "Uday64778298",
    "followingArtist": "\u6e21\u908a\u3061\u3053",
    "country_code": "IN",
    "country": "India"
  },
  {
    "username": "RYANJ_PIKAPOO",
    "followingArtist": "\u6e21\u908a\u3061\u3053",
    "country_code": "NP",
    "country": "Nepal"
  },
  {
    "username": "juuuliiietaaalu",
    "followingArtist": "\u6e21\u908a\u3061\u3053",
    "country_code": "AR",
    "country": "Argentina"
  },
  {
    "username": "1LA_Lady",
    "followingArtist": "\u6e21\u908a\u3061\u3053",
    "country_code": "US",
    "country": "USA"
  },
  {
    "username": "AlexAngelMont17",
    "followingArtist": "\u6e21\u908a\u3061\u3053",
    "country_code": "US",
    "country": "USA"
  },
  {
    "username": "XDTVI17",
    "followingArtist": "\u6e21\u908a\u3061\u3053",
    "country_code": "FI",
    "country": "Finland"
  },
  {
    "username": "guiller25136814",
    "followingArtist": "\u6e21\u908a\u3061\u3053",
    "country_code": "BR",
    "country": "Brazil"
  },
  {
    "username": "moniciane_24",
    "followingArtist": "\u6e21\u908a\u3061\u3053",
    "country_code": "ES",
    "country": "Spain"
  },
  {
    "username": "Jesusenrique975",
    "followingArtist": "\u6e21\u908a\u3061\u3053",
    "country_code": "MX",
    "country": "Mexico"
  },
  {
    "username": "Nandu477777",
    "followingArtist": "\u6e21\u908a\u3061\u3053",
    "country_code": "AU",
    "country": "Australia"
  },
  {
    "username": "bsvrjchvr4",
    "followingArtist": "\u6e21\u908a\u3061\u3053",
    "country_code": "IN",
    "country": "India"
  },
  {
    "username": "LaRevistaBreak",
    "followingArtist": "\u6e21\u908a\u3061\u3053",
    "country_code": "VE",
    "country": "Venezuela"
  },
  {
    "username": "amorporlaluna",
    "followingArtist": "\u6e21\u908a\u3061\u3053",
    "country_code": "US",
    "country": "USA"
  },
  {
    "username": "AjeetYa94526760",
    "followingArtist": "\u6e21\u908a\u3061\u3053",
    "country_code": "IN",
    "country": "India"
  },
  {
    "username": "Rabbit_Run_std",
    "followingArtist": "\u6e21\u908a\u3061\u3053",
    "country_code": "JP",
    "country": "Japan"
  },
  {
    "username": "VaneLun73878892",
    "followingArtist": "\u6e21\u908a\u3061\u3053",
    "country_code": "US",
    "country": "USA"
  },
  {
    "username": "Sandinin",
    "followingArtist": "\u6e21\u908a\u3061\u3053",
    "country_code": "EC",
    "country": "Ecuador"
  },
  {
    "username": "ali20774128",
    "followingArtist": "\u6e21\u908a\u3061\u3053",
    "country_code": "US",
    "country": "USA"
  },
  {
    "username": "richo2015_tom",
    "followingArtist": "\u6e21\u908a\u3061\u3053",
    "country_code": "GB",
    "country": "Great Britain"
  },
  {
    "username": "MrsHonybeeker",
    "followingArtist": "\u6e21\u908a\u3061\u3053",
    "country_code": "US",
    "country": "USA"
  },
  {
    "username": "stanley_conejo",
    "followingArtist": "\u6e21\u908a\u3061\u3053",
    "country_code": "VN",
    "country": "Viet Nam"
  },
  {
    "username": "curasijesus",
    "followingArtist": "\u6e21\u908a\u3061\u3053",
    "country_code": "PE",
    "country": "Peru"
  },
  {
    "username": "CJcomputersNC",
    "followingArtist": "\u6e21\u908a\u3061\u3053",
    "country_code": "US",
    "country": "USA"
  },
  {
    "username": "ramaa_almali",
    "followingArtist": "\u6e21\u908a\u3061\u3053",
    "country_code": "TZ",
    "country": "Tanzania"
  },
  {
    "username": "PapiArMani",
    "followingArtist": "\u6e21\u908a\u3061\u3053",
    "country_code": "US",
    "country": "USA"
  },
  {
    "username": "SSscoop475",
    "followingArtist": "\u6e21\u908a\u3061\u3053",
    "country_code": "CO",
    "country": "Colombia"
  },
  {
    "username": "acha_mitsu",
    "followingArtist": "\u6e21\u908a\u3061\u3053",
    "country_code": "KR",
    "country": "South Korea"
  },
  {
    "username": "cardenas_chuc",
    "followingArtist": "\u6e21\u908a\u3061\u3053",
    "country_code": "PE",
    "country": "Peru"
  },
  {
    "username": "AaronHardingTV",
    "followingArtist": "\u6e21\u908a\u3061\u3053",
    "country_code": "BJ",
    "country": "Benin"
  },
  {
    "username": "elizabethcorl11",
    "followingArtist": "\u6e21\u908a\u3061\u3053",
    "country_code": "US",
    "country": "USA"
  },
  {
    "username": "CJ4Prez23",
    "followingArtist": "\u6e21\u908a\u3061\u3053",
    "country_code": "US",
    "country": "USA"
  },
  {
    "username": "barbeaubedell1",
    "followingArtist": "\u6e21\u908a\u3061\u3053",
    "country_code": "CZ",
    "country": "Czech Republic"
  },
  {
    "username": "Lotomocompany",
    "followingArtist": "\u6e21\u908a\u3061\u3053",
    "country_code": "NL",
    "country": "Netherlands"
  },
  {
    "username": "345XGAF",
    "followingArtist": "\u6e21\u908a\u3061\u3053",
    "country_code": "TH",
    "country": "Thailand"
  },
  {
    "username": "ts_hsuan",
    "followingArtist": "\u6e21\u908a\u3061\u3053",
    "country_code": "JP",
    "country": "Japan"
  },
  {
    "username": "twitkorp",
    "followingArtist": "\u6e21\u908a\u3061\u3053",
    "country_code": "NG",
    "country": "Nigeria"
  },
  {
    "username": "t3hDave",
    "followingArtist": "\u6e21\u908a\u3061\u3053",
    "country_code": "NG",
    "country": "Nigeria"
  },
  {
    "username": "1ProfileUnknown",
    "followingArtist": "\u6e21\u908a\u3061\u3053",
    "country_code": "ES",
    "country": "Spain"
  },
  {
    "username": "tacosuke2",
    "followingArtist": "\u6e21\u908a\u3061\u3053",
    "country_code": "JP",
    "country": "Japan"
  },
  {
    "username": "SalmanMolla20",
    "followingArtist": "\u6e21\u908a\u3061\u3053",
    "country_code": "IN",
    "country": "India"
  },
  {
    "username": "NoeliaNegro1",
    "followingArtist": "\u6e21\u908a\u3061\u3053",
    "country_code": "US",
    "country": "United States"
  },
  {
    "username": "eloso323",
    "followingArtist": "\u6e21\u908a\u3061\u3053",
    "country_code": "VE",
    "country": "Venezuela"
  },
  {
    "username": "RevolutionBoy5",
    "followingArtist": "\u6e21\u908a\u3061\u3053",
    "country_code": "ES",
    "country": "Spain"
  },
  {
    "username": "_Carol2018",
    "followingArtist": "\u6e21\u908a\u3061\u3053",
    "country_code": "NL",
    "country": "Netherlands"
  },
  {
    "username": "FuckMaBitches",
    "followingArtist": "\u6e21\u908a\u3061\u3053",
    "country_code": "US",
    "country": "USA"
  },
  {
    "username": "alejo0930marin",
    "followingArtist": "\u6e21\u908a\u3061\u3053",
    "country_code": "CO",
    "country": "Colombia"
  },
  {
    "username": "BurakKahiye",
    "followingArtist": "\u6e21\u908a\u3061\u3053",
    "country_code": "ES",
    "country": "Spain"
  },
  {
    "username": "_CristalOchoa",
    "followingArtist": "\u6e21\u908a\u3061\u3053",
    "country_code": "MX",
    "country": "Mexico"
  },
  {
    "username": "mrkiller_re01",
    "followingArtist": "\u6e21\u908a\u3061\u3053",
    "country_code": "US",
    "country": "USA"
  },
  {
    "username": "mohankumawat191",
    "followingArtist": "\u6e21\u908a\u3061\u3053",
    "country_code": "IN",
    "country": "India"
  },
  {
    "username": "Payara9",
    "followingArtist": "\u6e21\u908a\u3061\u3053",
    "country_code": "IN",
    "country": "India"
  },
  {
    "username": "katty87291753",
    "followingArtist": "\u6e21\u908a\u3061\u3053",
    "country_code": "US",
    "country": "United States"
  },
  {
    "username": "paris46414941",
    "followingArtist": "\u6e21\u908a\u3061\u3053",
    "country_code": "US",
    "country": "United States"
  },
  {
    "username": "eorwer",
    "followingArtist": "\u6e21\u908a\u3061\u3053",
    "country_code": "EE",
    "country": "Estonia"
  },
  {
    "username": "EngkersTM",
    "followingArtist": "\u6e21\u908a\u3061\u3053",
    "country_code": "US",
    "country": "United States"
  },
  {
    "username": "vibe2me",
    "followingArtist": "\u6e21\u908a\u3061\u3053",
    "country_code": "US",
    "country": "United States"
  },
  {
    "username": "NikkiCole247365",
    "followingArtist": "\u6e21\u908a\u3061\u3053",
    "country_code": "NZ",
    "country": "New Zealand"
  },
  {
    "username": "huang_hung",
    "followingArtist": "\u6e21\u908a\u3061\u3053",
    "country_code": "US",
    "country": "United States"
  },
  {
    "username": "hermesaceh",
    "followingArtist": "\u6e21\u908a\u3061\u3053",
    "country_code": "IN",
    "country": "India"
  },
  {
    "username": "i30____",
    "followingArtist": "\u6e21\u908a\u3061\u3053",
    "country_code": "US",
    "country": "United States"
  },
  {
    "username": "elionieves_",
    "followingArtist": "\u6e21\u908a\u3061\u3053",
    "country_code": "US",
    "country": "United States"
  },
  {
    "username": "Angie_FM_CILY",
    "followingArtist": "\u6e21\u908a\u3061\u3053",
    "country_code": "CA",
    "country": "Canada"
  },
  {
    "username": "JustinBieber_u3",
    "followingArtist": "\u6e21\u908a\u3061\u3053",
    "country_code": "NG",
    "country": "Nigeria"
  },
  {
    "username": "TRUTHxINxU",
    "followingArtist": "\u6e21\u908a\u3061\u3053",
    "country_code": "US",
    "country": "United States"
  },
  {
    "username": "rasorokina96675",
    "followingArtist": "\u6e21\u908a\u3061\u3053",
    "country_code": "US",
    "country": "United States"
  },
  {
    "username": "GenzelRadio2",
    "followingArtist": "\u6e21\u908a\u3061\u3053",
    "country_code": "CA",
    "country": "Canada"
  },
  {
    "username": "InShopLatvija",
    "followingArtist": "\u6e21\u908a\u3061\u3053",
    "country_code": "AR",
    "country": "Argentina"
  },
  {
    "username": "0MGWV",
    "followingArtist": "\u6e21\u908a\u3061\u3053",
    "country_code": "California City Blvd",
    "country": "California City Blvd"
  },
  {
    "username": "Leeza__TMJ",
    "followingArtist": "\u6e21\u908a\u3061\u3053",
    "country_code": "ID",
    "country": "Indonesia"
  },
  {
    "username": "ang_fedex",
    "followingArtist": "\u6e21\u908a\u3061\u3053",
    "country_code": "AR",
    "country": "Argentina"
  },
  {
    "username": "skraplenyy",
    "followingArtist": "\u6e21\u908a\u3061\u3053",
    "country_code": "RS",
    "country": "Serbia"
  },
  {
    "username": "SONIECITAROA",
    "followingArtist": "\u6e21\u908a\u3061\u3053",
    "country_code": "CO",
    "country": "Colombia"
  },
  {
    "username": "KobayashiPen",
    "followingArtist": "\u6e21\u908a\u3061\u3053",
    "country_code": "JP",
    "country": "Japan"
  },
  {
    "username": "siamdol",
    "followingArtist": "\u6e21\u908a\u3061\u3053",
    "country_code": "TH",
    "country": "Thailand"
  },
  {
    "username": "kihhiy7673",
    "followingArtist": "\u6e21\u908a\u3061\u3053",
    "country_code": "GU",
    "country": "Guam"
  },
  {
    "username": "thomas_0815",
    "followingArtist": "\u6e21\u908a\u3061\u3053",
    "country_code": "CU",
    "country": "Cuba"
  },
  {
    "username": "odkey_",
    "followingArtist": "\u6e21\u908a\u3061\u3053",
    "country_code": "US",
    "country": "United States"
  },
  {
    "username": "chanp3m",
    "followingArtist": "\u6e21\u908a\u3061\u3053",
    "country_code": "SI",
    "country": "Slovenia"
  }
]