[
  {
    "username": "kennieelala",
    "followingArtist": "Joakim Gomez",
    "country_code": "SI",
    "country": "Slovenia"
  },
  {
    "username": "Ajizaki92",
    "followingArtist": "Joakim Gomez",
    "country_code": "ID",
    "country": "Indonesia"
  },
  {
    "username": "0c9c532b4d5b426",
    "followingArtist": "Joakim Gomez",
    "country_code": "US",
    "country": "USA"
  },
  {
    "username": "Prasanth_Seavae",
    "followingArtist": "Joakim Gomez",
    "country_code": "MY",
    "country": "Malaysia"
  },
  {
    "username": "CrestmereJ",
    "followingArtist": "Joakim Gomez",
    "country_code": "UK",
    "country": "United Kingdom"
  },
  {
    "username": "gomiezz_s",
    "followingArtist": "Joakim Gomez",
    "country_code": "UK",
    "country": "United Kingdom"
  },
  {
    "username": "Dew16Dew",
    "followingArtist": "Joakim Gomez",
    "country_code": "US",
    "country": "USA"
  },
  {
    "username": "_ddepressedd_",
    "followingArtist": "Joakim Gomez",
    "country_code": "TR",
    "country": "Turkey"
  },
  {
    "username": "TheVampsband",
    "followingArtist": "Joakim Gomez",
    "country_code": "US",
    "country": "USA"
  },
  {
    "username": "sykesxnutella",
    "followingArtist": "Joakim Gomez",
    "country_code": "US",
    "country": "USA"
  },
  {
    "username": "Ivantan22",
    "followingArtist": "Joakim Gomez",
    "country_code": "ID",
    "country": "Indonesia"
  },
  {
    "username": "joseehreeves",
    "followingArtist": "Joakim Gomez",
    "country_code": "US",
    "country": "USA"
  },
  {
    "username": "evieplays101",
    "followingArtist": "Joakim Gomez",
    "country_code": "MY",
    "country": "Malaysia"
  },
  {
    "username": "Atchan81",
    "followingArtist": "Joakim Gomez",
    "country_code": "JP",
    "country": "Japan"
  },
  {
    "username": "nrsyirah",
    "followingArtist": "Joakim Gomez",
    "country_code": "CN",
    "country": "China"
  },
  {
    "username": "Asa_Nirwana",
    "followingArtist": "Joakim Gomez",
    "country_code": "IN",
    "country": "India"
  },
  {
    "username": "irfnsuhmi",
    "followingArtist": "Joakim Gomez",
    "country_code": "NP",
    "country": "Nepal"
  },
  {
    "username": "Haziqfoxayy",
    "followingArtist": "Joakim Gomez",
    "country_code": "GB",
    "country": "Great Britain"
  },
  {
    "username": "nurlaela_samsa",
    "followingArtist": "Joakim Gomez",
    "country_code": "ID",
    "country": "Indonesia"
  },
  {
    "username": "LadyAmyAsher",
    "followingArtist": "Joakim Gomez",
    "country_code": "GB",
    "country": "Great Britain"
  },
  {
    "username": "norsahkina94",
    "followingArtist": "Joakim Gomez",
    "country_code": "MY",
    "country": "Malaysia"
  },
  {
    "username": "MayeDay_",
    "followingArtist": "Joakim Gomez",
    "country_code": "NZ",
    "country": "Aotearoa"
  },
  {
    "username": "_queenxdana_",
    "followingArtist": "Joakim Gomez",
    "country_code": "US",
    "country": "USA"
  },
  {
    "username": "monique020196",
    "followingArtist": "Joakim Gomez",
    "country_code": "US",
    "country": "USA"
  },
  {
    "username": "perindobwi",
    "followingArtist": "Joakim Gomez",
    "country_code": "ID",
    "country": "Indonesia"
  },
  {
    "username": "mrb0mbastic127",
    "followingArtist": "Joakim Gomez",
    "country_code": "KR",
    "country": "South Korea"
  },
  {
    "username": "goc_christian",
    "followingArtist": "Joakim Gomez",
    "country_code": "US",
    "country": "USA"
  },
  {
    "username": "HORANSAUROUS",
    "followingArtist": "Joakim Gomez",
    "country_code": "RO",
    "country": "Romania"
  },
  {
    "username": "DelicousCream",
    "followingArtist": "Joakim Gomez",
    "country_code": "JP",
    "country": "Japan"
  },
  {
    "username": "sirajahmad27",
    "followingArtist": "Joakim Gomez",
    "country_code": "FR",
    "country": "France"
  },
  {
    "username": "mythopeic13",
    "followingArtist": "Joakim Gomez",
    "country_code": "PH",
    "country": "Philippines"
  },
  {
    "username": "britishshowers",
    "followingArtist": "Joakim Gomez",
    "country_code": "US",
    "country": "USA"
  },
  {
    "username": "MixMastaKing",
    "followingArtist": "Joakim Gomez",
    "country_code": "NG",
    "country": "Nigeria"
  },
  {
    "username": "hiplsgtfo",
    "followingArtist": "Joakim Gomez",
    "country_code": "MR",
    "country": "Mauritania"
  },
  {
    "username": "hhanimmohdazhar",
    "followingArtist": "Joakim Gomez",
    "country_code": "MY",
    "country": "Malaysia"
  },
  {
    "username": "_Mbn7",
    "followingArtist": "Joakim Gomez",
    "country_code": "QA",
    "country": "Qatar"
  },
  {
    "username": "DanishJumpingJa",
    "followingArtist": "Joakim Gomez",
    "country_code": "US",
    "country": "USA"
  },
  {
    "username": "TrapOnWorstNite",
    "followingArtist": "Joakim Gomez",
    "country_code": "UK",
    "country": "United Kingdom"
  },
  {
    "username": "JessBerry2001",
    "followingArtist": "Joakim Gomez",
    "country_code": "AU",
    "country": "Australia"
  },
  {
    "username": "azwadi100",
    "followingArtist": "Joakim Gomez",
    "country_code": "IN",
    "country": "India"
  },
  {
    "username": "acidiclrhx",
    "followingArtist": "Joakim Gomez",
    "country_code": "DK",
    "country": "Denmark"
  },
  {
    "username": "yingxuantaan",
    "followingArtist": "Joakim Gomez",
    "country_code": "US",
    "country": "USA"
  },
  {
    "username": "aajitha_",
    "followingArtist": "Joakim Gomez",
    "country_code": "SI",
    "country": "Slovenia"
  },
  {
    "username": "00taeyong",
    "followingArtist": "Joakim Gomez",
    "country_code": "US",
    "country": "USA"
  },
  {
    "username": "ClarisCheralle",
    "followingArtist": "Joakim Gomez",
    "country_code": "US",
    "country": "USA"
  },
  {
    "username": "raraluna16",
    "followingArtist": "Joakim Gomez",
    "country_code": "US",
    "country": "USA"
  },
  {
    "username": "eviemass",
    "followingArtist": "Joakim Gomez",
    "country_code": "DE",
    "country": "Germany"
  },
  {
    "username": "HazuhieRedsuns",
    "followingArtist": "Joakim Gomez",
    "country_code": "JP",
    "country": "Japan"
  },
  {
    "username": "holaforhazza",
    "followingArtist": "Joakim Gomez",
    "country_code": "US",
    "country": "USA"
  },
  {
    "username": "UbaidahMaknae",
    "followingArtist": "Joakim Gomez",
    "country_code": "US",
    "country": "USA"
  },
  {
    "username": "rupashree_",
    "followingArtist": "Joakim Gomez",
    "country_code": "SI",
    "country": "Slovenia"
  },
  {
    "username": "manje1424",
    "followingArtist": "Joakim Gomez",
    "country_code": "MY",
    "country": "Malaysia"
  },
  {
    "username": "GabySexyamel",
    "followingArtist": "Joakim Gomez",
    "country_code": "ID",
    "country": "Indonesia"
  },
  {
    "username": "mhmahmud38",
    "followingArtist": "Joakim Gomez",
    "country_code": "BD",
    "country": "Bangladesh"
  },
  {
    "username": "Supandi_doank",
    "followingArtist": "Joakim Gomez",
    "country_code": "ID",
    "country": "Indonesia"
  },
  {
    "username": "14WayneLegend",
    "followingArtist": "Joakim Gomez",
    "country_code": "US",
    "country": "USA"
  },
  {
    "username": "aatiqahhh__",
    "followingArtist": "Joakim Gomez",
    "country_code": "US",
    "country": "USA"
  },
  {
    "username": "naomijake",
    "followingArtist": "Joakim Gomez",
    "country_code": "US",
    "country": "USA"
  },
  {
    "username": "LuckyyPonyo",
    "followingArtist": "Joakim Gomez",
    "country_code": "MW",
    "country": "Malawi"
  },
  {
    "username": "Project_M_Asia",
    "followingArtist": "Joakim Gomez",
    "country_code": "ID",
    "country": "Indonesia"
  },
  {
    "username": "umxirxh",
    "followingArtist": "Joakim Gomez",
    "country_code": "NP",
    "country": "Nepal"
  },
  {
    "username": "anurevehsha",
    "followingArtist": "Joakim Gomez",
    "country_code": "NG",
    "country": "Nigeria"
  },
  {
    "username": "rodriguesjohn79",
    "followingArtist": "Joakim Gomez",
    "country_code": "BR",
    "country": "Brazil"
  },
  {
    "username": "kaitingkaiting",
    "followingArtist": "Joakim Gomez",
    "country_code": "US",
    "country": "USA"
  },
  {
    "username": "sunnie_cheng",
    "followingArtist": "Joakim Gomez",
    "country_code": "BJ",
    "country": "Benin"
  },
  {
    "username": "mahalakslmi642",
    "followingArtist": "Joakim Gomez",
    "country_code": "AU",
    "country": "Australia"
  },
  {
    "username": "World5music",
    "followingArtist": "Joakim Gomez",
    "country_code": "US",
    "country": "USA"
  },
  {
    "username": "chocochiplatte",
    "followingArtist": "Joakim Gomez",
    "country_code": "BJ",
    "country": "Benin"
  },
  {
    "username": "marinermadhu",
    "followingArtist": "Joakim Gomez",
    "country_code": "IN",
    "country": "India"
  },
  {
    "username": "MahaleshimiR",
    "followingArtist": "Joakim Gomez",
    "country_code": "US",
    "country": "USA"
  },
  {
    "username": "FakeOrpheus22",
    "followingArtist": "Joakim Gomez",
    "country_code": "BJ",
    "country": "Benin"
  },
  {
    "username": "Reubenfoong",
    "followingArtist": "Joakim Gomez",
    "country_code": "UK",
    "country": "United Kingdom"
  },
  {
    "username": "Peasantserf",
    "followingArtist": "Joakim Gomez",
    "country_code": "US",
    "country": "USA"
  },
  {
    "username": "_thebeau_",
    "followingArtist": "Joakim Gomez",
    "country_code": "SE",
    "country": "Sweden"
  },
  {
    "username": "laufeysfn",
    "followingArtist": "Joakim Gomez",
    "country_code": "RU",
    "country": "Russia"
  },
  {
    "username": "ShahRauf3",
    "followingArtist": "Joakim Gomez",
    "country_code": "US",
    "country": "USA"
  },
  {
    "username": "ThomasJett2",
    "followingArtist": "Joakim Gomez",
    "country_code": "CN",
    "country": "China"
  },
  {
    "username": "Ellaxz",
    "followingArtist": "Joakim Gomez",
    "country_code": "US",
    "country": "USA"
  },
  {
    "username": "siying_ats",
    "followingArtist": "Joakim Gomez",
    "country_code": "ES",
    "country": "Spain"
  },
  {
    "username": "skelet0nwar",
    "followingArtist": "Joakim Gomez",
    "country_code": "US",
    "country": "USA"
  },
  {
    "username": "iDy89",
    "followingArtist": "Joakim Gomez",
    "country_code": "US",
    "country": "USA"
  },
  {
    "username": "mhik_mhik07",
    "followingArtist": "Joakim Gomez",
    "country_code": "US",
    "country": "USA"
  },
  {
    "username": "liyanajoe",
    "followingArtist": "Joakim Gomez",
    "country_code": "US",
    "country": "USA"
  },
  {
    "username": "nabilahyeo11",
    "followingArtist": "Joakim Gomez",
    "country_code": "MY",
    "country": "Malaysia"
  },
  {
    "username": "capri_cancer",
    "followingArtist": "Joakim Gomez",
    "country_code": "US",
    "country": "USA"
  },
  {
    "username": "NaNiShMiLy",
    "followingArtist": "Joakim Gomez",
    "country_code": "US",
    "country": "USA"
  },
  {
    "username": "HazimHussin91",
    "followingArtist": "Joakim Gomez",
    "country_code": "ID",
    "country": "Indonesia"
  },
  {
    "username": "VanWildMusic",
    "followingArtist": "Joakim Gomez",
    "country_code": "US",
    "country": "USA"
  },
  {
    "username": "yingxuan_lim",
    "followingArtist": "Joakim Gomez",
    "country_code": "US",
    "country": "USA"
  },
  {
    "username": "ima_coklat",
    "followingArtist": "Joakim Gomez",
    "country_code": "IN",
    "country": "India"
  },
  {
    "username": "Dedi275319",
    "followingArtist": "Joakim Gomez",
    "country_code": "ID",
    "country": "Indonesia"
  },
  {
    "username": "mirwan_tbh",
    "followingArtist": "Joakim Gomez",
    "country_code": "ID",
    "country": "Indonesia"
  },
  {
    "username": "earthygirl01",
    "followingArtist": "Joakim Gomez",
    "country_code": "UG",
    "country": "Uganda"
  },
  {
    "username": "JETBLCKASH",
    "followingArtist": "Joakim Gomez",
    "country_code": "BR",
    "country": "Brazil"
  },
  {
    "username": "lydiatham",
    "followingArtist": "Joakim Gomez",
    "country_code": "GB",
    "country": "Wales"
  },
  {
    "username": "farishaaaaaaaaa",
    "followingArtist": "Joakim Gomez",
    "country_code": "BJ",
    "country": "Benin"
  },
  {
    "username": "greystainroses",
    "followingArtist": "Joakim Gomez",
    "country_code": "US",
    "country": "USA"
  },
  {
    "username": "charmainderz",
    "followingArtist": "Joakim Gomez",
    "country_code": "BD",
    "country": "Bangladesh"
  },
  {
    "username": "itsVivLim",
    "followingArtist": "Joakim Gomez",
    "country_code": "US",
    "country": "USA"
  },
  {
    "username": "youaintperfect_",
    "followingArtist": "Joakim Gomez",
    "country_code": "BJ",
    "country": "Benin"
  },
  {
    "username": "BrandonKong",
    "followingArtist": "Joakim Gomez",
    "country_code": "NP",
    "country": "Nepal"
  },
  {
    "username": "gumbiradotcom",
    "followingArtist": "Joakim Gomez",
    "country_code": "ID",
    "country": "Indonesia"
  },
  {
    "username": "LuckyMartinezz",
    "followingArtist": "Joakim Gomez",
    "country_code": "California City Blvd",
    "country": "California City Blvd"
  },
  {
    "username": "audreyliting",
    "followingArtist": "Joakim Gomez",
    "country_code": "SI",
    "country": "Slovenia"
  },
  {
    "username": "LilithPlays",
    "followingArtist": "Joakim Gomez",
    "country_code": "US",
    "country": "USA"
  },
  {
    "username": "_arianaftkaty",
    "followingArtist": "Joakim Gomez",
    "country_code": "TN",
    "country": "Tunisia"
  },
  {
    "username": "Querasul_Junior",
    "followingArtist": "Joakim Gomez",
    "country_code": "CD",
    "country": "Democratic Republic of Congo"
  },
  {
    "username": "GlazielMarie",
    "followingArtist": "Joakim Gomez",
    "country_code": "BR",
    "country": "Brazil"
  },
  {
    "username": "elawakire",
    "followingArtist": "Joakim Gomez",
    "country_code": "AU",
    "country": "Australia"
  },
  {
    "username": "aliamaisara28",
    "followingArtist": "Joakim Gomez",
    "country_code": "MY",
    "country": "Malaysia"
  },
  {
    "username": "MUFCbetting",
    "followingArtist": "Joakim Gomez",
    "country_code": "GB",
    "country": "Wales"
  },
  {
    "username": "xiiaocuby",
    "followingArtist": "Joakim Gomez",
    "country_code": "FR",
    "country": "France"
  },
  {
    "username": "nateakaza",
    "followingArtist": "Joakim Gomez",
    "country_code": "NP",
    "country": "Nepal"
  },
  {
    "username": "phillipleety3m",
    "followingArtist": "Joakim Gomez",
    "country_code": "US",
    "country": "USA"
  },
  {
    "username": "RaidnellelLuvvs",
    "followingArtist": "Joakim Gomez",
    "country_code": "MA",
    "country": "Morocco"
  },
  {
    "username": "RaidnellelLuvvs",
    "followingArtist": "Joakim Gomez",
    "country_code": "MA",
    "country": "Morocco"
  },
  {
    "username": "charlesjmusic",
    "followingArtist": "Joakim Gomez",
    "country_code": "DK",
    "country": "Denmark"
  },
  {
    "username": "5sos_fam69",
    "followingArtist": "Joakim Gomez",
    "country_code": "IT",
    "country": "Italy"
  },
  {
    "username": "maaaduuuriii",
    "followingArtist": "Joakim Gomez",
    "country_code": "PG",
    "country": "Papua New Guinea"
  },
  {
    "username": "alfandi18",
    "followingArtist": "Joakim Gomez",
    "country_code": "TL",
    "country": "TL"
  },
  {
    "username": "shinalovesfma",
    "followingArtist": "Joakim Gomez",
    "country_code": "US",
    "country": "USA"
  },
  {
    "username": "muachiosh",
    "followingArtist": "Joakim Gomez",
    "country_code": "US",
    "country": "USA"
  },
  {
    "username": "_galaxylrh",
    "followingArtist": "Joakim Gomez",
    "country_code": "US",
    "country": "USA"
  },
  {
    "username": "ahnster",
    "followingArtist": "Joakim Gomez",
    "country_code": "FR",
    "country": "France"
  },
  {
    "username": "alialive14",
    "followingArtist": "Joakim Gomez",
    "country_code": "NP",
    "country": "Nepal"
  },
  {
    "username": "perfect94queen",
    "followingArtist": "Joakim Gomez",
    "country_code": "IT",
    "country": "Italy"
  },
  {
    "username": "shortiecaramel",
    "followingArtist": "Joakim Gomez",
    "country_code": "ID",
    "country": "Indonesia"
  },
  {
    "username": "GirlPJ",
    "followingArtist": "Joakim Gomez",
    "country_code": "UK",
    "country": "United Kingdom"
  },
  {
    "username": "IvanChia3",
    "followingArtist": "Joakim Gomez",
    "country_code": "US",
    "country": "USA"
  },
  {
    "username": "drunksmiles_",
    "followingArtist": "Joakim Gomez",
    "country_code": "US",
    "country": "USA"
  },
  {
    "username": "RafaAsia",
    "followingArtist": "Joakim Gomez",
    "country_code": "BJ",
    "country": "Benin"
  },
  {
    "username": "SwatthiMohan",
    "followingArtist": "Joakim Gomez",
    "country_code": "GB",
    "country": "Scotland"
  },
  {
    "username": "candy_lalaland",
    "followingArtist": "Joakim Gomez",
    "country_code": "NL",
    "country": "Netherlands"
  },
  {
    "username": "Tonyhan48",
    "followingArtist": "Joakim Gomez",
    "country_code": "GH",
    "country": "Ghana"
  },
  {
    "username": "tecklee_lim",
    "followingArtist": "Joakim Gomez",
    "country_code": "US",
    "country": "United States"
  },
  {
    "username": "t0209723g",
    "followingArtist": "Joakim Gomez",
    "country_code": "NP",
    "country": "Nepal"
  },
  {
    "username": "emilysafarie",
    "followingArtist": "Joakim Gomez",
    "country_code": "ID",
    "country": "Indonesia"
  },
  {
    "username": "_fvry",
    "followingArtist": "Joakim Gomez",
    "country_code": "AU",
    "country": "Australia"
  },
  {
    "username": "buttahbutera",
    "followingArtist": "Joakim Gomez",
    "country_code": "US",
    "country": "United States"
  },
  {
    "username": "Anastasia_lawa",
    "followingArtist": "Joakim Gomez",
    "country_code": "MY",
    "country": "Malaysia"
  },
  {
    "username": "toughlimit",
    "followingArtist": "Joakim Gomez",
    "country_code": "CA",
    "country": "Canada"
  },
  {
    "username": "cf7144a19cc648e",
    "followingArtist": "Joakim Gomez",
    "country_code": "ID",
    "country": "Indonesia"
  },
  {
    "username": "Lim04Lim",
    "followingArtist": "Joakim Gomez",
    "country_code": "NP",
    "country": "Nepal"
  },
  {
    "username": "ZulHaik60715922",
    "followingArtist": "Joakim Gomez",
    "country_code": "MY",
    "country": "Malaysia"
  },
  {
    "username": "RaymondIXA",
    "followingArtist": "Joakim Gomez",
    "country_code": "US",
    "country": "United States"
  },
  {
    "username": "djlethal",
    "followingArtist": "Joakim Gomez",
    "country_code": "NG",
    "country": "Nigeria"
  },
  {
    "username": "hnDaz",
    "followingArtist": "Joakim Gomez",
    "country_code": "CA",
    "country": "Canada"
  },
  {
    "username": "imfairlyluke",
    "followingArtist": "Joakim Gomez",
    "country_code": "FR",
    "country": "France"
  },
  {
    "username": "writersammie",
    "followingArtist": "Joakim Gomez",
    "country_code": "CA",
    "country": "Canada"
  },
  {
    "username": "_pxterpan",
    "followingArtist": "Joakim Gomez",
    "country_code": "SI",
    "country": "Slovenia"
  },
  {
    "username": "philiackermann",
    "followingArtist": "Joakim Gomez",
    "country_code": "US",
    "country": "United States"
  },
  {
    "username": "stars0912",
    "followingArtist": "Joakim Gomez",
    "country_code": "US",
    "country": "United States"
  },
  {
    "username": "MirnaBnt",
    "followingArtist": "Joakim Gomez",
    "country_code": "US",
    "country": "United States"
  },
  {
    "username": "mellisasakul",
    "followingArtist": "Joakim Gomez",
    "country_code": "IN",
    "country": "India"
  },
  {
    "username": "davinawinstonn",
    "followingArtist": "Joakim Gomez",
    "country_code": "SI",
    "country": "Slovenia"
  },
  {
    "username": "Lovemelights",
    "followingArtist": "Joakim Gomez",
    "country_code": "California City Blvd",
    "country": "California City Blvd"
  },
  {
    "username": "YsYunzhan",
    "followingArtist": "Joakim Gomez",
    "country_code": "GB",
    "country": "Scotland"
  },
  {
    "username": "Angela_peinado2",
    "followingArtist": "Joakim Gomez",
    "country_code": "ES",
    "country": "Spain"
  },
  {
    "username": "AustinMahone",
    "followingArtist": "Joakim Gomez",
    "country_code": "US",
    "country": "United States"
  },
  {
    "username": "VeraciaH",
    "followingArtist": "Joakim Gomez",
    "country_code": "FR",
    "country": "France"
  },
  {
    "username": "NIsha_Echelon",
    "followingArtist": "Joakim Gomez",
    "country_code": "NO",
    "country": "Norway"
  },
  {
    "username": "SyaheedaSahak",
    "followingArtist": "Joakim Gomez",
    "country_code": "MY",
    "country": "Malaysia"
  },
  {
    "username": "xSufyanisx",
    "followingArtist": "Joakim Gomez",
    "country_code": "NP",
    "country": "Nepal"
  },
  {
    "username": "HannahAdha",
    "followingArtist": "Joakim Gomez",
    "country_code": "NP",
    "country": "Nepal"
  },
  {
    "username": "nrlfatikaxx",
    "followingArtist": "Joakim Gomez",
    "country_code": "KR",
    "country": "South Korea"
  },
  {
    "username": "fluffyguy",
    "followingArtist": "Joakim Gomez",
    "country_code": "TH",
    "country": "Thailand"
  },
  {
    "username": "JohnsonRizal",
    "followingArtist": "Joakim Gomez",
    "country_code": "GB",
    "country": "Scotland"
  },
  {
    "username": "kenjiryazuki",
    "followingArtist": "Joakim Gomez",
    "country_code": "FR",
    "country": "France"
  },
  {
    "username": "slayerx29x",
    "followingArtist": "Joakim Gomez",
    "country_code": "US",
    "country": "United States"
  },
  {
    "username": "tigrxss",
    "followingArtist": "Joakim Gomez",
    "country_code": "US",
    "country": "United States"
  },
  {
    "username": "verified",
    "followingArtist": "Joakim Gomez",
    "country_code": "US",
    "country": "United States"
  },
  {
    "username": "neleH___",
    "followingArtist": "Joakim Gomez",
    "country_code": "US",
    "country": "United States"
  },
  {
    "username": "richiespuff",
    "followingArtist": "Joakim Gomez",
    "country_code": "US",
    "country": "United States"
  },
  {
    "username": "MentosGula",
    "followingArtist": "Joakim Gomez",
    "country_code": "MY",
    "country": "Malaysia"
  },
  {
    "username": "SonderDesign",
    "followingArtist": "Joakim Gomez",
    "country_code": "AU",
    "country": "Australia"
  },
  {
    "username": "HolieanaA",
    "followingArtist": "Joakim Gomez",
    "country_code": "NP",
    "country": "Nepal"
  },
  {
    "username": "zhaulin56",
    "followingArtist": "Joakim Gomez",
    "country_code": "CN",
    "country": "China"
  },
  {
    "username": "twaimziana",
    "followingArtist": "Joakim Gomez",
    "country_code": "CA",
    "country": "Canada"
  },
  {
    "username": "the_skysurge",
    "followingArtist": "Joakim Gomez",
    "country_code": "BJ",
    "country": "Benin"
  },
  {
    "username": "macykatemusic",
    "followingArtist": "Joakim Gomez",
    "country_code": "NG",
    "country": "Nigeria"
  },
  {
    "username": "oBsessed1DIRECT",
    "followingArtist": "Joakim Gomez",
    "country_code": "UK",
    "country": "United Kingdom"
  },
  {
    "username": "ClevelanceSam_",
    "followingArtist": "Joakim Gomez",
    "country_code": "MY",
    "country": "Malaysia"
  },
  {
    "username": "ReathiaA",
    "followingArtist": "Joakim Gomez",
    "country_code": "US",
    "country": "United States"
  },
  {
    "username": "_adorablyleeyum",
    "followingArtist": "Joakim Gomez",
    "country_code": "US",
    "country": "United States"
  },
  {
    "username": "LimSterve",
    "followingArtist": "Joakim Gomez",
    "country_code": "NP",
    "country": "Nepal"
  },
  {
    "username": "KopiRotiSG",
    "followingArtist": "Joakim Gomez",
    "country_code": "BR",
    "country": "Brazil"
  },
  {
    "username": "NoerNeezer1",
    "followingArtist": "Joakim Gomez",
    "country_code": "ID",
    "country": "Indonesia"
  },
  {
    "username": "izzatqaiyyum",
    "followingArtist": "Joakim Gomez",
    "country_code": "NP",
    "country": "Nepal"
  },
  {
    "username": "indirakartika88",
    "followingArtist": "Joakim Gomez",
    "country_code": "ID",
    "country": "Indonesia"
  },
  {
    "username": "ilhamilyas16",
    "followingArtist": "Joakim Gomez",
    "country_code": "ID",
    "country": "Indonesia"
  },
  {
    "username": "helleneci",
    "followingArtist": "Joakim Gomez",
    "country_code": "ID",
    "country": "Indonesia"
  },
  {
    "username": "daehwipaca",
    "followingArtist": "Joakim Gomez",
    "country_code": "DE",
    "country": "Germany"
  },
  {
    "username": "tristessebleu",
    "followingArtist": "Joakim Gomez",
    "country_code": "SI",
    "country": "Slovenia"
  },
  {
    "username": "lostblackheartx",
    "followingArtist": "Joakim Gomez",
    "country_code": "NO",
    "country": "Norway"
  },
  {
    "username": "nicalexayap",
    "followingArtist": "Joakim Gomez",
    "country_code": "MW",
    "country": "Malawi"
  },
  {
    "username": "arefsaedi1373",
    "followingArtist": "Joakim Gomez",
    "country_code": "IR",
    "country": "Iran"
  },
  {
    "username": "Ikhokk",
    "followingArtist": "Joakim Gomez",
    "country_code": "ID",
    "country": "Indonesia"
  },
  {
    "username": "CandyMin783",
    "followingArtist": "Joakim Gomez",
    "country_code": "NP",
    "country": "Nepal"
  },
  {
    "username": "oluwavirtue1",
    "followingArtist": "Joakim Gomez",
    "country_code": "NG",
    "country": "Nigeria"
  },
  {
    "username": "UDesliana",
    "followingArtist": "Joakim Gomez",
    "country_code": "ID",
    "country": "Indonesia"
  },
  {
    "username": "dodigalang92",
    "followingArtist": "Joakim Gomez",
    "country_code": "ID",
    "country": "Indonesia"
  },
  {
    "username": "Gabriela1993_",
    "followingArtist": "Joakim Gomez",
    "country_code": "MX",
    "country": "Mexico"
  },
  {
    "username": "kana97994",
    "followingArtist": "Joakim Gomez",
    "country_code": "MY",
    "country": "Malaysia"
  },
  {
    "username": "lincylo",
    "followingArtist": "Joakim Gomez",
    "country_code": "CN",
    "country": "China"
  },
  {
    "username": "f74c9316cc144d2",
    "followingArtist": "Joakim Gomez",
    "country_code": "IN",
    "country": "India"
  },
  {
    "username": "liesahaha",
    "followingArtist": "Joakim Gomez",
    "country_code": "TR",
    "country": "Turkey"
  },
  {
    "username": "yew_brands",
    "followingArtist": "Joakim Gomez",
    "country_code": "US",
    "country": "United States"
  },
  {
    "username": "imfreakinirish",
    "followingArtist": "Joakim Gomez",
    "country_code": "US",
    "country": "United States"
  },
  {
    "username": "tanishaaaa_14",
    "followingArtist": "Joakim Gomez",
    "country_code": "MR",
    "country": "Mauritania"
  },
  {
    "username": "whackmeplease",
    "followingArtist": "Joakim Gomez",
    "country_code": "UK",
    "country": "United Kingdom"
  },
  {
    "username": "kyumminie",
    "followingArtist": "Joakim Gomez",
    "country_code": "PH",
    "country": "Philippines"
  },
  {
    "username": "celbay2",
    "followingArtist": "Joakim Gomez",
    "country_code": "ID",
    "country": "Indonesia"
  },
  {
    "username": "carissa_tan_yj",
    "followingArtist": "Joakim Gomez",
    "country_code": "US",
    "country": "United States"
  },
  {
    "username": "iklan2umy",
    "followingArtist": "Joakim Gomez",
    "country_code": "MY",
    "country": "Malaysia"
  },
  {
    "username": "deenasethh",
    "followingArtist": "Joakim Gomez",
    "country_code": "US",
    "country": "United States"
  },
  {
    "username": "HaiqalMoretz",
    "followingArtist": "Joakim Gomez",
    "country_code": "AU",
    "country": "Australia"
  },
  {
    "username": "oawal78",
    "followingArtist": "Joakim Gomez",
    "country_code": "ID",
    "country": "Indonesia"
  },
  {
    "username": "Shefrezaleya",
    "followingArtist": "Joakim Gomez",
    "country_code": "MY",
    "country": "Malaysia"
  },
  {
    "username": "nigel_elijah",
    "followingArtist": "Joakim Gomez",
    "country_code": "US",
    "country": "United States"
  },
  {
    "username": "MDKhairulasyraf",
    "followingArtist": "Joakim Gomez",
    "country_code": "MY",
    "country": "Malaysia"
  },
  {
    "username": "AdeliaGoh",
    "followingArtist": "Joakim Gomez",
    "country_code": "ID",
    "country": "Indonesia"
  },
  {
    "username": "_explora_26",
    "followingArtist": "Joakim Gomez",
    "country_code": "FR",
    "country": "France"
  },
  {
    "username": "danielgalangken",
    "followingArtist": "Joakim Gomez",
    "country_code": "MY",
    "country": "Malaysia"
  },
  {
    "username": "hani_aeriana",
    "followingArtist": "Joakim Gomez",
    "country_code": "US",
    "country": "United States"
  },
  {
    "username": "4f8890e3b740455",
    "followingArtist": "Joakim Gomez",
    "country_code": "IN",
    "country": "India"
  },
  {
    "username": "ImCLIP",
    "followingArtist": "Joakim Gomez",
    "country_code": "CA",
    "country": "Canada"
  },
  {
    "username": "dedycha76528004",
    "followingArtist": "Joakim Gomez",
    "country_code": "ID",
    "country": "Indonesia"
  },
  {
    "username": "NgQiuJu1",
    "followingArtist": "Joakim Gomez",
    "country_code": "CN",
    "country": "China"
  },
  {
    "username": "muhlisiewok",
    "followingArtist": "Joakim Gomez",
    "country_code": "ID",
    "country": "Indonesia"
  },
  {
    "username": "AmirulWez",
    "followingArtist": "Joakim Gomez",
    "country_code": "ID",
    "country": "Indonesia"
  },
  {
    "username": "deadassfucked",
    "followingArtist": "Joakim Gomez",
    "country_code": "BR",
    "country": "Brazil"
  },
  {
    "username": "Misha062",
    "followingArtist": "Joakim Gomez",
    "country_code": "CA",
    "country": "Canada"
  },
  {
    "username": "jennopzs",
    "followingArtist": "Joakim Gomez",
    "country_code": "NZ",
    "country": "Aotearoa"
  },
  {
    "username": "trokinus",
    "followingArtist": "Joakim Gomez",
    "country_code": "IT",
    "country": "Italy"
  },
  {
    "username": "OhWhyEmilia",
    "followingArtist": "Joakim Gomez",
    "country_code": "US",
    "country": "United States"
  },
  {
    "username": "nxdhirah_",
    "followingArtist": "Joakim Gomez",
    "country_code": "KR",
    "country": "South Korea"
  },
  {
    "username": "ameerawr_",
    "followingArtist": "Joakim Gomez",
    "country_code": "FR",
    "country": "France"
  },
  {
    "username": "natgohh",
    "followingArtist": "Joakim Gomez",
    "country_code": "SI",
    "country": "Slovenia"
  },
  {
    "username": "enitaarrr",
    "followingArtist": "Joakim Gomez",
    "country_code": "MY",
    "country": "Malaysia"
  },
  {
    "username": "nursahirasahar",
    "followingArtist": "Joakim Gomez",
    "country_code": "US",
    "country": "United States"
  },
  {
    "username": "ianionyek",
    "followingArtist": "Joakim Gomez",
    "country_code": "SI",
    "country": "Slovenia"
  },
  {
    "username": "_Dismayed",
    "followingArtist": "Joakim Gomez",
    "country_code": "CN",
    "country": "China"
  },
  {
    "username": "redamancth",
    "followingArtist": "Joakim Gomez",
    "country_code": "IN",
    "country": "India"
  },
  {
    "username": "QueenKhai0607",
    "followingArtist": "Joakim Gomez",
    "country_code": "US",
    "country": "United States"
  },
  {
    "username": "harmlessvin",
    "followingArtist": "Joakim Gomez",
    "country_code": "BR",
    "country": "Brazil"
  },
  {
    "username": "esmeraldaxxxxxx",
    "followingArtist": "Joakim Gomez",
    "country_code": "UK",
    "country": "United Kingdom"
  },
  {
    "username": "Mehmehx_",
    "followingArtist": "Joakim Gomez",
    "country_code": "GB",
    "country": "Scotland"
  },
  {
    "username": "hiddypops",
    "followingArtist": "Joakim Gomez",
    "country_code": "US",
    "country": "United States"
  },
  {
    "username": "pinkparade_",
    "followingArtist": "Joakim Gomez",
    "country_code": "US",
    "country": "United States"
  },
  {
    "username": "Gotune",
    "followingArtist": "Joakim Gomez",
    "country_code": "CA",
    "country": "Canada"
  },
  {
    "username": "fatisya2",
    "followingArtist": "Joakim Gomez",
    "country_code": "ID",
    "country": "Indonesia"
  },
  {
    "username": "ShaunLongie",
    "followingArtist": "Joakim Gomez",
    "country_code": "MY",
    "country": "Malaysia"
  },
  {
    "username": "daffaok_44829",
    "followingArtist": "Joakim Gomez",
    "country_code": "ID",
    "country": "Indonesia"
  },
  {
    "username": "Minkmoink",
    "followingArtist": "Joakim Gomez",
    "country_code": "ID",
    "country": "Indonesia"
  },
  {
    "username": "Nicky_C96",
    "followingArtist": "Joakim Gomez",
    "country_code": "MY",
    "country": "Malaysia"
  },
  {
    "username": "FandomNews4You",
    "followingArtist": "Joakim Gomez",
    "country_code": "US",
    "country": "United States"
  },
  {
    "username": "seninsabtu",
    "followingArtist": "Joakim Gomez",
    "country_code": "US",
    "country": "United States"
  },
  {
    "username": "Topanpehul",
    "followingArtist": "Joakim Gomez",
    "country_code": "ID",
    "country": "Indonesia"
  },
  {
    "username": "ismailla",
    "followingArtist": "Joakim Gomez",
    "country_code": "NP",
    "country": "Nepal"
  },
  {
    "username": "Kuchiki_Fazlie",
    "followingArtist": "Joakim Gomez",
    "country_code": "FR",
    "country": "France"
  },
  {
    "username": "kuqazsx",
    "followingArtist": "Joakim Gomez",
    "country_code": "California City Blvd",
    "country": "California City Blvd"
  },
  {
    "username": "syafiqahkhai",
    "followingArtist": "Joakim Gomez",
    "country_code": "MY",
    "country": "Malaysia"
  },
  {
    "username": "itchyfingersme",
    "followingArtist": "Joakim Gomez",
    "country_code": "US",
    "country": "United States"
  },
  {
    "username": "vincentyyong",
    "followingArtist": "Joakim Gomez",
    "country_code": "AU",
    "country": "Australia"
  },
  {
    "username": "CyrilJhyne",
    "followingArtist": "Joakim Gomez",
    "country_code": "US",
    "country": "United States"
  },
  {
    "username": "nubitales",
    "followingArtist": "Joakim Gomez",
    "country_code": "US",
    "country": "United States"
  },
  {
    "username": "jxnhxx_",
    "followingArtist": "Joakim Gomez",
    "country_code": "US",
    "country": "United States"
  },
  {
    "username": "rodrigo96547682",
    "followingArtist": "El Paso Times",
    "country_code": "NL",
    "country": "Netherlands"
  },
  {
    "username": "mariahchavarri2",
    "followingArtist": "El Paso Times",
    "country_code": "NL",
    "country": "Netherlands"
  },
  {
    "username": "KSATbgc",
    "followingArtist": "El Paso Times",
    "country_code": "US",
    "country": "United States"
  },
  {
    "username": "quixotecenter",
    "followingArtist": "El Paso Times",
    "country_code": "US",
    "country": "United States"
  },
  {
    "username": "TEXASRATTLER76",
    "followingArtist": "El Paso Times",
    "country_code": "US",
    "country": "United States"
  },
  {
    "username": "rossmslibrary",
    "followingArtist": "El Paso Times",
    "country_code": "NL",
    "country": "Netherlands"
  },
  {
    "username": "ConnieE36870965",
    "followingArtist": "El Paso Times",
    "country_code": "NL",
    "country": "Netherlands"
  },
  {
    "username": "monroesgirl07",
    "followingArtist": "El Paso Times",
    "country_code": "US",
    "country": "United States"
  },
  {
    "username": "CarlosEscud90",
    "followingArtist": "El Paso Times",
    "country_code": "US",
    "country": "United States"
  },
  {
    "username": "dadavainet",
    "followingArtist": "El Paso Times",
    "country_code": "BD",
    "country": "Bangladesh"
  },
  {
    "username": "gferloca",
    "followingArtist": "El Paso Times",
    "country_code": "US",
    "country": "United States"
  },
  {
    "username": "mrFreshs",
    "followingArtist": "El Paso Times",
    "country_code": "NL",
    "country": "Netherlands"
  },
  {
    "username": "Electri88378760",
    "followingArtist": "El Paso Times",
    "country_code": "NL",
    "country": "Netherlands"
  },
  {
    "username": "RoblesSylvia",
    "followingArtist": "El Paso Times",
    "country_code": "US",
    "country": "United States"
  },
  {
    "username": "fredo2256",
    "followingArtist": "El Paso Times",
    "country_code": "NL",
    "country": "Netherlands"
  },
  {
    "username": "mkm7171",
    "followingArtist": "El Paso Times",
    "country_code": "US",
    "country": "United States"
  },
  {
    "username": "Innovationsolu5",
    "followingArtist": "El Paso Times",
    "country_code": "NL",
    "country": "Netherlands"
  },
  {
    "username": "Nayeliwhernand1",
    "followingArtist": "El Paso Times",
    "country_code": "NL",
    "country": "Netherlands"
  },
  {
    "username": "ShantanuMeshra3",
    "followingArtist": "El Paso Times",
    "country_code": "IN",
    "country": "India"
  },
  {
    "username": "lollyhernandez",
    "followingArtist": "El Paso Times",
    "country_code": "HN",
    "country": "Honduras"
  },
  {
    "username": "Joseph03299336",
    "followingArtist": "El Paso Times",
    "country_code": "US",
    "country": "United States"
  },
  {
    "username": "illestKaay",
    "followingArtist": "El Paso Times",
    "country_code": "NL",
    "country": "Netherlands"
  },
  {
    "username": "januaryj01",
    "followingArtist": "El Paso Times",
    "country_code": "NL",
    "country": "Netherlands"
  },
  {
    "username": "Nancy74261374",
    "followingArtist": "El Paso Times",
    "country_code": "NL",
    "country": "Netherlands"
  },
  {
    "username": "threecee",
    "followingArtist": "El Paso Times",
    "country_code": "US",
    "country": "United States"
  },
  {
    "username": "jlewi94",
    "followingArtist": "El Paso Times",
    "country_code": "US",
    "country": "United States"
  },
  {
    "username": "Lauris_As_Is",
    "followingArtist": "El Paso Times",
    "country_code": "MX",
    "country": "Mexico"
  },
  {
    "username": "FadesVersatile",
    "followingArtist": "El Paso Times",
    "country_code": "NL",
    "country": "Netherlands"
  },
  {
    "username": "vickystillo_jhs",
    "followingArtist": "El Paso Times",
    "country_code": "NL",
    "country": "Netherlands"
  },
  {
    "username": "Crsigala_",
    "followingArtist": "El Paso Times",
    "country_code": "NL",
    "country": "Netherlands"
  },
  {
    "username": "cam_runn",
    "followingArtist": "El Paso Times",
    "country_code": "NL",
    "country": "Netherlands"
  },
  {
    "username": "ElPasoTom",
    "followingArtist": "El Paso Times",
    "country_code": "US",
    "country": "United States"
  },
  {
    "username": "folden123",
    "followingArtist": "El Paso Times",
    "country_code": "US",
    "country": "United States"
  },
  {
    "username": "cynthiaannreyes",
    "followingArtist": "El Paso Times",
    "country_code": "US",
    "country": "United States"
  },
  {
    "username": "Sergioa2112",
    "followingArtist": "El Paso Times",
    "country_code": "NL",
    "country": "Netherlands"
  },
  {
    "username": "_any_ssa_",
    "followingArtist": "El Paso Times",
    "country_code": "NL",
    "country": "Netherlands"
  },
  {
    "username": "Blessthemorning",
    "followingArtist": "El Paso Times",
    "country_code": "NL",
    "country": "Netherlands"
  },
  {
    "username": "jessauraus",
    "followingArtist": "El Paso Times",
    "country_code": "NL",
    "country": "Netherlands"
  },
  {
    "username": "funny208_",
    "followingArtist": "El Paso Times",
    "country_code": "US",
    "country": "United States"
  },
  {
    "username": "lettytapia6",
    "followingArtist": "El Paso Times",
    "country_code": "NL",
    "country": "Netherlands"
  },
  {
    "username": "casca1975",
    "followingArtist": "El Paso Times",
    "country_code": "Maryland Park Dr",
    "country": "Maryland Park Dr"
  },
  {
    "username": "under_cova_punk",
    "followingArtist": "El Paso Times",
    "country_code": "NL",
    "country": "Netherlands"
  },
  {
    "username": "ozz_arnold",
    "followingArtist": "El Paso Times",
    "country_code": "MA",
    "country": "Morocco"
  },
  {
    "username": "kevcruz17",
    "followingArtist": "El Paso Times",
    "country_code": "NL",
    "country": "Netherlands"
  },
  {
    "username": "Chava03962539",
    "followingArtist": "El Paso Times",
    "country_code": "CO",
    "country": "Colombia"
  },
  {
    "username": "scooterwarbot",
    "followingArtist": "El Paso Times",
    "country_code": "US",
    "country": "United States"
  },
  {
    "username": "cathybrigham",
    "followingArtist": "El Paso Times",
    "country_code": "US",
    "country": "United States"
  },
  {
    "username": "_Julia_Corinne",
    "followingArtist": "El Paso Times",
    "country_code": "US",
    "country": "United States"
  },
  {
    "username": "nevarez1969",
    "followingArtist": "El Paso Times",
    "country_code": "US",
    "country": "United States"
  },
  {
    "username": "LATIFMERCADO",
    "followingArtist": "El Paso Times",
    "country_code": "US",
    "country": "United States"
  },
  {
    "username": "yonaaa1120",
    "followingArtist": "El Paso Times",
    "country_code": "NL",
    "country": "Netherlands"
  },
  {
    "username": "dlopz4",
    "followingArtist": "El Paso Times",
    "country_code": "NL",
    "country": "Netherlands"
  },
  {
    "username": "ssalciar",
    "followingArtist": "El Paso Times",
    "country_code": "NL",
    "country": "Netherlands"
  },
  {
    "username": "Conniee222",
    "followingArtist": "El Paso Times",
    "country_code": "PR",
    "country": "Puerto Rico"
  },
  {
    "username": "StayFitMiniGym",
    "followingArtist": "El Paso Times",
    "country_code": "US",
    "country": "United States"
  },
  {
    "username": "VoicesUnitedTX",
    "followingArtist": "El Paso Times",
    "country_code": "NL",
    "country": "Netherlands"
  },
  {
    "username": "Rolfi00479549",
    "followingArtist": "El Paso Times",
    "country_code": "NL",
    "country": "Netherlands"
  },
  {
    "username": "of_915",
    "followingArtist": "El Paso Times",
    "country_code": "NL",
    "country": "Netherlands"
  },
  {
    "username": "SChacon_EDHS",
    "followingArtist": "El Paso Times",
    "country_code": "NL",
    "country": "Netherlands"
  },
  {
    "username": "g_garcia7749",
    "followingArtist": "El Paso Times",
    "country_code": "BR",
    "country": "Brazil"
  },
  {
    "username": "QueenK915",
    "followingArtist": "El Paso Times",
    "country_code": "NL",
    "country": "Netherlands"
  },
  {
    "username": "israelc82732912",
    "followingArtist": "El Paso Times",
    "country_code": "US",
    "country": "United States"
  },
  {
    "username": "MiaMiaEstrada",
    "followingArtist": "El Paso Times",
    "country_code": "US",
    "country": "United States"
  },
  {
    "username": "bianca23087349",
    "followingArtist": "El Paso Times",
    "country_code": "NL",
    "country": "Netherlands"
  },
  {
    "username": "cryst_m",
    "followingArtist": "El Paso Times",
    "country_code": "NL",
    "country": "Netherlands"
  },
  {
    "username": "natatat68",
    "followingArtist": "El Paso Times",
    "country_code": "NL",
    "country": "Netherlands"
  },
  {
    "username": "duv101",
    "followingArtist": "El Paso Times",
    "country_code": "US",
    "country": "United States"
  },
  {
    "username": "eddieochoa40",
    "followingArtist": "El Paso Times",
    "country_code": "NL",
    "country": "Netherlands"
  },
  {
    "username": "atomicdave521",
    "followingArtist": "El Paso Times",
    "country_code": "US",
    "country": "United States"
  },
  {
    "username": "JanieVa63336528",
    "followingArtist": "El Paso Times",
    "country_code": "NL",
    "country": "Netherlands"
  },
  {
    "username": "FWRadio24",
    "followingArtist": "El Paso Times",
    "country_code": "NL",
    "country": "Netherlands"
  },
  {
    "username": "GeorgeLedsinger",
    "followingArtist": "El Paso Times",
    "country_code": "US",
    "country": "United States"
  }
]