[
  {
    "username": "jammal_tarek",
    "followingArtist": "Lauren Taylor Baker",
    "country_code": "UK",
    "country": "United Kingdom"
  },
  {
    "username": "bone_info",
    "followingArtist": "Lauren Taylor Baker",
    "country_code": "DZ",
    "country": "Algeria"
  },
  {
    "username": "kharismasyifa",
    "followingArtist": "Lauren Taylor Baker",
    "country_code": "ID",
    "country": "Indonesia"
  },
  {
    "username": "lilfabyellow",
    "followingArtist": "Lauren Taylor Baker",
    "country_code": "US",
    "country": "USA"
  },
  {
    "username": "asialatinmusic1",
    "followingArtist": "Lauren Taylor Baker",
    "country_code": "CN",
    "country": "China"
  },
  {
    "username": "papich46",
    "followingArtist": "Lauren Taylor Baker",
    "country_code": "HR",
    "country": "Croatia"
  },
  {
    "username": "SladjaBelieber",
    "followingArtist": "Lauren Taylor Baker",
    "country_code": "US",
    "country": "USA"
  },
  {
    "username": "SuciQueny",
    "followingArtist": "Lauren Taylor Baker",
    "country_code": "ID",
    "country": "Indonesia"
  },
  {
    "username": "abdullah24610",
    "followingArtist": "Lauren Taylor Baker",
    "country_code": "UK",
    "country": "United Kingdom"
  },
  {
    "username": "azdeennajah",
    "followingArtist": "Lauren Taylor Baker",
    "country_code": "TR",
    "country": "Turkey"
  },
  {
    "username": "kleralef",
    "followingArtist": "Lauren Taylor Baker",
    "country_code": "MG",
    "country": "Madagascar"
  },
  {
    "username": "Maggiebrit21",
    "followingArtist": "Lauren Taylor Baker",
    "country_code": "PY",
    "country": "Paraguay"
  },
  {
    "username": "Sweetie_Asmi",
    "followingArtist": "Lauren Taylor Baker",
    "country_code": "PK",
    "country": "Pakistan"
  },
  {
    "username": "DJBUMP33",
    "followingArtist": "Lauren Taylor Baker",
    "country_code": "US",
    "country": "USA"
  },
  {
    "username": "Joysexish",
    "followingArtist": "Lauren Taylor Baker",
    "country_code": "ZA",
    "country": "South Africa"
  },
  {
    "username": "micaelensilva2",
    "followingArtist": "Lauren Taylor Baker",
    "country_code": "BR",
    "country": "Brazil"
  },
  {
    "username": "biteatlcatering",
    "followingArtist": "Lauren Taylor Baker",
    "country_code": "US",
    "country": "USA"
  },
  {
    "username": "Elynna_Suraya",
    "followingArtist": "Lauren Taylor Baker",
    "country_code": "ID",
    "country": "Indonesia"
  },
  {
    "username": "ShwetaleeP",
    "followingArtist": "Lauren Taylor Baker",
    "country_code": "IN",
    "country": "India"
  },
  {
    "username": "the_candyman348",
    "followingArtist": "Lauren Taylor Baker",
    "country_code": "HR",
    "country": "Croatia"
  },
  {
    "username": "Residianmaharan",
    "followingArtist": "Lauren Taylor Baker",
    "country_code": "ID",
    "country": "Indonesia"
  },
  {
    "username": "Mela_lia",
    "followingArtist": "Lauren Taylor Baker",
    "country_code": "ID",
    "country": "Indonesia"
  },
  {
    "username": "umaminaloka_12",
    "followingArtist": "Lauren Taylor Baker",
    "country_code": "IT",
    "country": "Italy"
  },
  {
    "username": "nasrul471",
    "followingArtist": "Lauren Taylor Baker",
    "country_code": "ID",
    "country": "Indonesia"
  },
  {
    "username": "Youngkhalifer",
    "followingArtist": "Lauren Taylor Baker",
    "country_code": "CH",
    "country": "Switzerland"
  },
  {
    "username": "boyo1982",
    "followingArtist": "Lauren Taylor Baker",
    "country_code": "GB",
    "country": "Scotland"
  },
  {
    "username": "charlotte69694",
    "followingArtist": "Lauren Taylor Baker",
    "country_code": "GB",
    "country": "Scotland"
  },
  {
    "username": "svempor",
    "followingArtist": "Lauren Taylor Baker",
    "country_code": "DE",
    "country": "Germany"
  },
  {
    "username": "Jaqui_loquisha",
    "followingArtist": "Lauren Taylor Baker",
    "country_code": "US",
    "country": "USA"
  },
  {
    "username": "kevincoosh",
    "followingArtist": "Lauren Taylor Baker",
    "country_code": "BW",
    "country": "Botswana"
  },
  {
    "username": "raduchen",
    "followingArtist": "Lauren Taylor Baker",
    "country_code": "PH",
    "country": "Philippines"
  },
  {
    "username": "chappuss",
    "followingArtist": "Lauren Taylor Baker",
    "country_code": "SA",
    "country": "Saudi Arabia"
  },
  {
    "username": "pcalhenry",
    "followingArtist": "Lauren Taylor Baker",
    "country_code": "UK",
    "country": "United Kingdom"
  },
  {
    "username": "ThrinayaniR",
    "followingArtist": "Lauren Taylor Baker",
    "country_code": "UK",
    "country": "United Kingdom"
  },
  {
    "username": "biditc",
    "followingArtist": "Lauren Taylor Baker",
    "country_code": "IN",
    "country": "India"
  },
  {
    "username": "annie_m2",
    "followingArtist": "Lauren Taylor Baker",
    "country_code": "TZ",
    "country": "Tanzania"
  },
  {
    "username": "rose98xx",
    "followingArtist": "Lauren Taylor Baker",
    "country_code": "US",
    "country": "USA"
  },
  {
    "username": "Loveurdelastree",
    "followingArtist": "Lauren Taylor Baker",
    "country_code": "FR",
    "country": "France"
  },
  {
    "username": "mizanmelodic",
    "followingArtist": "Lauren Taylor Baker",
    "country_code": "ID",
    "country": "Indonesia"
  },
  {
    "username": "ahridwan25",
    "followingArtist": "Lauren Taylor Baker",
    "country_code": "SA",
    "country": "Saudi Arabia"
  },
  {
    "username": "ShaVisionzInc",
    "followingArtist": "Lauren Taylor Baker",
    "country_code": "US",
    "country": "USA"
  },
  {
    "username": "PaigeJordanCond",
    "followingArtist": "Lauren Taylor Baker",
    "country_code": "GB",
    "country": "Scotland"
  },
  {
    "username": "uzumaki_150102",
    "followingArtist": "Lauren Taylor Baker",
    "country_code": "ID",
    "country": "Indonesia"
  },
  {
    "username": "laurenmoloneyxx",
    "followingArtist": "Lauren Taylor Baker",
    "country_code": "IE",
    "country": "Ireland"
  },
  {
    "username": "ramsatish93",
    "followingArtist": "Lauren Taylor Baker",
    "country_code": "IN",
    "country": "India"
  },
  {
    "username": "linda_capellaro",
    "followingArtist": "Lauren Taylor Baker",
    "country_code": "MR",
    "country": "Mauritania"
  },
  {
    "username": "Danielle98_x",
    "followingArtist": "Lauren Taylor Baker",
    "country_code": "GB",
    "country": "Scotland"
  },
  {
    "username": "ShivamY62150510",
    "followingArtist": "Lauren Taylor Baker",
    "country_code": "IN",
    "country": "India"
  },
  {
    "username": "GenesisLopez___",
    "followingArtist": "Lauren Taylor Baker",
    "country_code": "US",
    "country": "USA"
  },
  {
    "username": "ClarosLos",
    "followingArtist": "Lauren Taylor Baker",
    "country_code": "CO",
    "country": "Colombia"
  },
  {
    "username": "m_ariyansah007",
    "followingArtist": "Lauren Taylor Baker",
    "country_code": "ID",
    "country": "Indonesia"
  },
  {
    "username": "sheyneuson",
    "followingArtist": "Lauren Taylor Baker",
    "country_code": "US",
    "country": "USA"
  },
  {
    "username": "AnaKarollynny",
    "followingArtist": "Lauren Taylor Baker",
    "country_code": "RO",
    "country": "Romania"
  },
  {
    "username": "Dimmu_borgir9",
    "followingArtist": "Lauren Taylor Baker",
    "country_code": "US",
    "country": "USA"
  },
  {
    "username": "amoalospi",
    "followingArtist": "Lauren Taylor Baker",
    "country_code": "JP",
    "country": "Japan"
  },
  {
    "username": "Quee_Mya",
    "followingArtist": "Lauren Taylor Baker",
    "country_code": "MA",
    "country": "Morocco"
  },
  {
    "username": "Yenyo95",
    "followingArtist": "Lauren Taylor Baker",
    "country_code": "EC",
    "country": "Ecuador"
  },
  {
    "username": "rachaelnmahar",
    "followingArtist": "Lauren Taylor Baker",
    "country_code": "UK",
    "country": "United Kingdom"
  },
  {
    "username": "KPisme09",
    "followingArtist": "Lauren Taylor Baker",
    "country_code": "US",
    "country": "USA"
  },
  {
    "username": "DashkaIce2012",
    "followingArtist": "Lauren Taylor Baker",
    "country_code": "BR",
    "country": "Brazil"
  },
  {
    "username": "Gomezvidaurri",
    "followingArtist": "Lauren Taylor Baker",
    "country_code": "MX",
    "country": "Mexico"
  },
  {
    "username": "AngelDanielBoyz",
    "followingArtist": "Lauren Taylor Baker",
    "country_code": "BR",
    "country": "Brazil"
  },
  {
    "username": "Luuciaa_96",
    "followingArtist": "Lauren Taylor Baker",
    "country_code": "US",
    "country": "USA"
  },
  {
    "username": "Tiapageantqueen",
    "followingArtist": "Lauren Taylor Baker",
    "country_code": "UK",
    "country": "United Kingdom"
  },
  {
    "username": "m_khozin",
    "followingArtist": "Lauren Taylor Baker",
    "country_code": "GB",
    "country": "Scotland"
  },
  {
    "username": "milagrosmaslow1",
    "followingArtist": "Lauren Taylor Baker",
    "country_code": "CO",
    "country": "Colombia"
  },
  {
    "username": "Holly_Beresford",
    "followingArtist": "Lauren Taylor Baker",
    "country_code": "GB",
    "country": "Scotland"
  },
  {
    "username": "reem_yasmin",
    "followingArtist": "Lauren Taylor Baker",
    "country_code": "GB",
    "country": "Scotland"
  },
  {
    "username": "RiqueNaquis",
    "followingArtist": "Lauren Taylor Baker",
    "country_code": "BR",
    "country": "Brazil"
  },
  {
    "username": "monica_srr",
    "followingArtist": "Lauren Taylor Baker",
    "country_code": "ES",
    "country": "Spain"
  },
  {
    "username": "farieyzqa",
    "followingArtist": "Lauren Taylor Baker",
    "country_code": "MY",
    "country": "Malaysia"
  },
  {
    "username": "lmaogaby",
    "followingArtist": "Lauren Taylor Baker",
    "country_code": "US",
    "country": "USA"
  },
  {
    "username": "CrosbysPlumbing",
    "followingArtist": "Lauren Taylor Baker",
    "country_code": "GB",
    "country": "Scotland"
  },
  {
    "username": "Merry_MalikLove",
    "followingArtist": "Lauren Taylor Baker",
    "country_code": "US",
    "country": "USA"
  },
  {
    "username": "Aratrika15",
    "followingArtist": "Lauren Taylor Baker",
    "country_code": "IT",
    "country": "Italy"
  },
  {
    "username": "goredara2013",
    "followingArtist": "Lauren Taylor Baker",
    "country_code": "US",
    "country": "USA"
  },
  {
    "username": "stevanus_novri",
    "followingArtist": "Lauren Taylor Baker",
    "country_code": "ID",
    "country": "Indonesia"
  },
  {
    "username": "SocialViv",
    "followingArtist": "Lauren Taylor Baker",
    "country_code": "US",
    "country": "USA"
  },
  {
    "username": "vivianliem1",
    "followingArtist": "Lauren Taylor Baker",
    "country_code": "ID",
    "country": "Indonesia"
  },
  {
    "username": "SaraMcCoy19",
    "followingArtist": "Lauren Taylor Baker",
    "country_code": "US",
    "country": "USA"
  },
  {
    "username": "darlee_ruele",
    "followingArtist": "Lauren Taylor Baker",
    "country_code": "PE",
    "country": "Peru"
  },
  {
    "username": "UlfahMarfa",
    "followingArtist": "Lauren Taylor Baker",
    "country_code": "JP",
    "country": "Japan"
  },
  {
    "username": "ZummyMidwife",
    "followingArtist": "Lauren Taylor Baker",
    "country_code": "ID",
    "country": "Indonesia"
  },
  {
    "username": "shireenbakker",
    "followingArtist": "Lauren Taylor Baker",
    "country_code": "NL",
    "country": "Netherlands"
  },
  {
    "username": "kevinlpace",
    "followingArtist": "Lauren Taylor Baker",
    "country_code": "US",
    "country": "USA"
  },
  {
    "username": "dolton_bdis2012",
    "followingArtist": "Lauren Taylor Baker",
    "country_code": "US",
    "country": "USA"
  },
  {
    "username": "AGabi23",
    "followingArtist": "Lauren Taylor Baker",
    "country_code": "IR",
    "country": "Iran"
  },
  {
    "username": "TiendaMakuco",
    "followingArtist": "Lauren Taylor Baker",
    "country_code": "CO",
    "country": "Colombia"
  },
  {
    "username": "Dilcrispaulino",
    "followingArtist": "Lauren Taylor Baker",
    "country_code": "VU",
    "country": "Vanuatu"
  },
  {
    "username": "1207Karina",
    "followingArtist": "Lauren Taylor Baker",
    "country_code": "BR",
    "country": "Brazil"
  },
  {
    "username": "charlotte_maay",
    "followingArtist": "Lauren Taylor Baker",
    "country_code": "UK",
    "country": "United Kingdom"
  },
  {
    "username": "skip4evabitch",
    "followingArtist": "Lauren Taylor Baker",
    "country_code": "UK",
    "country": "United Kingdom"
  },
  {
    "username": "Styles_Teamx",
    "followingArtist": "Lauren Taylor Baker",
    "country_code": "GB",
    "country": "Scotland"
  },
  {
    "username": "meghanbothma",
    "followingArtist": "Lauren Taylor Baker",
    "country_code": "BJ",
    "country": "Benin"
  },
  {
    "username": "DameGoetze",
    "followingArtist": "Lauren Taylor Baker",
    "country_code": "US",
    "country": "USA"
  },
  {
    "username": "coca696cola",
    "followingArtist": "Lauren Taylor Baker",
    "country_code": "UA",
    "country": "Ukraine"
  },
  {
    "username": "JuliaOchojska",
    "followingArtist": "Lauren Taylor Baker",
    "country_code": "UK",
    "country": "United Kingdom"
  },
  {
    "username": "Aspulraibi",
    "followingArtist": "Lauren Taylor Baker",
    "country_code": "ID",
    "country": "Indonesia"
  },
  {
    "username": "magdalenatadic",
    "followingArtist": "Lauren Taylor Baker",
    "country_code": "AT",
    "country": "Austria"
  },
  {
    "username": "BeatriceHope7",
    "followingArtist": "Lauren Taylor Baker",
    "country_code": "IT",
    "country": "Italy"
  },
  {
    "username": "mari11marzo99",
    "followingArtist": "Lauren Taylor Baker",
    "country_code": "UK",
    "country": "United Kingdom"
  },
  {
    "username": "Annitachs",
    "followingArtist": "Lauren Taylor Baker",
    "country_code": "ES",
    "country": "Spain"
  },
  {
    "username": "panatikPSMS",
    "followingArtist": "Lauren Taylor Baker",
    "country_code": "ID",
    "country": "Indonesia"
  },
  {
    "username": "dazbond28",
    "followingArtist": "Lauren Taylor Baker",
    "country_code": "GB",
    "country": "Scotland"
  },
  {
    "username": "Chiklucool",
    "followingArtist": "Lauren Taylor Baker",
    "country_code": "IN",
    "country": "India"
  },
  {
    "username": "Marinda333",
    "followingArtist": "Lauren Taylor Baker",
    "country_code": "ZA",
    "country": "South Africa"
  },
  {
    "username": "gallerydicky",
    "followingArtist": "Lauren Taylor Baker",
    "country_code": "ID",
    "country": "Indonesia"
  },
  {
    "username": "CakepHeru",
    "followingArtist": "Lauren Taylor Baker",
    "country_code": "ID",
    "country": "Indonesia"
  },
  {
    "username": "Ingrid_COrtez00",
    "followingArtist": "Lauren Taylor Baker",
    "country_code": "US",
    "country": "USA"
  },
  {
    "username": "Thecoreelite",
    "followingArtist": "Lauren Taylor Baker",
    "country_code": "US",
    "country": "USA"
  },
  {
    "username": "LiiayaLiieya",
    "followingArtist": "Lauren Taylor Baker",
    "country_code": "ID",
    "country": "Indonesia"
  },
  {
    "username": "vanessa9860",
    "followingArtist": "Lauren Taylor Baker",
    "country_code": "US",
    "country": "USA"
  },
  {
    "username": "LukeBryanfan96",
    "followingArtist": "Lauren Taylor Baker",
    "country_code": "US",
    "country": "USA"
  },
  {
    "username": "321Patty",
    "followingArtist": "Lauren Taylor Baker",
    "country_code": "GB",
    "country": "Scotland"
  },
  {
    "username": "smellyspell",
    "followingArtist": "Lauren Taylor Baker",
    "country_code": "US",
    "country": "USA"
  },
  {
    "username": "FizzyOlamilekan",
    "followingArtist": "Lauren Taylor Baker",
    "country_code": "NG",
    "country": "Nigeria"
  },
  {
    "username": "amanda4boni",
    "followingArtist": "Lauren Taylor Baker",
    "country_code": "ZA",
    "country": "South Africa"
  },
  {
    "username": "jg_chinita",
    "followingArtist": "Lauren Taylor Baker",
    "country_code": "EC",
    "country": "Ecuador"
  },
  {
    "username": "Faby_Alv",
    "followingArtist": "Lauren Taylor Baker",
    "country_code": "MX",
    "country": "Mexico"
  },
  {
    "username": "2001Lucio",
    "followingArtist": "Lauren Taylor Baker",
    "country_code": "BR",
    "country": "Brazil"
  },
  {
    "username": "pagliafora97",
    "followingArtist": "Lauren Taylor Baker",
    "country_code": "IT",
    "country": "Italy"
  },
  {
    "username": "ANDREA_QUIN",
    "followingArtist": "Lauren Taylor Baker",
    "country_code": "CO",
    "country": "Colombia"
  },
  {
    "username": "tinrafaniello",
    "followingArtist": "Lauren Taylor Baker",
    "country_code": "UY",
    "country": "Uruguay"
  },
  {
    "username": "AppolinaryS",
    "followingArtist": "Lauren Taylor Baker",
    "country_code": "RU",
    "country": "Russia"
  },
  {
    "username": "cleopat29576842",
    "followingArtist": "Lauren Taylor Baker",
    "country_code": "IQ",
    "country": "Iraq"
  },
  {
    "username": "EREPAAVERY",
    "followingArtist": "Lauren Taylor Baker",
    "country_code": "NG",
    "country": "Nigeria"
  },
  {
    "username": "chris1990davies",
    "followingArtist": "Lauren Taylor Baker",
    "country_code": "GB",
    "country": "Scotland"
  },
  {
    "username": "Maddie_forewer",
    "followingArtist": "Lauren Taylor Baker",
    "country_code": "PL",
    "country": "Poland"
  },
  {
    "username": "Dyach_Dia",
    "followingArtist": "Lauren Taylor Baker",
    "country_code": "IN",
    "country": "India"
  },
  {
    "username": "mujaffar1489",
    "followingArtist": "Lauren Taylor Baker",
    "country_code": "IN",
    "country": "India"
  },
  {
    "username": "nikolka_lol",
    "followingArtist": "Lauren Taylor Baker",
    "country_code": "UK",
    "country": "United Kingdom"
  },
  {
    "username": "123123123hkbjfd",
    "followingArtist": "Lauren Taylor Baker",
    "country_code": "US",
    "country": "USA"
  },
  {
    "username": "marycks",
    "followingArtist": "Lauren Taylor Baker",
    "country_code": "ZA",
    "country": "South Africa"
  },
  {
    "username": "HannaKhumairoh",
    "followingArtist": "Lauren Taylor Baker",
    "country_code": "ID",
    "country": "Indonesia"
  },
  {
    "username": "SearaMinaj",
    "followingArtist": "Lauren Taylor Baker",
    "country_code": "US",
    "country": "USA"
  },
  {
    "username": "Asiwaju_Stones",
    "followingArtist": "Lauren Taylor Baker",
    "country_code": "NG",
    "country": "Nigeria"
  },
  {
    "username": "betza_gallegos",
    "followingArtist": "Lauren Taylor Baker",
    "country_code": "MX",
    "country": "Mexico"
  },
  {
    "username": "DJRichyYoung",
    "followingArtist": "Lauren Taylor Baker",
    "country_code": "UK",
    "country": "United Kingdom"
  },
  {
    "username": "ajaybaskaran",
    "followingArtist": "Lauren Taylor Baker",
    "country_code": "ID",
    "country": "Indonesia"
  },
  {
    "username": "KayBieber_",
    "followingArtist": "Lauren Taylor Baker",
    "country_code": "NG",
    "country": "Nigeria"
  },
  {
    "username": "TOPCOPDAD",
    "followingArtist": "Lauren Taylor Baker",
    "country_code": "US",
    "country": "USA"
  },
  {
    "username": "Mizz_Ayura",
    "followingArtist": "Lauren Taylor Baker",
    "country_code": "ID",
    "country": "Indonesia"
  },
  {
    "username": "GillianGarcia0",
    "followingArtist": "Lauren Taylor Baker",
    "country_code": "US",
    "country": "USA"
  },
  {
    "username": "HaleyBrayfield",
    "followingArtist": "Lauren Taylor Baker",
    "country_code": "BJ",
    "country": "Benin"
  },
  {
    "username": "natalie_booker",
    "followingArtist": "Lauren Taylor Baker",
    "country_code": "TR",
    "country": "Turkey"
  },
  {
    "username": "TweetieHeartxxx",
    "followingArtist": "Lauren Taylor Baker",
    "country_code": "US",
    "country": "USA"
  },
  {
    "username": "TeViolooJustin",
    "followingArtist": "Lauren Taylor Baker",
    "country_code": "US",
    "country": "USA"
  },
  {
    "username": "cecky",
    "followingArtist": "Lauren Taylor Baker",
    "country_code": "ES",
    "country": "Spain"
  },
  {
    "username": "carou_gleyce",
    "followingArtist": "Lauren Taylor Baker",
    "country_code": "BR",
    "country": "Brazil"
  },
  {
    "username": "_Vivi_Almeida_",
    "followingArtist": "Lauren Taylor Baker",
    "country_code": "BR",
    "country": "Brazil"
  },
  {
    "username": "raycheeyboo",
    "followingArtist": "Lauren Taylor Baker",
    "country_code": "BR",
    "country": "Brazil"
  },
  {
    "username": "ibieberstatic",
    "followingArtist": "Lauren Taylor Baker",
    "country_code": "TD",
    "country": "Chad"
  },
  {
    "username": "southafricagay",
    "followingArtist": "Lauren Taylor Baker",
    "country_code": "BJ",
    "country": "Benin"
  },
  {
    "username": "the1pinkprncess",
    "followingArtist": "Lauren Taylor Baker",
    "country_code": "US",
    "country": "USA"
  },
  {
    "username": "ljamsarms",
    "followingArtist": "Lauren Taylor Baker",
    "country_code": "NL",
    "country": "Netherlands"
  },
  {
    "username": "huangyau90",
    "followingArtist": "Lauren Taylor Baker",
    "country_code": "ID",
    "country": "Indonesia"
  },
  {
    "username": "onenonlylilquis",
    "followingArtist": "Lauren Taylor Baker",
    "country_code": "US",
    "country": "USA"
  },
  {
    "username": "desire_moodley",
    "followingArtist": "Lauren Taylor Baker",
    "country_code": "ZA",
    "country": "South Africa"
  },
  {
    "username": "mauroosiilvaa",
    "followingArtist": "Lauren Taylor Baker",
    "country_code": "AR",
    "country": "Argentina"
  },
  {
    "username": "Diana14Gonzalez",
    "followingArtist": "Lauren Taylor Baker",
    "country_code": "MX",
    "country": "Mexico"
  },
  {
    "username": "jay_brayden",
    "followingArtist": "Lauren Taylor Baker",
    "country_code": "NG",
    "country": "Nigeria"
  },
  {
    "username": "MatiyAilen",
    "followingArtist": "Lauren Taylor Baker",
    "country_code": "US",
    "country": "USA"
  },
  {
    "username": "GirlyTweets_xx",
    "followingArtist": "Lauren Taylor Baker",
    "country_code": "UK",
    "country": "United Kingdom"
  },
  {
    "username": "LisandraFolha",
    "followingArtist": "Lauren Taylor Baker",
    "country_code": "PT",
    "country": "Portugal"
  },
  {
    "username": "Juliana27105591",
    "followingArtist": "Lauren Taylor Baker",
    "country_code": "BR",
    "country": "Brazil"
  },
  {
    "username": "3_zaynhoran",
    "followingArtist": "Lauren Taylor Baker",
    "country_code": "HU",
    "country": "Hungary"
  },
  {
    "username": "HecttorLuis",
    "followingArtist": "Lauren Taylor Baker",
    "country_code": "MX",
    "country": "Mexico"
  },
  {
    "username": "Elier1011",
    "followingArtist": "Lauren Taylor Baker",
    "country_code": "MX",
    "country": "Mexico"
  },
  {
    "username": "nikaandduda",
    "followingArtist": "Lauren Taylor Baker",
    "country_code": "UK",
    "country": "United Kingdom"
  },
  {
    "username": "moneyteam636",
    "followingArtist": "Lauren Taylor Baker",
    "country_code": "US",
    "country": "USA"
  },
  {
    "username": "EveDpOK",
    "followingArtist": "Lauren Taylor Baker",
    "country_code": "US",
    "country": "USA"
  },
  {
    "username": "Oc3108",
    "followingArtist": "Lauren Taylor Baker",
    "country_code": "ES",
    "country": "Spain"
  },
  {
    "username": "hugmeNialler1D",
    "followingArtist": "Lauren Taylor Baker",
    "country_code": "US",
    "country": "USA"
  },
  {
    "username": "MaariaanaRivera",
    "followingArtist": "Lauren Taylor Baker",
    "country_code": "EC",
    "country": "Ecuador"
  },
  {
    "username": "Jonicalucas",
    "followingArtist": "Lauren Taylor Baker",
    "country_code": "BJ",
    "country": "Benin"
  },
  {
    "username": "CamiCoronel5",
    "followingArtist": "Lauren Taylor Baker",
    "country_code": "NG",
    "country": "Nigeria"
  },
  {
    "username": "cupcakesstyle",
    "followingArtist": "Lauren Taylor Baker",
    "country_code": "US",
    "country": "USA"
  },
  {
    "username": "nachoro11",
    "followingArtist": "Lauren Taylor Baker",
    "country_code": "AR",
    "country": "Argentina"
  },
  {
    "username": "anderso61461160",
    "followingArtist": "Lauren Taylor Baker",
    "country_code": "CO",
    "country": "Colombia"
  },
  {
    "username": "Maubilans",
    "followingArtist": "Lauren Taylor Baker",
    "country_code": "US",
    "country": "USA"
  },
  {
    "username": "d_robinson32",
    "followingArtist": "Lauren Taylor Baker",
    "country_code": "US",
    "country": "USA"
  },
  {
    "username": "Coach_Greta",
    "followingArtist": "Lauren Taylor Baker",
    "country_code": "US",
    "country": "USA"
  },
  {
    "username": "KGNewsCorner",
    "followingArtist": "Lauren Taylor Baker",
    "country_code": "US",
    "country": "USA"
  },
  {
    "username": "wilfred_pc",
    "followingArtist": "Lauren Taylor Baker",
    "country_code": "VU",
    "country": "Vanuatu"
  },
  {
    "username": "jb_hawra",
    "followingArtist": "Lauren Taylor Baker",
    "country_code": "SE",
    "country": "Sweden"
  },
  {
    "username": "davimar4",
    "followingArtist": "Lauren Taylor Baker",
    "country_code": "VE",
    "country": "Venezuela"
  },
  {
    "username": "WeAreLogos",
    "followingArtist": "Lauren Taylor Baker",
    "country_code": "US",
    "country": "USA"
  },
  {
    "username": "blanka_mendoza",
    "followingArtist": "Lauren Taylor Baker",
    "country_code": "US",
    "country": "USA"
  },
  {
    "username": "rutemarlene",
    "followingArtist": "Lauren Taylor Baker",
    "country_code": "US",
    "country": "USA"
  },
  {
    "username": "froot_loopes_cx",
    "followingArtist": "Lauren Taylor Baker",
    "country_code": "BR",
    "country": "Brazil"
  },
  {
    "username": "ximenamaresmtz",
    "followingArtist": "Lauren Taylor Baker",
    "country_code": "MX",
    "country": "Mexico"
  },
  {
    "username": "heyyyyo84",
    "followingArtist": "Lauren Taylor Baker",
    "country_code": "US",
    "country": "USA"
  },
  {
    "username": "weronikabaszcz3",
    "followingArtist": "Lauren Taylor Baker",
    "country_code": "PL",
    "country": "Poland"
  },
  {
    "username": "FuckU36212209",
    "followingArtist": "Lauren Taylor Baker",
    "country_code": "US",
    "country": "USA"
  },
  {
    "username": "Ana_Direction_",
    "followingArtist": "Lauren Taylor Baker",
    "country_code": "California City Blvd",
    "country": "California City Blvd"
  },
  {
    "username": "hisb0y",
    "followingArtist": "Lauren Taylor Baker",
    "country_code": "CO",
    "country": "Colombia"
  },
  {
    "username": "iseanm",
    "followingArtist": "Lauren Taylor Baker",
    "country_code": "JM",
    "country": "Jamaica"
  },
  {
    "username": "5sos_bitchez784",
    "followingArtist": "Lauren Taylor Baker",
    "country_code": "BR",
    "country": "Brazil"
  },
  {
    "username": "Lis_Belieber6",
    "followingArtist": "Lauren Taylor Baker",
    "country_code": "MX",
    "country": "Mexico"
  },
  {
    "username": "officialcatjiiw",
    "followingArtist": "Lauren Taylor Baker",
    "country_code": "California City Blvd",
    "country": "California City Blvd"
  },
  {
    "username": "ribeiromichele_",
    "followingArtist": "Lauren Taylor Baker",
    "country_code": "NG",
    "country": "Nigeria"
  },
  {
    "username": "Ntshitseng",
    "followingArtist": "Lauren Taylor Baker",
    "country_code": "ZA",
    "country": "South Africa"
  },
  {
    "username": "scristinagoma",
    "followingArtist": "Lauren Taylor Baker",
    "country_code": "ES",
    "country": "Spain"
  },
  {
    "username": "The_Powell98",
    "followingArtist": "Lauren Taylor Baker",
    "country_code": "UK",
    "country": "United Kingdom"
  },
  {
    "username": "Mazsharon",
    "followingArtist": "Lauren Taylor Baker",
    "country_code": "NG",
    "country": "Nigeria"
  },
  {
    "username": "NiallAlmighty10",
    "followingArtist": "Lauren Taylor Baker",
    "country_code": "US",
    "country": "USA"
  },
  {
    "username": "Mblalienhle",
    "followingArtist": "Lauren Taylor Baker",
    "country_code": "ZA",
    "country": "South Africa"
  },
  {
    "username": "desire_machado",
    "followingArtist": "Lauren Taylor Baker",
    "country_code": "IT",
    "country": "Italy"
  },
  {
    "username": "mommatrio",
    "followingArtist": "Lauren Taylor Baker",
    "country_code": "US",
    "country": "USA"
  },
  {
    "username": "KatliLewinsky",
    "followingArtist": "Lauren Taylor Baker",
    "country_code": "ZA",
    "country": "South Africa"
  },
  {
    "username": "Vellaboylassi",
    "followingArtist": "Lauren Taylor Baker",
    "country_code": "IN",
    "country": "India"
  },
  {
    "username": "Daanyaal14",
    "followingArtist": "Lauren Taylor Baker",
    "country_code": "UK",
    "country": "United Kingdom"
  },
  {
    "username": "THUNDERKID_35",
    "followingArtist": "Lauren Taylor Baker",
    "country_code": "US",
    "country": "USA"
  },
  {
    "username": "AzmiDurasim",
    "followingArtist": "Lauren Taylor Baker",
    "country_code": "MY",
    "country": "Malaysia"
  },
  {
    "username": "natalia_belen_1",
    "followingArtist": "Lauren Taylor Baker",
    "country_code": "UK",
    "country": "United Kingdom"
  },
  {
    "username": "PayPikeR",
    "followingArtist": "Lauren Taylor Baker",
    "country_code": "US",
    "country": "USA"
  },
  {
    "username": "ze_cabra",
    "followingArtist": "Lauren Taylor Baker",
    "country_code": "PR",
    "country": "Puerto Rico"
  },
  {
    "username": "2pacPaulini",
    "followingArtist": "Lauren Taylor Baker",
    "country_code": "BR",
    "country": "Brazil"
  },
  {
    "username": "Jerry3c3c",
    "followingArtist": "Lauren Taylor Baker",
    "country_code": "CL",
    "country": "Chile"
  },
  {
    "username": "abcdegwhfkJb",
    "followingArtist": "Lauren Taylor Baker",
    "country_code": "IT",
    "country": "Italy"
  },
  {
    "username": "alohastratford",
    "followingArtist": "Lauren Taylor Baker",
    "country_code": "US",
    "country": "USA"
  },
  {
    "username": "triwahyudi87",
    "followingArtist": "Lauren Taylor Baker",
    "country_code": "ID",
    "country": "Indonesia"
  },
  {
    "username": "laporteeva",
    "followingArtist": "Lauren Taylor Baker",
    "country_code": "US",
    "country": "USA"
  },
  {
    "username": "HelidaS_",
    "followingArtist": "Lauren Taylor Baker",
    "country_code": "BR",
    "country": "Brazil"
  },
  {
    "username": "2_mely",
    "followingArtist": "Lauren Taylor Baker",
    "country_code": "DO",
    "country": "Dominican Republic"
  },
  {
    "username": "CherylandGAquiz",
    "followingArtist": "Lauren Taylor Baker",
    "country_code": "GB",
    "country": "Scotland"
  },
  {
    "username": "chezacole",
    "followingArtist": "Lauren Taylor Baker",
    "country_code": "GB",
    "country": "Scotland"
  },
  {
    "username": "janessinaga1",
    "followingArtist": "Lauren Taylor Baker",
    "country_code": "ID",
    "country": "Indonesia"
  },
  {
    "username": "AsiahTrovato",
    "followingArtist": "Lauren Taylor Baker",
    "country_code": "IT",
    "country": "Italy"
  },
  {
    "username": "HelenaPd2",
    "followingArtist": "Lauren Taylor Baker",
    "country_code": "BR",
    "country": "Brazil"
  },
  {
    "username": "Albianp",
    "followingArtist": "Lauren Taylor Baker",
    "country_code": "VE",
    "country": "Venezuela"
  },
  {
    "username": "ThurrayaInitt",
    "followingArtist": "Lauren Taylor Baker",
    "country_code": "GB",
    "country": "Scotland"
  },
  {
    "username": "flortamagnini",
    "followingArtist": "Lauren Taylor Baker",
    "country_code": "NG",
    "country": "Nigeria"
  },
  {
    "username": "Darqave718",
    "followingArtist": "Lauren Taylor Baker",
    "country_code": "US",
    "country": "USA"
  },
  {
    "username": "GraceLavigne4",
    "followingArtist": "Lauren Taylor Baker",
    "country_code": "FR",
    "country": "France"
  },
  {
    "username": "ekoPopeye",
    "followingArtist": "Lauren Taylor Baker",
    "country_code": "ID",
    "country": "Indonesia"
  },
  {
    "username": "AurelieVa",
    "followingArtist": "Lauren Taylor Baker",
    "country_code": "MR",
    "country": "Mauritania"
  },
  {
    "username": "isaac_ajala",
    "followingArtist": "Lauren Taylor Baker",
    "country_code": "NG",
    "country": "Nigeria"
  },
  {
    "username": "daniely_amorim",
    "followingArtist": "Lauren Taylor Baker",
    "country_code": "DK",
    "country": "Denmark"
  },
  {
    "username": "LewisWaringFTW",
    "followingArtist": "Lauren Taylor Baker",
    "country_code": "GB",
    "country": "Scotland"
  },
  {
    "username": "blessedGAbelle",
    "followingArtist": "Lauren Taylor Baker",
    "country_code": "US",
    "country": "USA"
  },
  {
    "username": "conii19XD",
    "followingArtist": "Lauren Taylor Baker",
    "country_code": "CL",
    "country": "Chile"
  },
  {
    "username": "prinzzenzza",
    "followingArtist": "Lauren Taylor Baker",
    "country_code": "US",
    "country": "USA"
  },
  {
    "username": "nonyblenkblenk",
    "followingArtist": "Lauren Taylor Baker",
    "country_code": "TL",
    "country": "TL"
  },
  {
    "username": "carriauhl",
    "followingArtist": "Lauren Taylor Baker",
    "country_code": "US",
    "country": "USA"
  },
  {
    "username": "socis_26",
    "followingArtist": "Lauren Taylor Baker",
    "country_code": "EC",
    "country": "Ecuador"
  },
  {
    "username": "PauRossa",
    "followingArtist": "Lauren Taylor Baker",
    "country_code": "US",
    "country": "USA"
  },
  {
    "username": "Stark_Mev",
    "followingArtist": "Lauren Taylor Baker",
    "country_code": "UK",
    "country": "United Kingdom"
  },
  {
    "username": "ReneeMadisyn",
    "followingArtist": "Lauren Taylor Baker",
    "country_code": "US",
    "country": "USA"
  },
  {
    "username": "InesJerez",
    "followingArtist": "Lauren Taylor Baker",
    "country_code": "ES",
    "country": "Spain"
  },
  {
    "username": "She_Loves_Virgo",
    "followingArtist": "Lauren Taylor Baker",
    "country_code": "US",
    "country": "USA"
  },
  {
    "username": "AnthonySpitale",
    "followingArtist": "Lauren Taylor Baker",
    "country_code": "US",
    "country": "USA"
  },
  {
    "username": "guslopz85",
    "followingArtist": "Lauren Taylor Baker",
    "country_code": "ES",
    "country": "Spain"
  },
  {
    "username": "opppe_20nelvir",
    "followingArtist": "Lauren Taylor Baker",
    "country_code": "US",
    "country": "USA"
  },
  {
    "username": "LoveeMoustache",
    "followingArtist": "Lauren Taylor Baker",
    "country_code": "NG",
    "country": "Nigeria"
  },
  {
    "username": "ally_mar",
    "followingArtist": "Lauren Taylor Baker",
    "country_code": "NL",
    "country": "Netherlands"
  },
  {
    "username": "luuhcampos022",
    "followingArtist": "Lauren Taylor Baker",
    "country_code": "BR",
    "country": "Brazil"
  },
  {
    "username": "natalieobrien88",
    "followingArtist": "Lauren Taylor Baker",
    "country_code": "GB",
    "country": "Scotland"
  },
  {
    "username": "thageneral716",
    "followingArtist": "Lauren Taylor Baker",
    "country_code": "US",
    "country": "USA"
  },
  {
    "username": "WeAreLove_IV",
    "followingArtist": "Lauren Taylor Baker",
    "country_code": "US",
    "country": "USA"
  },
  {
    "username": "DanijelaKomina",
    "followingArtist": "Lauren Taylor Baker",
    "country_code": "RS",
    "country": "Serbia"
  },
  {
    "username": "SheilaPerezH",
    "followingArtist": "Lauren Taylor Baker",
    "country_code": "NG",
    "country": "Nigeria"
  },
  {
    "username": "onfirewithbiebs",
    "followingArtist": "Lauren Taylor Baker",
    "country_code": "GR",
    "country": "Greece"
  },
  {
    "username": "MhmetReis00",
    "followingArtist": "Lauren Taylor Baker",
    "country_code": "FR",
    "country": "France"
  },
  {
    "username": "trollingoling",
    "followingArtist": "Lauren Taylor Baker",
    "country_code": "CA",
    "country": "Canada"
  },
  {
    "username": "ArianaDirectio3",
    "followingArtist": "Lauren Taylor Baker",
    "country_code": "Maryland Park Dr",
    "country": "Maryland Park Dr"
  },
  {
    "username": "MakFehmi",
    "followingArtist": "Lauren Taylor Baker",
    "country_code": "BE",
    "country": "Belgium"
  },
  {
    "username": "OmArAhM92650264",
    "followingArtist": "Lauren Taylor Baker",
    "country_code": "MT",
    "country": "Malta"
  },
  {
    "username": "ahonkcurvasud",
    "followingArtist": "Lauren Taylor Baker",
    "country_code": "ID",
    "country": "Indonesia"
  },
  {
    "username": "JasminBam",
    "followingArtist": "Lauren Taylor Baker",
    "country_code": "IN",
    "country": "India"
  },
  {
    "username": "r_adi_vemi1",
    "followingArtist": "Lauren Taylor Baker",
    "country_code": "ID",
    "country": "Indonesia"
  },
  {
    "username": "sarnueve",
    "followingArtist": "Lauren Taylor Baker",
    "country_code": "AR",
    "country": "Argentina"
  },
  {
    "username": "arqedgardoloret",
    "followingArtist": "Lauren Taylor Baker",
    "country_code": "CO",
    "country": "Colombia"
  },
  {
    "username": "Ahmedabotaleb19",
    "followingArtist": "Lauren Taylor Baker",
    "country_code": "MT",
    "country": "Malta"
  },
  {
    "username": "rope736",
    "followingArtist": "Lauren Taylor Baker",
    "country_code": "US",
    "country": "USA"
  },
  {
    "username": "SOFIAandrea98",
    "followingArtist": "Lauren Taylor Baker",
    "country_code": "MX",
    "country": "Mexico"
  },
  {
    "username": "IWatchYourSwag",
    "followingArtist": "Lauren Taylor Baker",
    "country_code": "US",
    "country": "USA"
  },
  {
    "username": "HarrisWeinstein",
    "followingArtist": "Lauren Taylor Baker",
    "country_code": "US",
    "country": "USA"
  },
  {
    "username": "the2015life",
    "followingArtist": "Lauren Taylor Baker",
    "country_code": "UG",
    "country": "Uganda"
  },
  {
    "username": "thierry60220",
    "followingArtist": "Lauren Taylor Baker",
    "country_code": "FR",
    "country": "France"
  },
  {
    "username": "maneyhunter",
    "followingArtist": "Lauren Taylor Baker",
    "country_code": "BJ",
    "country": "Benin"
  },
  {
    "username": "laverdeazul",
    "followingArtist": "Lauren Taylor Baker",
    "country_code": "CO",
    "country": "Colombia"
  },
  {
    "username": "JeanniotCoralie",
    "followingArtist": "Lauren Taylor Baker",
    "country_code": "FR",
    "country": "France"
  },
  {
    "username": "Belieber_Mayne",
    "followingArtist": "Lauren Taylor Baker",
    "country_code": "IT",
    "country": "Italy"
  },
  {
    "username": "sashaa_martinez",
    "followingArtist": "Lauren Taylor Baker",
    "country_code": "BR",
    "country": "Brazil"
  },
  {
    "username": "TylerPoloTeezy",
    "followingArtist": "Lauren Taylor Baker",
    "country_code": "US",
    "country": "USA"
  },
  {
    "username": "NickyCastro5",
    "followingArtist": "Lauren Taylor Baker",
    "country_code": "MX",
    "country": "Mexico"
  },
  {
    "username": "IonelaRaluca94",
    "followingArtist": "Lauren Taylor Baker",
    "country_code": "RO",
    "country": "Romania"
  },
  {
    "username": "JessicaSarks",
    "followingArtist": "Lauren Taylor Baker",
    "country_code": "UK",
    "country": "United Kingdom"
  },
  {
    "username": "currinbr",
    "followingArtist": "Lauren Taylor Baker",
    "country_code": "NP",
    "country": "Nepal"
  },
  {
    "username": "Cucciolo_Payne",
    "followingArtist": "Lauren Taylor Baker",
    "country_code": "US",
    "country": "USA"
  },
  {
    "username": "rajatrajatdelhi",
    "followingArtist": "Lauren Taylor Baker",
    "country_code": "IN",
    "country": "India"
  },
  {
    "username": "EvellaineTeles",
    "followingArtist": "Lauren Taylor Baker",
    "country_code": "BR",
    "country": "Brazil"
  },
  {
    "username": "alanrhines",
    "followingArtist": "Lauren Taylor Baker",
    "country_code": "US",
    "country": "USA"
  },
  {
    "username": "lindsmasters",
    "followingArtist": "Lauren Taylor Baker",
    "country_code": "US",
    "country": "USA"
  },
  {
    "username": "toufitri1987",
    "followingArtist": "Lauren Taylor Baker",
    "country_code": "MA",
    "country": "Morocco"
  },
  {
    "username": "murad_lios",
    "followingArtist": "Lauren Taylor Baker",
    "country_code": "JO",
    "country": "Jordan"
  },
  {
    "username": "aandi095",
    "followingArtist": "Lauren Taylor Baker",
    "country_code": "US",
    "country": "USA"
  },
  {
    "username": "GoodMorbid",
    "followingArtist": "Lauren Taylor Baker",
    "country_code": "US",
    "country": "USA"
  },
  {
    "username": "texa19",
    "followingArtist": "Lauren Taylor Baker",
    "country_code": "UK",
    "country": "United Kingdom"
  },
  {
    "username": "mannion_hannah",
    "followingArtist": "Lauren Taylor Baker",
    "country_code": "GB",
    "country": "Scotland"
  },
  {
    "username": "M_Tomrell",
    "followingArtist": "Lauren Taylor Baker",
    "country_code": "US",
    "country": "USA"
  },
  {
    "username": "Tamara_Mitrovic",
    "followingArtist": "Lauren Taylor Baker",
    "country_code": "RS",
    "country": "Serbia"
  },
  {
    "username": "EndankDamon17",
    "followingArtist": "Lauren Taylor Baker",
    "country_code": "ID",
    "country": "Indonesia"
  },
  {
    "username": "alberthpindeo",
    "followingArtist": "Lauren Taylor Baker",
    "country_code": "US",
    "country": "USA"
  },
  {
    "username": "emmy_yor",
    "followingArtist": "Lauren Taylor Baker",
    "country_code": "NG",
    "country": "Nigeria"
  },
  {
    "username": "Alice_Dalu",
    "followingArtist": "Lauren Taylor Baker",
    "country_code": "IT",
    "country": "Italy"
  },
  {
    "username": "Daraduque",
    "followingArtist": "Lauren Taylor Baker",
    "country_code": "VE",
    "country": "Venezuela"
  },
  {
    "username": "niamdancing",
    "followingArtist": "Lauren Taylor Baker",
    "country_code": "US",
    "country": "USA"
  },
  {
    "username": "AnnaHerron7",
    "followingArtist": "Lauren Taylor Baker",
    "country_code": "US",
    "country": "USA"
  },
  {
    "username": "RyanEu13",
    "followingArtist": "Lauren Taylor Baker",
    "country_code": "US",
    "country": "USA"
  },
  {
    "username": "imdatingluke",
    "followingArtist": "Lauren Taylor Baker",
    "country_code": "IT",
    "country": "Italy"
  },
  {
    "username": "ginaafarrell",
    "followingArtist": "Lauren Taylor Baker",
    "country_code": "GB",
    "country": "Scotland"
  },
  {
    "username": "SBMC2012",
    "followingArtist": "Lauren Taylor Baker",
    "country_code": "US",
    "country": "USA"
  },
  {
    "username": "RichelleVanessa",
    "followingArtist": "Lauren Taylor Baker",
    "country_code": "US",
    "country": "USA"
  },
  {
    "username": "ShastiP",
    "followingArtist": "Lauren Taylor Baker",
    "country_code": "AU",
    "country": "Australia"
  },
  {
    "username": "DJPAULAPOVEDA55",
    "followingArtist": "Lauren Taylor Baker",
    "country_code": "CO",
    "country": "Colombia"
  },
  {
    "username": "hayleyedwards36",
    "followingArtist": "Lauren Taylor Baker",
    "country_code": "GB",
    "country": "Scotland"
  },
  {
    "username": "ajani212",
    "followingArtist": "Lauren Taylor Baker",
    "country_code": "NG",
    "country": "Nigeria"
  },
  {
    "username": "PaulaPovedaPAZ",
    "followingArtist": "Lauren Taylor Baker",
    "country_code": "CO",
    "country": "Colombia"
  },
  {
    "username": "NumanNine",
    "followingArtist": "Lauren Taylor Baker",
    "country_code": "ET",
    "country": "Ethiopia"
  },
  {
    "username": "TheTyrant120",
    "followingArtist": "Lauren Taylor Baker",
    "country_code": "GB",
    "country": "Scotland"
  },
  {
    "username": "ItobaDoriane",
    "followingArtist": "Lauren Taylor Baker",
    "country_code": "MA",
    "country": "Morocco"
  },
  {
    "username": "zayndiesfor",
    "followingArtist": "Lauren Taylor Baker",
    "country_code": "US",
    "country": "USA"
  },
  {
    "username": "horan_kd",
    "followingArtist": "Lauren Taylor Baker",
    "country_code": "GB",
    "country": "Scotland"
  },
  {
    "username": "MrciaRosa4",
    "followingArtist": "Lauren Taylor Baker",
    "country_code": "BR",
    "country": "Brazil"
  },
  {
    "username": "Conviction__",
    "followingArtist": "Lauren Taylor Baker",
    "country_code": "US",
    "country": "USA"
  },
  {
    "username": "tylerwheelock4",
    "followingArtist": "Lauren Taylor Baker",
    "country_code": "US",
    "country": "USA"
  },
  {
    "username": "amyccaldwell",
    "followingArtist": "Lauren Taylor Baker",
    "country_code": "US",
    "country": "USA"
  },
  {
    "username": "KiMo4EvR",
    "followingArtist": "Lauren Taylor Baker",
    "country_code": "EG",
    "country": "Egypt"
  },
  {
    "username": "ThandaMatha",
    "followingArtist": "Lauren Taylor Baker",
    "country_code": "AU",
    "country": "Australia"
  },
  {
    "username": "BFForever_18",
    "followingArtist": "Lauren Taylor Baker",
    "country_code": "KE",
    "country": "Kenya"
  },
  {
    "username": "rufresnel",
    "followingArtist": "Lauren Taylor Baker",
    "country_code": "US",
    "country": "USA"
  },
  {
    "username": "tameimparauhl",
    "followingArtist": "Lauren Taylor Baker",
    "country_code": "US",
    "country": "USA"
  },
  {
    "username": "AniAniZz",
    "followingArtist": "Lauren Taylor Baker",
    "country_code": "MY",
    "country": "Malaysia"
  },
  {
    "username": "TheMarkJensen",
    "followingArtist": "Lauren Taylor Baker",
    "country_code": "US",
    "country": "USA"
  },
  {
    "username": "LucianeHirt",
    "followingArtist": "Lauren Taylor Baker",
    "country_code": "BR",
    "country": "Brazil"
  },
  {
    "username": "SocallmeKammy69",
    "followingArtist": "Lauren Taylor Baker",
    "country_code": "GB",
    "country": "Scotland"
  },
  {
    "username": "bdnull",
    "followingArtist": "Lauren Taylor Baker",
    "country_code": "GB",
    "country": "Scotland"
  },
  {
    "username": "GO2Craigs",
    "followingArtist": "Lauren Taylor Baker",
    "country_code": "US",
    "country": "USA"
  },
  {
    "username": "therealshortyc",
    "followingArtist": "Lauren Taylor Baker",
    "country_code": "BJ",
    "country": "Benin"
  },
  {
    "username": "Celebrity232",
    "followingArtist": "Lauren Taylor Baker",
    "country_code": "CA",
    "country": "Canada"
  },
  {
    "username": "SiennaHernandez",
    "followingArtist": "Lauren Taylor Baker",
    "country_code": "US",
    "country": "USA"
  },
  {
    "username": "DanaMainieri",
    "followingArtist": "Lauren Taylor Baker",
    "country_code": "PT",
    "country": "Portugal"
  },
  {
    "username": "jamieehayes",
    "followingArtist": "Lauren Taylor Baker",
    "country_code": "UK",
    "country": "United Kingdom"
  },
  {
    "username": "princessme543",
    "followingArtist": "Lauren Taylor Baker",
    "country_code": "US",
    "country": "USA"
  },
  {
    "username": "lovepink_1993",
    "followingArtist": "Lauren Taylor Baker",
    "country_code": "IQ",
    "country": "Iraq"
  },
  {
    "username": "LizGabriely1",
    "followingArtist": "Lauren Taylor Baker",
    "country_code": "PT",
    "country": "Portugal"
  },
  {
    "username": "Liamatiquement",
    "followingArtist": "Lauren Taylor Baker",
    "country_code": "FR",
    "country": "France"
  },
  {
    "username": "zmusicmovieman",
    "followingArtist": "Lauren Taylor Baker",
    "country_code": "US",
    "country": "USA"
  },
  {
    "username": "Jazzy_190",
    "followingArtist": "Lauren Taylor Baker",
    "country_code": "US",
    "country": "USA"
  },
  {
    "username": "GayleLovany",
    "followingArtist": "Lauren Taylor Baker",
    "country_code": "FR",
    "country": "France"
  },
  {
    "username": "nifemiowolabi1",
    "followingArtist": "Lauren Taylor Baker",
    "country_code": "NG",
    "country": "Nigeria"
  },
  {
    "username": "valdottavi",
    "followingArtist": "Lauren Taylor Baker",
    "country_code": "VE",
    "country": "Venezuela"
  },
  {
    "username": "5817Cielo",
    "followingArtist": "Lauren Taylor Baker",
    "country_code": "MX",
    "country": "Mexico"
  },
  {
    "username": "KevinGBoo",
    "followingArtist": "Lauren Taylor Baker",
    "country_code": "US",
    "country": "USA"
  },
  {
    "username": "YomiiFer",
    "followingArtist": "Lauren Taylor Baker",
    "country_code": "CO",
    "country": "Colombia"
  },
  {
    "username": "sil_savio",
    "followingArtist": "Lauren Taylor Baker",
    "country_code": "BR",
    "country": "Brazil"
  },
  {
    "username": "NereaBelieve",
    "followingArtist": "Lauren Taylor Baker",
    "country_code": "IT",
    "country": "Italy"
  },
  {
    "username": "SamanthaHoranGa",
    "followingArtist": "Lauren Taylor Baker",
    "country_code": "US",
    "country": "USA"
  },
  {
    "username": "MIYUBeauty",
    "followingArtist": "Lauren Taylor Baker",
    "country_code": "CA",
    "country": "Canada"
  },
  {
    "username": "MARTY1DFAN",
    "followingArtist": "Lauren Taylor Baker",
    "country_code": "US",
    "country": "USA"
  },
  {
    "username": "MichiPresser",
    "followingArtist": "Lauren Taylor Baker",
    "country_code": "DE",
    "country": "Germany"
  },
  {
    "username": "AgusZesui",
    "followingArtist": "Lauren Taylor Baker",
    "country_code": "ID",
    "country": "Indonesia"
  },
  {
    "username": "anyaaaa_xo",
    "followingArtist": "Lauren Taylor Baker",
    "country_code": "AF",
    "country": "Afghanistan"
  },
  {
    "username": "BoutDatCashEnt",
    "followingArtist": "Lauren Taylor Baker",
    "country_code": "US",
    "country": "USA"
  },
  {
    "username": "SoAS93",
    "followingArtist": "Lauren Taylor Baker",
    "country_code": "PT",
    "country": "Portugal"
  },
  {
    "username": "ZAPATASPRO",
    "followingArtist": "Lauren Taylor Baker",
    "country_code": "CO",
    "country": "Colombia"
  },
  {
    "username": "Ananda_putriR",
    "followingArtist": "Lauren Taylor Baker",
    "country_code": "ID",
    "country": "Indonesia"
  },
  {
    "username": "utamihany",
    "followingArtist": "Lauren Taylor Baker",
    "country_code": "ID",
    "country": "Indonesia"
  },
  {
    "username": "barbara21481",
    "followingArtist": "Lauren Taylor Baker",
    "country_code": "US",
    "country": "USA"
  },
  {
    "username": "Javaa_sat",
    "followingArtist": "Lauren Taylor Baker",
    "country_code": "ID",
    "country": "Indonesia"
  },
  {
    "username": "TalkCashKE",
    "followingArtist": "Lauren Taylor Baker",
    "country_code": "US",
    "country": "USA"
  },
  {
    "username": "chloedochertyxo",
    "followingArtist": "Lauren Taylor Baker",
    "country_code": "UK",
    "country": "United Kingdom"
  },
  {
    "username": "Gabylindinha11",
    "followingArtist": "Lauren Taylor Baker",
    "country_code": "BR",
    "country": "Brazil"
  },
  {
    "username": "Ashleybieber760",
    "followingArtist": "Lauren Taylor Baker",
    "country_code": "UK",
    "country": "United Kingdom"
  },
  {
    "username": "mirandanoskye19",
    "followingArtist": "Lauren Taylor Baker",
    "country_code": "US",
    "country": "USA"
  },
  {
    "username": "OneEyeKirk",
    "followingArtist": "Lauren Taylor Baker",
    "country_code": "Arkansas St",
    "country": "Arkansas St"
  },
  {
    "username": "Yisusacw",
    "followingArtist": "Lauren Taylor Baker",
    "country_code": "VE",
    "country": "Venezuela"
  },
  {
    "username": "hassanhelaly1",
    "followingArtist": "Lauren Taylor Baker",
    "country_code": "NL",
    "country": "Netherlands"
  },
  {
    "username": "reindolfstephen",
    "followingArtist": "Lauren Taylor Baker",
    "country_code": "GH",
    "country": "Ghana"
  },
  {
    "username": "RobynleighLeigh",
    "followingArtist": "Lauren Taylor Baker",
    "country_code": "UK",
    "country": "United Kingdom"
  },
  {
    "username": "LizethConSwag",
    "followingArtist": "Lauren Taylor Baker",
    "country_code": "MX",
    "country": "Mexico"
  },
  {
    "username": "GomitaCyrus",
    "followingArtist": "Lauren Taylor Baker",
    "country_code": "US",
    "country": "USA"
  },
  {
    "username": "RealGirlsTho",
    "followingArtist": "Lauren Taylor Baker",
    "country_code": "Tennessee Ave",
    "country": "Tennessee Ave"
  },
  {
    "username": "46Fernandez",
    "followingArtist": "Lauren Taylor Baker",
    "country_code": "ES",
    "country": "Spain"
  },
  {
    "username": "edafe_godstime",
    "followingArtist": "Lauren Taylor Baker",
    "country_code": "NG",
    "country": "Nigeria"
  },
  {
    "username": "ShahadOmmar",
    "followingArtist": "Lauren Taylor Baker",
    "country_code": "SA",
    "country": "Saudi Arabia"
  },
  {
    "username": "lupitha_perez15",
    "followingArtist": "Lauren Taylor Baker",
    "country_code": "US",
    "country": "USA"
  },
  {
    "username": "Moookkiee",
    "followingArtist": "Lauren Taylor Baker",
    "country_code": "UG",
    "country": "Uganda"
  },
  {
    "username": "meinwaleed94",
    "followingArtist": "Lauren Taylor Baker",
    "country_code": "US",
    "country": "USA"
  },
  {
    "username": "ElayhX",
    "followingArtist": "Lauren Taylor Baker",
    "country_code": "US",
    "country": "USA"
  },
  {
    "username": "estefanyaguirr3",
    "followingArtist": "Lauren Taylor Baker",
    "country_code": "SV",
    "country": "El Salvador"
  },
  {
    "username": "davewinter1992",
    "followingArtist": "Lauren Taylor Baker",
    "country_code": "GB",
    "country": "Scotland"
  },
  {
    "username": "reeja_laloe182",
    "followingArtist": "Lauren Taylor Baker",
    "country_code": "ID",
    "country": "Indonesia"
  },
  {
    "username": "darmyanti_dwAyu",
    "followingArtist": "Lauren Taylor Baker",
    "country_code": "ID",
    "country": "Indonesia"
  },
  {
    "username": "Jess92120",
    "followingArtist": "Lauren Taylor Baker",
    "country_code": "UK",
    "country": "United Kingdom"
  },
  {
    "username": "ChecaMarta",
    "followingArtist": "Lauren Taylor Baker",
    "country_code": "ES",
    "country": "Spain"
  },
  {
    "username": "KaulitzRoza",
    "followingArtist": "Lauren Taylor Baker",
    "country_code": "BY",
    "country": "Belarus"
  },
  {
    "username": "LolloRino",
    "followingArtist": "Lauren Taylor Baker",
    "country_code": "IT",
    "country": "Italy"
  },
  {
    "username": "LOUDandCLEARATL",
    "followingArtist": "Lauren Taylor Baker",
    "country_code": "BR",
    "country": "Brazil"
  },
  {
    "username": "Nickparralopez",
    "followingArtist": "Lauren Taylor Baker",
    "country_code": "CO",
    "country": "Colombia"
  },
  {
    "username": "cidaoli53658640",
    "followingArtist": "Lauren Taylor Baker",
    "country_code": "BR",
    "country": "Brazil"
  },
  {
    "username": "directioner_ady",
    "followingArtist": "Lauren Taylor Baker",
    "country_code": "MX",
    "country": "Mexico"
  },
  {
    "username": "Felipemarula",
    "followingArtist": "Lauren Taylor Baker",
    "country_code": "CO",
    "country": "Colombia"
  },
  {
    "username": "DRICASCARDO",
    "followingArtist": "Lauren Taylor Baker",
    "country_code": "MZ",
    "country": "Mozambique"
  },
  {
    "username": "sofi1456",
    "followingArtist": "Lauren Taylor Baker",
    "country_code": "CO",
    "country": "Colombia"
  },
  {
    "username": "toni_Montanna24",
    "followingArtist": "Lauren Taylor Baker",
    "country_code": "ES",
    "country": "Spain"
  },
  {
    "username": "Queenkitty320",
    "followingArtist": "Lauren Taylor Baker",
    "country_code": "BR",
    "country": "Brazil"
  },
  {
    "username": "Sara1D25741648",
    "followingArtist": "Lauren Taylor Baker",
    "country_code": "UK",
    "country": "United Kingdom"
  },
  {
    "username": "pitot101",
    "followingArtist": "Lauren Taylor Baker",
    "country_code": "US",
    "country": "USA"
  },
  {
    "username": "mashala225",
    "followingArtist": "Lauren Taylor Baker",
    "country_code": "ZA",
    "country": "South Africa"
  },
  {
    "username": "wezzacarter",
    "followingArtist": "Lauren Taylor Baker",
    "country_code": "GB",
    "country": "Scotland"
  },
  {
    "username": "DJBmauri",
    "followingArtist": "Lauren Taylor Baker",
    "country_code": "MA",
    "country": "Morocco"
  },
  {
    "username": "Shayla_Brooke28",
    "followingArtist": "Lauren Taylor Baker",
    "country_code": "US",
    "country": "USA"
  },
  {
    "username": "yulizahuamani",
    "followingArtist": "Lauren Taylor Baker",
    "country_code": "US",
    "country": "USA"
  },
  {
    "username": "Bernal76A",
    "followingArtist": "Lauren Taylor Baker",
    "country_code": "UK",
    "country": "United Kingdom"
  },
  {
    "username": "Danielleeee_J",
    "followingArtist": "Lauren Taylor Baker",
    "country_code": "US",
    "country": "USA"
  },
  {
    "username": "hannah_jo23",
    "followingArtist": "Lauren Taylor Baker",
    "country_code": "US",
    "country": "USA"
  },
  {
    "username": "CzarcusM",
    "followingArtist": "Lauren Taylor Baker",
    "country_code": "UK",
    "country": "United Kingdom"
  },
  {
    "username": "JyceP",
    "followingArtist": "Lauren Taylor Baker",
    "country_code": "FR",
    "country": "France"
  },
  {
    "username": "sengun_06",
    "followingArtist": "Lauren Taylor Baker",
    "country_code": "TR",
    "country": "Turkey"
  },
  {
    "username": "MaakuuViano",
    "followingArtist": "Lauren Taylor Baker",
    "country_code": "IT",
    "country": "Italy"
  },
  {
    "username": "jonobleu",
    "followingArtist": "Lauren Taylor Baker",
    "country_code": "UK",
    "country": "United Kingdom"
  },
  {
    "username": "_charljackson",
    "followingArtist": "Lauren Taylor Baker",
    "country_code": "GB",
    "country": "Scotland"
  },
  {
    "username": "julietacbr",
    "followingArtist": "Lauren Taylor Baker",
    "country_code": "US",
    "country": "USA"
  },
  {
    "username": "125Liset",
    "followingArtist": "Lauren Taylor Baker",
    "country_code": "PH",
    "country": "Philippines"
  },
  {
    "username": "raquel_minguez6",
    "followingArtist": "Lauren Taylor Baker",
    "country_code": "ES",
    "country": "Spain"
  },
  {
    "username": "Daxonrap",
    "followingArtist": "Lauren Taylor Baker",
    "country_code": "VE",
    "country": "Venezuela"
  },
  {
    "username": "izzyhunterx",
    "followingArtist": "Lauren Taylor Baker",
    "country_code": "UK",
    "country": "United Kingdom"
  },
  {
    "username": "LoveForMechi_",
    "followingArtist": "Lauren Taylor Baker",
    "country_code": "US",
    "country": "USA"
  },
  {
    "username": "HannahWalden55",
    "followingArtist": "Lauren Taylor Baker",
    "country_code": "BR",
    "country": "Brazil"
  },
  {
    "username": "ValleVida",
    "followingArtist": "Lauren Taylor Baker",
    "country_code": "ES",
    "country": "Spain"
  },
  {
    "username": "RoleplayGaz",
    "followingArtist": "Lauren Taylor Baker",
    "country_code": "AU",
    "country": "Australia"
  },
  {
    "username": "laiana_thamires",
    "followingArtist": "Lauren Taylor Baker",
    "country_code": "BR",
    "country": "Brazil"
  },
  {
    "username": "HalfOfMyHeartx",
    "followingArtist": "Lauren Taylor Baker",
    "country_code": "US",
    "country": "USA"
  },
  {
    "username": "mari07924023",
    "followingArtist": "Lauren Taylor Baker",
    "country_code": "CO",
    "country": "Colombia"
  },
  {
    "username": "Sarah_and_Tyler",
    "followingArtist": "Lauren Taylor Baker",
    "country_code": "GB",
    "country": "Scotland"
  },
  {
    "username": "brendavaras",
    "followingArtist": "Lauren Taylor Baker",
    "country_code": "US",
    "country": "USA"
  },
  {
    "username": "BaletinnosaLoc",
    "followingArtist": "Lauren Taylor Baker",
    "country_code": "US",
    "country": "USA"
  },
  {
    "username": "jennifer10010",
    "followingArtist": "Lauren Taylor Baker",
    "country_code": "FR",
    "country": "France"
  },
  {
    "username": "tvenisee",
    "followingArtist": "Lauren Taylor Baker",
    "country_code": "US",
    "country": "USA"
  },
  {
    "username": "jiehadmulyana",
    "followingArtist": "Lauren Taylor Baker",
    "country_code": "IN",
    "country": "India"
  },
  {
    "username": "IndiraaYamileth",
    "followingArtist": "Lauren Taylor Baker",
    "country_code": "MX",
    "country": "Mexico"
  },
  {
    "username": "IbaiSingOficial",
    "followingArtist": "Lauren Taylor Baker",
    "country_code": "ES",
    "country": "Spain"
  },
  {
    "username": "ZaxZeroual",
    "followingArtist": "Lauren Taylor Baker",
    "country_code": "DZ",
    "country": "Algeria"
  },
  {
    "username": "guichachito",
    "followingArtist": "Lauren Taylor Baker",
    "country_code": "IT",
    "country": "Italy"
  },
  {
    "username": "NietoKimberly",
    "followingArtist": "Lauren Taylor Baker",
    "country_code": "US",
    "country": "USA"
  },
  {
    "username": "KenialaraLara",
    "followingArtist": "Lauren Taylor Baker",
    "country_code": "ES",
    "country": "Spain"
  },
  {
    "username": "AlaaAssaf21",
    "followingArtist": "Lauren Taylor Baker",
    "country_code": "JO",
    "country": "Jordan"
  },
  {
    "username": "ArantxaBieber1",
    "followingArtist": "Lauren Taylor Baker",
    "country_code": "GB",
    "country": "Scotland"
  },
  {
    "username": "Raison_Vhezzu",
    "followingArtist": "Lauren Taylor Baker",
    "country_code": "BR",
    "country": "Brazil"
  },
  {
    "username": "AirikaMcDaniel",
    "followingArtist": "Lauren Taylor Baker",
    "country_code": "UA",
    "country": "Ukraine"
  },
  {
    "username": "haileyjb1d",
    "followingArtist": "Lauren Taylor Baker",
    "country_code": "ES",
    "country": "Spain"
  },
  {
    "username": "larissa_laryssa",
    "followingArtist": "Lauren Taylor Baker",
    "country_code": "US",
    "country": "USA"
  },
  {
    "username": "swaggyyyyjerry",
    "followingArtist": "Lauren Taylor Baker",
    "country_code": "IT",
    "country": "Italy"
  },
  {
    "username": "AkeredoluTop57",
    "followingArtist": "Lauren Taylor Baker",
    "country_code": "NG",
    "country": "Nigeria"
  },
  {
    "username": "HendrikAnr",
    "followingArtist": "Lauren Taylor Baker",
    "country_code": "ID",
    "country": "Indonesia"
  },
  {
    "username": "lopezRntito",
    "followingArtist": "Lauren Taylor Baker",
    "country_code": "EC",
    "country": "Ecuador"
  },
  {
    "username": "VdiazAcuna",
    "followingArtist": "Lauren Taylor Baker",
    "country_code": "PE",
    "country": "Peru"
  },
  {
    "username": "Aammyyyyk",
    "followingArtist": "Lauren Taylor Baker",
    "country_code": "NG",
    "country": "Nigeria"
  },
  {
    "username": "starlightfizz",
    "followingArtist": "Lauren Taylor Baker",
    "country_code": "ZW",
    "country": "Zimbabwe"
  },
  {
    "username": "leomessioffcial",
    "followingArtist": "Lauren Taylor Baker",
    "country_code": "ES",
    "country": "Spain"
  },
  {
    "username": "MaludeOliveira2",
    "followingArtist": "Lauren Taylor Baker",
    "country_code": "BR",
    "country": "Brazil"
  },
  {
    "username": "geraadamee",
    "followingArtist": "Lauren Taylor Baker",
    "country_code": "NG",
    "country": "Nigeria"
  },
  {
    "username": "Missystella35",
    "followingArtist": "Lauren Taylor Baker",
    "country_code": "MA",
    "country": "Morocco"
  },
  {
    "username": "ade_arseni",
    "followingArtist": "Lauren Taylor Baker",
    "country_code": "RO",
    "country": "Romania"
  },
  {
    "username": "CortesJessi",
    "followingArtist": "Lauren Taylor Baker",
    "country_code": "PH",
    "country": "Philippines"
  },
  {
    "username": "granger_lucie",
    "followingArtist": "Lauren Taylor Baker",
    "country_code": "GB",
    "country": "Scotland"
  },
  {
    "username": "ELLaaLaaLaa",
    "followingArtist": "Lauren Taylor Baker",
    "country_code": "ID",
    "country": "Indonesia"
  },
  {
    "username": "KarlaFranjic",
    "followingArtist": "Lauren Taylor Baker",
    "country_code": "US",
    "country": "USA"
  },
  {
    "username": "AndikaAgsi",
    "followingArtist": "Lauren Taylor Baker",
    "country_code": "ID",
    "country": "Indonesia"
  },
  {
    "username": "DenisaIvanova",
    "followingArtist": "Lauren Taylor Baker",
    "country_code": "UK",
    "country": "United Kingdom"
  },
  {
    "username": "_FerCastellanos",
    "followingArtist": "Lauren Taylor Baker",
    "country_code": "IT",
    "country": "Italy"
  },
  {
    "username": "cheyd323",
    "followingArtist": "Lauren Taylor Baker",
    "country_code": "US",
    "country": "USA"
  },
  {
    "username": "ElenaRogers456",
    "followingArtist": "Lauren Taylor Baker",
    "country_code": "US",
    "country": "USA"
  },
  {
    "username": "WazzdyAllen1",
    "followingArtist": "Lauren Taylor Baker",
    "country_code": "US",
    "country": "USA"
  },
  {
    "username": "Love_and_easy15",
    "followingArtist": "Lauren Taylor Baker",
    "country_code": "California City Blvd",
    "country": "California City Blvd"
  },
  {
    "username": "kls440",
    "followingArtist": "Lauren Taylor Baker",
    "country_code": "US",
    "country": "USA"
  },
  {
    "username": "BreannaMiller22",
    "followingArtist": "Lauren Taylor Baker",
    "country_code": "US",
    "country": "USA"
  },
  {
    "username": "InyeneEssien",
    "followingArtist": "Lauren Taylor Baker",
    "country_code": "NG",
    "country": "Nigeria"
  },
  {
    "username": "PFADMartyFan",
    "followingArtist": "Lauren Taylor Baker",
    "country_code": "US",
    "country": "USA"
  },
  {
    "username": "AlyAnnMahone",
    "followingArtist": "Lauren Taylor Baker",
    "country_code": "NL",
    "country": "Netherlands"
  },
  {
    "username": "superstar_kid",
    "followingArtist": "Lauren Taylor Baker",
    "country_code": "FR",
    "country": "France"
  },
  {
    "username": "Champa_ll",
    "followingArtist": "Lauren Taylor Baker",
    "country_code": "IT",
    "country": "Italy"
  },
  {
    "username": "Connie_m14",
    "followingArtist": "Lauren Taylor Baker",
    "country_code": "US",
    "country": "USA"
  },
  {
    "username": "gaudis5020",
    "followingArtist": "Lauren Taylor Baker",
    "country_code": "TT",
    "country": "Trinidad and Tobago"
  },
  {
    "username": "aizfirdauz",
    "followingArtist": "Lauren Taylor Baker",
    "country_code": "ID",
    "country": "Indonesia"
  },
  {
    "username": "charliejoesephg",
    "followingArtist": "Lauren Taylor Baker",
    "country_code": "UK",
    "country": "United Kingdom"
  },
  {
    "username": "BanessaBalderam",
    "followingArtist": "Lauren Taylor Baker",
    "country_code": "MX",
    "country": "Mexico"
  },
  {
    "username": "magnoliapr",
    "followingArtist": "Lauren Taylor Baker",
    "country_code": "NG",
    "country": "Nigeria"
  },
  {
    "username": "mede419",
    "followingArtist": "Lauren Taylor Baker",
    "country_code": "DE",
    "country": "Germany"
  },
  {
    "username": "da_bazuka",
    "followingArtist": "Lauren Taylor Baker",
    "country_code": "MZ",
    "country": "Mozambique"
  },
  {
    "username": "biebers_eyesss",
    "followingArtist": "Lauren Taylor Baker",
    "country_code": "GB",
    "country": "Scotland"
  },
  {
    "username": "LaraMondoux",
    "followingArtist": "Lauren Taylor Baker",
    "country_code": "BR",
    "country": "Brazil"
  },
  {
    "username": "mommygigi86",
    "followingArtist": "Lauren Taylor Baker",
    "country_code": "CA",
    "country": "Canada"
  },
  {
    "username": "RuiPedrO69",
    "followingArtist": "Lauren Taylor Baker",
    "country_code": "PE",
    "country": "Peru"
  },
  {
    "username": "aminmansour3",
    "followingArtist": "Lauren Taylor Baker",
    "country_code": "IR",
    "country": "Iran"
  },
  {
    "username": "CharlesWillicy",
    "followingArtist": "Lauren Taylor Baker",
    "country_code": "NG",
    "country": "Nigeria"
  },
  {
    "username": "syahidah_shah",
    "followingArtist": "Lauren Taylor Baker",
    "country_code": "MY",
    "country": "Malaysia"
  },
  {
    "username": "latoyajoplin1",
    "followingArtist": "Lauren Taylor Baker",
    "country_code": "FR",
    "country": "France"
  },
  {
    "username": "VenjaLovex",
    "followingArtist": "Lauren Taylor Baker",
    "country_code": "NZ",
    "country": "Aotearoa"
  },
  {
    "username": "miguengel8",
    "followingArtist": "Lauren Taylor Baker",
    "country_code": "CO",
    "country": "Colombia"
  },
  {
    "username": "amyscott79",
    "followingArtist": "Lauren Taylor Baker",
    "country_code": "US",
    "country": "USA"
  },
  {
    "username": "IronHarPe",
    "followingArtist": "Lauren Taylor Baker",
    "country_code": "CU",
    "country": "Cuba"
  },
  {
    "username": "Symphony_1D",
    "followingArtist": "Lauren Taylor Baker",
    "country_code": "US",
    "country": "USA"
  },
  {
    "username": "sintiagabriela1",
    "followingArtist": "Lauren Taylor Baker",
    "country_code": "VU",
    "country": "Vanuatu"
  },
  {
    "username": "deny_roca",
    "followingArtist": "Lauren Taylor Baker",
    "country_code": "IT",
    "country": "Italy"
  },
  {
    "username": "athena_PhD",
    "followingArtist": "Lauren Taylor Baker",
    "country_code": "US",
    "country": "USA"
  },
  {
    "username": "kylahcavalier2",
    "followingArtist": "Lauren Taylor Baker",
    "country_code": "US",
    "country": "USA"
  },
  {
    "username": "DiuSaif",
    "followingArtist": "Lauren Taylor Baker",
    "country_code": "BD",
    "country": "Bangladesh"
  },
  {
    "username": "pa_ladys",
    "followingArtist": "Lauren Taylor Baker",
    "country_code": "GB",
    "country": "Scotland"
  },
  {
    "username": "s2luizaa",
    "followingArtist": "Lauren Taylor Baker",
    "country_code": "BR",
    "country": "Brazil"
  },
  {
    "username": "hindiscrazy",
    "followingArtist": "Lauren Taylor Baker",
    "country_code": "MX",
    "country": "Mexico"
  },
  {
    "username": "MHafizDuhari",
    "followingArtist": "Lauren Taylor Baker",
    "country_code": "ID",
    "country": "Indonesia"
  },
  {
    "username": "s2Milenee",
    "followingArtist": "Lauren Taylor Baker",
    "country_code": "BR",
    "country": "Brazil"
  },
  {
    "username": "EmilyJaramillo1",
    "followingArtist": "Lauren Taylor Baker",
    "country_code": "EC",
    "country": "Ecuador"
  },
  {
    "username": "DannyDeMario",
    "followingArtist": "Lauren Taylor Baker",
    "country_code": "IT",
    "country": "Italy"
  },
  {
    "username": "nicolasmagnoxd",
    "followingArtist": "Lauren Taylor Baker",
    "country_code": "US",
    "country": "USA"
  },
  {
    "username": "AsimKandhir",
    "followingArtist": "Lauren Taylor Baker",
    "country_code": "PK",
    "country": "Pakistan"
  },
  {
    "username": "Bella87682994",
    "followingArtist": "Lauren Taylor Baker",
    "country_code": "EE",
    "country": "Estonia"
  },
  {
    "username": "MmikMichael",
    "followingArtist": "Lauren Taylor Baker",
    "country_code": "ZM",
    "country": "Zambia"
  },
  {
    "username": "Puwety",
    "followingArtist": "Lauren Taylor Baker",
    "country_code": "NG",
    "country": "Nigeria"
  },
  {
    "username": "ainVeloveI",
    "followingArtist": "Lauren Taylor Baker",
    "country_code": "ID",
    "country": "Indonesia"
  },
  {
    "username": "carlosventurap",
    "followingArtist": "Lauren Taylor Baker",
    "country_code": "VU",
    "country": "Vanuatu"
  },
  {
    "username": "THEROCKACDC",
    "followingArtist": "Lauren Taylor Baker",
    "country_code": "RO",
    "country": "Romania"
  },
  {
    "username": "Elleeoh",
    "followingArtist": "Lauren Taylor Baker",
    "country_code": "AR",
    "country": "Argentina"
  },
  {
    "username": "shazzabell3",
    "followingArtist": "Lauren Taylor Baker",
    "country_code": "GB",
    "country": "Scotland"
  },
  {
    "username": "MrTonyE",
    "followingArtist": "Lauren Taylor Baker",
    "country_code": "US",
    "country": "USA"
  },
  {
    "username": "cassidykit62",
    "followingArtist": "Lauren Taylor Baker",
    "country_code": "ZA",
    "country": "South Africa"
  },
  {
    "username": "Mz_Red122",
    "followingArtist": "Lauren Taylor Baker",
    "country_code": "BJ",
    "country": "Benin"
  },
  {
    "username": "MiguelCH31",
    "followingArtist": "Lauren Taylor Baker",
    "country_code": "MX",
    "country": "Mexico"
  },
  {
    "username": "JadeJoll",
    "followingArtist": "Lauren Taylor Baker",
    "country_code": "UK",
    "country": "United Kingdom"
  },
  {
    "username": "ansarisohail02",
    "followingArtist": "Lauren Taylor Baker",
    "country_code": "IN",
    "country": "India"
  },
  {
    "username": "M1ssInd3pendent",
    "followingArtist": "Lauren Taylor Baker",
    "country_code": "CA",
    "country": "Canada"
  },
  {
    "username": "yasminxmcdonald",
    "followingArtist": "Lauren Taylor Baker",
    "country_code": "US",
    "country": "USA"
  },
  {
    "username": "karollyneevelin",
    "followingArtist": "Lauren Taylor Baker",
    "country_code": "MW",
    "country": "Malawi"
  },
  {
    "username": "_cnpp",
    "followingArtist": "Lauren Taylor Baker",
    "country_code": "ES",
    "country": "Spain"
  },
  {
    "username": "sebastianrealmc",
    "followingArtist": "Lauren Taylor Baker",
    "country_code": "US",
    "country": "USA"
  },
  {
    "username": "elnegrord2",
    "followingArtist": "Lauren Taylor Baker",
    "country_code": "VU",
    "country": "Vanuatu"
  },
  {
    "username": "WayneTha",
    "followingArtist": "Lauren Taylor Baker",
    "country_code": "US",
    "country": "USA"
  },
  {
    "username": "rudyalexanders",
    "followingArtist": "Lauren Taylor Baker",
    "country_code": "UK",
    "country": "United Kingdom"
  },
  {
    "username": "giulian94470744",
    "followingArtist": "Lauren Taylor Baker",
    "country_code": "IT",
    "country": "Italy"
  },
  {
    "username": "itzroin_",
    "followingArtist": "Lauren Taylor Baker",
    "country_code": "SA",
    "country": "Saudi Arabia"
  },
  {
    "username": "AdamLevinePriv",
    "followingArtist": "Lauren Taylor Baker",
    "country_code": "NG",
    "country": "Nigeria"
  },
  {
    "username": "SantosBalan",
    "followingArtist": "Lauren Taylor Baker",
    "country_code": "ES",
    "country": "Spain"
  },
  {
    "username": "MillomPaintball",
    "followingArtist": "Lauren Taylor Baker",
    "country_code": "US",
    "country": "USA"
  },
  {
    "username": "SamBizzlee",
    "followingArtist": "Lauren Taylor Baker",
    "country_code": "UK",
    "country": "United Kingdom"
  },
  {
    "username": "_royality__",
    "followingArtist": "Lauren Taylor Baker",
    "country_code": "US",
    "country": "USA"
  },
  {
    "username": "jessikalea_",
    "followingArtist": "Lauren Taylor Baker",
    "country_code": "UK",
    "country": "United Kingdom"
  },
  {
    "username": "bencecsalar",
    "followingArtist": "Lauren Taylor Baker",
    "country_code": "HU",
    "country": "Hungary"
  },
  {
    "username": "Mollyjdesigns",
    "followingArtist": "Lauren Taylor Baker",
    "country_code": "US",
    "country": "USA"
  },
  {
    "username": "RIEHNBEAN2",
    "followingArtist": "Lauren Taylor Baker",
    "country_code": "US",
    "country": "USA"
  },
  {
    "username": "suniijan",
    "followingArtist": "Lauren Taylor Baker",
    "country_code": "AE",
    "country": "United Arab Emirates"
  },
  {
    "username": "vadja12",
    "followingArtist": "Lauren Taylor Baker",
    "country_code": "ID",
    "country": "Indonesia"
  },
  {
    "username": "BillK36",
    "followingArtist": "Lauren Taylor Baker",
    "country_code": "TH",
    "country": "Thailand"
  },
  {
    "username": "OnlyForBieberZ",
    "followingArtist": "Lauren Taylor Baker",
    "country_code": "IT",
    "country": "Italy"
  },
  {
    "username": "BieberElena",
    "followingArtist": "Lauren Taylor Baker",
    "country_code": "US",
    "country": "USA"
  },
  {
    "username": "93_Randy",
    "followingArtist": "Lauren Taylor Baker",
    "country_code": "US",
    "country": "USA"
  },
  {
    "username": "LaurenTulisaX",
    "followingArtist": "Lauren Taylor Baker",
    "country_code": "UK",
    "country": "United Kingdom"
  },
  {
    "username": "DewiiNagitha",
    "followingArtist": "Lauren Taylor Baker",
    "country_code": "ID",
    "country": "Indonesia"
  },
  {
    "username": "ZaidiHszaidi",
    "followingArtist": "Lauren Taylor Baker",
    "country_code": "PK",
    "country": "Pakistan"
  },
  {
    "username": "BAPike",
    "followingArtist": "Lauren Taylor Baker",
    "country_code": "US",
    "country": "USA"
  },
  {
    "username": "Anila15289074",
    "followingArtist": "Lauren Taylor Baker",
    "country_code": "XK",
    "country": "XK"
  },
  {
    "username": "IvyDeCastro13",
    "followingArtist": "Lauren Taylor Baker",
    "country_code": "US",
    "country": "USA"
  },
  {
    "username": "richkid1028",
    "followingArtist": "Lauren Taylor Baker",
    "country_code": "US",
    "country": "USA"
  },
  {
    "username": "2492Ruiz",
    "followingArtist": "Lauren Taylor Baker",
    "country_code": "VU",
    "country": "Vanuatu"
  },
  {
    "username": "prodigy123403",
    "followingArtist": "Lauren Taylor Baker",
    "country_code": "US",
    "country": "USA"
  },
  {
    "username": "spaul736",
    "followingArtist": "Lauren Taylor Baker",
    "country_code": "IN",
    "country": "India"
  },
  {
    "username": "wylx5",
    "followingArtist": "Lauren Taylor Baker",
    "country_code": "BR",
    "country": "Brazil"
  },
  {
    "username": "Chriis_Zapata",
    "followingArtist": "Lauren Taylor Baker",
    "country_code": "US",
    "country": "USA"
  },
  {
    "username": "Troconis250675",
    "followingArtist": "Lauren Taylor Baker",
    "country_code": "VE",
    "country": "Venezuela"
  },
  {
    "username": "OlegKravchenko8",
    "followingArtist": "Lauren Taylor Baker",
    "country_code": "GB",
    "country": "Scotland"
  },
  {
    "username": "hagenwynlee",
    "followingArtist": "Lauren Taylor Baker",
    "country_code": "US",
    "country": "USA"
  },
  {
    "username": "AlysaMolina13",
    "followingArtist": "Lauren Taylor Baker",
    "country_code": "HT",
    "country": "Haiti"
  },
  {
    "username": "tonipatrickk_x",
    "followingArtist": "Lauren Taylor Baker",
    "country_code": "UK",
    "country": "United Kingdom"
  },
  {
    "username": "k1mster",
    "followingArtist": "Lauren Taylor Baker",
    "country_code": "US",
    "country": "USA"
  },
  {
    "username": "NeedlesNails",
    "followingArtist": "Lauren Taylor Baker",
    "country_code": "GB",
    "country": "Scotland"
  },
  {
    "username": "snaperparl",
    "followingArtist": "Lauren Taylor Baker",
    "country_code": "MX",
    "country": "Mexico"
  },
  {
    "username": "UbahKells",
    "followingArtist": "Lauren Taylor Baker",
    "country_code": "NG",
    "country": "Nigeria"
  },
  {
    "username": "holly_styles102",
    "followingArtist": "Lauren Taylor Baker",
    "country_code": "UK",
    "country": "United Kingdom"
  },
  {
    "username": "HeroJae1",
    "followingArtist": "Lauren Taylor Baker",
    "country_code": "ES",
    "country": "Spain"
  },
  {
    "username": "ColineOfficiel",
    "followingArtist": "Lauren Taylor Baker",
    "country_code": "FR",
    "country": "France"
  },
  {
    "username": "Mati_Rome",
    "followingArtist": "Lauren Taylor Baker",
    "country_code": "FR",
    "country": "France"
  },
  {
    "username": "CarolinaBOX",
    "followingArtist": "Lauren Taylor Baker",
    "country_code": "VE",
    "country": "Venezuela"
  },
  {
    "username": "nadien31113759",
    "followingArtist": "Lauren Taylor Baker",
    "country_code": "ID",
    "country": "Indonesia"
  },
  {
    "username": "milf1991",
    "followingArtist": "Lauren Taylor Baker",
    "country_code": "CA",
    "country": "Canada"
  },
  {
    "username": "madisonmay1234",
    "followingArtist": "Lauren Taylor Baker",
    "country_code": "UK",
    "country": "United Kingdom"
  },
  {
    "username": "SaloBurduli",
    "followingArtist": "Lauren Taylor Baker",
    "country_code": "US",
    "country": "USA"
  },
  {
    "username": "cagdaschadcomak",
    "followingArtist": "Lauren Taylor Baker",
    "country_code": "UK",
    "country": "United Kingdom"
  },
  {
    "username": "katreece1",
    "followingArtist": "Lauren Taylor Baker",
    "country_code": "GR",
    "country": "Greece"
  },
  {
    "username": "paisa192011",
    "followingArtist": "Lauren Taylor Baker",
    "country_code": "CO",
    "country": "Colombia"
  },
  {
    "username": "EricTylersHamm1",
    "followingArtist": "Lauren Taylor Baker",
    "country_code": "US",
    "country": "USA"
  },
  {
    "username": "SammibearXP",
    "followingArtist": "Lauren Taylor Baker",
    "country_code": "US",
    "country": "USA"
  },
  {
    "username": "lourdes59934644",
    "followingArtist": "Lauren Taylor Baker",
    "country_code": "AR",
    "country": "Argentina"
  },
  {
    "username": "RuanLucas1812",
    "followingArtist": "Lauren Taylor Baker",
    "country_code": "BR",
    "country": "Brazil"
  },
  {
    "username": "yhadhieothals",
    "followingArtist": "Lauren Taylor Baker",
    "country_code": "RO",
    "country": "Romania"
  },
  {
    "username": "youth_pray",
    "followingArtist": "Lauren Taylor Baker",
    "country_code": "US",
    "country": "USA"
  },
  {
    "username": "AnnettaMarino",
    "followingArtist": "Lauren Taylor Baker",
    "country_code": "IT",
    "country": "Italy"
  },
  {
    "username": "80_hawari",
    "followingArtist": "Lauren Taylor Baker",
    "country_code": "MA",
    "country": "Morocco"
  },
  {
    "username": "Leeh__Freitas",
    "followingArtist": "Lauren Taylor Baker",
    "country_code": "BR",
    "country": "Brazil"
  },
  {
    "username": "Fuck_It_1998",
    "followingArtist": "Lauren Taylor Baker",
    "country_code": "US",
    "country": "USA"
  },
  {
    "username": "MILENA85684044",
    "followingArtist": "Lauren Taylor Baker",
    "country_code": "US",
    "country": "USA"
  },
  {
    "username": "UchaRudess",
    "followingArtist": "Lauren Taylor Baker",
    "country_code": "ID",
    "country": "Indonesia"
  },
  {
    "username": "BebaSoy",
    "followingArtist": "Lauren Taylor Baker",
    "country_code": "NL",
    "country": "Netherlands"
  },
  {
    "username": "TheDirtyDoors",
    "followingArtist": "Lauren Taylor Baker",
    "country_code": "US",
    "country": "USA"
  },
  {
    "username": "caseyneatexx",
    "followingArtist": "Lauren Taylor Baker",
    "country_code": "GB",
    "country": "Scotland"
  },
  {
    "username": "zelaine1611",
    "followingArtist": "Lauren Taylor Baker",
    "country_code": "BR",
    "country": "Brazil"
  },
  {
    "username": "gabyrodrigu200",
    "followingArtist": "Lauren Taylor Baker",
    "country_code": "VE",
    "country": "Venezuela"
  },
  {
    "username": "xxLuckyPandaxx",
    "followingArtist": "Lauren Taylor Baker",
    "country_code": "US",
    "country": "USA"
  },
  {
    "username": "lauramyatt557",
    "followingArtist": "Lauren Taylor Baker",
    "country_code": "UK",
    "country": "United Kingdom"
  },
  {
    "username": "JackevaM",
    "followingArtist": "Lauren Taylor Baker",
    "country_code": "ES",
    "country": "Spain"
  },
  {
    "username": "mollytate15",
    "followingArtist": "Lauren Taylor Baker",
    "country_code": "GB",
    "country": "Scotland"
  },
  {
    "username": "annamckinney19",
    "followingArtist": "Lauren Taylor Baker",
    "country_code": "IT",
    "country": "Italy"
  },
  {
    "username": "JordanStargazer",
    "followingArtist": "Lauren Taylor Baker",
    "country_code": "GB",
    "country": "Scotland"
  },
  {
    "username": "LouieHaS",
    "followingArtist": "Lauren Taylor Baker",
    "country_code": "US",
    "country": "USA"
  },
  {
    "username": "laisaline_",
    "followingArtist": "Lauren Taylor Baker",
    "country_code": "BR",
    "country": "Brazil"
  },
  {
    "username": "Hotlipz9980",
    "followingArtist": "Lauren Taylor Baker",
    "country_code": "GB",
    "country": "Scotland"
  },
  {
    "username": "AhunnaBandz",
    "followingArtist": "Lauren Taylor Baker",
    "country_code": "ZM",
    "country": "Zambia"
  },
  {
    "username": "darrencahill2",
    "followingArtist": "Lauren Taylor Baker",
    "country_code": "UK",
    "country": "United Kingdom"
  },
  {
    "username": "o_khushboo",
    "followingArtist": "Lauren Taylor Baker",
    "country_code": "IN",
    "country": "India"
  },
  {
    "username": "100_DC",
    "followingArtist": "Lauren Taylor Baker",
    "country_code": "US",
    "country": "USA"
  },
  {
    "username": "lorne08839245",
    "followingArtist": "Lauren Taylor Baker",
    "country_code": "UK",
    "country": "United Kingdom"
  },
  {
    "username": "JosePikaa",
    "followingArtist": "Lauren Taylor Baker",
    "country_code": "ES",
    "country": "Spain"
  },
  {
    "username": "brookelucas11",
    "followingArtist": "Lauren Taylor Baker",
    "country_code": "US",
    "country": "USA"
  },
  {
    "username": "Dranelis",
    "followingArtist": "Lauren Taylor Baker",
    "country_code": "PH",
    "country": "Philippines"
  },
  {
    "username": "dtouwsma",
    "followingArtist": "Lauren Taylor Baker",
    "country_code": "US",
    "country": "USA"
  }
]