[
  {
    "username": "Laelya",
    "followingArtist": "SpotifyDE",
    "country_code": "DE",
    "country": "Germany"
  },
  {
    "username": "alexandermolt",
    "followingArtist": "SpotifyDE",
    "country_code": "DE",
    "country": "Germany"
  },
  {
    "username": "the_true_Meomar",
    "followingArtist": "SpotifyDE",
    "country_code": "DE",
    "country": "Germany"
  },
  {
    "username": "Thomas_LPZ_",
    "followingArtist": "SpotifyDE",
    "country_code": "DE",
    "country": "Germany"
  },
  {
    "username": "dsteggemann",
    "followingArtist": "SpotifyDE",
    "country_code": "DE",
    "country": "Germany"
  },
  {
    "username": "Psc_Verdoppler",
    "followingArtist": "SpotifyDE",
    "country_code": "DE",
    "country": "Germany"
  },
  {
    "username": "Stanley72363703",
    "followingArtist": "SpotifyDE",
    "country_code": "RW",
    "country": "Rwanda"
  },
  {
    "username": "line_schi",
    "followingArtist": "SpotifyDE",
    "country_code": "DE",
    "country": "Germany"
  },
  {
    "username": "EclipseDarkness",
    "followingArtist": "SpotifyDE",
    "country_code": "US",
    "country": "USA"
  },
  {
    "username": "leuteneggers",
    "followingArtist": "SpotifyDE",
    "country_code": "CH",
    "country": "Switzerland"
  },
  {
    "username": "_bts_7x_army_",
    "followingArtist": "SpotifyDE",
    "country_code": "US",
    "country": "USA"
  },
  {
    "username": "Katrin71851237",
    "followingArtist": "SpotifyDE",
    "country_code": "DE",
    "country": "Germany"
  },
  {
    "username": "DavidBa93925300",
    "followingArtist": "SpotifyDE",
    "country_code": "DE",
    "country": "Germany"
  },
  {
    "username": "SpiDer_wars",
    "followingArtist": "SpotifyDE",
    "country_code": "DE",
    "country": "Germany"
  },
  {
    "username": "Xenetschka",
    "followingArtist": "SpotifyDE",
    "country_code": "US",
    "country": "USA"
  },
  {
    "username": "neonuxx",
    "followingArtist": "SpotifyDE",
    "country_code": "DE",
    "country": "Germany"
  },
  {
    "username": "_alinasophie__",
    "followingArtist": "SpotifyDE",
    "country_code": "DE",
    "country": "Germany"
  },
  {
    "username": "Silhouette_TV",
    "followingArtist": "SpotifyDE",
    "country_code": "US",
    "country": "USA"
  },
  {
    "username": "LiilLucifer2",
    "followingArtist": "SpotifyDE",
    "country_code": "AT",
    "country": "Austria"
  },
  {
    "username": "gge2",
    "followingArtist": "SpotifyDE",
    "country_code": "Arkansas St",
    "country": "Arkansas St"
  },
  {
    "username": "nicolecool1022",
    "followingArtist": "SpotifyDE",
    "country_code": "US",
    "country": "USA"
  },
  {
    "username": "marie06166",
    "followingArtist": "SpotifyDE",
    "country_code": "DE",
    "country": "Germany"
  },
  {
    "username": "PaLYo294",
    "followingArtist": "SpotifyDE",
    "country_code": "US",
    "country": "USA"
  },
  {
    "username": "hcbartelt",
    "followingArtist": "SpotifyDE",
    "country_code": "DE",
    "country": "Germany"
  },
  {
    "username": "JulianPhoenix_x",
    "followingArtist": "SpotifyDE",
    "country_code": "DE",
    "country": "Germany"
  },
  {
    "username": "sonymusicperu",
    "followingArtist": "SpotifyDE",
    "country_code": "AU",
    "country": "Australia"
  },
  {
    "username": "derKnallkopf_",
    "followingArtist": "SpotifyDE",
    "country_code": "DE",
    "country": "Germany"
  },
  {
    "username": "Troysmithsongs",
    "followingArtist": "SpotifyDE",
    "country_code": "US",
    "country": "USA"
  },
  {
    "username": "DamnedandDirty",
    "followingArtist": "SpotifyDE",
    "country_code": "BR",
    "country": "Brazil"
  },
  {
    "username": "kpikemusic",
    "followingArtist": "SpotifyDE",
    "country_code": "US",
    "country": "USA"
  },
  {
    "username": "cra1ve",
    "followingArtist": "SpotifyDE",
    "country_code": "US",
    "country": "USA"
  },
  {
    "username": "freestyle_kinq",
    "followingArtist": "SpotifyDE",
    "country_code": "CH",
    "country": "Switzerland"
  },
  {
    "username": "HerrnIndustries",
    "followingArtist": "SpotifyDE",
    "country_code": "DE",
    "country": "Germany"
  },
  {
    "username": "zyildirim1985",
    "followingArtist": "SpotifyDE",
    "country_code": "UK",
    "country": "United Kingdom"
  },
  {
    "username": "GianNaldi",
    "followingArtist": "SpotifyDE",
    "country_code": "IT",
    "country": "Italy"
  },
  {
    "username": "niklas389",
    "followingArtist": "SpotifyDE",
    "country_code": "DE",
    "country": "Germany"
  },
  {
    "username": "JulieyLehmann",
    "followingArtist": "SpotifyDE",
    "country_code": "DE",
    "country": "Germany"
  },
  {
    "username": "Mladen56643578",
    "followingArtist": "SpotifyDE",
    "country_code": "DE",
    "country": "Germany"
  },
  {
    "username": "jorgjikoja",
    "followingArtist": "SpotifyDE",
    "country_code": "DE",
    "country": "Germany"
  },
  {
    "username": "bLackLunaXD",
    "followingArtist": "SpotifyDE",
    "country_code": "US",
    "country": "USA"
  },
  {
    "username": "LA_1896",
    "followingArtist": "SpotifyDE",
    "country_code": "DE",
    "country": "Germany"
  },
  {
    "username": "KarinaLoose",
    "followingArtist": "SpotifyDE",
    "country_code": "DE",
    "country": "Germany"
  },
  {
    "username": "ClausDiwisch",
    "followingArtist": "SpotifyDE",
    "country_code": "AT",
    "country": "Austria"
  },
  {
    "username": "SrnRed",
    "followingArtist": "SpotifyDE",
    "country_code": "CH",
    "country": "Switzerland"
  },
  {
    "username": "Suenzhausen",
    "followingArtist": "SpotifyDE",
    "country_code": "DE",
    "country": "Germany"
  },
  {
    "username": "baschdl97",
    "followingArtist": "SpotifyDE",
    "country_code": "DE",
    "country": "Germany"
  },
  {
    "username": "AdamFrenchUK",
    "followingArtist": "SpotifyDE",
    "country_code": "UK",
    "country": "United Kingdom"
  },
  {
    "username": "tinqh",
    "followingArtist": "SpotifyDE",
    "country_code": "DE",
    "country": "Germany"
  },
  {
    "username": "pete_omo",
    "followingArtist": "SpotifyDE",
    "country_code": "EC",
    "country": "Ecuador"
  },
  {
    "username": "pascalwsh",
    "followingArtist": "SpotifyDE",
    "country_code": "DE",
    "country": "Germany"
  },
  {
    "username": "StarbuxAddicted",
    "followingArtist": "SpotifyDE",
    "country_code": "UK",
    "country": "United Kingdom"
  },
  {
    "username": "dezembermxdchen",
    "followingArtist": "SpotifyDE",
    "country_code": "BR",
    "country": "Brazil"
  },
  {
    "username": "tocdefidge",
    "followingArtist": "SpotifyDE",
    "country_code": "DE",
    "country": "Germany"
  },
  {
    "username": "ayylmao808",
    "followingArtist": "SpotifyDE",
    "country_code": "SO",
    "country": "Somalia"
  },
  {
    "username": "kaiske307",
    "followingArtist": "SpotifyDE",
    "country_code": "DE",
    "country": "Germany"
  },
  {
    "username": "ChristofPichler",
    "followingArtist": "SpotifyDE",
    "country_code": "AT",
    "country": "Austria"
  },
  {
    "username": "janaagain",
    "followingArtist": "SpotifyDE",
    "country_code": "DE",
    "country": "Germany"
  },
  {
    "username": "marlon_trt",
    "followingArtist": "SpotifyDE",
    "country_code": "DE",
    "country": "Germany"
  },
  {
    "username": "n0perino",
    "followingArtist": "SpotifyDE",
    "country_code": "DE",
    "country": "Germany"
  },
  {
    "username": "markjohnpoynter",
    "followingArtist": "SpotifyDE",
    "country_code": "GB",
    "country": "Wales"
  },
  {
    "username": "_Oleg_S_",
    "followingArtist": "SpotifyDE",
    "country_code": "BE",
    "country": "Belgium"
  },
  {
    "username": "adibachowdhury7",
    "followingArtist": "SpotifyDE",
    "country_code": "BD",
    "country": "Bangladesh"
  },
  {
    "username": "lemmo222",
    "followingArtist": "SpotifyDE",
    "country_code": "DE",
    "country": "Germany"
  },
  {
    "username": "MCdoubleMO",
    "followingArtist": "SpotifyDE",
    "country_code": "DE",
    "country": "Germany"
  },
  {
    "username": "TlhTunc",
    "followingArtist": "SpotifyDE",
    "country_code": "DE",
    "country": "Germany"
  },
  {
    "username": "CROATIA_band",
    "followingArtist": "SpotifyDE",
    "country_code": "HK",
    "country": "Hong Kong"
  },
  {
    "username": "uncle_fritz28",
    "followingArtist": "SpotifyDE",
    "country_code": "DE",
    "country": "Germany"
  },
  {
    "username": "patrikktrikk",
    "followingArtist": "SpotifyDE",
    "country_code": "DE",
    "country": "Germany"
  },
  {
    "username": "tomdeluxxe76",
    "followingArtist": "SpotifyDE",
    "country_code": "AT",
    "country": "Austria"
  },
  {
    "username": "NNmoore106",
    "followingArtist": "SpotifyDE",
    "country_code": "US",
    "country": "USA"
  },
  {
    "username": "Robin63070593",
    "followingArtist": "SpotifyDE",
    "country_code": "DE",
    "country": "Germany"
  },
  {
    "username": "derwils1",
    "followingArtist": "SpotifyDE",
    "country_code": "DE",
    "country": "Germany"
  },
  {
    "username": "Dragonrider20x",
    "followingArtist": "SpotifyDE",
    "country_code": "RO",
    "country": "Romania"
  },
  {
    "username": "DJ_VibeC",
    "followingArtist": "SpotifyDE",
    "country_code": "DE",
    "country": "Germany"
  },
  {
    "username": "ConMurphyMusic",
    "followingArtist": "SpotifyDE",
    "country_code": "IE",
    "country": "Ireland"
  },
  {
    "username": "SimonKrebs5",
    "followingArtist": "SpotifyDE",
    "country_code": "DE",
    "country": "Germany"
  },
  {
    "username": "Badboy84010529",
    "followingArtist": "SpotifyDE",
    "country_code": "DE",
    "country": "Germany"
  },
  {
    "username": "Gorgeous031",
    "followingArtist": "SpotifyDE",
    "country_code": "ZA",
    "country": "South Africa"
  },
  {
    "username": "shakerec",
    "followingArtist": "SpotifyDE",
    "country_code": "IT",
    "country": "Italy"
  },
  {
    "username": "paulohe3",
    "followingArtist": "SpotifyDE",
    "country_code": "MR",
    "country": "Mauritania"
  },
  {
    "username": "cdropcode",
    "followingArtist": "SpotifyDE",
    "country_code": "DE",
    "country": "Germany"
  },
  {
    "username": "v_ces",
    "followingArtist": "SpotifyDE",
    "country_code": "DE",
    "country": "Germany"
  },
  {
    "username": "187_erz",
    "followingArtist": "SpotifyDE",
    "country_code": "DE",
    "country": "Germany"
  },
  {
    "username": "blackesteyes_",
    "followingArtist": "SpotifyDE",
    "country_code": "SE",
    "country": "Sweden"
  },
  {
    "username": "mschwck",
    "followingArtist": "SpotifyDE",
    "country_code": "DE",
    "country": "Germany"
  },
  {
    "username": "ashwinjackson46",
    "followingArtist": "SpotifyDE",
    "country_code": "IN",
    "country": "India"
  },
  {
    "username": "anMozer",
    "followingArtist": "SpotifyDE",
    "country_code": "DE",
    "country": "Germany"
  },
  {
    "username": "DerIKuhn",
    "followingArtist": "SpotifyDE",
    "country_code": "DE",
    "country": "Germany"
  },
  {
    "username": "MakePunkGreat",
    "followingArtist": "SpotifyDE",
    "country_code": "DE",
    "country": "Germany"
  },
  {
    "username": "Floronks",
    "followingArtist": "SpotifyDE",
    "country_code": "GB",
    "country": "Wales"
  },
  {
    "username": "geiflor",
    "followingArtist": "SpotifyDE",
    "country_code": "RO",
    "country": "Romania"
  },
  {
    "username": "meisterebner",
    "followingArtist": "SpotifyDE",
    "country_code": "AT",
    "country": "Austria"
  },
  {
    "username": "Eibllena",
    "followingArtist": "SpotifyDE",
    "country_code": "DE",
    "country": "Germany"
  },
  {
    "username": "KevHerter",
    "followingArtist": "SpotifyDE",
    "country_code": "DE",
    "country": "Germany"
  },
  {
    "username": "TH24DeineNews",
    "followingArtist": "SpotifyDE",
    "country_code": "DE",
    "country": "Germany"
  },
  {
    "username": "keezwei",
    "followingArtist": "SpotifyDE",
    "country_code": "DE",
    "country": "Germany"
  },
  {
    "username": "heintz914",
    "followingArtist": "SpotifyDE",
    "country_code": "DE",
    "country": "Germany"
  },
  {
    "username": "POSTLIFEMUSIC",
    "followingArtist": "SpotifyDE",
    "country_code": "US",
    "country": "USA"
  },
  {
    "username": "Timo_Haegele",
    "followingArtist": "SpotifyDE",
    "country_code": "DE",
    "country": "Germany"
  },
  {
    "username": "Sch_mit_z",
    "followingArtist": "SpotifyDE",
    "country_code": "US",
    "country": "USA"
  },
  {
    "username": "RichTheKlit",
    "followingArtist": "SpotifyDE",
    "country_code": "US",
    "country": "USA"
  },
  {
    "username": "ZoeenMusic",
    "followingArtist": "SpotifyDE",
    "country_code": "IT",
    "country": "Italy"
  },
  {
    "username": "SyllaEvents",
    "followingArtist": "SpotifyDE",
    "country_code": "FR",
    "country": "France"
  },
  {
    "username": "RevolutionAMG",
    "followingArtist": "SpotifyDE",
    "country_code": "ES",
    "country": "Spain"
  },
  {
    "username": "neslionline",
    "followingArtist": "SpotifyDE",
    "country_code": "DE",
    "country": "Germany"
  },
  {
    "username": "LadyUniquepain",
    "followingArtist": "SpotifyDE",
    "country_code": "DE",
    "country": "Germany"
  },
  {
    "username": "leonie0608",
    "followingArtist": "SpotifyDE",
    "country_code": "DE",
    "country": "Germany"
  },
  {
    "username": "romeobcameron",
    "followingArtist": "SpotifyDE",
    "country_code": "US",
    "country": "USA"
  },
  {
    "username": "SengerPaul",
    "followingArtist": "SpotifyDE",
    "country_code": "DE",
    "country": "Germany"
  },
  {
    "username": "LauritzLemcke",
    "followingArtist": "SpotifyDE",
    "country_code": "US",
    "country": "USA"
  },
  {
    "username": "Marcel_Zahn",
    "followingArtist": "SpotifyDE",
    "country_code": "DE",
    "country": "Germany"
  },
  {
    "username": "TimTheReaper",
    "followingArtist": "SpotifyDE",
    "country_code": "NG",
    "country": "Nigeria"
  },
  {
    "username": "beautyfo0l_",
    "followingArtist": "SpotifyDE",
    "country_code": "DE",
    "country": "Germany"
  },
  {
    "username": "mircosich1",
    "followingArtist": "SpotifyDE",
    "country_code": "HR",
    "country": "Hrvatska"
  },
  {
    "username": "radioralfderec3",
    "followingArtist": "SpotifyDE",
    "country_code": "DE",
    "country": "Germany"
  },
  {
    "username": "Dasboo0",
    "followingArtist": "SpotifyDE",
    "country_code": "DE",
    "country": "Germany"
  },
  {
    "username": "DylanFraser",
    "followingArtist": "SpotifyDE",
    "country_code": "GB",
    "country": "Wales"
  },
  {
    "username": "Phillip99563988",
    "followingArtist": "SpotifyDE",
    "country_code": "DE",
    "country": "Germany"
  },
  {
    "username": "ollimahn",
    "followingArtist": "SpotifyDE",
    "country_code": "US",
    "country": "USA"
  },
  {
    "username": "krissyblues",
    "followingArtist": "SpotifyDE",
    "country_code": "US",
    "country": "USA"
  },
  {
    "username": "ankayblack",
    "followingArtist": "SpotifyDE",
    "country_code": "US",
    "country": "USA"
  },
  {
    "username": "Werewolfmanni",
    "followingArtist": "SpotifyDE",
    "country_code": "DE",
    "country": "Germany"
  },
  {
    "username": "HeikoMeischt",
    "followingArtist": "SpotifyDE",
    "country_code": "DE",
    "country": "Germany"
  },
  {
    "username": "jennradaker",
    "followingArtist": "SpotifyDE",
    "country_code": "US",
    "country": "USA"
  },
  {
    "username": "miRAGE_CR_CoC",
    "followingArtist": "SpotifyDE",
    "country_code": "DE",
    "country": "Germany"
  },
  {
    "username": "necoko91",
    "followingArtist": "SpotifyDE",
    "country_code": "DE",
    "country": "Germany"
  },
  {
    "username": "cdr87",
    "followingArtist": "SpotifyDE",
    "country_code": "DE",
    "country": "Germany"
  },
  {
    "username": "fredhilke",
    "followingArtist": "SpotifyDE",
    "country_code": "DE",
    "country": "Germany"
  },
  {
    "username": "severintrumpet",
    "followingArtist": "SpotifyDE",
    "country_code": "US",
    "country": "USA"
  },
  {
    "username": "anas_i_gouda",
    "followingArtist": "SpotifyDE",
    "country_code": "DE",
    "country": "Germany"
  },
  {
    "username": "kackundsach",
    "followingArtist": "SpotifyDE",
    "country_code": "DE",
    "country": "Germany"
  },
  {
    "username": "iFoundNemo19",
    "followingArtist": "SpotifyDE",
    "country_code": "DE",
    "country": "Germany"
  },
  {
    "username": "suck4peace",
    "followingArtist": "SpotifyDE",
    "country_code": "DE",
    "country": "Germany"
  },
  {
    "username": "247XV1",
    "followingArtist": "SpotifyDE",
    "country_code": "DE",
    "country": "Germany"
  },
  {
    "username": "TackLash",
    "followingArtist": "SpotifyDE",
    "country_code": "DE",
    "country": "Germany"
  },
  {
    "username": "florianknoetig",
    "followingArtist": "SpotifyDE",
    "country_code": "AT",
    "country": "Austria"
  },
  {
    "username": "SchadeRober",
    "followingArtist": "SpotifyDE",
    "country_code": "DE",
    "country": "Germany"
  },
  {
    "username": "beauty_hoompi",
    "followingArtist": "SpotifyDE",
    "country_code": "DE",
    "country": "Germany"
  },
  {
    "username": "Ninschn1",
    "followingArtist": "SpotifyDE",
    "country_code": "DE",
    "country": "Germany"
  },
  {
    "username": "guschbaby",
    "followingArtist": "SpotifyDE",
    "country_code": "AT",
    "country": "Austria"
  },
  {
    "username": "ottobronx",
    "followingArtist": "SpotifyDE",
    "country_code": "DE",
    "country": "Germany"
  },
  {
    "username": "Kolibrie2311",
    "followingArtist": "SpotifyDE",
    "country_code": "DE",
    "country": "Germany"
  },
  {
    "username": "daimasmom",
    "followingArtist": "SpotifyDE",
    "country_code": "DE",
    "country": "Germany"
  },
  {
    "username": "puffinrubin",
    "followingArtist": "SpotifyDE",
    "country_code": "DE",
    "country": "Germany"
  },
  {
    "username": "princeexpo",
    "followingArtist": "SpotifyDE",
    "country_code": "NL",
    "country": "Netherlands"
  },
  {
    "username": "werto_LP",
    "followingArtist": "SpotifyDE",
    "country_code": "DE",
    "country": "Germany"
  },
  {
    "username": "Alex_S_privat",
    "followingArtist": "SpotifyDE",
    "country_code": "DE",
    "country": "Germany"
  },
  {
    "username": "moritz129",
    "followingArtist": "SpotifyDE",
    "country_code": "DE",
    "country": "Germany"
  },
  {
    "username": "Ben_Laver",
    "followingArtist": "SpotifyDE",
    "country_code": "UK",
    "country": "United Kingdom"
  },
  {
    "username": "Madison1527",
    "followingArtist": "SpotifyDE",
    "country_code": "US",
    "country": "USA"
  },
  {
    "username": "nils_adi",
    "followingArtist": "SpotifyDE",
    "country_code": "IQ",
    "country": "Iraq"
  },
  {
    "username": "Thorsten_Gorner",
    "followingArtist": "SpotifyDE",
    "country_code": "DE",
    "country": "Germany"
  },
  {
    "username": "Cat_Dog93",
    "followingArtist": "SpotifyDE",
    "country_code": "DE",
    "country": "Germany"
  },
  {
    "username": "ramon1789",
    "followingArtist": "SpotifyDE",
    "country_code": "AT",
    "country": "Austria"
  },
  {
    "username": "Ikenwel",
    "followingArtist": "SpotifyDE",
    "country_code": "US",
    "country": "USA"
  },
  {
    "username": "AMGMUSICLABEL",
    "followingArtist": "SpotifyDE",
    "country_code": "PE",
    "country": "Peru"
  },
  {
    "username": "brmpft",
    "followingArtist": "SpotifyDE",
    "country_code": "DE",
    "country": "Germany"
  },
  {
    "username": "jesuisdonut",
    "followingArtist": "SpotifyDE",
    "country_code": "DE",
    "country": "Germany"
  },
  {
    "username": "larscx",
    "followingArtist": "SpotifyDE",
    "country_code": "DE",
    "country": "Germany"
  },
  {
    "username": "ivanapuska",
    "followingArtist": "SpotifyDE",
    "country_code": "AT",
    "country": "Austria"
  },
  {
    "username": "klangspot",
    "followingArtist": "SpotifyDE",
    "country_code": "DE",
    "country": "Germany"
  },
  {
    "username": "lighthouse_duo",
    "followingArtist": "SpotifyDE",
    "country_code": "NG",
    "country": "Nigeria"
  },
  {
    "username": "Sebastian_Kuhn",
    "followingArtist": "SpotifyDE",
    "country_code": "DE",
    "country": "Germany"
  },
  {
    "username": "heldbenny1",
    "followingArtist": "SpotifyDE",
    "country_code": "DE",
    "country": "Germany"
  },
  {
    "username": "NatiEhrmann",
    "followingArtist": "SpotifyDE",
    "country_code": "DE",
    "country": "Germany"
  },
  {
    "username": "Sengi93",
    "followingArtist": "SpotifyDE",
    "country_code": "DE",
    "country": "Germany"
  },
  {
    "username": "TropicBrokkoli",
    "followingArtist": "SpotifyDE",
    "country_code": "DE",
    "country": "Germany"
  },
  {
    "username": "JennyFriess84",
    "followingArtist": "SpotifyDE",
    "country_code": "DE",
    "country": "Germany"
  },
  {
    "username": "OlafRadow",
    "followingArtist": "SpotifyDE",
    "country_code": "DE",
    "country": "Germany"
  },
  {
    "username": "onABL3",
    "followingArtist": "SpotifyDE",
    "country_code": "California City Blvd",
    "country": "California City Blvd"
  },
  {
    "username": "Mahesh64pathak",
    "followingArtist": "SpotifyDE",
    "country_code": "IN",
    "country": "India"
  },
  {
    "username": "Lauragirl113",
    "followingArtist": "SpotifyDE",
    "country_code": "DE",
    "country": "Germany"
  },
  {
    "username": "jedentagnudeln",
    "followingArtist": "SpotifyDE",
    "country_code": "DE",
    "country": "Germany"
  },
  {
    "username": "Maddes",
    "followingArtist": "SpotifyDE",
    "country_code": "DE",
    "country": "Germany"
  },
  {
    "username": "Mohamed_Ahmath",
    "followingArtist": "SpotifyDE",
    "country_code": "DE",
    "country": "Germany"
  },
  {
    "username": "StefanHeinric76",
    "followingArtist": "SpotifyDE",
    "country_code": "DE",
    "country": "Germany"
  },
  {
    "username": "SwenFrancisco",
    "followingArtist": "SpotifyDE",
    "country_code": "ID",
    "country": "Indonesia"
  },
  {
    "username": "wildmooser",
    "followingArtist": "SpotifyDE",
    "country_code": "DE",
    "country": "Germany"
  },
  {
    "username": "omgitsfiji",
    "followingArtist": "SpotifyDE",
    "country_code": "DE",
    "country": "Germany"
  },
  {
    "username": "pfeffijugend",
    "followingArtist": "SpotifyDE",
    "country_code": "DE",
    "country": "Germany"
  },
  {
    "username": "Lenale_sydow",
    "followingArtist": "SpotifyDE",
    "country_code": "DE",
    "country": "Germany"
  },
  {
    "username": "Rubens66652713",
    "followingArtist": "SpotifyDE",
    "country_code": "CH",
    "country": "Switzerland"
  },
  {
    "username": "MikeBergMusic",
    "followingArtist": "SpotifyDE",
    "country_code": "NG",
    "country": "Nigeria"
  },
  {
    "username": "Paulic86488312",
    "followingArtist": "SpotifyDE",
    "country_code": "DE",
    "country": "Germany"
  },
  {
    "username": "Clouedo",
    "followingArtist": "SpotifyDE",
    "country_code": "DE",
    "country": "Germany"
  },
  {
    "username": "whois_lena",
    "followingArtist": "SpotifyDE",
    "country_code": "DE",
    "country": "Germany"
  },
  {
    "username": "felix_elsner",
    "followingArtist": "SpotifyDE",
    "country_code": "DE",
    "country": "Germany"
  },
  {
    "username": "ywerrus",
    "followingArtist": "SpotifyDE",
    "country_code": "US",
    "country": "USA"
  },
  {
    "username": "JeSSiiPuPPe",
    "followingArtist": "SpotifyDE",
    "country_code": "DE",
    "country": "Germany"
  },
  {
    "username": "19paddy88",
    "followingArtist": "SpotifyDE",
    "country_code": "DE",
    "country": "Germany"
  },
  {
    "username": "Alysanna",
    "followingArtist": "SpotifyDE",
    "country_code": "DE",
    "country": "Germany"
  },
  {
    "username": "shredkelly",
    "followingArtist": "SpotifyDE",
    "country_code": "CA",
    "country": "Canada"
  },
  {
    "username": "yellowrain79",
    "followingArtist": "SpotifyDE",
    "country_code": "DE",
    "country": "Germany"
  },
  {
    "username": "theofficestereo",
    "followingArtist": "SpotifyDE",
    "country_code": "UK",
    "country": "United Kingdom"
  },
  {
    "username": "bevinxent",
    "followingArtist": "SpotifyDE",
    "country_code": "DE",
    "country": "Germany"
  },
  {
    "username": "mp6mo",
    "followingArtist": "SpotifyDE",
    "country_code": "DE",
    "country": "Germany"
  },
  {
    "username": "HerrSuhrbier",
    "followingArtist": "SpotifyDE",
    "country_code": "DE",
    "country": "Germany"
  },
  {
    "username": "netzhoerer",
    "followingArtist": "SpotifyDE",
    "country_code": "DE",
    "country": "Germany"
  },
  {
    "username": "Marie_HeLenaCym",
    "followingArtist": "SpotifyDE",
    "country_code": "DE",
    "country": "Germany"
  },
  {
    "username": "gymrandale",
    "followingArtist": "SpotifyDE",
    "country_code": "DE",
    "country": "Germany"
  },
  {
    "username": "Pirchale",
    "followingArtist": "SpotifyDE",
    "country_code": "DE",
    "country": "Germany"
  },
  {
    "username": "nidnv",
    "followingArtist": "SpotifyDE",
    "country_code": "DE",
    "country": "Germany"
  },
  {
    "username": "1337keksi",
    "followingArtist": "SpotifyDE",
    "country_code": "DE",
    "country": "Germany"
  },
  {
    "username": "MoeThis",
    "followingArtist": "SpotifyDE",
    "country_code": "DE",
    "country": "Germany"
  },
  {
    "username": "aciminata",
    "followingArtist": "SpotifyDE",
    "country_code": "UK",
    "country": "United Kingdom"
  },
  {
    "username": "BecameInsane",
    "followingArtist": "SpotifyDE",
    "country_code": "DE",
    "country": "Germany"
  },
  {
    "username": "JamesAtAmour",
    "followingArtist": "SpotifyDE",
    "country_code": "UK",
    "country": "United Kingdom"
  },
  {
    "username": "AmourMusicUK",
    "followingArtist": "SpotifyDE",
    "country_code": "UK",
    "country": "United Kingdom"
  },
  {
    "username": "hernameisark",
    "followingArtist": "SpotifyDE",
    "country_code": "UK",
    "country": "United Kingdom"
  },
  {
    "username": "DerEchtePikafue",
    "followingArtist": "SpotifyDE",
    "country_code": "TR",
    "country": "Turkey"
  },
  {
    "username": "UnomasOfficial",
    "followingArtist": "SpotifyDE",
    "country_code": "US",
    "country": "USA"
  },
  {
    "username": "Nicosteffen1995",
    "followingArtist": "SpotifyDE",
    "country_code": "DE",
    "country": "Germany"
  },
  {
    "username": "ElsaKnightwalkT",
    "followingArtist": "SpotifyDE",
    "country_code": "NO",
    "country": "Norway"
  },
  {
    "username": "Klimmboo",
    "followingArtist": "SpotifyDE",
    "country_code": "DE",
    "country": "Germany"
  },
  {
    "username": "eguitar13",
    "followingArtist": "SpotifyDE",
    "country_code": "DE",
    "country": "Germany"
  },
  {
    "username": "SprokieakaTimmy",
    "followingArtist": "SpotifyDE",
    "country_code": "BE",
    "country": "Belgium"
  },
  {
    "username": "Docter_Faith",
    "followingArtist": "SpotifyDE",
    "country_code": "US",
    "country": "USA"
  },
  {
    "username": "_Dominc_",
    "followingArtist": "SpotifyDE",
    "country_code": "DE",
    "country": "Germany"
  },
  {
    "username": "nussbaumadrian",
    "followingArtist": "SpotifyDE",
    "country_code": "RO",
    "country": "Romania"
  },
  {
    "username": "Dasha_DHD",
    "followingArtist": "SpotifyDE",
    "country_code": "LI",
    "country": "Liechtenstein"
  },
  {
    "username": "gasjefff",
    "followingArtist": "SpotifyDE",
    "country_code": "DE",
    "country": "Germany"
  },
  {
    "username": "KemperMitE",
    "followingArtist": "SpotifyDE",
    "country_code": "US",
    "country": "USA"
  },
  {
    "username": "DannySodeikat",
    "followingArtist": "SpotifyDE",
    "country_code": "DE",
    "country": "Germany"
  },
  {
    "username": "ghOst_writ3r",
    "followingArtist": "SpotifyDE",
    "country_code": "DE",
    "country": "Germany"
  },
  {
    "username": "da_chris95",
    "followingArtist": "SpotifyDE",
    "country_code": "DE",
    "country": "Germany"
  },
  {
    "username": "NORBIXYV",
    "followingArtist": "SpotifyDE",
    "country_code": "DE",
    "country": "Germany"
  },
  {
    "username": "GameHubOne",
    "followingArtist": "SpotifyDE",
    "country_code": "DE",
    "country": "Germany"
  },
  {
    "username": "_DaniCherie_",
    "followingArtist": "SpotifyDE",
    "country_code": "DE",
    "country": "Germany"
  },
  {
    "username": "SamuelM22097851",
    "followingArtist": "SpotifyDE",
    "country_code": "DE",
    "country": "Germany"
  },
  {
    "username": "Kurt_CHose",
    "followingArtist": "SpotifyDE",
    "country_code": "DE",
    "country": "Germany"
  },
  {
    "username": "ayliinsenn",
    "followingArtist": "SpotifyDE",
    "country_code": "DE",
    "country": "Germany"
  },
  {
    "username": "RealTorontus",
    "followingArtist": "SpotifyDE",
    "country_code": "DE",
    "country": "Germany"
  },
  {
    "username": "Offenbacher_96",
    "followingArtist": "SpotifyDE",
    "country_code": "DE",
    "country": "Germany"
  },
  {
    "username": "PatiSwiftie13",
    "followingArtist": "SpotifyDE",
    "country_code": "TL",
    "country": "TL"
  },
  {
    "username": "LegalHighBand",
    "followingArtist": "SpotifyDE",
    "country_code": "DE",
    "country": "Germany"
  },
  {
    "username": "frerejonny",
    "followingArtist": "SpotifyDE",
    "country_code": "DE",
    "country": "Germany"
  },
  {
    "username": "SoToSuicide",
    "followingArtist": "SpotifyDE",
    "country_code": "BD",
    "country": "Bangladesh"
  },
  {
    "username": "carljost",
    "followingArtist": "SpotifyDE",
    "country_code": "DE",
    "country": "Germany"
  },
  {
    "username": "rob_vogel4",
    "followingArtist": "SpotifyDE",
    "country_code": "DE",
    "country": "Germany"
  },
  {
    "username": "Hugo_Miguel_",
    "followingArtist": "SpotifyDE",
    "country_code": "DE",
    "country": "Germany"
  },
  {
    "username": "mauricewegner8",
    "followingArtist": "SpotifyDE",
    "country_code": "DE",
    "country": "Germany"
  },
  {
    "username": "LeoMrnna",
    "followingArtist": "SpotifyDE",
    "country_code": "DE",
    "country": "Germany"
  },
  {
    "username": "_SerenityX_",
    "followingArtist": "SpotifyDE",
    "country_code": "DE",
    "country": "Germany"
  },
  {
    "username": "KoederLinus",
    "followingArtist": "SpotifyDE",
    "country_code": "DE",
    "country": "Germany"
  },
  {
    "username": "ninoaloi66",
    "followingArtist": "SpotifyDE",
    "country_code": "US",
    "country": "USA"
  },
  {
    "username": "xKuErBiStUmOrX",
    "followingArtist": "SpotifyDE",
    "country_code": "US",
    "country": "USA"
  },
  {
    "username": "ReginaGinaG",
    "followingArtist": "SpotifyDE",
    "country_code": "DE",
    "country": "Germany"
  },
  {
    "username": "theffconnect",
    "followingArtist": "SpotifyDE",
    "country_code": "US",
    "country": "USA"
  },
  {
    "username": "inferamusic",
    "followingArtist": "SpotifyDE",
    "country_code": "EE",
    "country": "Estonia"
  },
  {
    "username": "AntjeKoeder1",
    "followingArtist": "SpotifyDE",
    "country_code": "DE",
    "country": "Germany"
  },
  {
    "username": "frank_schmitz68",
    "followingArtist": "SpotifyDE",
    "country_code": "CH",
    "country": "Switzerland"
  },
  {
    "username": "Quandti1",
    "followingArtist": "SpotifyDE",
    "country_code": "DE",
    "country": "Germany"
  },
  {
    "username": "jamieoborne",
    "followingArtist": "SpotifyDE",
    "country_code": "UK",
    "country": "United Kingdom"
  },
  {
    "username": "Th10Yv",
    "followingArtist": "SpotifyDE",
    "country_code": "DE",
    "country": "Germany"
  },
  {
    "username": "dkg_steffen",
    "followingArtist": "SpotifyDE",
    "country_code": "DE",
    "country": "Germany"
  },
  {
    "username": "Pam_Panik",
    "followingArtist": "SpotifyDE",
    "country_code": "BR",
    "country": "Brazil"
  },
  {
    "username": "paul__72",
    "followingArtist": "SpotifyDE",
    "country_code": "DE",
    "country": "Germany"
  },
  {
    "username": "Froska_Fox",
    "followingArtist": "SpotifyDE",
    "country_code": "DE",
    "country": "Germany"
  },
  {
    "username": "Kiehmster",
    "followingArtist": "SpotifyDE",
    "country_code": "DE",
    "country": "Germany"
  },
  {
    "username": "zuvielzukunft",
    "followingArtist": "SpotifyDE",
    "country_code": "ID",
    "country": "Indonesia"
  },
  {
    "username": "Dom231X",
    "followingArtist": "SpotifyDE",
    "country_code": "DE",
    "country": "Germany"
  },
  {
    "username": "IkerReigns",
    "followingArtist": "SpotifyDE",
    "country_code": "ES",
    "country": "Spain"
  },
  {
    "username": "LouVdm",
    "followingArtist": "SpotifyDE",
    "country_code": "IT",
    "country": "Italy"
  },
  {
    "username": "CSB_DE",
    "followingArtist": "SpotifyDE",
    "country_code": "US",
    "country": "USA"
  },
  {
    "username": "SchattenwolfTV",
    "followingArtist": "SpotifyDE",
    "country_code": "US",
    "country": "USA"
  },
  {
    "username": "LarrySchmitt",
    "followingArtist": "SpotifyDE",
    "country_code": "DE",
    "country": "Germany"
  },
  {
    "username": "margotpolomusic",
    "followingArtist": "SpotifyDE",
    "country_code": "California City Blvd",
    "country": "California City Blvd"
  },
  {
    "username": "ManuelaSoos",
    "followingArtist": "SpotifyDE",
    "country_code": "AT",
    "country": "Austria"
  },
  {
    "username": "WhoIsJTorah",
    "followingArtist": "SpotifyDE",
    "country_code": "US",
    "country": "USA"
  },
  {
    "username": "Anlea_A",
    "followingArtist": "SpotifyDE",
    "country_code": "DE",
    "country": "Germany"
  },
  {
    "username": "_ProximaParada",
    "followingArtist": "SpotifyDE",
    "country_code": "US",
    "country": "USA"
  },
  {
    "username": "Rigbymusic",
    "followingArtist": "SpotifyDE",
    "country_code": "BR",
    "country": "Brazil"
  },
  {
    "username": "lcwrbs",
    "followingArtist": "SpotifyDE",
    "country_code": "DE",
    "country": "Germany"
  },
  {
    "username": "soundriser_play",
    "followingArtist": "SpotifyDE",
    "country_code": "DE",
    "country": "Germany"
  },
  {
    "username": "AMGAMG1111",
    "followingArtist": "SpotifyDE",
    "country_code": "KW",
    "country": "Kuwait"
  },
  {
    "username": "TimVoe00",
    "followingArtist": "SpotifyDE",
    "country_code": "DE",
    "country": "Germany"
  },
  {
    "username": "FabRaadMcAndrew",
    "followingArtist": "SpotifyDE",
    "country_code": "UK",
    "country": "United Kingdom"
  },
  {
    "username": "Dennis33808968",
    "followingArtist": "SpotifyDE",
    "country_code": "DE",
    "country": "Germany"
  },
  {
    "username": "plsblessme",
    "followingArtist": "SpotifyDE",
    "country_code": "US",
    "country": "USA"
  },
  {
    "username": "aschmon",
    "followingArtist": "SpotifyDE",
    "country_code": "DE",
    "country": "Germany"
  },
  {
    "username": "AnniMcOak",
    "followingArtist": "SpotifyDE",
    "country_code": "DE",
    "country": "Germany"
  },
  {
    "username": "koerbchen027",
    "followingArtist": "SpotifyDE",
    "country_code": "DE",
    "country": "Germany"
  },
  {
    "username": "KenWirth",
    "followingArtist": "SpotifyDE",
    "country_code": "DE",
    "country": "Germany"
  },
  {
    "username": "Carlos_ToroLV",
    "followingArtist": "SpotifyDE",
    "country_code": "ES",
    "country": "Spain"
  },
  {
    "username": "michih87",
    "followingArtist": "SpotifyDE",
    "country_code": "DE",
    "country": "Germany"
  },
  {
    "username": "Yasser06563525",
    "followingArtist": "SpotifyDE",
    "country_code": "DE",
    "country": "Germany"
  },
  {
    "username": "ExecutiveThrill",
    "followingArtist": "SpotifyDE",
    "country_code": "US",
    "country": "USA"
  },
  {
    "username": "risingben99",
    "followingArtist": "SpotifyDE",
    "country_code": "DE",
    "country": "Germany"
  },
  {
    "username": "YassineFadhlao2",
    "followingArtist": "SpotifyDE",
    "country_code": "NL",
    "country": "Netherlands"
  },
  {
    "username": "stbweichelt",
    "followingArtist": "SpotifyDE",
    "country_code": "DE",
    "country": "Germany"
  },
  {
    "username": "maroeoen1",
    "followingArtist": "SpotifyDE",
    "country_code": "DE",
    "country": "Germany"
  },
  {
    "username": "ArtistsBuzz",
    "followingArtist": "SpotifyDE",
    "country_code": "US",
    "country": "USA"
  },
  {
    "username": "Aleleo2103",
    "followingArtist": "SpotifyDE",
    "country_code": "DE",
    "country": "Germany"
  },
  {
    "username": "DustinIvarsson",
    "followingArtist": "SpotifyDE",
    "country_code": "DE",
    "country": "Germany"
  },
  {
    "username": "_mene",
    "followingArtist": "SpotifyDE",
    "country_code": "DE",
    "country": "Germany"
  },
  {
    "username": "2712_anna",
    "followingArtist": "SpotifyDE",
    "country_code": "DE",
    "country": "Germany"
  },
  {
    "username": "_Kascha",
    "followingArtist": "SpotifyDE",
    "country_code": "DE",
    "country": "Germany"
  },
  {
    "username": "tv_ultras",
    "followingArtist": "SpotifyDE",
    "country_code": "US",
    "country": "USA"
  },
  {
    "username": "Resi0711",
    "followingArtist": "SpotifyDE",
    "country_code": "DE",
    "country": "Germany"
  },
  {
    "username": "Grube351",
    "followingArtist": "SpotifyDE",
    "country_code": "DE",
    "country": "Germany"
  },
  {
    "username": "Melih10611867",
    "followingArtist": "SpotifyDE",
    "country_code": "DE",
    "country": "Germany"
  },
  {
    "username": "Selenag85079565",
    "followingArtist": "SpotifyDE",
    "country_code": "US",
    "country": "USA"
  },
  {
    "username": "CamoAndreas",
    "followingArtist": "SpotifyDE",
    "country_code": "DE",
    "country": "Germany"
  },
  {
    "username": "nullzweinullei1",
    "followingArtist": "SpotifyDE",
    "country_code": "DE",
    "country": "Germany"
  },
  {
    "username": "Five9",
    "followingArtist": "SpotifyDE",
    "country_code": "US",
    "country": "USA"
  },
  {
    "username": "AnnaBau53854962",
    "followingArtist": "SpotifyDE",
    "country_code": "DE",
    "country": "Germany"
  },
  {
    "username": "KATIEMARNE",
    "followingArtist": "SpotifyDE",
    "country_code": "UK",
    "country": "United Kingdom"
  },
  {
    "username": "maxiin_",
    "followingArtist": "SpotifyDE",
    "country_code": "DE",
    "country": "Germany"
  },
  {
    "username": "evankirstel",
    "followingArtist": "SpotifyDE",
    "country_code": "US",
    "country": "USA"
  },
  {
    "username": "10Adi06",
    "followingArtist": "SpotifyDE",
    "country_code": "DE",
    "country": "Germany"
  },
  {
    "username": "DerNeue_JayP",
    "followingArtist": "SpotifyDE",
    "country_code": "AT",
    "country": "Austria"
  },
  {
    "username": "goenner24_7",
    "followingArtist": "SpotifyDE",
    "country_code": "DE",
    "country": "Germany"
  },
  {
    "username": "mxxfun",
    "followingArtist": "SpotifyDE",
    "country_code": "US",
    "country": "USA"
  },
  {
    "username": "hongzhe_gao",
    "followingArtist": "SpotifyDE",
    "country_code": "DE",
    "country": "Germany"
  },
  {
    "username": "MyDcCollection",
    "followingArtist": "SpotifyDE",
    "country_code": "GB",
    "country": "Wales"
  },
  {
    "username": "Veritableflow",
    "followingArtist": "SpotifyDE",
    "country_code": "CH",
    "country": "Switzerland"
  },
  {
    "username": "4prior71",
    "followingArtist": "SpotifyDE",
    "country_code": "DE",
    "country": "Germany"
  },
  {
    "username": "zTrileX",
    "followingArtist": "SpotifyDE",
    "country_code": "DE",
    "country": "Germany"
  },
  {
    "username": "pospi1986",
    "followingArtist": "SpotifyDE",
    "country_code": "DE",
    "country": "Germany"
  },
  {
    "username": "gernegger",
    "followingArtist": "SpotifyDE",
    "country_code": "DE",
    "country": "Germany"
  },
  {
    "username": "chfree",
    "followingArtist": "SpotifyDE",
    "country_code": "BE",
    "country": "Belgium"
  },
  {
    "username": "DaniloMarcelli",
    "followingArtist": "SpotifyDE",
    "country_code": "IT",
    "country": "Italy"
  },
  {
    "username": "koeder_a",
    "followingArtist": "SpotifyDE",
    "country_code": "DE",
    "country": "Germany"
  },
  {
    "username": "BarPianoWien",
    "followingArtist": "SpotifyDE",
    "country_code": "AT",
    "country": "Austria"
  },
  {
    "username": "ootochaoo",
    "followingArtist": "SpotifyDE",
    "country_code": "DE",
    "country": "Germany"
  },
  {
    "username": "gigsandtones",
    "followingArtist": "SpotifyDE",
    "country_code": "DE",
    "country": "Germany"
  },
  {
    "username": "mf_magazin",
    "followingArtist": "SpotifyDE",
    "country_code": "CH",
    "country": "Switzerland"
  },
  {
    "username": "Magnus0ne",
    "followingArtist": "SpotifyDE",
    "country_code": "DE",
    "country": "Germany"
  },
  {
    "username": "Dominik_Haake",
    "followingArtist": "SpotifyDE",
    "country_code": "DE",
    "country": "Germany"
  },
  {
    "username": "Josepausecarrer",
    "followingArtist": "SpotifyDE",
    "country_code": "US",
    "country": "USA"
  },
  {
    "username": "koralyoung",
    "followingArtist": "SpotifyDE",
    "country_code": "NG",
    "country": "Nigeria"
  },
  {
    "username": "moreaccidentals",
    "followingArtist": "SpotifyDE",
    "country_code": "US",
    "country": "USA"
  },
  {
    "username": "Tabeahasa",
    "followingArtist": "SpotifyDE",
    "country_code": "DE",
    "country": "Germany"
  },
  {
    "username": "s_a_m_9_1",
    "followingArtist": "SpotifyDE",
    "country_code": "US",
    "country": "USA"
  },
  {
    "username": "orangjutan24",
    "followingArtist": "SpotifyDE",
    "country_code": "DE",
    "country": "Germany"
  },
  {
    "username": "Annabel33297769",
    "followingArtist": "SpotifyDE",
    "country_code": "DE",
    "country": "Germany"
  },
  {
    "username": "Mogleevie",
    "followingArtist": "SpotifyDE",
    "country_code": "AT",
    "country": "Austria"
  },
  {
    "username": "Jxkvju21",
    "followingArtist": "SpotifyDE",
    "country_code": "US",
    "country": "USA"
  },
  {
    "username": "Flyhiighx3",
    "followingArtist": "SpotifyDE",
    "country_code": "SN",
    "country": "Senegal"
  },
  {
    "username": "genesisalascruz",
    "followingArtist": "SpotifyDE",
    "country_code": "MX",
    "country": "Mexico"
  },
  {
    "username": "Rupertstroud",
    "followingArtist": "SpotifyDE",
    "country_code": "UK",
    "country": "United Kingdom"
  },
  {
    "username": "lichengwang",
    "followingArtist": "SpotifyDE",
    "country_code": "DE",
    "country": "Germany"
  },
  {
    "username": "voistel",
    "followingArtist": "SpotifyDE",
    "country_code": "US",
    "country": "USA"
  },
  {
    "username": "BimsPaddy",
    "followingArtist": "SpotifyDE",
    "country_code": "AT",
    "country": "Austria"
  },
  {
    "username": "FloVoigt",
    "followingArtist": "SpotifyDE",
    "country_code": "DE",
    "country": "Germany"
  },
  {
    "username": "NeoRomantics",
    "followingArtist": "SpotifyDE",
    "country_code": "US",
    "country": "USA"
  },
  {
    "username": "ShootlikeV2",
    "followingArtist": "SpotifyDE",
    "country_code": "DE",
    "country": "Germany"
  },
  {
    "username": "Premyer1",
    "followingArtist": "SpotifyDE",
    "country_code": "DE",
    "country": "Germany"
  },
  {
    "username": "igbh1",
    "followingArtist": "SpotifyDE",
    "country_code": "DE",
    "country": "Germany"
  },
  {
    "username": "Fury722",
    "followingArtist": "SpotifyDE",
    "country_code": "CH",
    "country": "Switzerland"
  },
  {
    "username": "resileint",
    "followingArtist": "SpotifyDE",
    "country_code": "DE",
    "country": "Germany"
  },
  {
    "username": "brainca_",
    "followingArtist": "SpotifyDE",
    "country_code": "US",
    "country": "USA"
  },
  {
    "username": "Rafaelovic7",
    "followingArtist": "SpotifyDE",
    "country_code": "DE",
    "country": "Germany"
  },
  {
    "username": "KristinGo1984",
    "followingArtist": "SpotifyDE",
    "country_code": "DE",
    "country": "Germany"
  },
  {
    "username": "schnuddelz",
    "followingArtist": "SpotifyDE",
    "country_code": "DE",
    "country": "Germany"
  },
  {
    "username": "V3rt3Br4e",
    "followingArtist": "SpotifyDE",
    "country_code": "DE",
    "country": "Germany"
  },
  {
    "username": "gabel_dennis",
    "followingArtist": "SpotifyDE",
    "country_code": "CH",
    "country": "Switzerland"
  },
  {
    "username": "Smallc09",
    "followingArtist": "SpotifyDE",
    "country_code": "DE",
    "country": "Germany"
  },
  {
    "username": "Martiny92x",
    "followingArtist": "SpotifyDE",
    "country_code": "DE",
    "country": "Germany"
  },
  {
    "username": "notaahz",
    "followingArtist": "SpotifyDE",
    "country_code": "DE",
    "country": "Germany"
  },
  {
    "username": "blomski29",
    "followingArtist": "SpotifyDE",
    "country_code": "DE",
    "country": "Germany"
  },
  {
    "username": "Foo_Fi_fan",
    "followingArtist": "SpotifyDE",
    "country_code": "GH",
    "country": "Ghana"
  },
  {
    "username": "UL_Stiftung",
    "followingArtist": "SpotifyDE",
    "country_code": "DE",
    "country": "Germany"
  },
  {
    "username": "thebestsocialDE",
    "followingArtist": "SpotifyDE",
    "country_code": "NL",
    "country": "Netherlands"
  },
  {
    "username": "xlisax241",
    "followingArtist": "SpotifyDE",
    "country_code": "DE",
    "country": "Germany"
  },
  {
    "username": "JIHasselblatt",
    "followingArtist": "SpotifyDE",
    "country_code": "NO",
    "country": "Norway"
  },
  {
    "username": "3amthoughtsC",
    "followingArtist": "SpotifyDE",
    "country_code": "DE",
    "country": "Germany"
  },
  {
    "username": "TJ_Black96",
    "followingArtist": "SpotifyDE",
    "country_code": "DE",
    "country": "Germany"
  },
  {
    "username": "OnlyOneMilkMan",
    "followingArtist": "SpotifyDE",
    "country_code": "JM",
    "country": "Jamaica"
  },
  {
    "username": "Duerrholz",
    "followingArtist": "SpotifyDE",
    "country_code": "US",
    "country": "USA"
  },
  {
    "username": "orsolyaviolin",
    "followingArtist": "SpotifyDE",
    "country_code": "AT",
    "country": "Austria"
  },
  {
    "username": "sayem008",
    "followingArtist": "SpotifyDE",
    "country_code": "BD",
    "country": "Bangladesh"
  },
  {
    "username": "kathieberlin",
    "followingArtist": "SpotifyDE",
    "country_code": "PL",
    "country": "Poland"
  },
  {
    "username": "SvenMoritz1",
    "followingArtist": "SpotifyDE",
    "country_code": "DE",
    "country": "Germany"
  },
  {
    "username": "harrydeternity",
    "followingArtist": "SpotifyDE",
    "country_code": "DE",
    "country": "Germany"
  },
  {
    "username": "jesmo1994",
    "followingArtist": "SpotifyDE",
    "country_code": "US",
    "country": "USA"
  },
  {
    "username": "strictlyspotify",
    "followingArtist": "SpotifyDE",
    "country_code": "US",
    "country": "USA"
  },
  {
    "username": "got_tobi95",
    "followingArtist": "SpotifyDE",
    "country_code": "DE",
    "country": "Germany"
  },
  {
    "username": "xStreetLordZx",
    "followingArtist": "SpotifyDE",
    "country_code": "CH",
    "country": "Switzerland"
  },
  {
    "username": "lenasuhr",
    "followingArtist": "SpotifyDE",
    "country_code": "DE",
    "country": "Germany"
  },
  {
    "username": "CharliieWehner",
    "followingArtist": "SpotifyDE",
    "country_code": "DE",
    "country": "Germany"
  },
  {
    "username": "Schuki51",
    "followingArtist": "SpotifyDE",
    "country_code": "DE",
    "country": "Germany"
  },
  {
    "username": "kevin36x",
    "followingArtist": "SpotifyDE",
    "country_code": "DE",
    "country": "Germany"
  },
  {
    "username": "manu_milo89",
    "followingArtist": "SpotifyDE",
    "country_code": "CH",
    "country": "Switzerland"
  },
  {
    "username": "AndreasHll4",
    "followingArtist": "SpotifyDE",
    "country_code": "DE",
    "country": "Germany"
  },
  {
    "username": "Anna69301429",
    "followingArtist": "SpotifyDE",
    "country_code": "DE",
    "country": "Germany"
  },
  {
    "username": "derrpassi",
    "followingArtist": "SpotifyDE",
    "country_code": "in",
    "country": "India"
  },
  {
    "username": "annepe14",
    "followingArtist": "SpotifyDE",
    "country_code": "DE",
    "country": "Germany"
  },
  {
    "username": "scharlischien",
    "followingArtist": "SpotifyDE",
    "country_code": "AU",
    "country": "Australia"
  },
  {
    "username": "ingo_karol",
    "followingArtist": "SpotifyDE",
    "country_code": "DE",
    "country": "Germany"
  },
  {
    "username": "ThomyHH",
    "followingArtist": "SpotifyDE",
    "country_code": "DE",
    "country": "Germany"
  },
  {
    "username": "AtillaAtak17",
    "followingArtist": "SpotifyDE",
    "country_code": "DE",
    "country": "Germany"
  },
  {
    "username": "SchlabackPhilip",
    "followingArtist": "SpotifyDE",
    "country_code": "DE",
    "country": "Germany"
  },
  {
    "username": "DonzEyes",
    "followingArtist": "SpotifyDE",
    "country_code": "UK",
    "country": "United Kingdom"
  },
  {
    "username": "MNagoyaOfficial",
    "followingArtist": "SpotifyDE",
    "country_code": "FR",
    "country": "France"
  },
  {
    "username": "Lisa_Cecilia",
    "followingArtist": "SpotifyDE",
    "country_code": "DE",
    "country": "Germany"
  },
  {
    "username": "SheggiOfficial",
    "followingArtist": "SpotifyDE",
    "country_code": "DE",
    "country": "Germany"
  },
  {
    "username": "DiekmannMarc",
    "followingArtist": "SpotifyDE",
    "country_code": "DE",
    "country": "Germany"
  },
  {
    "username": "justbastified",
    "followingArtist": "SpotifyDE",
    "country_code": "DE",
    "country": "Germany"
  },
  {
    "username": "EPlatzeck",
    "followingArtist": "SpotifyDE",
    "country_code": "DE",
    "country": "Germany"
  },
  {
    "username": "Schleckenslord",
    "followingArtist": "SpotifyDE",
    "country_code": "DE",
    "country": "Germany"
  },
  {
    "username": "Elena55656064",
    "followingArtist": "SpotifyDE",
    "country_code": "DE",
    "country": "Germany"
  },
  {
    "username": "TimWesterhoff98",
    "followingArtist": "SpotifyDE",
    "country_code": "DE",
    "country": "Germany"
  },
  {
    "username": "plappetitlich",
    "followingArtist": "SpotifyDE",
    "country_code": "US",
    "country": "USA"
  },
  {
    "username": "juergstg1",
    "followingArtist": "SpotifyDE",
    "country_code": "DE",
    "country": "Germany"
  },
  {
    "username": "louis_gramich",
    "followingArtist": "SpotifyDE",
    "country_code": "CH",
    "country": "Switzerland"
  },
  {
    "username": "phil_k93",
    "followingArtist": "SpotifyDE",
    "country_code": "DE",
    "country": "Germany"
  },
  {
    "username": "benbunge",
    "followingArtist": "SpotifyDE",
    "country_code": "DE",
    "country": "Germany"
  },
  {
    "username": "jimmycentury",
    "followingArtist": "SpotifyDE",
    "country_code": "US",
    "country": "USA"
  },
  {
    "username": "BaumbachMarvin",
    "followingArtist": "SpotifyDE",
    "country_code": "DE",
    "country": "Germany"
  },
  {
    "username": "JohnParrMusic",
    "followingArtist": "SpotifyDE",
    "country_code": "US",
    "country": "USA"
  },
  {
    "username": "lara42208555",
    "followingArtist": "SpotifyDE",
    "country_code": "DE",
    "country": "Germany"
  },
  {
    "username": "Sajoma1407",
    "followingArtist": "SpotifyDE",
    "country_code": "DE",
    "country": "Germany"
  },
  {
    "username": "MedienMichelle",
    "followingArtist": "SpotifyDE",
    "country_code": "US",
    "country": "USA"
  },
  {
    "username": "classic_studios",
    "followingArtist": "SpotifyDE",
    "country_code": "DE",
    "country": "Germany"
  },
  {
    "username": "ITookYourName",
    "followingArtist": "SpotifyDE",
    "country_code": "NL",
    "country": "Netherlands"
  },
  {
    "username": "StephanWild",
    "followingArtist": "SpotifyDE",
    "country_code": "DE",
    "country": "Germany"
  },
  {
    "username": "FinnNms",
    "followingArtist": "SpotifyDE",
    "country_code": "DE",
    "country": "Germany"
  },
  {
    "username": "Lueppy",
    "followingArtist": "SpotifyDE",
    "country_code": "DE",
    "country": "Germany"
  },
  {
    "username": "Murat_Pasa",
    "followingArtist": "SpotifyDE",
    "country_code": "DE",
    "country": "Germany"
  },
  {
    "username": "KoehneDustin",
    "followingArtist": "SpotifyDE",
    "country_code": "DE",
    "country": "Germany"
  },
  {
    "username": "Norman12883108",
    "followingArtist": "SpotifyDE",
    "country_code": "DE",
    "country": "Germany"
  },
  {
    "username": "Tativnol",
    "followingArtist": "SpotifyDE",
    "country_code": "DE",
    "country": "Germany"
  },
  {
    "username": "SMANCYDERBESTE",
    "followingArtist": "SpotifyDE",
    "country_code": "DE",
    "country": "Germany"
  },
  {
    "username": "CRuSHeR7798",
    "followingArtist": "SpotifyDE",
    "country_code": "DE",
    "country": "Germany"
  },
  {
    "username": "ThisIsHead",
    "followingArtist": "SpotifyDE",
    "country_code": "NO",
    "country": "Norway"
  },
  {
    "username": "TheDartDJ1",
    "followingArtist": "SpotifyDE",
    "country_code": "DE",
    "country": "Germany"
  },
  {
    "username": "johtau",
    "followingArtist": "SpotifyDE",
    "country_code": "SY",
    "country": "Syria"
  },
  {
    "username": "unterbirken",
    "followingArtist": "SpotifyDE",
    "country_code": "DE",
    "country": "Germany"
  },
  {
    "username": "CountAlpaca",
    "followingArtist": "SpotifyDE",
    "country_code": "DE",
    "country": "Germany"
  },
  {
    "username": "NicoLehmann15",
    "followingArtist": "SpotifyDE",
    "country_code": "DE",
    "country": "Germany"
  },
  {
    "username": "GigiTsereteli",
    "followingArtist": "SpotifyDE",
    "country_code": "US",
    "country": "USA"
  },
  {
    "username": "Mathies86038998",
    "followingArtist": "SpotifyDE",
    "country_code": "DE",
    "country": "Germany"
  },
  {
    "username": "lisapellegrene",
    "followingArtist": "SpotifyDE",
    "country_code": "NG",
    "country": "Nigeria"
  },
  {
    "username": "EventiMagic",
    "followingArtist": "SpotifyDE",
    "country_code": "IT",
    "country": "Italy"
  },
  {
    "username": "7th_Order",
    "followingArtist": "SpotifyDE",
    "country_code": "Hawi Rd",
    "country": "Hawi Rd"
  },
  {
    "username": "dossantuosemer2",
    "followingArtist": "SpotifyDE",
    "country_code": "US",
    "country": "USA"
  },
  {
    "username": "fhockeynators",
    "followingArtist": "SpotifyDE",
    "country_code": "DE",
    "country": "Germany"
  },
  {
    "username": "lehrertochter",
    "followingArtist": "SpotifyDE",
    "country_code": "DE",
    "country": "Germany"
  },
  {
    "username": "Ben85Hope",
    "followingArtist": "SpotifyDE",
    "country_code": "DE",
    "country": "Germany"
  },
  {
    "username": "JirlanyM",
    "followingArtist": "SpotifyDE",
    "country_code": "PT",
    "country": "Portugal"
  },
  {
    "username": "johannesweinba1",
    "followingArtist": "SpotifyDE",
    "country_code": "DE",
    "country": "Germany"
  },
  {
    "username": "Moondustrie",
    "followingArtist": "SpotifyDE",
    "country_code": "US",
    "country": "USA"
  },
  {
    "username": "ItsYaBoiiLucas",
    "followingArtist": "SpotifyDE",
    "country_code": "DE",
    "country": "Germany"
  },
  {
    "username": "madeline_frey",
    "followingArtist": "SpotifyDE",
    "country_code": "DE",
    "country": "Germany"
  },
  {
    "username": "abenDblues",
    "followingArtist": "SpotifyDE",
    "country_code": "US",
    "country": "USA"
  },
  {
    "username": "SoPlanlos",
    "followingArtist": "SpotifyDE",
    "country_code": "US",
    "country": "USA"
  },
  {
    "username": "OficialEPDT",
    "followingArtist": "SpotifyDE",
    "country_code": "ES",
    "country": "Spain"
  },
  {
    "username": "Laryyyyy_77",
    "followingArtist": "SpotifyDE",
    "country_code": "NG",
    "country": "Nigeria"
  },
  {
    "username": "dkrtvl",
    "followingArtist": "SpotifyDE",
    "country_code": "AT",
    "country": "Austria"
  },
  {
    "username": "Mmuratt991",
    "followingArtist": "SpotifyDE",
    "country_code": "DE",
    "country": "Germany"
  },
  {
    "username": "INAN_Anket",
    "followingArtist": "SpotifyDE",
    "country_code": "TR",
    "country": "Turkey"
  },
  {
    "username": "zoki982",
    "followingArtist": "SpotifyDE",
    "country_code": "DE",
    "country": "Germany"
  },
  {
    "username": "FriedrichK52",
    "followingArtist": "SpotifyDE",
    "country_code": "DE",
    "country": "Germany"
  },
  {
    "username": "KcFreshSunshine",
    "followingArtist": "SpotifyDE",
    "country_code": "DE",
    "country": "Germany"
  },
  {
    "username": "Mipus75",
    "followingArtist": "SpotifyDE",
    "country_code": "DE",
    "country": "Germany"
  },
  {
    "username": "news_good",
    "followingArtist": "SpotifyDE",
    "country_code": "DE",
    "country": "Germany"
  },
  {
    "username": "Treiblessaft",
    "followingArtist": "SpotifyDE",
    "country_code": "DE",
    "country": "Germany"
  },
  {
    "username": "Saniboy1983",
    "followingArtist": "SpotifyDE",
    "country_code": "DE",
    "country": "Germany"
  },
  {
    "username": "YvonneYvonne83",
    "followingArtist": "SpotifyDE",
    "country_code": "UA",
    "country": "Ukraine"
  },
  {
    "username": "Sameface704",
    "followingArtist": "SpotifyDE",
    "country_code": "US",
    "country": "USA"
  },
  {
    "username": "brianxbradley",
    "followingArtist": "SpotifyDE",
    "country_code": "US",
    "country": "USA"
  },
  {
    "username": "Dr_franco9",
    "followingArtist": "SpotifyDE",
    "country_code": "US",
    "country": "USA"
  },
  {
    "username": "putassaoputas",
    "followingArtist": "SpotifyDE",
    "country_code": "BR",
    "country": "Brazil"
  },
  {
    "username": "SergioStaver",
    "followingArtist": "SpotifyDE",
    "country_code": "DE",
    "country": "Germany"
  },
  {
    "username": "Sillinger33",
    "followingArtist": "SpotifyDE",
    "country_code": "DE",
    "country": "Germany"
  },
  {
    "username": "PatrickKreft",
    "followingArtist": "SpotifyDE",
    "country_code": "DE",
    "country": "Germany"
  },
  {
    "username": "jazzbkn",
    "followingArtist": "SpotifyDE",
    "country_code": "RS",
    "country": "Serbia"
  },
  {
    "username": "0vrFLOw",
    "followingArtist": "SpotifyDE",
    "country_code": "DE",
    "country": "Germany"
  },
  {
    "username": "InaPlodroch",
    "followingArtist": "SpotifyDE",
    "country_code": "US",
    "country": "USA"
  },
  {
    "username": "leitwelpe",
    "followingArtist": "SpotifyDE",
    "country_code": "DE",
    "country": "Germany"
  },
  {
    "username": "go_rock777",
    "followingArtist": "SpotifyDE",
    "country_code": "JP",
    "country": "Japan"
  },
  {
    "username": "lizzywhaaat",
    "followingArtist": "SpotifyDE",
    "country_code": "DE",
    "country": "Germany"
  },
  {
    "username": "Micd3n",
    "followingArtist": "SpotifyDE",
    "country_code": "US",
    "country": "USA"
  },
  {
    "username": "ZadosDE",
    "followingArtist": "SpotifyDE",
    "country_code": "US",
    "country": "USA"
  },
  {
    "username": "PanicAtTheFalk",
    "followingArtist": "SpotifyDE",
    "country_code": "DE",
    "country": "Germany"
  },
  {
    "username": "melanie_merkel1",
    "followingArtist": "SpotifyDE",
    "country_code": "DE",
    "country": "Germany"
  },
  {
    "username": "thbrand2008",
    "followingArtist": "SpotifyDE",
    "country_code": "DE",
    "country": "Germany"
  },
  {
    "username": "4Wheels88",
    "followingArtist": "SpotifyDE",
    "country_code": "DE",
    "country": "Germany"
  },
  {
    "username": "offical_t1m",
    "followingArtist": "SpotifyDE",
    "country_code": "DE",
    "country": "Germany"
  },
  {
    "username": "KarrasChristel",
    "followingArtist": "SpotifyDE",
    "country_code": "DE",
    "country": "Germany"
  },
  {
    "username": "denzerbenzer",
    "followingArtist": "SpotifyDE",
    "country_code": "DE",
    "country": "Germany"
  },
  {
    "username": "suessodersauer",
    "followingArtist": "SpotifyDE",
    "country_code": "DE",
    "country": "Germany"
  },
  {
    "username": "robinwillde",
    "followingArtist": "SpotifyDE",
    "country_code": "US",
    "country": "USA"
  },
  {
    "username": "brokenbanz",
    "followingArtist": "SpotifyDE",
    "country_code": "NG",
    "country": "Nigeria"
  },
  {
    "username": "IAmAlliCAT",
    "followingArtist": "SpotifyDE",
    "country_code": "US",
    "country": "USA"
  },
  {
    "username": "JennnyVanille",
    "followingArtist": "SpotifyDE",
    "country_code": "US",
    "country": "USA"
  },
  {
    "username": "Gamethx_Koray",
    "followingArtist": "SpotifyDE",
    "country_code": "DE",
    "country": "Germany"
  },
  {
    "username": "wenndumichkusst",
    "followingArtist": "SpotifyDE",
    "country_code": "DE",
    "country": "Germany"
  },
  {
    "username": "KimOnWay",
    "followingArtist": "SpotifyDE",
    "country_code": "IE",
    "country": "Ireland"
  },
  {
    "username": "Hummerorigin",
    "followingArtist": "SpotifyDE",
    "country_code": "DE",
    "country": "Germany"
  },
  {
    "username": "LoisMalme",
    "followingArtist": "SpotifyDE",
    "country_code": "BE",
    "country": "Belgium"
  },
  {
    "username": "Benjami09092213",
    "followingArtist": "SpotifyDE",
    "country_code": "NG",
    "country": "Nigeria"
  },
  {
    "username": "exbrera",
    "followingArtist": "SpotifyDE",
    "country_code": "CH",
    "country": "Switzerland"
  },
  {
    "username": "m2webdogs",
    "followingArtist": "SpotifyDE",
    "country_code": "DE",
    "country": "Germany"
  },
  {
    "username": "Selina69066216",
    "followingArtist": "SpotifyDE",
    "country_code": "DE",
    "country": "Germany"
  },
  {
    "username": "DennisBeckmann",
    "followingArtist": "SpotifyDE",
    "country_code": "DE",
    "country": "Germany"
  },
  {
    "username": "Phoonworld",
    "followingArtist": "SpotifyDE",
    "country_code": "DE",
    "country": "Germany"
  },
  {
    "username": "Steffen_Otto_",
    "followingArtist": "SpotifyDE",
    "country_code": "DE",
    "country": "Germany"
  },
  {
    "username": "SpotX_DACH",
    "followingArtist": "SpotifyDE",
    "country_code": "DE",
    "country": "Germany"
  },
  {
    "username": "__ASHIF",
    "followingArtist": "SpotifyDE",
    "country_code": "IT",
    "country": "Italy"
  },
  {
    "username": "BurghCityBeats",
    "followingArtist": "SpotifyDE",
    "country_code": "US",
    "country": "USA"
  },
  {
    "username": "GipsyShaana333",
    "followingArtist": "SpotifyDE",
    "country_code": "DE",
    "country": "Germany"
  },
  {
    "username": "smilingbrowniie",
    "followingArtist": "SpotifyDE",
    "country_code": "DE",
    "country": "Germany"
  },
  {
    "username": "SonjaKozaczenko",
    "followingArtist": "SpotifyDE",
    "country_code": "US",
    "country": "USA"
  },
  {
    "username": "DominikFurrer",
    "followingArtist": "SpotifyDE",
    "country_code": "US",
    "country": "USA"
  },
  {
    "username": "m131294",
    "followingArtist": "SpotifyDE",
    "country_code": "DE",
    "country": "Germany"
  },
  {
    "username": "LasseLindebjerg",
    "followingArtist": "SpotifyDE",
    "country_code": "FR",
    "country": "France"
  },
  {
    "username": "plumhoff_mark",
    "followingArtist": "SpotifyDE",
    "country_code": "DE",
    "country": "Germany"
  },
  {
    "username": "bueroflint",
    "followingArtist": "SpotifyDE",
    "country_code": "CH",
    "country": "Switzerland"
  },
  {
    "username": "adlerauge_",
    "followingArtist": "SpotifyDE",
    "country_code": "DE",
    "country": "Germany"
  },
  {
    "username": "RVM1d14n",
    "followingArtist": "SpotifyDE",
    "country_code": "DE",
    "country": "Germany"
  },
  {
    "username": "iniakabeetch",
    "followingArtist": "SpotifyDE",
    "country_code": "DE",
    "country": "Germany"
  },
  {
    "username": "DieterKrishna",
    "followingArtist": "SpotifyDE",
    "country_code": "DE",
    "country": "Germany"
  },
  {
    "username": "OtroMasDeTweter",
    "followingArtist": "SpotifyDE",
    "country_code": "BR",
    "country": "Brazil"
  },
  {
    "username": "Subarna_talukde",
    "followingArtist": "SpotifyDE",
    "country_code": "BD",
    "country": "Bangladesh"
  },
  {
    "username": "FraeuleinbirdHD",
    "followingArtist": "SpotifyDE",
    "country_code": "DE",
    "country": "Germany"
  },
  {
    "username": "Josef836331",
    "followingArtist": "SpotifyDE",
    "country_code": "DE",
    "country": "Germany"
  },
  {
    "username": "AveroXPrime",
    "followingArtist": "SpotifyDE",
    "country_code": "DE",
    "country": "Germany"
  },
  {
    "username": "DerBetaKevin",
    "followingArtist": "SpotifyDE",
    "country_code": "DE",
    "country": "Germany"
  },
  {
    "username": "Nome3D",
    "followingArtist": "SpotifyDE",
    "country_code": "DE",
    "country": "Germany"
  },
  {
    "username": "Pfeiffer2244",
    "followingArtist": "SpotifyDE",
    "country_code": "DE",
    "country": "Germany"
  },
  {
    "username": "nzaqeight",
    "followingArtist": "SpotifyDE",
    "country_code": "DE",
    "country": "Germany"
  },
  {
    "username": "ameliecb4",
    "followingArtist": "SpotifyDE",
    "country_code": "DE",
    "country": "Germany"
  },
  {
    "username": "Phil_Ruff",
    "followingArtist": "SpotifyDE",
    "country_code": "DE",
    "country": "Germany"
  },
  {
    "username": "X_DerGestrumteX",
    "followingArtist": "SpotifyDE",
    "country_code": "DE",
    "country": "Germany"
  },
  {
    "username": "danja_bern",
    "followingArtist": "SpotifyDE",
    "country_code": "DE",
    "country": "Germany"
  },
  {
    "username": "IlaydaG05127933",
    "followingArtist": "SpotifyDE",
    "country_code": "DE",
    "country": "Germany"
  },
  {
    "username": "maikbartkowiak",
    "followingArtist": "SpotifyDE",
    "country_code": "DE",
    "country": "Germany"
  },
  {
    "username": "KURIERat",
    "followingArtist": "SpotifyDE",
    "country_code": "AT",
    "country": "Austria"
  },
  {
    "username": "LordMuffinMann_",
    "followingArtist": "SpotifyDE",
    "country_code": "DE",
    "country": "Germany"
  },
  {
    "username": "germankar26",
    "followingArtist": "SpotifyDE",
    "country_code": "US",
    "country": "USA"
  },
  {
    "username": "FrankJoksch",
    "followingArtist": "SpotifyDE",
    "country_code": "DE",
    "country": "Germany"
  },
  {
    "username": "hilde1904",
    "followingArtist": "SpotifyDE",
    "country_code": "DE",
    "country": "Germany"
  },
  {
    "username": "MarieOverjoyed",
    "followingArtist": "SpotifyDE",
    "country_code": "DE",
    "country": "Germany"
  },
  {
    "username": "FabianSchulz19",
    "followingArtist": "SpotifyDE",
    "country_code": "DE",
    "country": "Germany"
  },
  {
    "username": "____samu_____",
    "followingArtist": "SpotifyDE",
    "country_code": "DE",
    "country": "Germany"
  },
  {
    "username": "Hannesbit",
    "followingArtist": "SpotifyDE",
    "country_code": "DE",
    "country": "Germany"
  },
  {
    "username": "derschrank",
    "followingArtist": "SpotifyDE",
    "country_code": "DE",
    "country": "Germany"
  },
  {
    "username": "kitapdedigin",
    "followingArtist": "SpotifyDE",
    "country_code": "DE",
    "country": "Germany"
  },
  {
    "username": "Jrgen68261853",
    "followingArtist": "SpotifyDE",
    "country_code": "DE",
    "country": "Germany"
  },
  {
    "username": "WeingartF",
    "followingArtist": "SpotifyDE",
    "country_code": "DE",
    "country": "Germany"
  },
  {
    "username": "hohmann_rolf",
    "followingArtist": "SpotifyDE",
    "country_code": "DE",
    "country": "Germany"
  },
  {
    "username": "Leonacita",
    "followingArtist": "SpotifyDE",
    "country_code": "DE",
    "country": "Germany"
  },
  {
    "username": "galdamez_rey",
    "followingArtist": "SpotifyDE",
    "country_code": "IT",
    "country": "Italy"
  },
  {
    "username": "RHYNO79955",
    "followingArtist": "SpotifyDE",
    "country_code": "DE",
    "country": "Germany"
  },
  {
    "username": "AntjeKder7",
    "followingArtist": "SpotifyDE",
    "country_code": "DE",
    "country": "Germany"
  },
  {
    "username": "vaxearts",
    "followingArtist": "SpotifyDE",
    "country_code": "DE",
    "country": "Germany"
  },
  {
    "username": "TheeJakeVicious",
    "followingArtist": "SpotifyDE",
    "country_code": "US",
    "country": "USA"
  },
  {
    "username": "TaraMcDonaldTV",
    "followingArtist": "SpotifyDE",
    "country_code": "UK",
    "country": "United Kingdom"
  },
  {
    "username": "r_khadhar",
    "followingArtist": "SpotifyDE",
    "country_code": "DE",
    "country": "Germany"
  },
  {
    "username": "Zzumyt",
    "followingArtist": "SpotifyDE",
    "country_code": "DE",
    "country": "Germany"
  },
  {
    "username": "vivi_ehn",
    "followingArtist": "SpotifyDE",
    "country_code": "UK",
    "country": "United Kingdom"
  },
  {
    "username": "b3nski_",
    "followingArtist": "SpotifyDE",
    "country_code": "DE",
    "country": "Germany"
  },
  {
    "username": "impulstrevor",
    "followingArtist": "SpotifyDE",
    "country_code": "DE",
    "country": "Germany"
  },
  {
    "username": "McZeRo_GER",
    "followingArtist": "SpotifyDE",
    "country_code": "DE",
    "country": "Germany"
  },
  {
    "username": "manuelhi99",
    "followingArtist": "SpotifyDE",
    "country_code": "DE",
    "country": "Germany"
  },
  {
    "username": "danskyrr",
    "followingArtist": "SpotifyDE",
    "country_code": "AU",
    "country": "Australia"
  },
  {
    "username": "claudia21_96x",
    "followingArtist": "SpotifyDE",
    "country_code": "US",
    "country": "USA"
  },
  {
    "username": "kielkri",
    "followingArtist": "SpotifyDE",
    "country_code": "DE",
    "country": "Germany"
  },
  {
    "username": "a_castromerino",
    "followingArtist": "SpotifyDE",
    "country_code": "US",
    "country": "USA"
  },
  {
    "username": "WolfTDI",
    "followingArtist": "SpotifyDE",
    "country_code": "DE",
    "country": "Germany"
  },
  {
    "username": "MusicaJess",
    "followingArtist": "SpotifyDE",
    "country_code": "CO",
    "country": "Colombia"
  },
  {
    "username": "PhynBalor",
    "followingArtist": "SpotifyDE",
    "country_code": "US",
    "country": "USA"
  },
  {
    "username": "Chrisinho1910",
    "followingArtist": "SpotifyDE",
    "country_code": "DE",
    "country": "Germany"
  },
  {
    "username": "TheGerminators",
    "followingArtist": "SpotifyDE",
    "country_code": "DE",
    "country": "Germany"
  },
  {
    "username": "Magdale55804316",
    "followingArtist": "SpotifyDE",
    "country_code": "DE",
    "country": "Germany"
  },
  {
    "username": "minifutzidiary",
    "followingArtist": "SpotifyDE",
    "country_code": "DE",
    "country": "Germany"
  },
  {
    "username": "max_oberste",
    "followingArtist": "SpotifyDE",
    "country_code": "DE",
    "country": "Germany"
  },
  {
    "username": "andela_nnc",
    "followingArtist": "SpotifyDE",
    "country_code": "DE",
    "country": "Germany"
  },
  {
    "username": "HerrAltOfficial",
    "followingArtist": "SpotifyDE",
    "country_code": "BR",
    "country": "Brazil"
  },
  {
    "username": "ruinedroses12",
    "followingArtist": "SpotifyDE",
    "country_code": "CA",
    "country": "Canada"
  },
  {
    "username": "DelusionalDWB",
    "followingArtist": "SpotifyDE",
    "country_code": "US",
    "country": "USA"
  },
  {
    "username": "Vanessa04948272",
    "followingArtist": "SpotifyDE",
    "country_code": "DE",
    "country": "Germany"
  },
  {
    "username": "Eisfrau_",
    "followingArtist": "SpotifyDE",
    "country_code": "DE",
    "country": "Germany"
  },
  {
    "username": "ThomsenSe",
    "followingArtist": "SpotifyDE",
    "country_code": "DE",
    "country": "Germany"
  },
  {
    "username": "Mr_G3n3",
    "followingArtist": "SpotifyDE",
    "country_code": "DK",
    "country": "Denmark"
  },
  {
    "username": "DialogManufaktu",
    "followingArtist": "SpotifyDE",
    "country_code": "DE",
    "country": "Germany"
  },
  {
    "username": "GABRIAL1000",
    "followingArtist": "SpotifyDE",
    "country_code": "BJ",
    "country": "Benin"
  },
  {
    "username": "mpotsios",
    "followingArtist": "SpotifyDE",
    "country_code": "DE",
    "country": "Germany"
  },
  {
    "username": "WMFRLadyRose",
    "followingArtist": "SpotifyDE",
    "country_code": "US",
    "country": "USA"
  },
  {
    "username": "sophiaeil",
    "followingArtist": "SpotifyDE",
    "country_code": "DE",
    "country": "Germany"
  },
  {
    "username": "FinnvanHayden",
    "followingArtist": "SpotifyDE",
    "country_code": "US",
    "country": "USA"
  },
  {
    "username": "BaellebadNDA",
    "followingArtist": "SpotifyDE",
    "country_code": "DE",
    "country": "Germany"
  },
  {
    "username": "ChristinKohler",
    "followingArtist": "SpotifyDE",
    "country_code": "DE",
    "country": "Germany"
  },
  {
    "username": "rollingboing",
    "followingArtist": "SpotifyDE",
    "country_code": "DE",
    "country": "Germany"
  },
  {
    "username": "pRo1303",
    "followingArtist": "SpotifyDE",
    "country_code": "DE",
    "country": "Germany"
  },
  {
    "username": "flashshawny",
    "followingArtist": "SpotifyDE",
    "country_code": "DE",
    "country": "Germany"
  },
  {
    "username": "melissafenniger",
    "followingArtist": "SpotifyDE",
    "country_code": "DE",
    "country": "Germany"
  },
  {
    "username": "GoedekeStephan",
    "followingArtist": "SpotifyDE",
    "country_code": "DE",
    "country": "Germany"
  },
  {
    "username": "JesusFe44557876",
    "followingArtist": "SpotifyDE",
    "country_code": "UK",
    "country": "United Kingdom"
  },
  {
    "username": "stian_hernandez",
    "followingArtist": "SpotifyDE",
    "country_code": "IT",
    "country": "Italy"
  },
  {
    "username": "i_am_Mert",
    "followingArtist": "SpotifyDE",
    "country_code": "GB",
    "country": "Wales"
  },
  {
    "username": "strela_720",
    "followingArtist": "SpotifyDE",
    "country_code": "NG",
    "country": "Nigeria"
  },
  {
    "username": "samneedygang",
    "followingArtist": "SpotifyDE",
    "country_code": "US",
    "country": "USA"
  },
  {
    "username": "Andrea79505132",
    "followingArtist": "SpotifyDE",
    "country_code": "DE",
    "country": "Germany"
  },
  {
    "username": "Diko0o1",
    "followingArtist": "SpotifyDE",
    "country_code": "DE",
    "country": "Germany"
  },
  {
    "username": "jeaninedelcarlo",
    "followingArtist": "SpotifyDE",
    "country_code": "NG",
    "country": "Nigeria"
  },
  {
    "username": "thomasrichter",
    "followingArtist": "SpotifyDE",
    "country_code": "DE",
    "country": "Germany"
  },
  {
    "username": "DKroneder",
    "followingArtist": "SpotifyDE",
    "country_code": "RO",
    "country": "Romania"
  },
  {
    "username": "roxylovesromeo",
    "followingArtist": "SpotifyDE",
    "country_code": "California City Blvd",
    "country": "California City Blvd"
  },
  {
    "username": "adrasengue13",
    "followingArtist": "SpotifyDE",
    "country_code": "US",
    "country": "USA"
  },
  {
    "username": "Banajet",
    "followingArtist": "SpotifyDE",
    "country_code": "DE",
    "country": "Germany"
  },
  {
    "username": "bokulhossain181",
    "followingArtist": "SpotifyDE",
    "country_code": "BD",
    "country": "Bangladesh"
  },
  {
    "username": "Jan_0_o",
    "followingArtist": "SpotifyDE",
    "country_code": "DE",
    "country": "Germany"
  },
  {
    "username": "Electr_Music_KA",
    "followingArtist": "SpotifyDE",
    "country_code": "DE",
    "country": "Germany"
  },
  {
    "username": "GrischaEckhardt",
    "followingArtist": "SpotifyDE",
    "country_code": "DE",
    "country": "Germany"
  },
  {
    "username": "JVielmader",
    "followingArtist": "SpotifyDE",
    "country_code": "DE",
    "country": "Germany"
  },
  {
    "username": "Winning50",
    "followingArtist": "SpotifyDE",
    "country_code": "DE",
    "country": "Germany"
  },
  {
    "username": "Deoroller",
    "followingArtist": "SpotifyDE",
    "country_code": "US",
    "country": "USA"
  },
  {
    "username": "ol_harm",
    "followingArtist": "SpotifyDE",
    "country_code": "DE",
    "country": "Germany"
  },
  {
    "username": "tanjelle",
    "followingArtist": "SpotifyDE",
    "country_code": "BR",
    "country": "Brazil"
  },
  {
    "username": "GmbhSound",
    "followingArtist": "SpotifyDE",
    "country_code": "US",
    "country": "USA"
  },
  {
    "username": "EarlJrJacksonBl",
    "followingArtist": "SpotifyDE",
    "country_code": "HK",
    "country": "Hong Kong"
  },
  {
    "username": "ekimas",
    "followingArtist": "SpotifyDE",
    "country_code": "DE",
    "country": "Germany"
  },
  {
    "username": "RainbowDash_lul",
    "followingArtist": "SpotifyDE",
    "country_code": "US",
    "country": "USA"
  },
  {
    "username": "DanielM60474167",
    "followingArtist": "SpotifyDE",
    "country_code": "GB",
    "country": "Wales"
  },
  {
    "username": "sebi_laa",
    "followingArtist": "SpotifyDE",
    "country_code": "AT",
    "country": "Austria"
  },
  {
    "username": "beeeeemusic",
    "followingArtist": "SpotifyDE",
    "country_code": "US",
    "country": "USA"
  },
  {
    "username": "Bitters12145767",
    "followingArtist": "SpotifyDE",
    "country_code": "DE",
    "country": "Germany"
  },
  {
    "username": "IsabellaJJJE",
    "followingArtist": "SpotifyDE",
    "country_code": "DE",
    "country": "Germany"
  },
  {
    "username": "seymen__s",
    "followingArtist": "SpotifyDE",
    "country_code": "DE",
    "country": "Germany"
  },
  {
    "username": "KneckeB",
    "followingArtist": "SpotifyDE",
    "country_code": "DE",
    "country": "Germany"
  },
  {
    "username": "FicoQLF",
    "followingArtist": "SpotifyDE",
    "country_code": "AT",
    "country": "Austria"
  },
  {
    "username": "ChrisGold1990",
    "followingArtist": "SpotifyDE",
    "country_code": "PL",
    "country": "Poland"
  },
  {
    "username": "katyinova",
    "followingArtist": "SpotifyDE",
    "country_code": "DE",
    "country": "Germany"
  },
  {
    "username": "flavkoGQ",
    "followingArtist": "SpotifyDE",
    "country_code": "NG",
    "country": "Nigeria"
  },
  {
    "username": "Lena94228547",
    "followingArtist": "SpotifyDE",
    "country_code": "AT",
    "country": "Austria"
  },
  {
    "username": "_Tom_kun",
    "followingArtist": "SpotifyDE",
    "country_code": "DE",
    "country": "Germany"
  },
  {
    "username": "LightDisciples",
    "followingArtist": "SpotifyDE",
    "country_code": "UK",
    "country": "United Kingdom"
  },
  {
    "username": "skylerchampagne",
    "followingArtist": "SpotifyDE",
    "country_code": "NG",
    "country": "Nigeria"
  },
  {
    "username": "ConnewitzJunge",
    "followingArtist": "SpotifyDE",
    "country_code": "DE",
    "country": "Germany"
  },
  {
    "username": "AlphakevinWot",
    "followingArtist": "SpotifyDE",
    "country_code": "US",
    "country": "USA"
  },
  {
    "username": "alpha_kevin69",
    "followingArtist": "SpotifyDE",
    "country_code": "DE",
    "country": "Germany"
  },
  {
    "username": "WombleZomble",
    "followingArtist": "SpotifyDE",
    "country_code": "DE",
    "country": "Germany"
  },
  {
    "username": "AaronHBlue",
    "followingArtist": "SpotifyDE",
    "country_code": "DE",
    "country": "Germany"
  },
  {
    "username": "DonKev1191",
    "followingArtist": "SpotifyDE",
    "country_code": "DE",
    "country": "Germany"
  },
  {
    "username": "mrmetrotokyo",
    "followingArtist": "SpotifyDE",
    "country_code": "JP",
    "country": "Japan"
  },
  {
    "username": "PreeteshwarGill",
    "followingArtist": "SpotifyDE",
    "country_code": "DE",
    "country": "Germany"
  },
  {
    "username": "schruppert",
    "followingArtist": "SpotifyDE",
    "country_code": "DE",
    "country": "Germany"
  },
  {
    "username": "ReyGaldamez84",
    "followingArtist": "SpotifyDE",
    "country_code": "IT",
    "country": "Italy"
  },
  {
    "username": "officialVoidead",
    "followingArtist": "SpotifyDE",
    "country_code": "DE",
    "country": "Germany"
  },
  {
    "username": "Neo_Xenomorph",
    "followingArtist": "SpotifyDE",
    "country_code": "FR",
    "country": "France"
  },
  {
    "username": "victormedica1",
    "followingArtist": "SpotifyDE",
    "country_code": "MX",
    "country": "Mexico"
  },
  {
    "username": "Jens_Mo14",
    "followingArtist": "SpotifyDE",
    "country_code": "DE",
    "country": "Germany"
  },
  {
    "username": "Ronja__2004",
    "followingArtist": "SpotifyDE",
    "country_code": "DE",
    "country": "Germany"
  },
  {
    "username": "SippschaftKMS",
    "followingArtist": "SpotifyDE",
    "country_code": "DE",
    "country": "Germany"
  },
  {
    "username": "sir_firefly",
    "followingArtist": "SpotifyDE",
    "country_code": "AT",
    "country": "Austria"
  },
  {
    "username": "georg_erixon",
    "followingArtist": "SpotifyDE",
    "country_code": "NO",
    "country": "Norway"
  },
  {
    "username": "Tjarksen15",
    "followingArtist": "SpotifyDE",
    "country_code": "DE",
    "country": "Germany"
  },
  {
    "username": "clkgraham",
    "followingArtist": "SpotifyDE",
    "country_code": "DE",
    "country": "Germany"
  },
  {
    "username": "kib_o_ta",
    "followingArtist": "SpotifyDE",
    "country_code": "DE",
    "country": "Germany"
  },
  {
    "username": "Thairosehamburg",
    "followingArtist": "SpotifyDE",
    "country_code": "DE",
    "country": "Germany"
  },
  {
    "username": "verbindungswort",
    "followingArtist": "SpotifyDE",
    "country_code": "DE",
    "country": "Germany"
  },
  {
    "username": "kalki112",
    "followingArtist": "SpotifyDE",
    "country_code": "DE",
    "country": "Germany"
  },
  {
    "username": "_KEYBEE_",
    "followingArtist": "SpotifyDE",
    "country_code": "DE",
    "country": "Germany"
  },
  {
    "username": "DjaafarHachani",
    "followingArtist": "SpotifyDE",
    "country_code": "BG",
    "country": "Bulgaria"
  },
  {
    "username": "StHartmann1275",
    "followingArtist": "SpotifyDE",
    "country_code": "DE",
    "country": "Germany"
  },
  {
    "username": "BastiHartel",
    "followingArtist": "SpotifyDE",
    "country_code": "DE",
    "country": "Germany"
  },
  {
    "username": "waldi76",
    "followingArtist": "SpotifyDE",
    "country_code": "DE",
    "country": "Germany"
  },
  {
    "username": "lukasstweets",
    "followingArtist": "SpotifyDE",
    "country_code": "DE",
    "country": "Germany"
  },
  {
    "username": "_da_sch_",
    "followingArtist": "SpotifyDE",
    "country_code": "DE",
    "country": "Germany"
  },
  {
    "username": "Voguelila",
    "followingArtist": "SpotifyDE",
    "country_code": "AT",
    "country": "Austria"
  },
  {
    "username": "VolkmarSchuller",
    "followingArtist": "SpotifyDE",
    "country_code": "DE",
    "country": "Germany"
  },
  {
    "username": "DimatikMusic",
    "followingArtist": "SpotifyDE",
    "country_code": "AU",
    "country": "Australia"
  },
  {
    "username": "Badstuber",
    "followingArtist": "SpotifyDE",
    "country_code": "DE",
    "country": "Germany"
  },
  {
    "username": "SassikeksSaskia",
    "followingArtist": "SpotifyDE",
    "country_code": "HT",
    "country": "Haiti"
  },
  {
    "username": "Marcorueee",
    "followingArtist": "SpotifyDE",
    "country_code": "US",
    "country": "USA"
  },
  {
    "username": "schokominza_7",
    "followingArtist": "SpotifyDE",
    "country_code": "DE",
    "country": "Germany"
  },
  {
    "username": "SirRomagic",
    "followingArtist": "SpotifyDE",
    "country_code": "US",
    "country": "USA"
  },
  {
    "username": "Dennisz82",
    "followingArtist": "SpotifyDE",
    "country_code": "DE",
    "country": "Germany"
  },
  {
    "username": "PodpourriFM",
    "followingArtist": "SpotifyDE",
    "country_code": "DE",
    "country": "Germany"
  },
  {
    "username": "Applemus",
    "followingArtist": "SpotifyDE",
    "country_code": "DE",
    "country": "Germany"
  },
  {
    "username": "goulding88",
    "followingArtist": "SpotifyDE",
    "country_code": "GB",
    "country": "Wales"
  },
  {
    "username": "goldrushtodd",
    "followingArtist": "SpotifyDE",
    "country_code": "US",
    "country": "USA"
  },
  {
    "username": "Ben_Bloccz",
    "followingArtist": "SpotifyDE",
    "country_code": "US",
    "country": "USA"
  },
  {
    "username": "mastolly11",
    "followingArtist": "SpotifyDE",
    "country_code": "US",
    "country": "USA"
  },
  {
    "username": "_maxiboettcher",
    "followingArtist": "SpotifyDE",
    "country_code": "DE",
    "country": "Germany"
  },
  {
    "username": "TomKieffer2",
    "followingArtist": "SpotifyDE",
    "country_code": "CH",
    "country": "Switzerland"
  },
  {
    "username": "NToTheDoubleV",
    "followingArtist": "SpotifyDE",
    "country_code": "CH",
    "country": "Switzerland"
  },
  {
    "username": "EmielRTenHoor",
    "followingArtist": "SpotifyDE",
    "country_code": "NL",
    "country": "Netherlands"
  },
  {
    "username": "RalfTitgemeyer",
    "followingArtist": "SpotifyDE",
    "country_code": "DE",
    "country": "Germany"
  },
  {
    "username": "shogoon_one",
    "followingArtist": "SpotifyDE",
    "country_code": "DE",
    "country": "Germany"
  },
  {
    "username": "LucasSanktjoha1",
    "followingArtist": "SpotifyDE",
    "country_code": "PL",
    "country": "Poland"
  },
  {
    "username": "marcel_eph",
    "followingArtist": "SpotifyDE",
    "country_code": "DE",
    "country": "Germany"
  },
  {
    "username": "DachDampe",
    "followingArtist": "SpotifyDE",
    "country_code": "DE",
    "country": "Germany"
  },
  {
    "username": "itzz_Tim2k29",
    "followingArtist": "SpotifyDE",
    "country_code": "DE",
    "country": "Germany"
  },
  {
    "username": "kaiheger2000",
    "followingArtist": "SpotifyDE",
    "country_code": "DE",
    "country": "Germany"
  },
  {
    "username": "Bumsaeffchen",
    "followingArtist": "SpotifyDE",
    "country_code": "DE",
    "country": "Germany"
  },
  {
    "username": "punished_mori",
    "followingArtist": "SpotifyDE",
    "country_code": "US",
    "country": "USA"
  },
  {
    "username": "nWo4Life6",
    "followingArtist": "SpotifyDE",
    "country_code": "DE",
    "country": "Germany"
  },
  {
    "username": "PhillipB96",
    "followingArtist": "SpotifyDE",
    "country_code": "DE",
    "country": "Germany"
  },
  {
    "username": "Martinschnhbel2",
    "followingArtist": "SpotifyDE",
    "country_code": "DE",
    "country": "Germany"
  },
  {
    "username": "gncbhryl",
    "followingArtist": "SpotifyDE",
    "country_code": "TR",
    "country": "Turkey"
  },
  {
    "username": "chrix4711",
    "followingArtist": "SpotifyDE",
    "country_code": "DE",
    "country": "Germany"
  },
  {
    "username": "cgntweeter",
    "followingArtist": "SpotifyDE",
    "country_code": "US",
    "country": "USA"
  },
  {
    "username": "fritzlogo",
    "followingArtist": "SpotifyDE",
    "country_code": "CH",
    "country": "Switzerland"
  },
  {
    "username": "JCohrs64",
    "followingArtist": "SpotifyDE",
    "country_code": "DE",
    "country": "Germany"
  },
  {
    "username": "JoshSkate6",
    "followingArtist": "SpotifyDE",
    "country_code": "DE",
    "country": "Germany"
  },
  {
    "username": "Axtbachkind",
    "followingArtist": "SpotifyDE",
    "country_code": "DE",
    "country": "Germany"
  },
  {
    "username": "Paola_viridiana",
    "followingArtist": "SpotifyDE",
    "country_code": "US",
    "country": "USA"
  },
  {
    "username": "deadi222",
    "followingArtist": "SpotifyDE",
    "country_code": "AU",
    "country": "Australia"
  },
  {
    "username": "CarstenMvR",
    "followingArtist": "SpotifyDE",
    "country_code": "DE",
    "country": "Germany"
  },
  {
    "username": "Anna13260239",
    "followingArtist": "SpotifyDE",
    "country_code": "DE",
    "country": "Germany"
  },
  {
    "username": "HeintzJurgen",
    "followingArtist": "SpotifyDE",
    "country_code": "DE",
    "country": "Germany"
  }
]