[
  {
    "username": "YZ_Kaze_1025",
    "followingArtist": "\u3086\u305a\u516c\u5f0f\u30c4\u30a4\u30c3\u30bf\u30fc",
    "country_code": "US",
    "country": "United States"
  },
  {
    "username": "syarifhusein_",
    "followingArtist": "\u3086\u305a\u516c\u5f0f\u30c4\u30a4\u30c3\u30bf\u30fc",
    "country_code": "ID",
    "country": "Indonesia"
  },
  {
    "username": "musicYT4",
    "followingArtist": "\u3086\u305a\u516c\u5f0f\u30c4\u30a4\u30c3\u30bf\u30fc",
    "country_code": "BJ",
    "country": "Benin"
  },
  {
    "username": "mrynasu",
    "followingArtist": "\u3086\u305a\u516c\u5f0f\u30c4\u30a4\u30c3\u30bf\u30fc",
    "country_code": "JP",
    "country": "Japan"
  },
  {
    "username": "frstsmk21",
    "followingArtist": "\u3086\u305a\u516c\u5f0f\u30c4\u30a4\u30c3\u30bf\u30fc",
    "country_code": "JP",
    "country": "Japan"
  },
  {
    "username": "house_yuzuka",
    "followingArtist": "\u3086\u305a\u516c\u5f0f\u30c4\u30a4\u30c3\u30bf\u30fc",
    "country_code": "CZ",
    "country": "Czech Republic"
  },
  {
    "username": "qq_ko2",
    "followingArtist": "\u3086\u305a\u516c\u5f0f\u30c4\u30a4\u30c3\u30bf\u30fc",
    "country_code": "US",
    "country": "United States"
  },
  {
    "username": "a01154722",
    "followingArtist": "\u3086\u305a\u516c\u5f0f\u30c4\u30a4\u30c3\u30bf\u30fc",
    "country_code": "JP",
    "country": "Japan"
  },
  {
    "username": "yukinisakuhana",
    "followingArtist": "\u3086\u305a\u516c\u5f0f\u30c4\u30a4\u30c3\u30bf\u30fc",
    "country_code": "IE",
    "country": "Ireland"
  },
  {
    "username": "themlb09",
    "followingArtist": "\u3086\u305a\u516c\u5f0f\u30c4\u30a4\u30c3\u30bf\u30fc",
    "country_code": "TW",
    "country": "Taiwan"
  },
  {
    "username": "SLYLY8194",
    "followingArtist": "\u3086\u305a\u516c\u5f0f\u30c4\u30a4\u30c3\u30bf\u30fc",
    "country_code": "US",
    "country": "USA"
  },
  {
    "username": "hyuga_mimasaka",
    "followingArtist": "\u3086\u305a\u516c\u5f0f\u30c4\u30a4\u30c3\u30bf\u30fc",
    "country_code": "IT",
    "country": "Italy"
  },
  {
    "username": "benlandis",
    "followingArtist": "\u3086\u305a\u516c\u5f0f\u30c4\u30a4\u30c3\u30bf\u30fc",
    "country_code": "NG",
    "country": "Nigeria"
  },
  {
    "username": "Queserasera180",
    "followingArtist": "\u3086\u305a\u516c\u5f0f\u30c4\u30a4\u30c3\u30bf\u30fc",
    "country_code": "JP",
    "country": "Japan"
  },
  {
    "username": "nikolaspontes",
    "followingArtist": "\u3086\u305a\u516c\u5f0f\u30c4\u30a4\u30c3\u30bf\u30fc",
    "country_code": "BR",
    "country": "Brazil"
  },
  {
    "username": "radionuothers",
    "followingArtist": "\u3086\u305a\u516c\u5f0f\u30c4\u30a4\u30c3\u30bf\u30fc",
    "country_code": "US",
    "country": "USA"
  },
  {
    "username": "nanjo22770145",
    "followingArtist": "\u3086\u305a\u516c\u5f0f\u30c4\u30a4\u30c3\u30bf\u30fc",
    "country_code": "TW",
    "country": "Taiwan"
  },
  {
    "username": "AKuroluck",
    "followingArtist": "\u3086\u305a\u516c\u5f0f\u30c4\u30a4\u30c3\u30bf\u30fc",
    "country_code": "MO",
    "country": "Macau"
  },
  {
    "username": "hanae__0801",
    "followingArtist": "\u3086\u305a\u516c\u5f0f\u30c4\u30a4\u30c3\u30bf\u30fc",
    "country_code": "JP",
    "country": "Japan"
  },
  {
    "username": "mouse_wang",
    "followingArtist": "\u3086\u305a\u516c\u5f0f\u30c4\u30a4\u30c3\u30bf\u30fc",
    "country_code": "TW",
    "country": "Taiwan"
  },
  {
    "username": "IcebergHo",
    "followingArtist": "\u3086\u305a\u516c\u5f0f\u30c4\u30a4\u30c3\u30bf\u30fc",
    "country_code": "DK",
    "country": "Denmark"
  },
  {
    "username": "1987Spitz8823",
    "followingArtist": "\u3086\u305a\u516c\u5f0f\u30c4\u30a4\u30c3\u30bf\u30fc",
    "country_code": "SJ",
    "country": "Svalbard and Jan Mayen Islands"
  },
  {
    "username": "Yuzu_tracy",
    "followingArtist": "\u3086\u305a\u516c\u5f0f\u30c4\u30a4\u30c3\u30bf\u30fc",
    "country_code": "US",
    "country": "USA"
  },
  {
    "username": "golden_child_mv",
    "followingArtist": "\u3086\u305a\u516c\u5f0f\u30c4\u30a4\u30c3\u30bf\u30fc",
    "country_code": "JP",
    "country": "Japan"
  },
  {
    "username": "adimaaaaah",
    "followingArtist": "\u3086\u305a\u516c\u5f0f\u30c4\u30a4\u30c3\u30bf\u30fc",
    "country_code": "ID",
    "country": "Indonesia"
  },
  {
    "username": "ami_ulrich",
    "followingArtist": "\u3086\u305a\u516c\u5f0f\u30c4\u30a4\u30c3\u30bf\u30fc",
    "country_code": "ID",
    "country": "Indonesia"
  },
  {
    "username": "lil_a_sday",
    "followingArtist": "\u3086\u305a\u516c\u5f0f\u30c4\u30a4\u30c3\u30bf\u30fc",
    "country_code": "US",
    "country": "USA"
  },
  {
    "username": "stn72682",
    "followingArtist": "\u3086\u305a\u516c\u5f0f\u30c4\u30a4\u30c3\u30bf\u30fc",
    "country_code": "JP",
    "country": "Japan"
  },
  {
    "username": "C1FAddNf2aKEqPJ",
    "followingArtist": "\u3086\u305a\u516c\u5f0f\u30c4\u30a4\u30c3\u30bf\u30fc",
    "country_code": "JP",
    "country": "Japan"
  },
  {
    "username": "10veAyaka",
    "followingArtist": "\u3086\u305a\u516c\u5f0f\u30c4\u30a4\u30c3\u30bf\u30fc",
    "country_code": "JP",
    "country": "Japan"
  },
  {
    "username": "marc_hite",
    "followingArtist": "\u3086\u305a\u516c\u5f0f\u30c4\u30a4\u30c3\u30bf\u30fc",
    "country_code": "PF",
    "country": "French Polynesia"
  },
  {
    "username": "30Add",
    "followingArtist": "\u3086\u305a\u516c\u5f0f\u30c4\u30a4\u30c3\u30bf\u30fc",
    "country_code": "NP",
    "country": "Nepal"
  },
  {
    "username": "sky_space555",
    "followingArtist": "\u3086\u305a\u516c\u5f0f\u30c4\u30a4\u30c3\u30bf\u30fc",
    "country_code": "JP",
    "country": "Japan"
  },
  {
    "username": "jerome0526",
    "followingArtist": "\u3086\u305a\u516c\u5f0f\u30c4\u30a4\u30c3\u30bf\u30fc",
    "country_code": "JP",
    "country": "Japan"
  },
  {
    "username": "mikoseku0",
    "followingArtist": "\u3086\u305a\u516c\u5f0f\u30c4\u30a4\u30c3\u30bf\u30fc",
    "country_code": "US",
    "country": "USA"
  },
  {
    "username": "keiso23",
    "followingArtist": "\u3086\u305a\u516c\u5f0f\u30c4\u30a4\u30c3\u30bf\u30fc",
    "country_code": "JP",
    "country": "Japan"
  },
  {
    "username": "ElaineLam19",
    "followingArtist": "\u3086\u305a\u516c\u5f0f\u30c4\u30a4\u30c3\u30bf\u30fc",
    "country_code": "DK",
    "country": "Denmark"
  },
  {
    "username": "satoyan_xoxo__",
    "followingArtist": "\u3086\u305a\u516c\u5f0f\u30c4\u30a4\u30c3\u30bf\u30fc",
    "country_code": "JP",
    "country": "Japan"
  },
  {
    "username": "7_nt_11",
    "followingArtist": "\u3086\u305a\u516c\u5f0f\u30c4\u30a4\u30c3\u30bf\u30fc",
    "country_code": "DE",
    "country": "Germany"
  },
  {
    "username": "Takuma_8661",
    "followingArtist": "\u3086\u305a\u516c\u5f0f\u30c4\u30a4\u30c3\u30bf\u30fc",
    "country_code": "MX",
    "country": "Mexico"
  },
  {
    "username": "storyfamilysno1",
    "followingArtist": "\u3086\u305a\u516c\u5f0f\u30c4\u30a4\u30c3\u30bf\u30fc",
    "country_code": "US",
    "country": "USA"
  },
  {
    "username": "uesugihiroshi",
    "followingArtist": "\u3086\u305a\u516c\u5f0f\u30c4\u30a4\u30c3\u30bf\u30fc",
    "country_code": "JP",
    "country": "Japan"
  },
  {
    "username": "SH20307327",
    "followingArtist": "\u3086\u305a\u516c\u5f0f\u30c4\u30a4\u30c3\u30bf\u30fc",
    "country_code": "CA",
    "country": "Canada"
  },
  {
    "username": "hinao_0226",
    "followingArtist": "\u3086\u305a\u516c\u5f0f\u30c4\u30a4\u30c3\u30bf\u30fc",
    "country_code": "AG",
    "country": "Antigua and Barbuda"
  },
  {
    "username": "mia_loo2247",
    "followingArtist": "\u3086\u305a\u516c\u5f0f\u30c4\u30a4\u30c3\u30bf\u30fc",
    "country_code": "DK",
    "country": "Denmark"
  },
  {
    "username": "maki019y",
    "followingArtist": "\u3086\u305a\u516c\u5f0f\u30c4\u30a4\u30c3\u30bf\u30fc",
    "country_code": "JP",
    "country": "Japan"
  },
  {
    "username": "CRISP27170499",
    "followingArtist": "\u3086\u305a\u516c\u5f0f\u30c4\u30a4\u30c3\u30bf\u30fc",
    "country_code": "CZ",
    "country": "Czech Republic"
  },
  {
    "username": "GIANTS_3370",
    "followingArtist": "\u3086\u305a\u516c\u5f0f\u30c4\u30a4\u30c3\u30bf\u30fc",
    "country_code": "JP",
    "country": "Japan"
  },
  {
    "username": "satoshun_1019",
    "followingArtist": "\u3086\u305a\u516c\u5f0f\u30c4\u30a4\u30c3\u30bf\u30fc",
    "country_code": "US",
    "country": "USA"
  },
  {
    "username": "HImPqdqRVkjWS1p",
    "followingArtist": "\u3086\u305a\u516c\u5f0f\u30c4\u30a4\u30c3\u30bf\u30fc",
    "country_code": "JP",
    "country": "Japan"
  },
  {
    "username": "shima2001_21_a",
    "followingArtist": "\u3086\u305a\u516c\u5f0f\u30c4\u30a4\u30c3\u30bf\u30fc",
    "country_code": "US",
    "country": "USA"
  },
  {
    "username": "saki_piero1024",
    "followingArtist": "\u3086\u305a\u516c\u5f0f\u30c4\u30a4\u30c3\u30bf\u30fc",
    "country_code": "US",
    "country": "USA"
  },
  {
    "username": "YunaF11",
    "followingArtist": "\u3086\u305a\u516c\u5f0f\u30c4\u30a4\u30c3\u30bf\u30fc",
    "country_code": "JP",
    "country": "Japan"
  },
  {
    "username": "kanalalala_93",
    "followingArtist": "\u3086\u305a\u516c\u5f0f\u30c4\u30a4\u30c3\u30bf\u30fc",
    "country_code": "JP",
    "country": "Japan"
  },
  {
    "username": "yachipochi",
    "followingArtist": "\u3086\u305a\u516c\u5f0f\u30c4\u30a4\u30c3\u30bf\u30fc",
    "country_code": "JP",
    "country": "Japan"
  },
  {
    "username": "TGCnews",
    "followingArtist": "\u3086\u305a\u516c\u5f0f\u30c4\u30a4\u30c3\u30bf\u30fc",
    "country_code": "JP",
    "country": "Japan"
  },
  {
    "username": "mkdisney7237",
    "followingArtist": "\u3086\u305a\u516c\u5f0f\u30c4\u30a4\u30c3\u30bf\u30fc",
    "country_code": "US",
    "country": "USA"
  },
  {
    "username": "powderbook",
    "followingArtist": "\u3086\u305a\u516c\u5f0f\u30c4\u30a4\u30c3\u30bf\u30fc",
    "country_code": "JP",
    "country": "Japan"
  },
  {
    "username": "masha1971",
    "followingArtist": "\u3086\u305a\u516c\u5f0f\u30c4\u30a4\u30c3\u30bf\u30fc",
    "country_code": "JP",
    "country": "Japan"
  },
  {
    "username": "masyah2",
    "followingArtist": "\u3086\u305a\u516c\u5f0f\u30c4\u30a4\u30c3\u30bf\u30fc",
    "country_code": "TJ",
    "country": "Tajikistan"
  },
  {
    "username": "daisuke201201",
    "followingArtist": "\u3086\u305a\u516c\u5f0f\u30c4\u30a4\u30c3\u30bf\u30fc",
    "country_code": "JP",
    "country": "Japan"
  },
  {
    "username": "_asx18",
    "followingArtist": "\u3086\u305a\u516c\u5f0f\u30c4\u30a4\u30c3\u30bf\u30fc",
    "country_code": "MW",
    "country": "Malawi"
  },
  {
    "username": "Natsuki_BLUEN",
    "followingArtist": "\u3086\u305a\u516c\u5f0f\u30c4\u30a4\u30c3\u30bf\u30fc",
    "country_code": "in",
    "country": "India"
  },
  {
    "username": "youthful_inEXP",
    "followingArtist": "\u3086\u305a\u516c\u5f0f\u30c4\u30a4\u30c3\u30bf\u30fc",
    "country_code": "SE",
    "country": "Sweden"
  },
  {
    "username": "jboxent",
    "followingArtist": "\u3086\u305a\u516c\u5f0f\u30c4\u30a4\u30c3\u30bf\u30fc",
    "country_code": "KR",
    "country": "South Korea"
  },
  {
    "username": "anryon_music",
    "followingArtist": "\u3086\u305a\u516c\u5f0f\u30c4\u30a4\u30c3\u30bf\u30fc",
    "country_code": "JP",
    "country": "Japan"
  },
  {
    "username": "1100155",
    "followingArtist": "\u3086\u305a\u516c\u5f0f\u30c4\u30a4\u30c3\u30bf\u30fc",
    "country_code": "JP",
    "country": "Japan"
  },
  {
    "username": "tatsu_yuzu106",
    "followingArtist": "\u3086\u305a\u516c\u5f0f\u30c4\u30a4\u30c3\u30bf\u30fc",
    "country_code": "JP",
    "country": "Japan"
  },
  {
    "username": "nanayaneight",
    "followingArtist": "\u3086\u305a\u516c\u5f0f\u30c4\u30a4\u30c3\u30bf\u30fc",
    "country_code": "UG",
    "country": "Uganda"
  },
  {
    "username": "Ayu__e",
    "followingArtist": "\u3086\u305a\u516c\u5f0f\u30c4\u30a4\u30c3\u30bf\u30fc",
    "country_code": "MR",
    "country": "Mauritania"
  }
]