[
  {
    "username": "karaspe21",
    "followingArtist": "\u3084\u3064\u3044\u3044\u3061\u308d\u3046",
    "country_code": "JP",
    "country": "Japan"
  },
  {
    "username": "sangorou4423",
    "followingArtist": "\u3084\u3064\u3044\u3044\u3061\u308d\u3046",
    "country_code": "FR",
    "country": "France"
  },
  {
    "username": "imai04266222",
    "followingArtist": "\u3084\u3064\u3044\u3044\u3061\u308d\u3046",
    "country_code": "JP",
    "country": "Japan"
  },
  {
    "username": "comugi8353",
    "followingArtist": "\u3084\u3064\u3044\u3044\u3061\u308d\u3046",
    "country_code": "US",
    "country": "United States"
  },
  {
    "username": "chichichiction",
    "followingArtist": "\u3084\u3064\u3044\u3044\u3061\u308d\u3046",
    "country_code": "JP",
    "country": "Japan"
  },
  {
    "username": "chocorenton",
    "followingArtist": "\u3084\u3064\u3044\u3044\u3061\u308d\u3046",
    "country_code": "JP",
    "country": "Japan"
  },
  {
    "username": "kt__626",
    "followingArtist": "\u3084\u3064\u3044\u3044\u3061\u308d\u3046",
    "country_code": "JP",
    "country": "Japan"
  },
  {
    "username": "ramune_bottle",
    "followingArtist": "\u3084\u3064\u3044\u3044\u3061\u308d\u3046",
    "country_code": "Hawi Rd",
    "country": "Hawi Rd"
  },
  {
    "username": "yabukamemari",
    "followingArtist": "\u3084\u3064\u3044\u3044\u3061\u308d\u3046",
    "country_code": "ID",
    "country": "Indonesia"
  },
  {
    "username": "37yukakomura",
    "followingArtist": "\u3084\u3064\u3044\u3044\u3061\u308d\u3046",
    "country_code": "JP",
    "country": "Japan"
  },
  {
    "username": "76n_n9",
    "followingArtist": "\u3084\u3064\u3044\u3044\u3061\u308d\u3046",
    "country_code": "JP",
    "country": "Japan"
  },
  {
    "username": "Luckypopo",
    "followingArtist": "\u3084\u3064\u3044\u3044\u3061\u308d\u3046",
    "country_code": "ES",
    "country": "Spain"
  },
  {
    "username": "Loreofscarlet72",
    "followingArtist": "\u3084\u3064\u3044\u3044\u3061\u308d\u3046",
    "country_code": "FR",
    "country": "France"
  },
  {
    "username": "Israel21016742",
    "followingArtist": "\u3084\u3064\u3044\u3044\u3061\u308d\u3046",
    "country_code": "CO",
    "country": "Colombia"
  },
  {
    "username": "hihara_iur",
    "followingArtist": "\u3084\u3064\u3044\u3044\u3061\u308d\u3046",
    "country_code": "FR",
    "country": "France"
  },
  {
    "username": "CnYaah",
    "followingArtist": "\u3084\u3064\u3044\u3044\u3061\u308d\u3046",
    "country_code": "JP",
    "country": "Japan"
  },
  {
    "username": "kennosuke26",
    "followingArtist": "\u3084\u3064\u3044\u3044\u3061\u308d\u3046",
    "country_code": "JP",
    "country": "Japan"
  },
  {
    "username": "takao_sakai",
    "followingArtist": "\u3084\u3064\u3044\u3044\u3061\u308d\u3046",
    "country_code": "JP",
    "country": "Japan"
  },
  {
    "username": "kojihanko",
    "followingArtist": "\u3084\u3064\u3044\u3044\u3061\u308d\u3046",
    "country_code": "in",
    "country": "India"
  },
  {
    "username": "Barramundiii",
    "followingArtist": "\u3084\u3064\u3044\u3044\u3061\u308d\u3046",
    "country_code": "JP",
    "country": "Japan"
  },
  {
    "username": "chris_k7575",
    "followingArtist": "\u3084\u3064\u3044\u3044\u3061\u308d\u3046",
    "country_code": "JP",
    "country": "Japan"
  },
  {
    "username": "manam1xxx",
    "followingArtist": "\u3084\u3064\u3044\u3044\u3061\u308d\u3046",
    "country_code": "RO",
    "country": "Romania"
  },
  {
    "username": "Q8EK1j30qSAcoEo",
    "followingArtist": "\u3084\u3064\u3044\u3044\u3061\u308d\u3046",
    "country_code": "JP",
    "country": "Japan"
  },
  {
    "username": "marucoi",
    "followingArtist": "\u3084\u3064\u3044\u3044\u3061\u308d\u3046",
    "country_code": "JP",
    "country": "Japan"
  },
  {
    "username": "oginoh",
    "followingArtist": "\u3084\u3064\u3044\u3044\u3061\u308d\u3046",
    "country_code": "JP",
    "country": "Japan"
  },
  {
    "username": "405yoyos",
    "followingArtist": "\u3084\u3064\u3044\u3044\u3061\u308d\u3046",
    "country_code": "JP",
    "country": "Japan"
  },
  {
    "username": "daisuke0315",
    "followingArtist": "\u3084\u3064\u3044\u3044\u3061\u308d\u3046",
    "country_code": "JP",
    "country": "Japan"
  },
  {
    "username": "tsutrax_japan",
    "followingArtist": "\u3084\u3064\u3044\u3044\u3061\u308d\u3046",
    "country_code": "JP",
    "country": "Japan"
  },
  {
    "username": "elmolmolmolmo",
    "followingArtist": "\u3084\u3064\u3044\u3044\u3061\u308d\u3046",
    "country_code": "BR",
    "country": "Brazil"
  },
  {
    "username": "kiiremi23",
    "followingArtist": "\u3084\u3064\u3044\u3044\u3061\u308d\u3046",
    "country_code": "TJ",
    "country": "Tajikistan"
  },
  {
    "username": "rikuyoshino",
    "followingArtist": "\u3084\u3064\u3044\u3044\u3061\u308d\u3046",
    "country_code": "JP",
    "country": "Japan"
  },
  {
    "username": "OisicleMelonpan",
    "followingArtist": "\u3084\u3064\u3044\u3044\u3061\u308d\u3046",
    "country_code": "JP",
    "country": "Japan"
  },
  {
    "username": "bibanjp",
    "followingArtist": "\u3084\u3064\u3044\u3044\u3061\u308d\u3046",
    "country_code": "JP",
    "country": "Japan"
  },
  {
    "username": "simpletaxi",
    "followingArtist": "\u3084\u3064\u3044\u3044\u3061\u308d\u3046",
    "country_code": "JP",
    "country": "Japan"
  },
  {
    "username": "amie971216",
    "followingArtist": "\u3084\u3064\u3044\u3044\u3061\u308d\u3046",
    "country_code": "JP",
    "country": "Japan"
  },
  {
    "username": "mechagumi",
    "followingArtist": "\u3084\u3064\u3044\u3044\u3061\u308d\u3046",
    "country_code": "MW",
    "country": "Malawi"
  },
  {
    "username": "mammypococo",
    "followingArtist": "\u3084\u3064\u3044\u3044\u3061\u308d\u3046",
    "country_code": "JP",
    "country": "Japan"
  },
  {
    "username": "Shjn83",
    "followingArtist": "\u3084\u3064\u3044\u3044\u3061\u308d\u3046",
    "country_code": "JP",
    "country": "Japan"
  },
  {
    "username": "heartbreakerhea",
    "followingArtist": "\u3084\u3064\u3044\u3044\u3061\u308d\u3046",
    "country_code": "AU",
    "country": "Australia"
  },
  {
    "username": "harutorao",
    "followingArtist": "\u3084\u3064\u3044\u3044\u3061\u308d\u3046",
    "country_code": "JP",
    "country": "Japan"
  },
  {
    "username": "miyukingoooo",
    "followingArtist": "\u3084\u3064\u3044\u3044\u3061\u308d\u3046",
    "country_code": "BR",
    "country": "Brazil"
  },
  {
    "username": "WooArtsUnit",
    "followingArtist": "\u3084\u3064\u3044\u3044\u3061\u308d\u3046",
    "country_code": "JP",
    "country": "Japan"
  },
  {
    "username": "moanastyle",
    "followingArtist": "\u3084\u3064\u3044\u3044\u3061\u308d\u3046",
    "country_code": "JP",
    "country": "Japan"
  },
  {
    "username": "ryosuke_0927",
    "followingArtist": "\u3084\u3064\u3044\u3044\u3061\u308d\u3046",
    "country_code": "NL",
    "country": "Netherlands"
  },
  {
    "username": "lslalol",
    "followingArtist": "\u3084\u3064\u3044\u3044\u3061\u308d\u3046",
    "country_code": "JP",
    "country": "Japan"
  },
  {
    "username": "guitar_bancho",
    "followingArtist": "\u3084\u3064\u3044\u3044\u3061\u308d\u3046",
    "country_code": "JP",
    "country": "Japan"
  },
  {
    "username": "G_Youtarou",
    "followingArtist": "\u3084\u3064\u3044\u3044\u3061\u308d\u3046",
    "country_code": "JP",
    "country": "Japan"
  },
  {
    "username": "kenderful",
    "followingArtist": "\u3084\u3064\u3044\u3044\u3061\u308d\u3046",
    "country_code": "US",
    "country": "United States"
  },
  {
    "username": "kikukiku0912",
    "followingArtist": "\u3084\u3064\u3044\u3044\u3061\u308d\u3046",
    "country_code": "JP",
    "country": "Japan"
  },
  {
    "username": "misa19831105",
    "followingArtist": "\u3084\u3064\u3044\u3044\u3061\u308d\u3046",
    "country_code": "JP",
    "country": "Japan"
  },
  {
    "username": "santa_____san",
    "followingArtist": "\u3084\u3064\u3044\u3044\u3061\u308d\u3046",
    "country_code": "JP",
    "country": "Japan"
  },
  {
    "username": "ldhlovekao",
    "followingArtist": "\u3084\u3064\u3044\u3044\u3061\u308d\u3046",
    "country_code": "AU",
    "country": "Australia"
  },
  {
    "username": "1102saaawa",
    "followingArtist": "\u3084\u3064\u3044\u3044\u3061\u308d\u3046",
    "country_code": "AU",
    "country": "Australia"
  },
  {
    "username": "nonomaru8",
    "followingArtist": "\u3084\u3064\u3044\u3044\u3061\u308d\u3046",
    "country_code": "JP",
    "country": "Japan"
  },
  {
    "username": "PlanetQQQ",
    "followingArtist": "\u3084\u3064\u3044\u3044\u3061\u308d\u3046",
    "country_code": "JP",
    "country": "Japan"
  },
  {
    "username": "ItsParkLee",
    "followingArtist": "\u3084\u3064\u3044\u3044\u3061\u308d\u3046",
    "country_code": "US",
    "country": "United States"
  },
  {
    "username": "seimj",
    "followingArtist": "\u3084\u3064\u3044\u3044\u3061\u308d\u3046",
    "country_code": "JP",
    "country": "Japan"
  },
  {
    "username": "deco3701",
    "followingArtist": "\u3084\u3064\u3044\u3044\u3061\u308d\u3046",
    "country_code": "JP",
    "country": "Japan"
  },
  {
    "username": "otaheaven",
    "followingArtist": "\u3084\u3064\u3044\u3044\u3061\u308d\u3046",
    "country_code": "JP",
    "country": "Japan"
  },
  {
    "username": "kotokonomori",
    "followingArtist": "\u3084\u3064\u3044\u3044\u3061\u308d\u3046",
    "country_code": "JP",
    "country": "Japan"
  },
  {
    "username": "kentty222",
    "followingArtist": "\u3084\u3064\u3044\u3044\u3061\u308d\u3046",
    "country_code": "JP",
    "country": "Japan"
  },
  {
    "username": "KojiroIino",
    "followingArtist": "\u3084\u3064\u3044\u3044\u3061\u308d\u3046",
    "country_code": "JP",
    "country": "Japan"
  },
  {
    "username": "PatrickOyler4",
    "followingArtist": "Metallica",
    "country_code": "US",
    "country": "United States"
  },
  {
    "username": "vien_fabregaz",
    "followingArtist": "Metallica",
    "country_code": "ID",
    "country": "Indonesia"
  },
  {
    "username": "TongueTiedBand",
    "followingArtist": "Metallica",
    "country_code": "GB",
    "country": "Northern Ireland"
  },
  {
    "username": "Doczy",
    "followingArtist": "Metallica",
    "country_code": "LT",
    "country": "Lithuania"
  },
  {
    "username": "koondroot",
    "followingArtist": "Metallica",
    "country_code": "US",
    "country": "United States"
  },
  {
    "username": "leahyr8383",
    "followingArtist": "Metallica",
    "country_code": "UK",
    "country": "United Kingdom"
  },
  {
    "username": "Cleytoncosta4",
    "followingArtist": "Metallica",
    "country_code": "PT",
    "country": "Portugal"
  },
  {
    "username": "Jessicatruett3",
    "followingArtist": "Metallica",
    "country_code": "US",
    "country": "United States"
  },
  {
    "username": "klebsonps",
    "followingArtist": "Metallica",
    "country_code": "NL",
    "country": "Netherlands"
  },
  {
    "username": "KaragozluFurkan",
    "followingArtist": "Metallica",
    "country_code": "TR",
    "country": "Turkey"
  },
  {
    "username": "georgiacobden",
    "followingArtist": "Metallica",
    "country_code": "UK",
    "country": "United Kingdom"
  },
  {
    "username": "VpeachbBea",
    "followingArtist": "Metallica",
    "country_code": "US",
    "country": "United States"
  },
  {
    "username": "Witherfall",
    "followingArtist": "Metallica",
    "country_code": "NG",
    "country": "Nigeria"
  },
  {
    "username": "MonarchMonk",
    "followingArtist": "Metallica",
    "country_code": "UK",
    "country": "United Kingdom"
  },
  {
    "username": "ell_dogg88",
    "followingArtist": "Metallica",
    "country_code": "US",
    "country": "United States"
  },
  {
    "username": "crushmyseo",
    "followingArtist": "Metallica",
    "country_code": "US",
    "country": "United States"
  },
  {
    "username": "rockintheshot",
    "followingArtist": "Metallica",
    "country_code": "US",
    "country": "United States"
  },
  {
    "username": "verogiammi",
    "followingArtist": "Metallica",
    "country_code": "ES",
    "country": "Spain"
  },
  {
    "username": "virtual_eviil",
    "followingArtist": "Metallica",
    "country_code": "PT",
    "country": "Portugal"
  },
  {
    "username": "Leandro_65",
    "followingArtist": "Metallica",
    "country_code": "BD",
    "country": "Bangladesh"
  },
  {
    "username": "Tachaax",
    "followingArtist": "Metallica",
    "country_code": "BE",
    "country": "Belgium"
  },
  {
    "username": "prolewariat92",
    "followingArtist": "Metallica",
    "country_code": "US",
    "country": "United States"
  },
  {
    "username": "debra_march",
    "followingArtist": "Metallica",
    "country_code": "US",
    "country": "United States"
  },
  {
    "username": "dydsix",
    "followingArtist": "Metallica",
    "country_code": "HU",
    "country": "Hungary"
  },
  {
    "username": "O__V__E__R",
    "followingArtist": "Metallica",
    "country_code": "CA",
    "country": "Canada"
  },
  {
    "username": "Matt66137361",
    "followingArtist": "Metallica",
    "country_code": "UK",
    "country": "United Kingdom"
  },
  {
    "username": "iambitch23",
    "followingArtist": "Metallica",
    "country_code": "CO",
    "country": "Colombia"
  },
  {
    "username": "Stealzie",
    "followingArtist": "Metallica",
    "country_code": "US",
    "country": "United States"
  },
  {
    "username": "TheWelkinSuite",
    "followingArtist": "Metallica",
    "country_code": "UA",
    "country": "Ukraine"
  },
  {
    "username": "realHackDiesel",
    "followingArtist": "Metallica",
    "country_code": "Wisconsin St",
    "country": "Wisconsin St"
  },
  {
    "username": "el_guey_ese",
    "followingArtist": "Metallica",
    "country_code": "US",
    "country": "United States"
  },
  {
    "username": "Zaenal_ImamS",
    "followingArtist": "Metallica",
    "country_code": "ID",
    "country": "Indonesia"
  },
  {
    "username": "iLoveChildren30",
    "followingArtist": "Metallica",
    "country_code": "PH",
    "country": "Philippines"
  },
  {
    "username": "Gogoi_daa",
    "followingArtist": "Metallica",
    "country_code": "IN",
    "country": "India"
  },
  {
    "username": "Nataliasolmart",
    "followingArtist": "Metallica",
    "country_code": "AR",
    "country": "Argentina"
  },
  {
    "username": "Mert19100432",
    "followingArtist": "Metallica",
    "country_code": "JP",
    "country": "Japan"
  },
  {
    "username": "ARTessmer",
    "followingArtist": "Metallica",
    "country_code": "US",
    "country": "United States"
  },
  {
    "username": "asoria13",
    "followingArtist": "Metallica",
    "country_code": "US",
    "country": "United States"
  },
  {
    "username": "Gretticusmaxim1",
    "followingArtist": "Metallica",
    "country_code": "US",
    "country": "United States"
  },
  {
    "username": "Mia90861764",
    "followingArtist": "Metallica",
    "country_code": "GB",
    "country": "Northern Ireland"
  },
  {
    "username": "sergiocantarino",
    "followingArtist": "Metallica",
    "country_code": "ES",
    "country": "Spain"
  },
  {
    "username": "rousimikki",
    "followingArtist": "Metallica",
    "country_code": "FI",
    "country": "Finland"
  },
  {
    "username": "jenhartc",
    "followingArtist": "Metallica",
    "country_code": "US",
    "country": "United States"
  },
  {
    "username": "RayYoung_STL",
    "followingArtist": "Metallica",
    "country_code": "MA",
    "country": "Morocco"
  },
  {
    "username": "JBRagneey",
    "followingArtist": "Metallica",
    "country_code": "US",
    "country": "United States"
  },
  {
    "username": "Metaphisicae",
    "followingArtist": "Metallica",
    "country_code": "GB",
    "country": "Northern Ireland"
  },
  {
    "username": "cainoriff",
    "followingArtist": "Metallica",
    "country_code": "UK",
    "country": "United Kingdom"
  },
  {
    "username": "lonelysatan_",
    "followingArtist": "Metallica",
    "country_code": "NO",
    "country": "Norway"
  },
  {
    "username": "GoghsCrows",
    "followingArtist": "Metallica",
    "country_code": "UK",
    "country": "United Kingdom"
  },
  {
    "username": "DanielaHillers",
    "followingArtist": "Metallica",
    "country_code": "DE",
    "country": "Germany"
  },
  {
    "username": "HoneaDebbie",
    "followingArtist": "Metallica",
    "country_code": "US",
    "country": "United States"
  },
  {
    "username": "MikaAaltonen5",
    "followingArtist": "Metallica",
    "country_code": "FI",
    "country": "Finland"
  },
  {
    "username": "MukFernando",
    "followingArtist": "Metallica",
    "country_code": "CO",
    "country": "Colombia"
  },
  {
    "username": "MattRileyMusic",
    "followingArtist": "Metallica",
    "country_code": "US",
    "country": "United States"
  },
  {
    "username": "lnob",
    "followingArtist": "Metallica",
    "country_code": "BR",
    "country": "Brazil"
  },
  {
    "username": "theratedrsupp",
    "followingArtist": "Metallica",
    "country_code": "BR",
    "country": "Brazil"
  },
  {
    "username": "kyawathekid",
    "followingArtist": "Metallica",
    "country_code": "US",
    "country": "United States"
  },
  {
    "username": "tobieleeann21",
    "followingArtist": "Metallica",
    "country_code": "N Oklahoma",
    "country": "N Oklahoma"
  },
  {
    "username": "DmcG1982",
    "followingArtist": "Metallica",
    "country_code": "UK",
    "country": "United Kingdom"
  },
  {
    "username": "Linerbook",
    "followingArtist": "Metallica",
    "country_code": "NG",
    "country": "Nigeria"
  },
  {
    "username": "vicentgf2",
    "followingArtist": "Metallica",
    "country_code": "GL",
    "country": "Greenland"
  },
  {
    "username": "melyla3",
    "followingArtist": "Metallica",
    "country_code": "FR",
    "country": "France"
  },
  {
    "username": "AmandaO74851843",
    "followingArtist": "Metallica",
    "country_code": "CA",
    "country": "Canada"
  },
  {
    "username": "MardukKev",
    "followingArtist": "Metallica",
    "country_code": "US",
    "country": "United States"
  },
  {
    "username": "JoyceNuara",
    "followingArtist": "Metallica",
    "country_code": "US",
    "country": "United States"
  },
  {
    "username": "RosaB62922782",
    "followingArtist": "Metallica",
    "country_code": "TH",
    "country": "Thailand"
  },
  {
    "username": "GeniusIrate",
    "followingArtist": "Metallica",
    "country_code": "US",
    "country": "United States"
  },
  {
    "username": "ScottkNoble",
    "followingArtist": "Metallica",
    "country_code": "Wisconsin St",
    "country": "Wisconsin St"
  },
  {
    "username": "HarunHoca18",
    "followingArtist": "Metallica",
    "country_code": "TR",
    "country": "Turkey"
  },
  {
    "username": "ajcoleonline",
    "followingArtist": "Metallica",
    "country_code": "US",
    "country": "United States"
  },
  {
    "username": "SafePixs",
    "followingArtist": "Metallica",
    "country_code": "FR",
    "country": "France"
  },
  {
    "username": "RafaelGuillen24",
    "followingArtist": "Metallica",
    "country_code": "ES",
    "country": "Spain"
  },
  {
    "username": "DTakena722",
    "followingArtist": "Metallica",
    "country_code": "US",
    "country": "United States"
  },
  {
    "username": "rdoraz",
    "followingArtist": "Metallica",
    "country_code": "US",
    "country": "United States"
  },
  {
    "username": "KimKannussaari",
    "followingArtist": "Metallica",
    "country_code": "FI",
    "country": "Finland"
  },
  {
    "username": "LunarPalaceband",
    "followingArtist": "Metallica",
    "country_code": "FR",
    "country": "France"
  },
  {
    "username": "SzNiki34",
    "followingArtist": "Metallica",
    "country_code": "HU",
    "country": "Hungary"
  },
  {
    "username": "RioRama94223553",
    "followingArtist": "Metallica",
    "country_code": "ID",
    "country": "Indonesia"
  },
  {
    "username": "Lukasrizz1",
    "followingArtist": "Metallica",
    "country_code": "US",
    "country": "United States"
  },
  {
    "username": "DacoBdr",
    "followingArtist": "Metallica",
    "country_code": "IT",
    "country": "Italy"
  },
  {
    "username": "AnhLewellen",
    "followingArtist": "Metallica",
    "country_code": "US",
    "country": "United States"
  },
  {
    "username": "lateefmoore35",
    "followingArtist": "Metallica",
    "country_code": "US",
    "country": "United States"
  },
  {
    "username": "Jonatha42969903",
    "followingArtist": "Metallica",
    "country_code": "US",
    "country": "United States"
  },
  {
    "username": "FioriniFury",
    "followingArtist": "Metallica",
    "country_code": "NG",
    "country": "Nigeria"
  },
  {
    "username": "Anastasiskoste1",
    "followingArtist": "Metallica",
    "country_code": "CY",
    "country": "Cyprus"
  },
  {
    "username": "craigandcopod",
    "followingArtist": "Metallica",
    "country_code": "US",
    "country": "United States"
  },
  {
    "username": "Trinaxl",
    "followingArtist": "Metallica",
    "country_code": "MX",
    "country": "Mexico"
  },
  {
    "username": "RennyRenfro",
    "followingArtist": "Metallica",
    "country_code": "BR",
    "country": "Brazil"
  },
  {
    "username": "soniatoron",
    "followingArtist": "Metallica",
    "country_code": "ES",
    "country": "Spain"
  },
  {
    "username": "Ilzeblue",
    "followingArtist": "Metallica",
    "country_code": "UK",
    "country": "United Kingdom"
  },
  {
    "username": "big_Gibby",
    "followingArtist": "Metallica",
    "country_code": "GB",
    "country": "Northern Ireland"
  },
  {
    "username": "Volpe17Angelo",
    "followingArtist": "Metallica",
    "country_code": "IT",
    "country": "Italy"
  },
  {
    "username": "Yedid666",
    "followingArtist": "Metallica",
    "country_code": "US",
    "country": "United States"
  },
  {
    "username": "AlmqvistKira",
    "followingArtist": "Metallica",
    "country_code": "CA",
    "country": "Canada"
  },
  {
    "username": "MaureenGaubatz",
    "followingArtist": "Metallica",
    "country_code": "US",
    "country": "United States"
  },
  {
    "username": "tilaXavierdRei4",
    "followingArtist": "Metallica",
    "country_code": "BR",
    "country": "Brazil"
  },
  {
    "username": "KennaRinaldi",
    "followingArtist": "Metallica",
    "country_code": "US",
    "country": "United States"
  },
  {
    "username": "sdsandsurfer",
    "followingArtist": "Metallica",
    "country_code": "US",
    "country": "United States"
  },
  {
    "username": "nate01collins",
    "followingArtist": "Metallica",
    "country_code": "US",
    "country": "United States"
  },
  {
    "username": "Hedinarn",
    "followingArtist": "Metallica",
    "country_code": "SE",
    "country": "Sweden"
  },
  {
    "username": "MartinnFalk",
    "followingArtist": "Metallica",
    "country_code": "IT",
    "country": "Italy"
  },
  {
    "username": "StoneSm55234814",
    "followingArtist": "Metallica",
    "country_code": "EG",
    "country": "Egypt"
  },
  {
    "username": "RoyPaLosCompas",
    "followingArtist": "Metallica",
    "country_code": "MX",
    "country": "Mexico"
  },
  {
    "username": "JohnPsithurism",
    "followingArtist": "Metallica",
    "country_code": "NL",
    "country": "Netherlands"
  },
  {
    "username": "FNietzschecito",
    "followingArtist": "Metallica",
    "country_code": "CO",
    "country": "Colombia"
  },
  {
    "username": "sexboylml",
    "followingArtist": "Metallica",
    "country_code": "MX",
    "country": "Mexico"
  },
  {
    "username": "Anthony14174176",
    "followingArtist": "Metallica",
    "country_code": "California City Blvd",
    "country": "California City Blvd"
  },
  {
    "username": "Scott25528563",
    "followingArtist": "Metallica",
    "country_code": "US",
    "country": "United States"
  },
  {
    "username": "HiagoMendesOli1",
    "followingArtist": "Metallica",
    "country_code": "IT",
    "country": "Italy"
  },
  {
    "username": "Slusho_97",
    "followingArtist": "Metallica",
    "country_code": "CA",
    "country": "Canada"
  },
  {
    "username": "C9Alex__Shinoda",
    "followingArtist": "Metallica",
    "country_code": "US",
    "country": "United States"
  },
  {
    "username": "NucleoRock1",
    "followingArtist": "Metallica",
    "country_code": "US",
    "country": "United States"
  },
  {
    "username": "AnaLuiz87904974",
    "followingArtist": "Metallica",
    "country_code": "BR",
    "country": "Brazil"
  },
  {
    "username": "Odonterism",
    "followingArtist": "Metallica",
    "country_code": "US",
    "country": "United States"
  },
  {
    "username": "ohheynish",
    "followingArtist": "Metallica",
    "country_code": "IN",
    "country": "India"
  },
  {
    "username": "randy49ers",
    "followingArtist": "Metallica",
    "country_code": "US",
    "country": "United States"
  },
  {
    "username": "justinharper27",
    "followingArtist": "Metallica",
    "country_code": "US",
    "country": "United States"
  },
  {
    "username": "TripHalf",
    "followingArtist": "Metallica",
    "country_code": "IN",
    "country": "India"
  },
  {
    "username": "sccpkaique_",
    "followingArtist": "Metallica",
    "country_code": "BR",
    "country": "Brazil"
  },
  {
    "username": "patriciacalera",
    "followingArtist": "Metallica",
    "country_code": "UK",
    "country": "United Kingdom"
  },
  {
    "username": "davislip25",
    "followingArtist": "Metallica",
    "country_code": "BR",
    "country": "Brazil"
  },
  {
    "username": "RocccioStp",
    "followingArtist": "Metallica",
    "country_code": "IT",
    "country": "Italy"
  },
  {
    "username": "GrisSilva11",
    "followingArtist": "Metallica",
    "country_code": "US",
    "country": "United States"
  },
  {
    "username": "Fanofrapmonster",
    "followingArtist": "Metallica",
    "country_code": "US",
    "country": "United States"
  },
  {
    "username": "canadianman1990",
    "followingArtist": "Metallica",
    "country_code": "CA",
    "country": "Canada"
  },
  {
    "username": "KernPaul1616",
    "followingArtist": "Metallica",
    "country_code": "US",
    "country": "United States"
  },
  {
    "username": "_Mauricio27_",
    "followingArtist": "Metallica",
    "country_code": "US",
    "country": "United States"
  },
  {
    "username": "music_effecks",
    "followingArtist": "Metallica",
    "country_code": "NG",
    "country": "Nigeria"
  },
  {
    "username": "eharmon42",
    "followingArtist": "Metallica",
    "country_code": "US",
    "country": "United States"
  },
  {
    "username": "ssn670",
    "followingArtist": "Metallica",
    "country_code": "US",
    "country": "United States"
  },
  {
    "username": "Grawdaddy",
    "followingArtist": "Metallica",
    "country_code": "US",
    "country": "United States"
  },
  {
    "username": "JeanSCacay",
    "followingArtist": "Metallica",
    "country_code": "EC",
    "country": "Ecuador"
  },
  {
    "username": "ros_web117",
    "followingArtist": "Metallica",
    "country_code": "US",
    "country": "United States"
  },
  {
    "username": "A_NewMomentum",
    "followingArtist": "Metallica",
    "country_code": "US",
    "country": "United States"
  },
  {
    "username": "nwheremn1965",
    "followingArtist": "Metallica",
    "country_code": "US",
    "country": "United States"
  },
  {
    "username": "Nani94081839",
    "followingArtist": "Metallica",
    "country_code": "MY",
    "country": "Malaysia"
  },
  {
    "username": "stevethickett61",
    "followingArtist": "Metallica",
    "country_code": "US",
    "country": "United States"
  },
  {
    "username": "cra_cry",
    "followingArtist": "Metallica",
    "country_code": "NO",
    "country": "Norway"
  },
  {
    "username": "arcodamore",
    "followingArtist": "Metallica",
    "country_code": "VE",
    "country": "Venezuela"
  },
  {
    "username": "Eduarda_Dias_M",
    "followingArtist": "Metallica",
    "country_code": "BR",
    "country": "Brazil"
  },
  {
    "username": "Giovanilf",
    "followingArtist": "Metallica",
    "country_code": "BR",
    "country": "Brazil"
  },
  {
    "username": "tbonewhatwhat",
    "followingArtist": "Metallica",
    "country_code": "IT",
    "country": "Italy"
  },
  {
    "username": "advillalon",
    "followingArtist": "Metallica",
    "country_code": "FR",
    "country": "France"
  },
  {
    "username": "vpns2011",
    "followingArtist": "Metallica",
    "country_code": "DE",
    "country": "Germany"
  },
  {
    "username": "JacobTbar999",
    "followingArtist": "Metallica",
    "country_code": "US",
    "country": "United States"
  },
  {
    "username": "bradcorner",
    "followingArtist": "Metallica",
    "country_code": "US",
    "country": "United States"
  },
  {
    "username": "charleschang54",
    "followingArtist": "Metallica",
    "country_code": "US",
    "country": "United States"
  },
  {
    "username": "tweekers1020",
    "followingArtist": "Metallica",
    "country_code": "US",
    "country": "United States"
  },
  {
    "username": "JingJin05381756",
    "followingArtist": "Metallica",
    "country_code": "US",
    "country": "United States"
  },
  {
    "username": "GiselaH96079893",
    "followingArtist": "Metallica",
    "country_code": "MX",
    "country": "Mexico"
  },
  {
    "username": "AcropolisGD1",
    "followingArtist": "Metallica",
    "country_code": "US",
    "country": "United States"
  },
  {
    "username": "ESMERALDA2225",
    "followingArtist": "Metallica",
    "country_code": "CO",
    "country": "Colombia"
  },
  {
    "username": "verarichard01",
    "followingArtist": "Metallica",
    "country_code": "ES",
    "country": "Spain"
  },
  {
    "username": "ozlemhncrkran",
    "followingArtist": "Metallica",
    "country_code": "TR",
    "country": "Turkey"
  },
  {
    "username": "DjKlown33",
    "followingArtist": "Metallica",
    "country_code": "GB",
    "country": "Northern Ireland"
  },
  {
    "username": "Robson_DeMello",
    "followingArtist": "Metallica",
    "country_code": "LT",
    "country": "Lithuania"
  },
  {
    "username": "ShoesaremyCHOC1",
    "followingArtist": "Metallica",
    "country_code": "US",
    "country": "United States"
  },
  {
    "username": "Pepporto",
    "followingArtist": "Metallica",
    "country_code": "MZ",
    "country": "Mozambique"
  },
  {
    "username": "Adeystreetbob73",
    "followingArtist": "Metallica",
    "country_code": "US",
    "country": "United States"
  },
  {
    "username": "Kathery60758413",
    "followingArtist": "Metallica",
    "country_code": "JP",
    "country": "Japan"
  },
  {
    "username": "stacywildfong",
    "followingArtist": "Metallica",
    "country_code": "US",
    "country": "United States"
  },
  {
    "username": "seneklova",
    "followingArtist": "Metallica",
    "country_code": "MA",
    "country": "Morocco"
  },
  {
    "username": "RizzutoMarie",
    "followingArtist": "Metallica",
    "country_code": "US",
    "country": "United States"
  },
  {
    "username": "BARR0S0GAST0N",
    "followingArtist": "Metallica",
    "country_code": "US",
    "country": "United States"
  },
  {
    "username": "AlexGuzman_9",
    "followingArtist": "Metallica",
    "country_code": "US",
    "country": "United States"
  },
  {
    "username": "KaptonObvi",
    "followingArtist": "Metallica",
    "country_code": "US",
    "country": "United States"
  },
  {
    "username": "julimartinsgal1",
    "followingArtist": "Metallica",
    "country_code": "AR",
    "country": "Argentina"
  },
  {
    "username": "NathanS19726704",
    "followingArtist": "Metallica",
    "country_code": "US",
    "country": "United States"
  },
  {
    "username": "muhamadrizalna3",
    "followingArtist": "Metallica",
    "country_code": "ID",
    "country": "Indonesia"
  },
  {
    "username": "fionalo00694212",
    "followingArtist": "Metallica",
    "country_code": "US",
    "country": "United States"
  },
  {
    "username": "IzabellaYankee",
    "followingArtist": "Metallica",
    "country_code": "US",
    "country": "United States"
  },
  {
    "username": "gogitorivera",
    "followingArtist": "Metallica",
    "country_code": "BR",
    "country": "Brazil"
  },
  {
    "username": "jfgs1505",
    "followingArtist": "Metallica",
    "country_code": "ES",
    "country": "Spain"
  },
  {
    "username": "abbott_rush",
    "followingArtist": "Metallica",
    "country_code": "US",
    "country": "United States"
  },
  {
    "username": "manikreddy1995",
    "followingArtist": "Metallica",
    "country_code": "IN",
    "country": "India"
  },
  {
    "username": "psychedelala",
    "followingArtist": "Metallica",
    "country_code": "UK",
    "country": "United Kingdom"
  },
  {
    "username": "AlonsoG88532314",
    "followingArtist": "Metallica",
    "country_code": "CL",
    "country": "Chile"
  },
  {
    "username": "likeice7",
    "followingArtist": "Metallica",
    "country_code": "US",
    "country": "United States"
  },
  {
    "username": "RealTeddy_Love",
    "followingArtist": "Metallica",
    "country_code": "US",
    "country": "United States"
  },
  {
    "username": "VladimirBerrio3",
    "followingArtist": "Metallica",
    "country_code": "CL",
    "country": "Chile"
  },
  {
    "username": "JoiceStevens",
    "followingArtist": "Metallica",
    "country_code": "IT",
    "country": "Italy"
  },
  {
    "username": "aditsetiabudi",
    "followingArtist": "Metallica",
    "country_code": "BJ",
    "country": "Benin"
  },
  {
    "username": "VanKakas",
    "followingArtist": "Metallica",
    "country_code": "ID",
    "country": "Indonesia"
  },
  {
    "username": "Carlosecfranca",
    "followingArtist": "Metallica",
    "country_code": "BR",
    "country": "Brazil"
  },
  {
    "username": "TrevTarde",
    "followingArtist": "Metallica",
    "country_code": "US",
    "country": "United States"
  },
  {
    "username": "JoseBrazao89",
    "followingArtist": "Metallica",
    "country_code": "PT",
    "country": "Portugal"
  },
  {
    "username": "MaxBohne",
    "followingArtist": "Metallica",
    "country_code": "DE",
    "country": "Germany"
  },
  {
    "username": "xesisoj",
    "followingArtist": "Metallica",
    "country_code": "NL",
    "country": "Netherlands"
  },
  {
    "username": "FrancoCalvette",
    "followingArtist": "Metallica",
    "country_code": "UY",
    "country": "Uruguay"
  },
  {
    "username": "dhannyreza",
    "followingArtist": "Metallica",
    "country_code": "ID",
    "country": "Indonesia"
  },
  {
    "username": "jaguld",
    "followingArtist": "Metallica",
    "country_code": "HK",
    "country": "Hong Kong"
  },
  {
    "username": "Letcia02874114",
    "followingArtist": "Metallica",
    "country_code": "BR",
    "country": "Brazil"
  },
  {
    "username": "RafaRabelo773",
    "followingArtist": "Metallica",
    "country_code": "BR",
    "country": "Brazil"
  },
  {
    "username": "VicHugoGarcia",
    "followingArtist": "Metallica",
    "country_code": "ES",
    "country": "Spain"
  },
  {
    "username": "evancowitt",
    "followingArtist": "Metallica",
    "country_code": "NG",
    "country": "Nigeria"
  },
  {
    "username": "gzsavs",
    "followingArtist": "Metallica",
    "country_code": "US",
    "country": "United States"
  },
  {
    "username": "GuitarTwo",
    "followingArtist": "Metallica",
    "country_code": "US",
    "country": "United States"
  },
  {
    "username": "adamgarrod88",
    "followingArtist": "Metallica",
    "country_code": "UK",
    "country": "United Kingdom"
  },
  {
    "username": "BrianMu15",
    "followingArtist": "Metallica",
    "country_code": "ID",
    "country": "Indonesia"
  },
  {
    "username": "AmazingGracie0",
    "followingArtist": "Metallica",
    "country_code": "US",
    "country": "United States"
  },
  {
    "username": "sometomguy",
    "followingArtist": "Metallica",
    "country_code": "US",
    "country": "United States"
  },
  {
    "username": "DeloresStreisan",
    "followingArtist": "Metallica",
    "country_code": "CA",
    "country": "Canada"
  },
  {
    "username": "leonard57074153",
    "followingArtist": "Metallica",
    "country_code": "BR",
    "country": "Brazil"
  },
  {
    "username": "_Marlboros_",
    "followingArtist": "Metallica",
    "country_code": "US",
    "country": "United States"
  },
  {
    "username": "RotarMarius2",
    "followingArtist": "Metallica",
    "country_code": "MD",
    "country": "Moldova"
  },
  {
    "username": "gonzalo_ricaldi",
    "followingArtist": "Metallica",
    "country_code": "PE",
    "country": "Peru"
  },
  {
    "username": "sadwomanswing",
    "followingArtist": "Metallica",
    "country_code": "TR",
    "country": "Turkey"
  },
  {
    "username": "macallanbxy",
    "followingArtist": "Metallica",
    "country_code": "US",
    "country": "United States"
  },
  {
    "username": "Julien_Dumas1",
    "followingArtist": "Metallica",
    "country_code": "FR",
    "country": "France"
  },
  {
    "username": "KyleVesey",
    "followingArtist": "Metallica",
    "country_code": "US",
    "country": "United States"
  },
  {
    "username": "sheldon_hamlyn",
    "followingArtist": "Metallica",
    "country_code": "CA",
    "country": "Canada"
  },
  {
    "username": "Adam_Marcellow",
    "followingArtist": "Metallica",
    "country_code": "US",
    "country": "United States"
  },
  {
    "username": "Belloon972",
    "followingArtist": "Metallica",
    "country_code": "ID",
    "country": "Indonesia"
  },
  {
    "username": "burgerBrowne",
    "followingArtist": "Metallica",
    "country_code": "US",
    "country": "United States"
  },
  {
    "username": "KevinM937971",
    "followingArtist": "Metallica",
    "country_code": "US",
    "country": "United States"
  },
  {
    "username": "jp_mcauley",
    "followingArtist": "Metallica",
    "country_code": "US",
    "country": "United States"
  },
  {
    "username": "senioritapants",
    "followingArtist": "Metallica",
    "country_code": "US",
    "country": "United States"
  },
  {
    "username": "shayan89999081",
    "followingArtist": "Metallica",
    "country_code": "TR",
    "country": "Turkey"
  },
  {
    "username": "RobertoBolado2",
    "followingArtist": "Metallica",
    "country_code": "ES",
    "country": "Spain"
  },
  {
    "username": "Nirmaan2208",
    "followingArtist": "Metallica",
    "country_code": "US",
    "country": "United States"
  },
  {
    "username": "David25632729",
    "followingArtist": "Metallica",
    "country_code": "US",
    "country": "United States"
  },
  {
    "username": "Diego13731802",
    "followingArtist": "Metallica",
    "country_code": "US",
    "country": "United States"
  },
  {
    "username": "Olly48449686",
    "followingArtist": "Metallica",
    "country_code": "GB",
    "country": "Northern Ireland"
  },
  {
    "username": "stevendeangelo",
    "followingArtist": "Metallica",
    "country_code": "NL",
    "country": "Netherlands"
  },
  {
    "username": "MayraAl52491356",
    "followingArtist": "Metallica",
    "country_code": "CO",
    "country": "Colombia"
  },
  {
    "username": "Syafiqsalleh28",
    "followingArtist": "Metallica",
    "country_code": "MY",
    "country": "Malaysia"
  },
  {
    "username": "rudelsimon",
    "followingArtist": "Metallica",
    "country_code": "US",
    "country": "United States"
  },
  {
    "username": "liperuiz",
    "followingArtist": "Metallica",
    "country_code": "BR",
    "country": "Brazil"
  },
  {
    "username": "AnabsSoares",
    "followingArtist": "Metallica",
    "country_code": "BR",
    "country": "Brazil"
  },
  {
    "username": "EnduroTiger",
    "followingArtist": "Metallica",
    "country_code": "DE",
    "country": "Germany"
  },
  {
    "username": "paopalate14",
    "followingArtist": "Metallica",
    "country_code": "EC",
    "country": "Ecuador"
  },
  {
    "username": "Faella_De_Souza",
    "followingArtist": "Metallica",
    "country_code": "PT",
    "country": "Portugal"
  },
  {
    "username": "Renee84Stacy",
    "followingArtist": "Metallica",
    "country_code": "US",
    "country": "United States"
  },
  {
    "username": "SallyAnnWycherl",
    "followingArtist": "Metallica",
    "country_code": "GB",
    "country": "Northern Ireland"
  },
  {
    "username": "thehardrockshow",
    "followingArtist": "Metallica",
    "country_code": "AU",
    "country": "Australia"
  },
  {
    "username": "DaniMen00820520",
    "followingArtist": "Metallica",
    "country_code": "ES",
    "country": "Spain"
  },
  {
    "username": "jryanb173",
    "followingArtist": "Metallica",
    "country_code": "US",
    "country": "United States"
  },
  {
    "username": "Lmartavares",
    "followingArtist": "Metallica",
    "country_code": "BR",
    "country": "Brazil"
  },
  {
    "username": "Simon24627517",
    "followingArtist": "Metallica",
    "country_code": "PL",
    "country": "Poland"
  },
  {
    "username": "AaronSteinhorst",
    "followingArtist": "Metallica",
    "country_code": "US",
    "country": "United States"
  },
  {
    "username": "itspastelesque",
    "followingArtist": "Metallica",
    "country_code": "US",
    "country": "United States"
  },
  {
    "username": "Rigueti_Thais",
    "followingArtist": "Metallica",
    "country_code": "BR",
    "country": "Brazil"
  },
  {
    "username": "NoleGirl1995",
    "followingArtist": "Metallica",
    "country_code": "US",
    "country": "United States"
  },
  {
    "username": "brugoncalveso",
    "followingArtist": "Metallica",
    "country_code": "BR",
    "country": "Brazil"
  },
  {
    "username": "Richard31387351",
    "followingArtist": "Metallica",
    "country_code": "US",
    "country": "United States"
  },
  {
    "username": "MelMinerva",
    "followingArtist": "Metallica",
    "country_code": "AU",
    "country": "Australia"
  },
  {
    "username": "rpsd45",
    "followingArtist": "Metallica",
    "country_code": "GB",
    "country": "Northern Ireland"
  },
  {
    "username": "MisturMoo",
    "followingArtist": "Metallica",
    "country_code": "US",
    "country": "United States"
  },
  {
    "username": "bradensmitty_",
    "followingArtist": "Metallica",
    "country_code": "US",
    "country": "United States"
  },
  {
    "username": "TAHenry87",
    "followingArtist": "Metallica",
    "country_code": "US",
    "country": "United States"
  },
  {
    "username": "LeobardoYael",
    "followingArtist": "Metallica",
    "country_code": "MX",
    "country": "Mexico"
  },
  {
    "username": "rey_pbm",
    "followingArtist": "Metallica",
    "country_code": "BR",
    "country": "Brazil"
  },
  {
    "username": "NathanBriggs123",
    "followingArtist": "Metallica",
    "country_code": "AU",
    "country": "Australia"
  },
  {
    "username": "missdml",
    "followingArtist": "Metallica",
    "country_code": "UK",
    "country": "United Kingdom"
  },
  {
    "username": "fiorino_joseph",
    "followingArtist": "Metallica",
    "country_code": "US",
    "country": "United States"
  },
  {
    "username": "berlycreation",
    "followingArtist": "Metallica",
    "country_code": "AR",
    "country": "Argentina"
  },
  {
    "username": "metalsexual",
    "followingArtist": "Metallica",
    "country_code": "US",
    "country": "United States"
  },
  {
    "username": "claudiolet",
    "followingArtist": "Metallica",
    "country_code": "CL",
    "country": "Chile"
  },
  {
    "username": "vvorldemise",
    "followingArtist": "Metallica",
    "country_code": "US",
    "country": "United States"
  },
  {
    "username": "fohemi",
    "followingArtist": "Metallica",
    "country_code": "US",
    "country": "United States"
  },
  {
    "username": "Sujitra01181139",
    "followingArtist": "Metallica",
    "country_code": "GB",
    "country": "Northern Ireland"
  },
  {
    "username": "bgvl29",
    "followingArtist": "Metallica",
    "country_code": "ES",
    "country": "Spain"
  },
  {
    "username": "mbeautiful0872",
    "followingArtist": "Metallica",
    "country_code": "US",
    "country": "United States"
  },
  {
    "username": "downeyryanm",
    "followingArtist": "Metallica",
    "country_code": "GB",
    "country": "Northern Ireland"
  },
  {
    "username": "BillyHg2002",
    "followingArtist": "Metallica",
    "country_code": "CA",
    "country": "Canada"
  },
  {
    "username": "NANOECENTRAL",
    "followingArtist": "Metallica",
    "country_code": "US",
    "country": "United States"
  },
  {
    "username": "Theunknown9651",
    "followingArtist": "Metallica",
    "country_code": "California City Blvd",
    "country": "California City Blvd"
  },
  {
    "username": "chanandler1234",
    "followingArtist": "Metallica",
    "country_code": "US",
    "country": "United States"
  },
  {
    "username": "Marethiu",
    "followingArtist": "Metallica",
    "country_code": "US",
    "country": "United States"
  },
  {
    "username": "KirawaM",
    "followingArtist": "Metallica",
    "country_code": "NO",
    "country": "Norway"
  },
  {
    "username": "Pedrosubesusmo1",
    "followingArtist": "Metallica",
    "country_code": "JP",
    "country": "Japan"
  },
  {
    "username": "Heidi54537018",
    "followingArtist": "Metallica",
    "country_code": "UK",
    "country": "United Kingdom"
  },
  {
    "username": "korkmaz_aysenur",
    "followingArtist": "Metallica",
    "country_code": "TR",
    "country": "Turkey"
  },
  {
    "username": "ClzLesly",
    "followingArtist": "Metallica",
    "country_code": "MX",
    "country": "Mexico"
  },
  {
    "username": "inayanel",
    "followingArtist": "Metallica",
    "country_code": "US",
    "country": "United States"
  },
  {
    "username": "JuanCar08012880",
    "followingArtist": "Metallica",
    "country_code": "CL",
    "country": "Chile"
  },
  {
    "username": "LemleyCalie",
    "followingArtist": "Metallica",
    "country_code": "US",
    "country": "United States"
  },
  {
    "username": "boy_outcast",
    "followingArtist": "Metallica",
    "country_code": "US",
    "country": "United States"
  },
  {
    "username": "kat_rieger",
    "followingArtist": "Metallica",
    "country_code": "US",
    "country": "United States"
  },
  {
    "username": "Mino_Choreno",
    "followingArtist": "Metallica",
    "country_code": "US",
    "country": "United States"
  },
  {
    "username": "nwohollywood305",
    "followingArtist": "Metallica",
    "country_code": "US",
    "country": "United States"
  },
  {
    "username": "MARKONEX_",
    "followingArtist": "Metallica",
    "country_code": "IE",
    "country": "Ireland"
  },
  {
    "username": "KristyNoms",
    "followingArtist": "Metallica",
    "country_code": "PT",
    "country": "Portugal"
  },
  {
    "username": "Jordana79679120",
    "followingArtist": "Metallica",
    "country_code": "BR",
    "country": "Brazil"
  },
  {
    "username": "ManuelC10599700",
    "followingArtist": "Metallica",
    "country_code": "ES",
    "country": "Spain"
  },
  {
    "username": "DrSandvika",
    "followingArtist": "Metallica",
    "country_code": "UK",
    "country": "United Kingdom"
  },
  {
    "username": "blahtheemonster",
    "followingArtist": "Metallica",
    "country_code": "US",
    "country": "United States"
  },
  {
    "username": "don_todorovich",
    "followingArtist": "Metallica",
    "country_code": "Pennsylvania Furnace Rd",
    "country": "Pennsylvania Furnace Rd"
  },
  {
    "username": "SteelhorseV8",
    "followingArtist": "Metallica",
    "country_code": "ZA",
    "country": "South Africa"
  },
  {
    "username": "Katja45293545",
    "followingArtist": "Metallica",
    "country_code": "BE",
    "country": "Belgium"
  },
  {
    "username": "kk_inf1nity",
    "followingArtist": "Metallica",
    "country_code": "IR",
    "country": "Iran"
  },
  {
    "username": "JulesFranois5",
    "followingArtist": "Metallica",
    "country_code": "FR",
    "country": "France"
  },
  {
    "username": "naaaulcrvg",
    "followingArtist": "Metallica",
    "country_code": "PT",
    "country": "Portugal"
  },
  {
    "username": "profAlexLino",
    "followingArtist": "Metallica",
    "country_code": "BR",
    "country": "Brazil"
  },
  {
    "username": "sonyvito2323",
    "followingArtist": "Metallica",
    "country_code": "BE",
    "country": "Belgium"
  },
  {
    "username": "heidie72",
    "followingArtist": "Metallica",
    "country_code": "FI",
    "country": "Finland"
  },
  {
    "username": "Pandamonium152",
    "followingArtist": "Metallica",
    "country_code": "US",
    "country": "United States"
  },
  {
    "username": "Spy_Lonnie_Spy",
    "followingArtist": "Metallica",
    "country_code": "US",
    "country": "United States"
  },
  {
    "username": "Eazy_E888",
    "followingArtist": "Metallica",
    "country_code": "NL",
    "country": "Netherlands"
  },
  {
    "username": "Andrs34625135",
    "followingArtist": "Metallica",
    "country_code": "CO",
    "country": "Colombia"
  },
  {
    "username": "oses420",
    "followingArtist": "Metallica",
    "country_code": "JM",
    "country": "Jamaica"
  },
  {
    "username": "JBustie05",
    "followingArtist": "Metallica",
    "country_code": "US",
    "country": "United States"
  },
  {
    "username": "shannonsmithmu2",
    "followingArtist": "Metallica",
    "country_code": "GB",
    "country": "Northern Ireland"
  },
  {
    "username": "andy_yorks",
    "followingArtist": "Metallica",
    "country_code": "GB",
    "country": "Northern Ireland"
  },
  {
    "username": "_Tonire",
    "followingArtist": "Metallica",
    "country_code": "ES",
    "country": "Spain"
  },
  {
    "username": "GettingItOutPod",
    "followingArtist": "Metallica",
    "country_code": "Pennsylvania Furnace Rd",
    "country": "Pennsylvania Furnace Rd"
  },
  {
    "username": "MacDeezatron",
    "followingArtist": "Metallica",
    "country_code": "US",
    "country": "United States"
  },
  {
    "username": "Anahigrijalvav8",
    "followingArtist": "Metallica",
    "country_code": "MX",
    "country": "Mexico"
  },
  {
    "username": "sianedelga",
    "followingArtist": "Metallica",
    "country_code": "MZ",
    "country": "Mozambique"
  },
  {
    "username": "miguell__1985",
    "followingArtist": "Metallica",
    "country_code": "BR",
    "country": "Brazil"
  },
  {
    "username": "mattharding7899",
    "followingArtist": "Metallica",
    "country_code": "US",
    "country": "United States"
  },
  {
    "username": "Marie_Duff33",
    "followingArtist": "Metallica",
    "country_code": "US",
    "country": "United States"
  },
  {
    "username": "JulieAlling1",
    "followingArtist": "Metallica",
    "country_code": "TR",
    "country": "Turkey"
  },
  {
    "username": "Rfaela_Vescovi",
    "followingArtist": "Metallica",
    "country_code": "BR",
    "country": "Brazil"
  },
  {
    "username": "katiawujis",
    "followingArtist": "Metallica",
    "country_code": "US",
    "country": "United States"
  },
  {
    "username": "JoaoPereira1",
    "followingArtist": "Metallica",
    "country_code": "AT",
    "country": "Austria"
  },
  {
    "username": "AlexisC78732374",
    "followingArtist": "Metallica",
    "country_code": "MX",
    "country": "Mexico"
  },
  {
    "username": "natalialonso11",
    "followingArtist": "Metallica",
    "country_code": "UK",
    "country": "United Kingdom"
  },
  {
    "username": "daprofessor50",
    "followingArtist": "Metallica",
    "country_code": "US",
    "country": "United States"
  },
  {
    "username": "gunnermitch",
    "followingArtist": "Metallica",
    "country_code": "GB",
    "country": "Northern Ireland"
  },
  {
    "username": "MuseRobson",
    "followingArtist": "Metallica",
    "country_code": "PT",
    "country": "Portugal"
  },
  {
    "username": "valentin_tino23",
    "followingArtist": "Metallica",
    "country_code": "AT",
    "country": "Austria"
  },
  {
    "username": "ChokitoV2",
    "followingArtist": "Metallica",
    "country_code": "BR",
    "country": "Brazil"
  },
  {
    "username": "RadaRaor",
    "followingArtist": "Metallica",
    "country_code": "PH",
    "country": "Philippines"
  },
  {
    "username": "waveslul",
    "followingArtist": "Metallica",
    "country_code": "US",
    "country": "United States"
  },
  {
    "username": "segredor",
    "followingArtist": "Metallica",
    "country_code": "US",
    "country": "United States"
  },
  {
    "username": "joe_ezequiel",
    "followingArtist": "Metallica",
    "country_code": "US",
    "country": "United States"
  },
  {
    "username": "FanuelOfficial",
    "followingArtist": "Metallica",
    "country_code": "Maryland Park Dr",
    "country": "Maryland Park Dr"
  },
  {
    "username": "silvanatiss",
    "followingArtist": "Metallica",
    "country_code": "GH",
    "country": "Ghana"
  },
  {
    "username": "BBobby84",
    "followingArtist": "Metallica",
    "country_code": "IT",
    "country": "Italy"
  },
  {
    "username": "Mickmax1",
    "followingArtist": "Metallica",
    "country_code": "NL",
    "country": "Netherlands"
  },
  {
    "username": "Ladron_de_Pollo",
    "followingArtist": "Metallica",
    "country_code": "DE",
    "country": "Germany"
  },
  {
    "username": "winsorcoke",
    "followingArtist": "Metallica",
    "country_code": "US",
    "country": "United States"
  },
  {
    "username": "Belen_Pohl",
    "followingArtist": "Metallica",
    "country_code": "US",
    "country": "United States"
  },
  {
    "username": "YasinHakim69101",
    "followingArtist": "Metallica",
    "country_code": "ID",
    "country": "Indonesia"
  },
  {
    "username": "Marcel_Passos",
    "followingArtist": "Metallica",
    "country_code": "RU",
    "country": "Russian Federation"
  },
  {
    "username": "robo3490",
    "followingArtist": "Metallica",
    "country_code": "UK",
    "country": "United Kingdom"
  },
  {
    "username": "RiversRony",
    "followingArtist": "Metallica",
    "country_code": "PT",
    "country": "Portugal"
  },
  {
    "username": "ConstantineNyx",
    "followingArtist": "Metallica",
    "country_code": "US",
    "country": "United States"
  },
  {
    "username": "nuuralia1",
    "followingArtist": "Metallica",
    "country_code": "MY",
    "country": "Malaysia"
  },
  {
    "username": "LillyLee_1",
    "followingArtist": "Metallica",
    "country_code": "PT",
    "country": "Portugal"
  },
  {
    "username": "LisaPyros",
    "followingArtist": "Metallica",
    "country_code": "US",
    "country": "United States"
  },
  {
    "username": "mollyhartson07",
    "followingArtist": "Metallica",
    "country_code": "UK",
    "country": "United Kingdom"
  },
  {
    "username": "charles19397865",
    "followingArtist": "Metallica",
    "country_code": "AU",
    "country": "Australia"
  },
  {
    "username": "TheDarkXcution",
    "followingArtist": "Metallica",
    "country_code": "US",
    "country": "United States"
  },
  {
    "username": "jean_zuber",
    "followingArtist": "Metallica",
    "country_code": "FR",
    "country": "France"
  },
  {
    "username": "evasiveplayer82",
    "followingArtist": "Metallica",
    "country_code": "UK",
    "country": "United Kingdom"
  },
  {
    "username": "seinbor",
    "followingArtist": "Metallica",
    "country_code": "IN",
    "country": "India"
  },
  {
    "username": "rg21241",
    "followingArtist": "Metallica",
    "country_code": "AR",
    "country": "Argentina"
  },
  {
    "username": "yogeshwari_shwa",
    "followingArtist": "Metallica",
    "country_code": "MY",
    "country": "Malaysia"
  },
  {
    "username": "sondoll_09",
    "followingArtist": "Metallica",
    "country_code": "ID",
    "country": "Indonesia"
  },
  {
    "username": "kumar_aditto",
    "followingArtist": "Metallica",
    "country_code": "BD",
    "country": "Bangladesh"
  },
  {
    "username": "marcelitonavaja",
    "followingArtist": "Metallica",
    "country_code": "AR",
    "country": "Argentina"
  },
  {
    "username": "DamianBragq",
    "followingArtist": "Metallica",
    "country_code": "PL",
    "country": "Poland"
  },
  {
    "username": "KiranGo37733543",
    "followingArtist": "Metallica",
    "country_code": "IN",
    "country": "India"
  },
  {
    "username": "maury03741",
    "followingArtist": "Metallica",
    "country_code": "CO",
    "country": "Colombia"
  },
  {
    "username": "Wily81252828",
    "followingArtist": "Metallica",
    "country_code": "EC",
    "country": "Ecuador"
  },
  {
    "username": "Richard35474771",
    "followingArtist": "Metallica",
    "country_code": "NG",
    "country": "Nigeria"
  },
  {
    "username": "nickpapasinc",
    "followingArtist": "Metallica",
    "country_code": "NG",
    "country": "Nigeria"
  },
  {
    "username": "mudbloodmoon",
    "followingArtist": "Metallica",
    "country_code": "US",
    "country": "United States"
  },
  {
    "username": "GianmarcoWild",
    "followingArtist": "Metallica",
    "country_code": "IT",
    "country": "Italy"
  },
  {
    "username": "11Bogo",
    "followingArtist": "Metallica",
    "country_code": "HU",
    "country": "Hungary"
  },
  {
    "username": "truthhurtsmaga",
    "followingArtist": "Metallica",
    "country_code": "US",
    "country": "United States"
  },
  {
    "username": "RitaSwenson3",
    "followingArtist": "Metallica",
    "country_code": "US",
    "country": "United States"
  },
  {
    "username": "novrikaryadi",
    "followingArtist": "Metallica",
    "country_code": "ID",
    "country": "Indonesia"
  },
  {
    "username": "Exeltion",
    "followingArtist": "Metallica",
    "country_code": "US",
    "country": "United States"
  }
]