[
  {
    "username": "S4MK2",
    "followingArtist": "Tim Bergling",
    "country_code": "US",
    "country": "United States"
  },
  {
    "username": "s_wag_sp_ark_z",
    "followingArtist": "Tim Bergling",
    "country_code": "IN",
    "country": "India"
  },
  {
    "username": "felinespecie",
    "followingArtist": "Tim Bergling",
    "country_code": "US",
    "country": "United States"
  },
  {
    "username": "melvinestanley",
    "followingArtist": "Tim Bergling",
    "country_code": "NL",
    "country": "Netherlands"
  },
  {
    "username": "irishernandez_1",
    "followingArtist": "Tim Bergling",
    "country_code": "US",
    "country": "United States"
  },
  {
    "username": "adnan_lmaryoul",
    "followingArtist": "Tim Bergling",
    "country_code": "BE",
    "country": "Belgium"
  },
  {
    "username": "sjone329",
    "followingArtist": "Tim Bergling",
    "country_code": "AU",
    "country": "Australia"
  },
  {
    "username": "claraaaaaapp",
    "followingArtist": "Tim Bergling",
    "country_code": "FR",
    "country": "France"
  },
  {
    "username": "SethTeiwai",
    "followingArtist": "Tim Bergling",
    "country_code": "NG",
    "country": "Nigeria"
  },
  {
    "username": "ayeejericho",
    "followingArtist": "Tim Bergling",
    "country_code": "NG",
    "country": "Nigeria"
  },
  {
    "username": "Raymond66159727",
    "followingArtist": "Tim Bergling",
    "country_code": "California City Blvd",
    "country": "California City Blvd"
  },
  {
    "username": "NormalPsique",
    "followingArtist": "Tim Bergling",
    "country_code": "MX",
    "country": "Mexico"
  },
  {
    "username": "jjosemaf",
    "followingArtist": "Tim Bergling",
    "country_code": "AR",
    "country": "Argentina"
  },
  {
    "username": "HugoBoisvert3",
    "followingArtist": "Tim Bergling",
    "country_code": "CA",
    "country": "Canada"
  },
  {
    "username": "jake_grant_",
    "followingArtist": "Tim Bergling",
    "country_code": "UK",
    "country": "United Kingdom"
  },
  {
    "username": "RonyPaiz",
    "followingArtist": "Tim Bergling",
    "country_code": "MX",
    "country": "Mexico"
  },
  {
    "username": "luisrodj",
    "followingArtist": "Tim Bergling",
    "country_code": "BR",
    "country": "Brazil"
  },
  {
    "username": "MichaelNez10",
    "followingArtist": "Tim Bergling",
    "country_code": "US",
    "country": "United States"
  },
  {
    "username": "LipeWanjo",
    "followingArtist": "Tim Bergling",
    "country_code": "BR",
    "country": "Brazil"
  },
  {
    "username": "cashwonga__",
    "followingArtist": "Tim Bergling",
    "country_code": "GB",
    "country": "Scotland"
  },
  {
    "username": "putteeyrrii_",
    "followingArtist": "Tim Bergling",
    "country_code": "IN",
    "country": "India"
  },
  {
    "username": "hellomunndo",
    "followingArtist": "Tim Bergling",
    "country_code": "US",
    "country": "United States"
  },
  {
    "username": "rik_dejavu",
    "followingArtist": "Tim Bergling",
    "country_code": "MR",
    "country": "Mauritania"
  },
  {
    "username": "GomezDavid18",
    "followingArtist": "Tim Bergling",
    "country_code": "US",
    "country": "United States"
  },
  {
    "username": "Mohawk_32",
    "followingArtist": "Tim Bergling",
    "country_code": "NG",
    "country": "Nigeria"
  },
  {
    "username": "macplaydo",
    "followingArtist": "Tim Bergling",
    "country_code": "US",
    "country": "United States"
  },
  {
    "username": "NaederRobin",
    "followingArtist": "Tim Bergling",
    "country_code": "DE",
    "country": "Germany"
  },
  {
    "username": "Lihuee4",
    "followingArtist": "Tim Bergling",
    "country_code": "US",
    "country": "United States"
  },
  {
    "username": "Ruiz_Dardana",
    "followingArtist": "Tim Bergling",
    "country_code": "CO",
    "country": "Colombia"
  },
  {
    "username": "AckermanHeidy",
    "followingArtist": "Tim Bergling",
    "country_code": "MX",
    "country": "Mexico"
  },
  {
    "username": "TomAllain",
    "followingArtist": "Tim Bergling",
    "country_code": "UK",
    "country": "United Kingdom"
  },
  {
    "username": "DJJustinMiller",
    "followingArtist": "Tim Bergling",
    "country_code": "US",
    "country": "United States"
  },
  {
    "username": "JxJxS",
    "followingArtist": "Tim Bergling",
    "country_code": "CA",
    "country": "Canada"
  },
  {
    "username": "ramtinleilabi",
    "followingArtist": "Tim Bergling",
    "country_code": "TR",
    "country": "Turkey"
  },
  {
    "username": "sterlingku",
    "followingArtist": "Tim Bergling",
    "country_code": "US",
    "country": "United States"
  },
  {
    "username": "gaston0460",
    "followingArtist": "Tim Bergling",
    "country_code": "GB",
    "country": "Scotland"
  },
  {
    "username": "ankita_biswas_",
    "followingArtist": "Tim Bergling",
    "country_code": "IN",
    "country": "India"
  },
  {
    "username": "GeorgeNgerah",
    "followingArtist": "Tim Bergling",
    "country_code": "KE",
    "country": "Kenya"
  },
  {
    "username": "sambucca27",
    "followingArtist": "Tim Bergling",
    "country_code": "EC",
    "country": "Ecuador"
  },
  {
    "username": "JmMoke",
    "followingArtist": "Tim Bergling",
    "country_code": "CG",
    "country": "Congo"
  },
  {
    "username": "Coreyg94",
    "followingArtist": "Tim Bergling",
    "country_code": "UK",
    "country": "United Kingdom"
  },
  {
    "username": "Dheerajracha99",
    "followingArtist": "Tim Bergling",
    "country_code": "IN",
    "country": "India"
  },
  {
    "username": "RileyfreeMan01",
    "followingArtist": "Tim Bergling",
    "country_code": "HU",
    "country": "Hungary"
  },
  {
    "username": "insomniacways",
    "followingArtist": "Tim Bergling",
    "country_code": "US",
    "country": "United States"
  },
  {
    "username": "Wexler04132617",
    "followingArtist": "Tim Bergling",
    "country_code": "ID",
    "country": "Indonesia"
  },
  {
    "username": "kabir27102k",
    "followingArtist": "Tim Bergling",
    "country_code": "IN",
    "country": "India"
  },
  {
    "username": "goodviibezonly",
    "followingArtist": "Tim Bergling",
    "country_code": "US",
    "country": "United States"
  },
  {
    "username": "talatbckc",
    "followingArtist": "Tim Bergling",
    "country_code": "TR",
    "country": "Turkey"
  },
  {
    "username": "Jess28671299",
    "followingArtist": "Tim Bergling",
    "country_code": "ZW",
    "country": "Zimbabwe"
  },
  {
    "username": "_bmarialexandra",
    "followingArtist": "Tim Bergling",
    "country_code": "GH",
    "country": "Ghana"
  },
  {
    "username": "FL_FANatics",
    "followingArtist": "Tim Bergling",
    "country_code": "US",
    "country": "United States"
  },
  {
    "username": "AprilPrecha",
    "followingArtist": "Tim Bergling",
    "country_code": "Pennsylvania Furnace Rd",
    "country": "Pennsylvania Furnace Rd"
  },
  {
    "username": "Djsimplistiqs",
    "followingArtist": "Tim Bergling",
    "country_code": "US",
    "country": "United States"
  },
  {
    "username": "GushoShu",
    "followingArtist": "Tim Bergling",
    "country_code": "JP",
    "country": "Japan"
  },
  {
    "username": "KDiesel58",
    "followingArtist": "Tim Bergling",
    "country_code": "US",
    "country": "United States"
  },
  {
    "username": "Brooklyn_34",
    "followingArtist": "Tim Bergling",
    "country_code": "US",
    "country": "United States"
  },
  {
    "username": "PSw7Hdfqks2dHhQ",
    "followingArtist": "Tim Bergling",
    "country_code": "US",
    "country": "United States"
  },
  {
    "username": "Yesse_Ruby",
    "followingArtist": "Tim Bergling",
    "country_code": "BR",
    "country": "Brazil"
  },
  {
    "username": "galaxy48143930",
    "followingArtist": "Tim Bergling",
    "country_code": "DK",
    "country": "Denmark"
  },
  {
    "username": "MarsJupiterLeo",
    "followingArtist": "Tim Bergling",
    "country_code": "AU",
    "country": "Australia"
  },
  {
    "username": "YHRvR477AHGY2KW",
    "followingArtist": "Tim Bergling",
    "country_code": "CN",
    "country": "China"
  },
  {
    "username": "noahnixon98",
    "followingArtist": "Tim Bergling",
    "country_code": "US",
    "country": "United States"
  },
  {
    "username": "mpinga_dhicra",
    "followingArtist": "Tim Bergling",
    "country_code": "TZ",
    "country": "Tanzania"
  },
  {
    "username": "UN1K_MUSIC",
    "followingArtist": "Tim Bergling",
    "country_code": "IN",
    "country": "India"
  },
  {
    "username": "SMengola",
    "followingArtist": "Tim Bergling",
    "country_code": "US",
    "country": "United States"
  },
  {
    "username": "arthurrennan1",
    "followingArtist": "Tim Bergling",
    "country_code": "BR",
    "country": "Brazil"
  },
  {
    "username": "arlette_arteaga",
    "followingArtist": "Tim Bergling",
    "country_code": "MX",
    "country": "Mexico"
  },
  {
    "username": "MartinMirandaOk",
    "followingArtist": "Tim Bergling",
    "country_code": "US",
    "country": "United States"
  },
  {
    "username": "vexxmusic1215",
    "followingArtist": "Tim Bergling",
    "country_code": "California City Blvd",
    "country": "California City Blvd"
  },
  {
    "username": "IntaanChenn",
    "followingArtist": "Tim Bergling",
    "country_code": "ID",
    "country": "Indonesia"
  },
  {
    "username": "Satyaji19231641",
    "followingArtist": "Tim Bergling",
    "country_code": "IN",
    "country": "India"
  },
  {
    "username": "YadneshOfficial",
    "followingArtist": "Tim Bergling",
    "country_code": "IN",
    "country": "India"
  },
  {
    "username": "andy_guyther",
    "followingArtist": "Tim Bergling",
    "country_code": "ZW",
    "country": "Zimbabwe"
  },
  {
    "username": "djtimmyoc1",
    "followingArtist": "Tim Bergling",
    "country_code": "US",
    "country": "United States"
  },
  {
    "username": "kandisholland18",
    "followingArtist": "Tim Bergling",
    "country_code": "GB",
    "country": "Scotland"
  },
  {
    "username": "bianca07165144",
    "followingArtist": "Tim Bergling",
    "country_code": "AU",
    "country": "Australia"
  },
  {
    "username": "MauroDemilson",
    "followingArtist": "Tim Bergling",
    "country_code": "BR",
    "country": "Brazil"
  },
  {
    "username": "joe_fave",
    "followingArtist": "Tim Bergling",
    "country_code": "US",
    "country": "United States"
  },
  {
    "username": "Viugs",
    "followingArtist": "Tim Bergling",
    "country_code": "BR",
    "country": "Brazil"
  },
  {
    "username": "Timshel___",
    "followingArtist": "Tim Bergling",
    "country_code": "CA",
    "country": "Canada"
  },
  {
    "username": "KrewXElla5910",
    "followingArtist": "Tim Bergling",
    "country_code": "GB",
    "country": "Scotland"
  },
  {
    "username": "StefanRoman08",
    "followingArtist": "Tim Bergling",
    "country_code": "IR",
    "country": "Iran"
  },
  {
    "username": "AlanHer80930622",
    "followingArtist": "Tim Bergling",
    "country_code": "IT",
    "country": "Italy"
  },
  {
    "username": "Mahmoud3del00",
    "followingArtist": "Tim Bergling",
    "country_code": "NL",
    "country": "Netherlands"
  },
  {
    "username": "BeachedFarmer",
    "followingArtist": "Tim Bergling",
    "country_code": "US",
    "country": "United States"
  },
  {
    "username": "mwear80",
    "followingArtist": "Tim Bergling",
    "country_code": "US",
    "country": "United States"
  },
  {
    "username": "missmoucey",
    "followingArtist": "Tim Bergling",
    "country_code": "US",
    "country": "United States"
  },
  {
    "username": "sweggidy",
    "followingArtist": "Tim Bergling",
    "country_code": "GB",
    "country": "Scotland"
  },
  {
    "username": "DJquarterjack",
    "followingArtist": "Tim Bergling",
    "country_code": "US",
    "country": "United States"
  },
  {
    "username": "Bomber00522525",
    "followingArtist": "Tim Bergling",
    "country_code": "MX",
    "country": "Mexico"
  },
  {
    "username": "Colito004",
    "followingArtist": "Tim Bergling",
    "country_code": "US",
    "country": "United States"
  },
  {
    "username": "Carlos52086314",
    "followingArtist": "Tim Bergling",
    "country_code": "BR",
    "country": "Brazil"
  },
  {
    "username": "spectranaexy",
    "followingArtist": "Tim Bergling",
    "country_code": "UK",
    "country": "United Kingdom"
  },
  {
    "username": "steve_p_anil",
    "followingArtist": "Tim Bergling",
    "country_code": "IN",
    "country": "India"
  },
  {
    "username": "JohanRaul14",
    "followingArtist": "Tim Bergling",
    "country_code": "PE",
    "country": "Peru"
  },
  {
    "username": "PORTRVIII",
    "followingArtist": "Tim Bergling",
    "country_code": "US",
    "country": "United States"
  },
  {
    "username": "jessicadooley",
    "followingArtist": "Tim Bergling",
    "country_code": "US",
    "country": "United States"
  },
  {
    "username": "telo_augusto",
    "followingArtist": "Tim Bergling",
    "country_code": "BR",
    "country": "Brazil"
  },
  {
    "username": "DjLioGea",
    "followingArtist": "Tim Bergling",
    "country_code": "FR",
    "country": "France"
  },
  {
    "username": "NishadAhamed12",
    "followingArtist": "Tim Bergling",
    "country_code": "ID",
    "country": "Indonesia"
  },
  {
    "username": "dj5tuMac",
    "followingArtist": "Tim Bergling",
    "country_code": "FR",
    "country": "France"
  },
  {
    "username": "MyCosmeticC",
    "followingArtist": "Tim Bergling",
    "country_code": "GB",
    "country": "Scotland"
  },
  {
    "username": "bang_ting",
    "followingArtist": "Tim Bergling",
    "country_code": "MY",
    "country": "Malaysia"
  },
  {
    "username": "VincentLvJunior",
    "followingArtist": "Tim Bergling",
    "country_code": "ZM",
    "country": "Zambia"
  },
  {
    "username": "CarlosCelis98",
    "followingArtist": "Tim Bergling",
    "country_code": "MX",
    "country": "Mexico"
  },
  {
    "username": "ch3ggs",
    "followingArtist": "Tim Bergling",
    "country_code": "UK",
    "country": "United Kingdom"
  },
  {
    "username": "michaelamadorlu",
    "followingArtist": "Tim Bergling",
    "country_code": "US",
    "country": "United States"
  },
  {
    "username": "lee_vikar",
    "followingArtist": "Tim Bergling",
    "country_code": "IN",
    "country": "India"
  },
  {
    "username": "van_vanessa27",
    "followingArtist": "Tim Bergling",
    "country_code": "US",
    "country": "United States"
  },
  {
    "username": "LuisHer50797219",
    "followingArtist": "Tim Bergling",
    "country_code": "MX",
    "country": "Mexico"
  },
  {
    "username": "itsjorgemh",
    "followingArtist": "Tim Bergling",
    "country_code": "ES",
    "country": "Spain"
  },
  {
    "username": "BrazzersCLASSiC",
    "followingArtist": "Tim Bergling",
    "country_code": "NG",
    "country": "Nigeria"
  },
  {
    "username": "thothagata",
    "followingArtist": "Tim Bergling",
    "country_code": "PT",
    "country": "Portugal"
  },
  {
    "username": "thomp619",
    "followingArtist": "Tim Bergling",
    "country_code": "GB",
    "country": "Scotland"
  },
  {
    "username": "NoWayCaliph",
    "followingArtist": "Tim Bergling",
    "country_code": "California City Blvd",
    "country": "California City Blvd"
  },
  {
    "username": "avigaofficial",
    "followingArtist": "Tim Bergling",
    "country_code": "BR",
    "country": "Brazil"
  },
  {
    "username": "Darshcairo1",
    "followingArtist": "Tim Bergling",
    "country_code": "EG",
    "country": "Egypt"
  },
  {
    "username": "_DylanGonsalves",
    "followingArtist": "Tim Bergling",
    "country_code": "US",
    "country": "United States"
  },
  {
    "username": "Callam_Mate",
    "followingArtist": "Tim Bergling",
    "country_code": "UA",
    "country": "Ukraine"
  },
  {
    "username": "DallanaEscalan1",
    "followingArtist": "Tim Bergling",
    "country_code": "CO",
    "country": "Colombia"
  },
  {
    "username": "RobyGervasi",
    "followingArtist": "Tim Bergling",
    "country_code": "US",
    "country": "United States"
  },
  {
    "username": "ks_tw",
    "followingArtist": "Tim Bergling",
    "country_code": "JP",
    "country": "Japan"
  },
  {
    "username": "_Patapouf__",
    "followingArtist": "Tim Bergling",
    "country_code": "FR",
    "country": "France"
  },
  {
    "username": "waldatussaadah",
    "followingArtist": "Tim Bergling",
    "country_code": "ID",
    "country": "Indonesia"
  },
  {
    "username": "Itsmikeygfield",
    "followingArtist": "Tim Bergling",
    "country_code": "FR",
    "country": "France"
  },
  {
    "username": "EnzoDuforet",
    "followingArtist": "Tim Bergling",
    "country_code": "FR",
    "country": "France"
  },
  {
    "username": "ChristianReach4",
    "followingArtist": "Tim Bergling",
    "country_code": "US",
    "country": "United States"
  },
  {
    "username": "otengtapologo",
    "followingArtist": "Tim Bergling",
    "country_code": "PE",
    "country": "Peru"
  },
  {
    "username": "ignite_k_391",
    "followingArtist": "Tim Bergling",
    "country_code": "VE",
    "country": "Venezuela"
  },
  {
    "username": "beuck_wesley35",
    "followingArtist": "Tim Bergling",
    "country_code": "US",
    "country": "United States"
  },
  {
    "username": "Orlandoivanmon2",
    "followingArtist": "Tim Bergling",
    "country_code": "MX",
    "country": "Mexico"
  },
  {
    "username": "MusicbyByte",
    "followingArtist": "Tim Bergling",
    "country_code": "SE",
    "country": "Sweden"
  },
  {
    "username": "FactoryRecords",
    "followingArtist": "Tim Bergling",
    "country_code": "US",
    "country": "United States"
  },
  {
    "username": "ReubenGoodness",
    "followingArtist": "Tim Bergling",
    "country_code": "NG",
    "country": "Nigeria"
  },
  {
    "username": "juliecaise11",
    "followingArtist": "Tim Bergling",
    "country_code": "BE",
    "country": "Belgium"
  },
  {
    "username": "ai_muso",
    "followingArtist": "Tim Bergling",
    "country_code": "NG",
    "country": "Nigeria"
  },
  {
    "username": "catalina_trucco",
    "followingArtist": "Tim Bergling",
    "country_code": "AR",
    "country": "Argentina"
  },
  {
    "username": "JaxxRivaro",
    "followingArtist": "Tim Bergling",
    "country_code": "NL",
    "country": "Netherlands"
  },
  {
    "username": "felimarot",
    "followingArtist": "Tim Bergling",
    "country_code": "BE",
    "country": "Belgium"
  },
  {
    "username": "luiferchito",
    "followingArtist": "Tim Bergling",
    "country_code": "EC",
    "country": "Ecuador"
  },
  {
    "username": "strangerhyde",
    "followingArtist": "Tim Bergling",
    "country_code": "CA",
    "country": "Canada"
  },
  {
    "username": "VersozaRichelle",
    "followingArtist": "Tim Bergling",
    "country_code": "PH",
    "country": "Philippines"
  },
  {
    "username": "SupremeBoi69420",
    "followingArtist": "Tim Bergling",
    "country_code": "CA",
    "country": "Canada"
  },
  {
    "username": "HO5WtFC3OYJUakx",
    "followingArtist": "Tim Bergling",
    "country_code": "US",
    "country": "United States"
  },
  {
    "username": "AgsoyLouie",
    "followingArtist": "Tim Bergling",
    "country_code": "PH",
    "country": "Philippines"
  },
  {
    "username": "NgocAnhCao97",
    "followingArtist": "Tim Bergling",
    "country_code": "ES",
    "country": "Spain"
  },
  {
    "username": "pc_horikawa",
    "followingArtist": "Tim Bergling",
    "country_code": "US",
    "country": "United States"
  },
  {
    "username": "muffins_xo",
    "followingArtist": "Tim Bergling",
    "country_code": "GB",
    "country": "Scotland"
  },
  {
    "username": "myufur01",
    "followingArtist": "Tim Bergling",
    "country_code": "US",
    "country": "United States"
  },
  {
    "username": "Monika07965924",
    "followingArtist": "Tim Bergling",
    "country_code": "US",
    "country": "United States"
  },
  {
    "username": "AlonaJaye",
    "followingArtist": "Tim Bergling",
    "country_code": "UK",
    "country": "United Kingdom"
  },
  {
    "username": "melikazoelieMRM",
    "followingArtist": "Tim Bergling",
    "country_code": "US",
    "country": "United States"
  },
  {
    "username": "BrownEyedSoulss",
    "followingArtist": "Tim Bergling",
    "country_code": "NG",
    "country": "Nigeria"
  },
  {
    "username": "danieldealwis",
    "followingArtist": "Tim Bergling",
    "country_code": "AU",
    "country": "Australia"
  },
  {
    "username": "Shannon2458",
    "followingArtist": "Tim Bergling",
    "country_code": "GB",
    "country": "Scotland"
  },
  {
    "username": "Duscas2",
    "followingArtist": "Tim Bergling",
    "country_code": "ES",
    "country": "Spain"
  },
  {
    "username": "UniqBeauties",
    "followingArtist": "Tim Bergling",
    "country_code": "NG",
    "country": "Nigeria"
  },
  {
    "username": "joshmadla",
    "followingArtist": "Tim Bergling",
    "country_code": "PH",
    "country": "Philippines"
  },
  {
    "username": "3ricMck3nna",
    "followingArtist": "Tim Bergling",
    "country_code": "MA",
    "country": "Morocco"
  },
  {
    "username": "nrb00339",
    "followingArtist": "Tim Bergling",
    "country_code": "JP",
    "country": "Japan"
  },
  {
    "username": "Daniel95081812",
    "followingArtist": "Tim Bergling",
    "country_code": "GB",
    "country": "Scotland"
  },
  {
    "username": "artesanodlapaja",
    "followingArtist": "Tim Bergling",
    "country_code": "PE",
    "country": "Peru"
  },
  {
    "username": "Wxn210",
    "followingArtist": "Tim Bergling",
    "country_code": "ID",
    "country": "Indonesia"
  },
  {
    "username": "ArbazSi54702026",
    "followingArtist": "Tim Bergling",
    "country_code": "IN",
    "country": "India"
  },
  {
    "username": "yashbansalmusic",
    "followingArtist": "Tim Bergling",
    "country_code": "AU",
    "country": "Australia"
  },
  {
    "username": "magodiex",
    "followingArtist": "Tim Bergling",
    "country_code": "ES",
    "country": "Spain"
  },
  {
    "username": "yulinio19",
    "followingArtist": "Tim Bergling",
    "country_code": "PE",
    "country": "Peru"
  },
  {
    "username": "jiadong8",
    "followingArtist": "Tim Bergling",
    "country_code": "US",
    "country": "United States"
  },
  {
    "username": "LuisArgello2",
    "followingArtist": "Tim Bergling",
    "country_code": "MX",
    "country": "Mexico"
  },
  {
    "username": "pb2KzhhKYOMKd5j",
    "followingArtist": "Tim Bergling",
    "country_code": "CZ",
    "country": "Czech Republic"
  },
  {
    "username": "thiepcb123",
    "followingArtist": "Tim Bergling",
    "country_code": "US",
    "country": "United States"
  },
  {
    "username": "13LEWIS05",
    "followingArtist": "Tim Bergling",
    "country_code": "NL",
    "country": "Netherlands"
  },
  {
    "username": "AlbertG2003",
    "followingArtist": "Tim Bergling",
    "country_code": "US",
    "country": "United States"
  },
  {
    "username": "OfficialSunbaba",
    "followingArtist": "Tim Bergling",
    "country_code": "NG",
    "country": "Nigeria"
  },
  {
    "username": "Clarkluke20",
    "followingArtist": "Tim Bergling",
    "country_code": "GB",
    "country": "Scotland"
  },
  {
    "username": "TahLarock",
    "followingArtist": "Tim Bergling",
    "country_code": "US",
    "country": "United States"
  },
  {
    "username": "5pitt4",
    "followingArtist": "Tim Bergling",
    "country_code": "KE",
    "country": "Kenya"
  },
  {
    "username": "KorkeesM",
    "followingArtist": "Tim Bergling",
    "country_code": "US",
    "country": "United States"
  },
  {
    "username": "lhamilton444",
    "followingArtist": "Tim Bergling",
    "country_code": "UK",
    "country": "United Kingdom"
  },
  {
    "username": "LuceroG42820901",
    "followingArtist": "Tim Bergling",
    "country_code": "MX",
    "country": "Mexico"
  },
  {
    "username": "TavinDoido",
    "followingArtist": "Tim Bergling",
    "country_code": "NG",
    "country": "Nigeria"
  },
  {
    "username": "joel_dubay",
    "followingArtist": "Tim Bergling",
    "country_code": "BR",
    "country": "Brazil"
  },
  {
    "username": "ChrisJ_93",
    "followingArtist": "Tim Bergling",
    "country_code": "GB",
    "country": "Scotland"
  },
  {
    "username": "ThisIsLeeroy",
    "followingArtist": "Tim Bergling",
    "country_code": "GB",
    "country": "Scotland"
  },
  {
    "username": "jham_terraz",
    "followingArtist": "Tim Bergling",
    "country_code": "US",
    "country": "United States"
  },
  {
    "username": "7evenr",
    "followingArtist": "Tim Bergling",
    "country_code": "US",
    "country": "United States"
  },
  {
    "username": "loveaaaaalicia_",
    "followingArtist": "Tim Bergling",
    "country_code": "US",
    "country": "United States"
  },
  {
    "username": "viewsofmax",
    "followingArtist": "Tim Bergling",
    "country_code": "DE",
    "country": "Germany"
  },
  {
    "username": "Brimc26",
    "followingArtist": "Tim Bergling",
    "country_code": "NL",
    "country": "Netherlands"
  },
  {
    "username": "Lov3ng711",
    "followingArtist": "Tim Bergling",
    "country_code": "California City Blvd",
    "country": "California City Blvd"
  },
  {
    "username": "StefanS41v4t0re",
    "followingArtist": "Tim Bergling",
    "country_code": "US",
    "country": "United States"
  },
  {
    "username": "DianeWi65763252",
    "followingArtist": "Tim Bergling",
    "country_code": "Wisconsin St",
    "country": "Wisconsin St"
  },
  {
    "username": "ToniArezCastro4",
    "followingArtist": "Tim Bergling",
    "country_code": "PT",
    "country": "Portugal"
  },
  {
    "username": "LipeEduardo12",
    "followingArtist": "Tim Bergling",
    "country_code": "IT",
    "country": "Italy"
  },
  {
    "username": "hawaliouara",
    "followingArtist": "Tim Bergling",
    "country_code": "SD",
    "country": "Sudan"
  },
  {
    "username": "ahmed_naveeth",
    "followingArtist": "Tim Bergling",
    "country_code": "US",
    "country": "United States"
  },
  {
    "username": "IAMTHATMOON1",
    "followingArtist": "Tim Bergling",
    "country_code": "US",
    "country": "United States"
  },
  {
    "username": "officialjtw",
    "followingArtist": "Tim Bergling",
    "country_code": "AU",
    "country": "Australia"
  },
  {
    "username": "EmilioEfrainRo1",
    "followingArtist": "Tim Bergling",
    "country_code": "MX",
    "country": "Mexico"
  },
  {
    "username": "esther_torga",
    "followingArtist": "Tim Bergling",
    "country_code": "GH",
    "country": "Ghana"
  },
  {
    "username": "Alfredo43222951",
    "followingArtist": "Tim Bergling",
    "country_code": "US",
    "country": "United States"
  },
  {
    "username": "PolooAlcala",
    "followingArtist": "Tim Bergling",
    "country_code": "MX",
    "country": "Mexico"
  },
  {
    "username": "thisnotnicholas",
    "followingArtist": "Tim Bergling",
    "country_code": "UK",
    "country": "United Kingdom"
  },
  {
    "username": "syandamgazwela",
    "followingArtist": "Tim Bergling",
    "country_code": "ZA",
    "country": "South Africa"
  },
  {
    "username": "justinfountain9",
    "followingArtist": "Tim Bergling",
    "country_code": "US",
    "country": "United States"
  },
  {
    "username": "junheau",
    "followingArtist": "Tim Bergling",
    "country_code": "California City Blvd",
    "country": "California City Blvd"
  },
  {
    "username": "SharonRichle",
    "followingArtist": "Tim Bergling",
    "country_code": "PE",
    "country": "Peru"
  },
  {
    "username": "RickyRod13",
    "followingArtist": "Tim Bergling",
    "country_code": "US",
    "country": "United States"
  },
  {
    "username": "ShubhiJ75413367",
    "followingArtist": "Tim Bergling",
    "country_code": "IN",
    "country": "India"
  },
  {
    "username": "xfeministwitch",
    "followingArtist": "Tim Bergling",
    "country_code": "US",
    "country": "United States"
  },
  {
    "username": "BSUgraduation",
    "followingArtist": "Tim Bergling",
    "country_code": "US",
    "country": "United States"
  },
  {
    "username": "ArturoOrbe12",
    "followingArtist": "Tim Bergling",
    "country_code": "PE",
    "country": "Peru"
  },
  {
    "username": "donasammy21",
    "followingArtist": "Tim Bergling",
    "country_code": "IN",
    "country": "India"
  },
  {
    "username": "lucaarduini1",
    "followingArtist": "Tim Bergling",
    "country_code": "IT",
    "country": "Italy"
  },
  {
    "username": "Patient_Zero1",
    "followingArtist": "Tim Bergling",
    "country_code": "SE",
    "country": "Sweden"
  },
  {
    "username": "jancastellon123",
    "followingArtist": "Tim Bergling",
    "country_code": "US",
    "country": "United States"
  },
  {
    "username": "JordyCastroSnc2",
    "followingArtist": "Tim Bergling",
    "country_code": "CR",
    "country": "Costa Rica"
  },
  {
    "username": "tugikahraman",
    "followingArtist": "Tim Bergling",
    "country_code": "TR",
    "country": "Turkey"
  },
  {
    "username": "jul1_fyna",
    "followingArtist": "Tim Bergling",
    "country_code": "ID",
    "country": "Indonesia"
  },
  {
    "username": "Nafeesa23698908",
    "followingArtist": "Tim Bergling",
    "country_code": "NG",
    "country": "Nigeria"
  },
  {
    "username": "guestlistdotnet",
    "followingArtist": "Tim Bergling",
    "country_code": "UK",
    "country": "United Kingdom"
  },
  {
    "username": "enockniringiye",
    "followingArtist": "Tim Bergling",
    "country_code": "UG",
    "country": "Uganda"
  },
  {
    "username": "javier_asnl",
    "followingArtist": "Tim Bergling",
    "country_code": "FR",
    "country": "France"
  },
  {
    "username": "jeeLine14",
    "followingArtist": "Tim Bergling",
    "country_code": "US",
    "country": "United States"
  },
  {
    "username": "CowsOnSteroids",
    "followingArtist": "Tim Bergling",
    "country_code": "BD",
    "country": "Bangladesh"
  },
  {
    "username": "shotbytwinky",
    "followingArtist": "Tim Bergling",
    "country_code": "US",
    "country": "United States"
  },
  {
    "username": "RebecaHoe",
    "followingArtist": "Tim Bergling",
    "country_code": "BJ",
    "country": "Benin"
  },
  {
    "username": "megad45",
    "followingArtist": "Tim Bergling",
    "country_code": "US",
    "country": "United States"
  },
  {
    "username": "satoru6483",
    "followingArtist": "Tim Bergling",
    "country_code": "NP",
    "country": "Nepal"
  },
  {
    "username": "EbonyLoungePta",
    "followingArtist": "Tim Bergling",
    "country_code": "ZA",
    "country": "South Africa"
  },
  {
    "username": "GovindaArnel",
    "followingArtist": "Tim Bergling",
    "country_code": "ID",
    "country": "Indonesia"
  },
  {
    "username": "Jaqueli25802058",
    "followingArtist": "Tim Bergling",
    "country_code": "CU",
    "country": "Cuba"
  },
  {
    "username": "leo_cervantes68",
    "followingArtist": "Tim Bergling",
    "country_code": "MX",
    "country": "Mexico"
  },
  {
    "username": "77cristia",
    "followingArtist": "Tim Bergling",
    "country_code": "ES",
    "country": "Spain"
  },
  {
    "username": "MORRISON_SV",
    "followingArtist": "Tim Bergling",
    "country_code": "NL",
    "country": "Netherlands"
  },
  {
    "username": "MoschinoSantana",
    "followingArtist": "Tim Bergling",
    "country_code": "US",
    "country": "United States"
  },
  {
    "username": "Emma_Czirok",
    "followingArtist": "Tim Bergling",
    "country_code": "GB",
    "country": "Scotland"
  },
  {
    "username": "PeteOmo5",
    "followingArtist": "Tim Bergling",
    "country_code": "EC",
    "country": "Ecuador"
  },
  {
    "username": "Alextindell13",
    "followingArtist": "Tim Bergling",
    "country_code": "US",
    "country": "United States"
  },
  {
    "username": "Hashimjb123",
    "followingArtist": "Tim Bergling",
    "country_code": "GB",
    "country": "Scotland"
  },
  {
    "username": "JavierCano2411",
    "followingArtist": "Tim Bergling",
    "country_code": "MX",
    "country": "Mexico"
  },
  {
    "username": "alienamp",
    "followingArtist": "Tim Bergling",
    "country_code": "TH",
    "country": "Thailand"
  },
  {
    "username": "BuzikDj",
    "followingArtist": "Tim Bergling",
    "country_code": "US",
    "country": "United States"
  },
  {
    "username": "Dylan_Beight",
    "followingArtist": "Tim Bergling",
    "country_code": "US",
    "country": "United States"
  },
  {
    "username": "DuulceVc",
    "followingArtist": "Tim Bergling",
    "country_code": "MX",
    "country": "Mexico"
  },
  {
    "username": "AndresO64122083",
    "followingArtist": "Tim Bergling",
    "country_code": "CO",
    "country": "Colombia"
  },
  {
    "username": "JackTheBaptist7",
    "followingArtist": "Tim Bergling",
    "country_code": "US",
    "country": "United States"
  },
  {
    "username": "yojpisngot",
    "followingArtist": "Tim Bergling",
    "country_code": "PH",
    "country": "Philippines"
  },
  {
    "username": "andreiac_gomes",
    "followingArtist": "Tim Bergling",
    "country_code": "GB",
    "country": "Scotland"
  },
  {
    "username": "TheKiwiMan3",
    "followingArtist": "Tim Bergling",
    "country_code": "GB",
    "country": "Scotland"
  },
  {
    "username": "RajaHiburan",
    "followingArtist": "Tim Bergling",
    "country_code": "US",
    "country": "United States"
  },
  {
    "username": "SayuriMoreno",
    "followingArtist": "Tim Bergling",
    "country_code": "MX",
    "country": "Mexico"
  },
  {
    "username": "LuneClairedela",
    "followingArtist": "Tim Bergling",
    "country_code": "PT",
    "country": "Portugal"
  },
  {
    "username": "sabrinarodriz",
    "followingArtist": "Tim Bergling",
    "country_code": "PT",
    "country": "Portugal"
  },
  {
    "username": "Jhoselynman",
    "followingArtist": "Tim Bergling",
    "country_code": "MX",
    "country": "Mexico"
  },
  {
    "username": "aitor_rh9",
    "followingArtist": "Tim Bergling",
    "country_code": "NG",
    "country": "Nigeria"
  },
  {
    "username": "Cute_Alexis_19",
    "followingArtist": "Tim Bergling",
    "country_code": "UK",
    "country": "United Kingdom"
  },
  {
    "username": "Ryan07002457",
    "followingArtist": "Tim Bergling",
    "country_code": "NG",
    "country": "Nigeria"
  },
  {
    "username": "theNorrman",
    "followingArtist": "Tim Bergling",
    "country_code": "SE",
    "country": "Sweden"
  },
  {
    "username": "slut_ink",
    "followingArtist": "Tim Bergling",
    "country_code": "UK",
    "country": "United Kingdom"
  },
  {
    "username": "Scoty66674502",
    "followingArtist": "Tim Bergling",
    "country_code": "UK",
    "country": "United Kingdom"
  },
  {
    "username": "MariaEd67868965",
    "followingArtist": "Tim Bergling",
    "country_code": "BR",
    "country": "Brazil"
  },
  {
    "username": "Jeeessica90",
    "followingArtist": "Tim Bergling",
    "country_code": "ES",
    "country": "Spain"
  },
  {
    "username": "Soledad314",
    "followingArtist": "Tim Bergling",
    "country_code": "CL",
    "country": "Chile"
  },
  {
    "username": "AlexisV60650108",
    "followingArtist": "Tim Bergling",
    "country_code": "CO",
    "country": "Colombia"
  },
  {
    "username": "LaviniFede",
    "followingArtist": "Tim Bergling",
    "country_code": "IT",
    "country": "Italy"
  },
  {
    "username": "NoiseAcademyuk",
    "followingArtist": "Tim Bergling",
    "country_code": "US",
    "country": "United States"
  },
  {
    "username": "marcuselfus",
    "followingArtist": "Tim Bergling",
    "country_code": "ES",
    "country": "Spain"
  },
  {
    "username": "AchrafCesar",
    "followingArtist": "Tim Bergling",
    "country_code": "MA",
    "country": "Morocco"
  },
  {
    "username": "itsdjmashable",
    "followingArtist": "Tim Bergling",
    "country_code": "FR",
    "country": "France"
  },
  {
    "username": "CortezIder",
    "followingArtist": "Tim Bergling",
    "country_code": "PE",
    "country": "Peru"
  },
  {
    "username": "NickSwanseanick",
    "followingArtist": "Tim Bergling",
    "country_code": "UK",
    "country": "United Kingdom"
  },
  {
    "username": "M_SuRaCheT_",
    "followingArtist": "Tim Bergling",
    "country_code": "US",
    "country": "United States"
  },
  {
    "username": "fellmontmusic",
    "followingArtist": "Tim Bergling",
    "country_code": "PE",
    "country": "Peru"
  },
  {
    "username": "axwin_",
    "followingArtist": "Tim Bergling",
    "country_code": "AE",
    "country": "United Arab Emirates"
  },
  {
    "username": "AGallegos21",
    "followingArtist": "Tim Bergling",
    "country_code": "US",
    "country": "United States"
  },
  {
    "username": "h_abdullahsb",
    "followingArtist": "Tim Bergling",
    "country_code": "AE",
    "country": "United Arab Emirates"
  },
  {
    "username": "ryotanish",
    "followingArtist": "Tim Bergling",
    "country_code": "JP",
    "country": "Japan"
  },
  {
    "username": "Sanela14507893",
    "followingArtist": "Tim Bergling",
    "country_code": "US",
    "country": "United States"
  },
  {
    "username": "dajofficial123",
    "followingArtist": "Tim Bergling",
    "country_code": "IN",
    "country": "India"
  },
  {
    "username": "LintzNicolas",
    "followingArtist": "Tim Bergling",
    "country_code": "BR",
    "country": "Brazil"
  },
  {
    "username": "Arsalanbhd",
    "followingArtist": "Tim Bergling",
    "country_code": "IN",
    "country": "India"
  },
  {
    "username": "seitonbot",
    "followingArtist": "Tim Bergling",
    "country_code": "US",
    "country": "United States"
  },
  {
    "username": "sami_kurdistan",
    "followingArtist": "Tim Bergling",
    "country_code": "IR",
    "country": "Iran"
  },
  {
    "username": "Jake_py",
    "followingArtist": "Tim Bergling",
    "country_code": "PY",
    "country": "Paraguay"
  },
  {
    "username": "_PremOfficial_",
    "followingArtist": "Tim Bergling",
    "country_code": "IN",
    "country": "India"
  },
  {
    "username": "pretz_pecoliy",
    "followingArtist": "Tim Bergling",
    "country_code": "RU",
    "country": "Russian Federation"
  },
  {
    "username": "hillary98593401",
    "followingArtist": "Tim Bergling",
    "country_code": "KE",
    "country": "Kenya"
  },
  {
    "username": "aloha_edm",
    "followingArtist": "Tim Bergling",
    "country_code": "JP",
    "country": "Japan"
  },
  {
    "username": "aZ7ZFaXj9WdvwnH",
    "followingArtist": "Tim Bergling",
    "country_code": "California City Blvd",
    "country": "California City Blvd"
  },
  {
    "username": "Verman_Music",
    "followingArtist": "Tim Bergling",
    "country_code": "IN",
    "country": "India"
  },
  {
    "username": "100rivercarp35",
    "followingArtist": "Tim Bergling",
    "country_code": "ES",
    "country": "Spain"
  },
  {
    "username": "YoungZues305",
    "followingArtist": "Tim Bergling",
    "country_code": "US",
    "country": "United States"
  },
  {
    "username": "angelschaosgir1",
    "followingArtist": "Tim Bergling",
    "country_code": "PL",
    "country": "Poland"
  },
  {
    "username": "Daehonz",
    "followingArtist": "Tim Bergling",
    "country_code": "NZ",
    "country": "Aotearoa"
  },
  {
    "username": "CobosDonaji",
    "followingArtist": "Tim Bergling",
    "country_code": "US",
    "country": "United States"
  },
  {
    "username": "__androgynouss",
    "followingArtist": "Tim Bergling",
    "country_code": "FR",
    "country": "France"
  },
  {
    "username": "BeetleChange",
    "followingArtist": "Tim Bergling",
    "country_code": "ES",
    "country": "Spain"
  },
  {
    "username": "Mystd_sz",
    "followingArtist": "Tim Bergling",
    "country_code": "JP",
    "country": "Japan"
  },
  {
    "username": "Isaiahbarbato3",
    "followingArtist": "Tim Bergling",
    "country_code": "US",
    "country": "United States"
  },
  {
    "username": "edgvrbmiguel",
    "followingArtist": "Tim Bergling",
    "country_code": "MX",
    "country": "Mexico"
  },
  {
    "username": "innerbloomx",
    "followingArtist": "Tim Bergling",
    "country_code": "US",
    "country": "United States"
  },
  {
    "username": "Horizon12138",
    "followingArtist": "Tim Bergling",
    "country_code": "CN",
    "country": "China"
  },
  {
    "username": "CummingsMargaux",
    "followingArtist": "Tim Bergling",
    "country_code": "US",
    "country": "United States"
  },
  {
    "username": "FreddyMMF3",
    "followingArtist": "Tim Bergling",
    "country_code": "VE",
    "country": "Venezuela"
  },
  {
    "username": "JemreKaya1",
    "followingArtist": "Tim Bergling",
    "country_code": "CA",
    "country": "Canada"
  },
  {
    "username": "Matestark_CR",
    "followingArtist": "Tim Bergling",
    "country_code": "US",
    "country": "United States"
  },
  {
    "username": "Joshua17060064",
    "followingArtist": "Tim Bergling",
    "country_code": "US",
    "country": "United States"
  },
  {
    "username": "Omo5Pete",
    "followingArtist": "Tim Bergling",
    "country_code": "EC",
    "country": "Ecuador"
  },
  {
    "username": "brandymstanford",
    "followingArtist": "Tim Bergling",
    "country_code": "CA",
    "country": "Canada"
  },
  {
    "username": "CastilloYohis",
    "followingArtist": "Tim Bergling",
    "country_code": "CO",
    "country": "Colombia"
  },
  {
    "username": "Jazmin70350926",
    "followingArtist": "Tim Bergling",
    "country_code": "MX",
    "country": "Mexico"
  },
  {
    "username": "HarryO0814",
    "followingArtist": "Tim Bergling",
    "country_code": "MX",
    "country": "Mexico"
  },
  {
    "username": "Aya_htpps",
    "followingArtist": "Tim Bergling",
    "country_code": "US",
    "country": "United States"
  },
  {
    "username": "billieeyelashy",
    "followingArtist": "Tim Bergling",
    "country_code": "GB",
    "country": "Scotland"
  },
  {
    "username": "K3L0GrahmFlo",
    "followingArtist": "Tim Bergling",
    "country_code": "DE",
    "country": "Germany"
  },
  {
    "username": "mincloud19",
    "followingArtist": "Tim Bergling",
    "country_code": "ES",
    "country": "Spain"
  },
  {
    "username": "MarAntFerNa1",
    "followingArtist": "Tim Bergling",
    "country_code": "PE",
    "country": "Peru"
  },
  {
    "username": "KristinMalia",
    "followingArtist": "Tim Bergling",
    "country_code": "NG",
    "country": "Nigeria"
  },
  {
    "username": "richieyvc",
    "followingArtist": "Tim Bergling",
    "country_code": "PE",
    "country": "Peru"
  },
  {
    "username": "BrennerJohannes",
    "followingArtist": "Tim Bergling",
    "country_code": "DE",
    "country": "Germany"
  },
  {
    "username": "ronan03127967",
    "followingArtist": "Tim Bergling",
    "country_code": "MA",
    "country": "Morocco"
  },
  {
    "username": "Flordem06259914",
    "followingArtist": "Tim Bergling",
    "country_code": "CU",
    "country": "Cuba"
  },
  {
    "username": "BeatSQMusic",
    "followingArtist": "Tim Bergling",
    "country_code": "BJ",
    "country": "Benin"
  },
  {
    "username": "PedroKonradt",
    "followingArtist": "Tim Bergling",
    "country_code": "IT",
    "country": "Italy"
  },
  {
    "username": "Samuel_R_",
    "followingArtist": "Tim Bergling",
    "country_code": "US",
    "country": "United States"
  },
  {
    "username": "CamillasloveN",
    "followingArtist": "Tim Bergling",
    "country_code": "DE",
    "country": "Germany"
  },
  {
    "username": "cjourjon",
    "followingArtist": "Tim Bergling",
    "country_code": "FR",
    "country": "France"
  },
  {
    "username": "RafaelFerrao22",
    "followingArtist": "Tim Bergling",
    "country_code": "BR",
    "country": "Brazil"
  },
  {
    "username": "biel_Rossi3",
    "followingArtist": "Tim Bergling",
    "country_code": "BR",
    "country": "Brazil"
  },
  {
    "username": "Kimisha_D",
    "followingArtist": "Tim Bergling",
    "country_code": "ZA",
    "country": "South Africa"
  },
  {
    "username": "hgDul69",
    "followingArtist": "Tim Bergling",
    "country_code": "MX",
    "country": "Mexico"
  },
  {
    "username": "NujodAbdulaziz",
    "followingArtist": "Tim Bergling",
    "country_code": "SA",
    "country": "Saudi Arabia"
  },
  {
    "username": "AndersJorstad",
    "followingArtist": "Tim Bergling",
    "country_code": "US",
    "country": "United States"
  },
  {
    "username": "alejandrogm25",
    "followingArtist": "Tim Bergling",
    "country_code": "ES",
    "country": "Spain"
  },
  {
    "username": "SavannahKoning",
    "followingArtist": "Tim Bergling",
    "country_code": "US",
    "country": "United States"
  },
  {
    "username": "alxthy",
    "followingArtist": "Tim Bergling",
    "country_code": "FR",
    "country": "France"
  },
  {
    "username": "vitoriaff90",
    "followingArtist": "Tim Bergling",
    "country_code": "PT",
    "country": "Portugal"
  },
  {
    "username": "jaimegonzmaya",
    "followingArtist": "Tim Bergling",
    "country_code": "ES",
    "country": "Spain"
  },
  {
    "username": "Galis_278",
    "followingArtist": "Tim Bergling",
    "country_code": "ES",
    "country": "Spain"
  },
  {
    "username": "hazem_essam7",
    "followingArtist": "Tim Bergling",
    "country_code": "EG",
    "country": "Egypt"
  },
  {
    "username": "Abarsss",
    "followingArtist": "Tim Bergling",
    "country_code": "IT",
    "country": "Italy"
  },
  {
    "username": "markgello",
    "followingArtist": "Tim Bergling",
    "country_code": "PH",
    "country": "Philippines"
  },
  {
    "username": "BenMccusker",
    "followingArtist": "Tim Bergling",
    "country_code": "BJ",
    "country": "Benin"
  },
  {
    "username": "Skyblazeranger",
    "followingArtist": "Tim Bergling",
    "country_code": "VN",
    "country": "Viet Nam"
  },
  {
    "username": "dose_edm",
    "followingArtist": "Tim Bergling",
    "country_code": "ID",
    "country": "Indonesia"
  },
  {
    "username": "mrpeepersmusic",
    "followingArtist": "Tim Bergling",
    "country_code": "RO",
    "country": "Romania"
  },
  {
    "username": "swapb98",
    "followingArtist": "Tim Bergling",
    "country_code": "IN",
    "country": "India"
  },
  {
    "username": "claraaznr",
    "followingArtist": "Tim Bergling",
    "country_code": "ES",
    "country": "Spain"
  },
  {
    "username": "SteinickeErik",
    "followingArtist": "Tim Bergling",
    "country_code": "DE",
    "country": "Germany"
  },
  {
    "username": "MartavcCampos",
    "followingArtist": "Tim Bergling",
    "country_code": "US",
    "country": "United States"
  },
  {
    "username": "MikeFD11",
    "followingArtist": "Tim Bergling",
    "country_code": "CN",
    "country": "China"
  },
  {
    "username": "KeanuReznor",
    "followingArtist": "Tim Bergling",
    "country_code": "US",
    "country": "United States"
  },
  {
    "username": "ThomasWoodall12",
    "followingArtist": "Tim Bergling",
    "country_code": "UK",
    "country": "United Kingdom"
  },
  {
    "username": "MCalibet",
    "followingArtist": "Tim Bergling",
    "country_code": "FR",
    "country": "France"
  },
  {
    "username": "beaanas_",
    "followingArtist": "Tim Bergling",
    "country_code": "BR",
    "country": "Brazil"
  },
  {
    "username": "overagainlt",
    "followingArtist": "Tim Bergling",
    "country_code": "UK",
    "country": "United Kingdom"
  },
  {
    "username": "OliverKARDiaco",
    "followingArtist": "Tim Bergling",
    "country_code": "BR",
    "country": "Brazil"
  },
  {
    "username": "Nos2022",
    "followingArtist": "Tim Bergling",
    "country_code": "BR",
    "country": "Brazil"
  },
  {
    "username": "lucaskparker",
    "followingArtist": "Tim Bergling",
    "country_code": "US",
    "country": "United States"
  },
  {
    "username": "HannahE898",
    "followingArtist": "Tim Bergling",
    "country_code": "US",
    "country": "United States"
  },
  {
    "username": "andreavill13",
    "followingArtist": "Tim Bergling",
    "country_code": "MX",
    "country": "Mexico"
  },
  {
    "username": "eric17_h",
    "followingArtist": "Tim Bergling",
    "country_code": "DE",
    "country": "Germany"
  },
  {
    "username": "ay_raid",
    "followingArtist": "Tim Bergling",
    "country_code": "US",
    "country": "United States"
  },
  {
    "username": "RamonaDSA76",
    "followingArtist": "Tim Bergling",
    "country_code": "US",
    "country": "United States"
  },
  {
    "username": "Jailene16418998",
    "followingArtist": "Tim Bergling",
    "country_code": "US",
    "country": "United States"
  },
  {
    "username": "JeffAkesson",
    "followingArtist": "Tim Bergling",
    "country_code": "SE",
    "country": "Sweden"
  },
  {
    "username": "booobhhh_the",
    "followingArtist": "Tim Bergling",
    "country_code": "NG",
    "country": "Nigeria"
  },
  {
    "username": "RimaGeorge17",
    "followingArtist": "Tim Bergling",
    "country_code": "DE",
    "country": "Germany"
  },
  {
    "username": "HitechRuwi",
    "followingArtist": "Tim Bergling",
    "country_code": "OM",
    "country": "Oman"
  },
  {
    "username": "Martaest_05",
    "followingArtist": "Tim Bergling",
    "country_code": "ES",
    "country": "Spain"
  },
  {
    "username": "JuberKh86574960",
    "followingArtist": "Tim Bergling",
    "country_code": "IN",
    "country": "India"
  },
  {
    "username": "88king",
    "followingArtist": "Tim Bergling",
    "country_code": "US",
    "country": "United States"
  },
  {
    "username": "JJhubzPlayz",
    "followingArtist": "Tim Bergling",
    "country_code": "US",
    "country": "United States"
  },
  {
    "username": "Geovanny_Chino",
    "followingArtist": "Tim Bergling",
    "country_code": "MX",
    "country": "Mexico"
  },
  {
    "username": "williamcantors",
    "followingArtist": "Tim Bergling",
    "country_code": "CO",
    "country": "Colombia"
  },
  {
    "username": "dynomikked",
    "followingArtist": "Tim Bergling",
    "country_code": "AU",
    "country": "Australia"
  },
  {
    "username": "urbanhitsmag",
    "followingArtist": "Tim Bergling",
    "country_code": "NG",
    "country": "Nigeria"
  },
  {
    "username": "carlsfer1",
    "followingArtist": "Tim Bergling",
    "country_code": "US",
    "country": "United States"
  },
  {
    "username": "CharleyCoco22",
    "followingArtist": "Tim Bergling",
    "country_code": "UK",
    "country": "United Kingdom"
  },
  {
    "username": "Samuel_1991_",
    "followingArtist": "Tim Bergling",
    "country_code": "NO",
    "country": "Norway"
  },
  {
    "username": "astroboundmusic",
    "followingArtist": "Tim Bergling",
    "country_code": "California City Blvd",
    "country": "California City Blvd"
  },
  {
    "username": "suhailmohd06",
    "followingArtist": "Tim Bergling",
    "country_code": "IN",
    "country": "India"
  },
  {
    "username": "oskar_akerlund",
    "followingArtist": "Tim Bergling",
    "country_code": "FI",
    "country": "Finland"
  },
  {
    "username": "angelgrovedj",
    "followingArtist": "Tim Bergling",
    "country_code": "NG",
    "country": "Nigeria"
  },
  {
    "username": "B_Friv",
    "followingArtist": "Tim Bergling",
    "country_code": "US",
    "country": "United States"
  },
  {
    "username": "HERICK_onair_",
    "followingArtist": "Tim Bergling",
    "country_code": "PY",
    "country": "Paraguay"
  },
  {
    "username": "Roco65663777",
    "followingArtist": "Tim Bergling",
    "country_code": "US",
    "country": "United States"
  },
  {
    "username": "L4PlOfficial",
    "followingArtist": "Tim Bergling",
    "country_code": "FR",
    "country": "France"
  },
  {
    "username": "lcyitz",
    "followingArtist": "Tim Bergling",
    "country_code": "US",
    "country": "United States"
  },
  {
    "username": "k4y_x",
    "followingArtist": "Tim Bergling",
    "country_code": "FR",
    "country": "France"
  },
  {
    "username": "syamimsss",
    "followingArtist": "Tim Bergling",
    "country_code": "MY",
    "country": "Malaysia"
  },
  {
    "username": "LaurenBrzozows1",
    "followingArtist": "Tim Bergling",
    "country_code": "US",
    "country": "United States"
  },
  {
    "username": "denkis103",
    "followingArtist": "Tim Bergling",
    "country_code": "JP",
    "country": "Japan"
  },
  {
    "username": "XxNJHendrickxX",
    "followingArtist": "Tim Bergling",
    "country_code": "US",
    "country": "United States"
  },
  {
    "username": "ALEXSS70379872",
    "followingArtist": "Tim Bergling",
    "country_code": "BR",
    "country": "Brazil"
  },
  {
    "username": "lia_mariotto",
    "followingArtist": "Tim Bergling",
    "country_code": "BR",
    "country": "Brazil"
  },
  {
    "username": "Ciro31956110",
    "followingArtist": "Tim Bergling",
    "country_code": "IT",
    "country": "Italy"
  },
  {
    "username": "Lazarentoooo",
    "followingArtist": "Tim Bergling",
    "country_code": "BR",
    "country": "Brazil"
  },
  {
    "username": "WaveLengthsRdo",
    "followingArtist": "Tim Bergling",
    "country_code": "CA",
    "country": "Canada"
  },
  {
    "username": "Jasjeet66884834",
    "followingArtist": "Tim Bergling",
    "country_code": "IN",
    "country": "India"
  },
  {
    "username": "simplyfit2018",
    "followingArtist": "Tim Bergling",
    "country_code": "US",
    "country": "United States"
  },
  {
    "username": "DCTOP20",
    "followingArtist": "Tim Bergling",
    "country_code": "US",
    "country": "United States"
  },
  {
    "username": "jmclovin28",
    "followingArtist": "Tim Bergling",
    "country_code": "FR",
    "country": "France"
  },
  {
    "username": "rinrin19sdgsl",
    "followingArtist": "Tim Bergling",
    "country_code": "BR",
    "country": "Brazil"
  },
  {
    "username": "ElvyAnsibin",
    "followingArtist": "Tim Bergling",
    "country_code": "IN",
    "country": "India"
  },
  {
    "username": "Alondra85782354",
    "followingArtist": "Tim Bergling",
    "country_code": "MX",
    "country": "Mexico"
  },
  {
    "username": "EmtforsSabina",
    "followingArtist": "Tim Bergling",
    "country_code": "SE",
    "country": "Sweden"
  },
  {
    "username": "chris_c_baby",
    "followingArtist": "Tim Bergling",
    "country_code": "GB",
    "country": "Scotland"
  },
  {
    "username": "ChadCorsair",
    "followingArtist": "Tim Bergling",
    "country_code": "BJ",
    "country": "Benin"
  },
  {
    "username": "carla_karenina",
    "followingArtist": "Tim Bergling",
    "country_code": "US",
    "country": "United States"
  },
  {
    "username": "chosen_lou",
    "followingArtist": "Tim Bergling",
    "country_code": "California City Blvd",
    "country": "California City Blvd"
  },
  {
    "username": "HeroSSB_",
    "followingArtist": "Tim Bergling",
    "country_code": "UK",
    "country": "United Kingdom"
  },
  {
    "username": "SethKinstle",
    "followingArtist": "Tim Bergling",
    "country_code": "US",
    "country": "United States"
  },
  {
    "username": "Vanga_Bond",
    "followingArtist": "Tim Bergling",
    "country_code": "US",
    "country": "United States"
  },
  {
    "username": "spacebo0ty",
    "followingArtist": "Tim Bergling",
    "country_code": "US",
    "country": "United States"
  },
  {
    "username": "JosberAzocar",
    "followingArtist": "Tim Bergling",
    "country_code": "CO",
    "country": "Colombia"
  },
  {
    "username": "DataExplorer21",
    "followingArtist": "Tim Bergling",
    "country_code": "US",
    "country": "United States"
  },
  {
    "username": "ajayifunshodav3",
    "followingArtist": "Tim Bergling",
    "country_code": "NG",
    "country": "Nigeria"
  },
  {
    "username": "AJ83334795",
    "followingArtist": "Tim Bergling",
    "country_code": "US",
    "country": "United States"
  },
  {
    "username": "Luisajuliana07_",
    "followingArtist": "Tim Bergling",
    "country_code": "US",
    "country": "United States"
  },
  {
    "username": "JessAzuaga1",
    "followingArtist": "Tim Bergling",
    "country_code": "PY",
    "country": "Paraguay"
  },
  {
    "username": "DiegoVigueras_",
    "followingArtist": "Tim Bergling",
    "country_code": "NL",
    "country": "Netherlands"
  },
  {
    "username": "CodyColella",
    "followingArtist": "Tim Bergling",
    "country_code": "US",
    "country": "United States"
  },
  {
    "username": "EortAnj",
    "followingArtist": "Tim Bergling",
    "country_code": "US",
    "country": "United States"
  },
  {
    "username": "kentasss",
    "followingArtist": "Tim Bergling",
    "country_code": "SE",
    "country": "Sweden"
  },
  {
    "username": "Lauraco81482106",
    "followingArtist": "Tim Bergling",
    "country_code": "US",
    "country": "United States"
  },
  {
    "username": "Jaideepdotpng",
    "followingArtist": "Tim Bergling",
    "country_code": "IN",
    "country": "India"
  },
  {
    "username": "bbisvip2011",
    "followingArtist": "Tim Bergling",
    "country_code": "CA",
    "country": "Canada"
  },
  {
    "username": "Zfan695",
    "followingArtist": "Tim Bergling",
    "country_code": "US",
    "country": "United States"
  },
  {
    "username": "alyssaalcom1",
    "followingArtist": "Tim Bergling",
    "country_code": "FR",
    "country": "France"
  },
  {
    "username": "Elextrix12",
    "followingArtist": "Tim Bergling",
    "country_code": "US",
    "country": "United States"
  },
  {
    "username": "davidedalangin",
    "followingArtist": "Tim Bergling",
    "country_code": "IT",
    "country": "Italy"
  },
  {
    "username": "PrajwalArade",
    "followingArtist": "Tim Bergling",
    "country_code": "IN",
    "country": "India"
  },
  {
    "username": "aLoOndR15666212",
    "followingArtist": "Tim Bergling",
    "country_code": "MX",
    "country": "Mexico"
  },
  {
    "username": "drvolx",
    "followingArtist": "Tim Bergling",
    "country_code": "CL",
    "country": "Chile"
  },
  {
    "username": "Dinahbrehm",
    "followingArtist": "Tim Bergling",
    "country_code": "IT",
    "country": "Italy"
  },
  {
    "username": "AdrianDadaJose1",
    "followingArtist": "Tim Bergling",
    "country_code": "CY",
    "country": "Cyprus"
  },
  {
    "username": "madeimo03",
    "followingArtist": "Tim Bergling",
    "country_code": "ID",
    "country": "Indonesia"
  },
  {
    "username": "serkaarr",
    "followingArtist": "Tim Bergling",
    "country_code": "NL",
    "country": "Netherlands"
  },
  {
    "username": "Christo77552336",
    "followingArtist": "Tim Bergling",
    "country_code": "MX",
    "country": "Mexico"
  },
  {
    "username": "Katieniall1",
    "followingArtist": "Tim Bergling",
    "country_code": "US",
    "country": "United States"
  },
  {
    "username": "strangerfromars",
    "followingArtist": "Tim Bergling",
    "country_code": "CO",
    "country": "Colombia"
  },
  {
    "username": "VnhHa5",
    "followingArtist": "Tim Bergling",
    "country_code": "VN",
    "country": "Viet Nam"
  },
  {
    "username": "jonnyalgeo_",
    "followingArtist": "Tim Bergling",
    "country_code": "UK",
    "country": "United Kingdom"
  },
  {
    "username": "LauraCSolorzano",
    "followingArtist": "Tim Bergling",
    "country_code": "CY",
    "country": "Cyprus"
  },
  {
    "username": "Arup35385393",
    "followingArtist": "Tim Bergling",
    "country_code": "IN",
    "country": "India"
  },
  {
    "username": "aaacir21xo",
    "followingArtist": "Tim Bergling",
    "country_code": "JP",
    "country": "Japan"
  },
  {
    "username": "alefish13",
    "followingArtist": "Tim Bergling",
    "country_code": "IT",
    "country": "Italy"
  },
  {
    "username": "ibragimova5",
    "followingArtist": "Tim Bergling",
    "country_code": "ID",
    "country": "Indonesia"
  },
  {
    "username": "EvelinEstrada25",
    "followingArtist": "Tim Bergling",
    "country_code": "US",
    "country": "United States"
  },
  {
    "username": "ONED_Allure",
    "followingArtist": "Tim Bergling",
    "country_code": "US",
    "country": "United States"
  },
  {
    "username": "nanabananatutss",
    "followingArtist": "Tim Bergling",
    "country_code": "IT",
    "country": "Italy"
  },
  {
    "username": "gc_yisus",
    "followingArtist": "Tim Bergling",
    "country_code": "MX",
    "country": "Mexico"
  },
  {
    "username": "KamelCHEIKH",
    "followingArtist": "Tim Bergling",
    "country_code": "UK",
    "country": "United Kingdom"
  },
  {
    "username": "Elizabethjdact",
    "followingArtist": "Tim Bergling",
    "country_code": "UK",
    "country": "United Kingdom"
  },
  {
    "username": "RomeroCamacaro",
    "followingArtist": "Tim Bergling",
    "country_code": "VE",
    "country": "Venezuela"
  },
  {
    "username": "IvanSos00069837",
    "followingArtist": "Tim Bergling",
    "country_code": "CL",
    "country": "Chile"
  },
  {
    "username": "fg_Salted_fish",
    "followingArtist": "Tim Bergling",
    "country_code": "DK",
    "country": "Denmark"
  },
  {
    "username": "louwilltom1991",
    "followingArtist": "Tim Bergling",
    "country_code": "GB",
    "country": "Scotland"
  },
  {
    "username": "lout_tl",
    "followingArtist": "Tim Bergling",
    "country_code": "GB",
    "country": "Scotland"
  },
  {
    "username": "lwt28timeline",
    "followingArtist": "Tim Bergling",
    "country_code": "BJ",
    "country": "Benin"
  },
  {
    "username": "heidimcmahon08",
    "followingArtist": "Tim Bergling",
    "country_code": "IT",
    "country": "Italy"
  },
  {
    "username": "Zaira_Ortega16",
    "followingArtist": "Tim Bergling",
    "country_code": "MX",
    "country": "Mexico"
  },
  {
    "username": "vote_and_polls",
    "followingArtist": "Tim Bergling",
    "country_code": "SA",
    "country": "Saudi Arabia"
  },
  {
    "username": "Garvin2002",
    "followingArtist": "Tim Bergling",
    "country_code": "US",
    "country": "United States"
  },
  {
    "username": "C_rl_D_rk",
    "followingArtist": "Tim Bergling",
    "country_code": "US",
    "country": "United States"
  },
  {
    "username": "sebastian98juni",
    "followingArtist": "Tim Bergling",
    "country_code": "SE",
    "country": "Sweden"
  },
  {
    "username": "Ramooss13",
    "followingArtist": "Tim Bergling",
    "country_code": "US",
    "country": "United States"
  },
  {
    "username": "lall3tta",
    "followingArtist": "Tim Bergling",
    "country_code": "US",
    "country": "United States"
  },
  {
    "username": "kingtommotrades",
    "followingArtist": "Tim Bergling",
    "country_code": "UK",
    "country": "United Kingdom"
  },
  {
    "username": "clenorcipriano",
    "followingArtist": "Tim Bergling",
    "country_code": "US",
    "country": "United States"
  },
  {
    "username": "DMedelyn",
    "followingArtist": "Tim Bergling",
    "country_code": "US",
    "country": "United States"
  },
  {
    "username": "yuanxiaoliangll",
    "followingArtist": "Tim Bergling",
    "country_code": "CN",
    "country": "China"
  },
  {
    "username": "helltux_lin",
    "followingArtist": "Tim Bergling",
    "country_code": "BR",
    "country": "Brazil"
  },
  {
    "username": "JG7610",
    "followingArtist": "Tim Bergling",
    "country_code": "US",
    "country": "United States"
  },
  {
    "username": "ZalyBRajo",
    "followingArtist": "Tim Bergling",
    "country_code": "NL",
    "country": "Netherlands"
  },
  {
    "username": "PabloDa86453643",
    "followingArtist": "Tim Bergling",
    "country_code": "US",
    "country": "United States"
  },
  {
    "username": "Sad76173284",
    "followingArtist": "Tim Bergling",
    "country_code": "UA",
    "country": "Ukraine"
  },
  {
    "username": "wearestereos",
    "followingArtist": "Tim Bergling",
    "country_code": "CA",
    "country": "Canada"
  },
  {
    "username": "Jormungandr93",
    "followingArtist": "Tim Bergling",
    "country_code": "US",
    "country": "United States"
  },
  {
    "username": "GaelGonzalez580",
    "followingArtist": "Tim Bergling",
    "country_code": "MX",
    "country": "Mexico"
  },
  {
    "username": "dstrct9music",
    "followingArtist": "Tim Bergling",
    "country_code": "FR",
    "country": "France"
  },
  {
    "username": "Xernion1",
    "followingArtist": "Tim Bergling",
    "country_code": "US",
    "country": "United States"
  },
  {
    "username": "LaureJsr",
    "followingArtist": "Tim Bergling",
    "country_code": "CM",
    "country": "Cameroon"
  },
  {
    "username": "anniied151",
    "followingArtist": "Tim Bergling",
    "country_code": "US",
    "country": "United States"
  },
  {
    "username": "ja98ke",
    "followingArtist": "Tim Bergling",
    "country_code": "GB",
    "country": "Scotland"
  },
  {
    "username": "lxuistimelxne",
    "followingArtist": "Tim Bergling",
    "country_code": "California City Blvd",
    "country": "California City Blvd"
  },
  {
    "username": "tomigforcadell",
    "followingArtist": "Tim Bergling",
    "country_code": "AR",
    "country": "Argentina"
  },
  {
    "username": "louistimln",
    "followingArtist": "Tim Bergling",
    "country_code": "US",
    "country": "United States"
  },
  {
    "username": "Aleyomusic",
    "followingArtist": "Tim Bergling",
    "country_code": "MX",
    "country": "Mexico"
  },
  {
    "username": "KD93345004",
    "followingArtist": "Tim Bergling",
    "country_code": "IN",
    "country": "India"
  },
  {
    "username": "eebbaebbaa",
    "followingArtist": "Tim Bergling",
    "country_code": "SE",
    "country": "Sweden"
  },
  {
    "username": "JoshPhi15627041",
    "followingArtist": "Tim Bergling",
    "country_code": "BR",
    "country": "Brazil"
  },
  {
    "username": "sushiislut",
    "followingArtist": "Tim Bergling",
    "country_code": "NG",
    "country": "Nigeria"
  },
  {
    "username": "DJBNTLY",
    "followingArtist": "Tim Bergling",
    "country_code": "US",
    "country": "United States"
  },
  {
    "username": "Fuchsia017",
    "followingArtist": "Tim Bergling",
    "country_code": "US",
    "country": "United States"
  },
  {
    "username": "nerdedg0y",
    "followingArtist": "Tim Bergling",
    "country_code": "DK",
    "country": "Denmark"
  },
  {
    "username": "teana_blues",
    "followingArtist": "Tim Bergling",
    "country_code": "MW",
    "country": "Malawi"
  },
  {
    "username": "Gayan_1984",
    "followingArtist": "Tim Bergling",
    "country_code": "ID",
    "country": "Indonesia"
  },
  {
    "username": "SuperstoneReco1",
    "followingArtist": "Tim Bergling",
    "country_code": "NL",
    "country": "Netherlands"
  },
  {
    "username": "zugabe666",
    "followingArtist": "Tim Bergling",
    "country_code": "ID",
    "country": "Indonesia"
  },
  {
    "username": "BeatzUnleashe",
    "followingArtist": "Tim Bergling",
    "country_code": "FR",
    "country": "France"
  },
  {
    "username": "SelvaSuarez7",
    "followingArtist": "Tim Bergling",
    "country_code": "US",
    "country": "United States"
  },
  {
    "username": "link10_",
    "followingArtist": "Tim Bergling",
    "country_code": "US",
    "country": "United States"
  },
  {
    "username": "younghaff2015",
    "followingArtist": "Tim Bergling",
    "country_code": "UK",
    "country": "United Kingdom"
  },
  {
    "username": "lilygue94197402",
    "followingArtist": "Tim Bergling",
    "country_code": "CL",
    "country": "Chile"
  },
  {
    "username": "GarykShane",
    "followingArtist": "Tim Bergling",
    "country_code": "CA",
    "country": "Canada"
  },
  {
    "username": "Hal_il__",
    "followingArtist": "Tim Bergling",
    "country_code": "TR",
    "country": "Turkey"
  },
  {
    "username": "RevealedRecGE",
    "followingArtist": "Tim Bergling",
    "country_code": "US",
    "country": "United States"
  },
  {
    "username": "rafaelsalgad0",
    "followingArtist": "Tim Bergling",
    "country_code": "PT",
    "country": "Portugal"
  },
  {
    "username": "Bieber_Poland95",
    "followingArtist": "Tim Bergling",
    "country_code": "US",
    "country": "United States"
  },
  {
    "username": "HawcuttJason",
    "followingArtist": "Tim Bergling",
    "country_code": "UK",
    "country": "United Kingdom"
  },
  {
    "username": "DobDennis",
    "followingArtist": "Tim Bergling",
    "country_code": "BR",
    "country": "Brazil"
  },
  {
    "username": "thegenorduno",
    "followingArtist": "Tim Bergling",
    "country_code": "MX",
    "country": "Mexico"
  },
  {
    "username": "Lauti_Vaz5",
    "followingArtist": "Tim Bergling",
    "country_code": "AR",
    "country": "Argentina"
  },
  {
    "username": "JOHNHILTONDJ",
    "followingArtist": "Tim Bergling",
    "country_code": "GB",
    "country": "Scotland"
  },
  {
    "username": "karolzavalet",
    "followingArtist": "Tim Bergling",
    "country_code": "PE",
    "country": "Peru"
  },
  {
    "username": "RobbieTheHuman",
    "followingArtist": "Tim Bergling",
    "country_code": "US",
    "country": "United States"
  },
  {
    "username": "diegordopkm",
    "followingArtist": "Tim Bergling",
    "country_code": "US",
    "country": "United States"
  },
  {
    "username": "fastlifedollaz",
    "followingArtist": "Tim Bergling",
    "country_code": "US",
    "country": "United States"
  },
  {
    "username": "lolmishxllisme",
    "followingArtist": "Tim Bergling",
    "country_code": "NZ",
    "country": "Aotearoa"
  },
  {
    "username": "pooyale",
    "followingArtist": "Tim Bergling",
    "country_code": "IR",
    "country": "Iran"
  },
  {
    "username": "BUSBAUER1",
    "followingArtist": "Tim Bergling",
    "country_code": "KZ",
    "country": "Kazakhstan"
  },
  {
    "username": "LouLeBuhan",
    "followingArtist": "Tim Bergling",
    "country_code": "FR",
    "country": "France"
  },
  {
    "username": "soraninnn",
    "followingArtist": "Tim Bergling",
    "country_code": "JP",
    "country": "Japan"
  },
  {
    "username": "Fabiola01626347",
    "followingArtist": "Tim Bergling",
    "country_code": "US",
    "country": "United States"
  },
  {
    "username": "OGarrixer",
    "followingArtist": "Tim Bergling",
    "country_code": "CN",
    "country": "China"
  },
  {
    "username": "avicii_kygo",
    "followingArtist": "Tim Bergling",
    "country_code": "AU",
    "country": "Australia"
  },
  {
    "username": "Katja33475964",
    "followingArtist": "Tim Bergling",
    "country_code": "US",
    "country": "United States"
  },
  {
    "username": "Mishell69Malik",
    "followingArtist": "Tim Bergling",
    "country_code": "PE",
    "country": "Peru"
  },
  {
    "username": "timshelavicii",
    "followingArtist": "Tim Bergling",
    "country_code": "US",
    "country": "United States"
  },
  {
    "username": "mariane_ang",
    "followingArtist": "Tim Bergling",
    "country_code": "AR",
    "country": "Argentina"
  },
  {
    "username": "IMR93",
    "followingArtist": "Tim Bergling",
    "country_code": "US",
    "country": "United States"
  },
  {
    "username": "Z8aN7yKP8JAbwM9",
    "followingArtist": "Tim Bergling",
    "country_code": "US",
    "country": "United States"
  },
  {
    "username": "AustralianEdm",
    "followingArtist": "Tim Bergling",
    "country_code": "AU",
    "country": "Australia"
  },
  {
    "username": "CauseImHollow",
    "followingArtist": "Tim Bergling",
    "country_code": "MX",
    "country": "Mexico"
  },
  {
    "username": "pdrtod",
    "followingArtist": "Tim Bergling",
    "country_code": "BR",
    "country": "Brazil"
  },
  {
    "username": "MeacyOfficial",
    "followingArtist": "Tim Bergling",
    "country_code": "US",
    "country": "United States"
  },
  {
    "username": "alejandraameli3",
    "followingArtist": "Tim Bergling",
    "country_code": "IT",
    "country": "Italy"
  },
  {
    "username": "ram__maheshwari",
    "followingArtist": "Tim Bergling",
    "country_code": "IN",
    "country": "India"
  },
  {
    "username": "geng1408",
    "followingArtist": "Tim Bergling",
    "country_code": "CH",
    "country": "Switzerland"
  },
  {
    "username": "emilygrace02",
    "followingArtist": "Tim Bergling",
    "country_code": "US",
    "country": "United States"
  },
  {
    "username": "KermaToulouse",
    "followingArtist": "Tim Bergling",
    "country_code": "FR",
    "country": "France"
  },
  {
    "username": "mollyjanelouise",
    "followingArtist": "Tim Bergling",
    "country_code": "GB",
    "country": "Scotland"
  },
  {
    "username": "Gerson26361582",
    "followingArtist": "Tim Bergling",
    "country_code": "US",
    "country": "United States"
  },
  {
    "username": "JooMarceloRamo4",
    "followingArtist": "Tim Bergling",
    "country_code": "BR",
    "country": "Brazil"
  },
  {
    "username": "romi_lares",
    "followingArtist": "Tim Bergling",
    "country_code": "AR",
    "country": "Argentina"
  },
  {
    "username": "Jeffers92418711",
    "followingArtist": "Tim Bergling",
    "country_code": "BR",
    "country": "Brazil"
  },
  {
    "username": "Pepeto__",
    "followingArtist": "Tim Bergling",
    "country_code": "BR",
    "country": "Brazil"
  },
  {
    "username": "CinthiaDeLosSa2",
    "followingArtist": "Tim Bergling",
    "country_code": "MX",
    "country": "Mexico"
  },
  {
    "username": "DvbstepEric_Z",
    "followingArtist": "Tim Bergling",
    "country_code": "US",
    "country": "United States"
  },
  {
    "username": "miriam45907617",
    "followingArtist": "Tim Bergling",
    "country_code": "ES",
    "country": "Spain"
  },
  {
    "username": "sbloooo",
    "followingArtist": "Tim Bergling",
    "country_code": "NP",
    "country": "Nepal"
  },
  {
    "username": "jdmarrs",
    "followingArtist": "Tim Bergling",
    "country_code": "California City Blvd",
    "country": "California City Blvd"
  },
  {
    "username": "EiverRivera",
    "followingArtist": "Tim Bergling",
    "country_code": "IT",
    "country": "Italy"
  },
  {
    "username": "sebastiaanhooft",
    "followingArtist": "Tim Bergling",
    "country_code": "NL",
    "country": "Netherlands"
  },
  {
    "username": "manu2t48",
    "followingArtist": "Tim Bergling",
    "country_code": "NG",
    "country": "Nigeria"
  },
  {
    "username": "cinthiamalu",
    "followingArtist": "Tim Bergling",
    "country_code": "VU",
    "country": "Vanuatu"
  },
  {
    "username": "Zach__Carson",
    "followingArtist": "Tim Bergling",
    "country_code": "US",
    "country": "United States"
  },
  {
    "username": "zebpereira99",
    "followingArtist": "Tim Bergling",
    "country_code": "PH",
    "country": "Philippines"
  },
  {
    "username": "28adidaslad",
    "followingArtist": "Tim Bergling",
    "country_code": "US",
    "country": "United States"
  },
  {
    "username": "andreaalonsoir",
    "followingArtist": "Tim Bergling",
    "country_code": "ES",
    "country": "Spain"
  },
  {
    "username": "eduardo_filipe7",
    "followingArtist": "Tim Bergling",
    "country_code": "NG",
    "country": "Nigeria"
  },
  {
    "username": "carmelizagarcia",
    "followingArtist": "Tim Bergling",
    "country_code": "AU",
    "country": "Australia"
  },
  {
    "username": "memoli_dasi",
    "followingArtist": "Tim Bergling",
    "country_code": "TR",
    "country": "Turkey"
  },
  {
    "username": "saac_8",
    "followingArtist": "Tim Bergling",
    "country_code": "NL",
    "country": "Netherlands"
  },
  {
    "username": "hDi7l01dfqkvwXS",
    "followingArtist": "Tim Bergling",
    "country_code": "US",
    "country": "United States"
  },
  {
    "username": "MarioSv8",
    "followingArtist": "Tim Bergling",
    "country_code": "ES",
    "country": "Spain"
  },
  {
    "username": "gummy_bear18",
    "followingArtist": "Tim Bergling",
    "country_code": "MA",
    "country": "Morocco"
  },
  {
    "username": "CzechNelca",
    "followingArtist": "Tim Bergling",
    "country_code": "TR",
    "country": "Turkey"
  },
  {
    "username": "LuciaEnt",
    "followingArtist": "Tim Bergling",
    "country_code": "NG",
    "country": "Nigeria"
  },
  {
    "username": "LennartBucht",
    "followingArtist": "Tim Bergling",
    "country_code": "CR",
    "country": "Costa Rica"
  },
  {
    "username": "Angel31156251",
    "followingArtist": "Tim Bergling",
    "country_code": "HK",
    "country": "Hong Kong"
  },
  {
    "username": "ERGGMO",
    "followingArtist": "Tim Bergling",
    "country_code": "US",
    "country": "United States"
  },
  {
    "username": "AriCottens",
    "followingArtist": "Tim Bergling",
    "country_code": "UY",
    "country": "Uruguay"
  },
  {
    "username": "nicolas4lves",
    "followingArtist": "Tim Bergling",
    "country_code": "EC",
    "country": "Ecuador"
  },
  {
    "username": "HIMEKA02783410",
    "followingArtist": "Tim Bergling",
    "country_code": "UK",
    "country": "United Kingdom"
  },
  {
    "username": "William90374727",
    "followingArtist": "Tim Bergling",
    "country_code": "GB",
    "country": "Scotland"
  },
  {
    "username": "crisrrom22",
    "followingArtist": "Tim Bergling",
    "country_code": "IT",
    "country": "Italy"
  },
  {
    "username": "Kamilasyafa2",
    "followingArtist": "Tim Bergling",
    "country_code": "ID",
    "country": "Indonesia"
  },
  {
    "username": "bebeconor",
    "followingArtist": "Tim Bergling",
    "country_code": "GB",
    "country": "Scotland"
  },
  {
    "username": "ferdojustinb",
    "followingArtist": "Tim Bergling",
    "country_code": "BR",
    "country": "Brazil"
  },
  {
    "username": "piotrax23",
    "followingArtist": "Tim Bergling",
    "country_code": "PL",
    "country": "Poland"
  },
  {
    "username": "Young__Hustler",
    "followingArtist": "Tim Bergling",
    "country_code": "TH",
    "country": "Thailand"
  },
  {
    "username": "BackAndFoyth",
    "followingArtist": "Tim Bergling",
    "country_code": "AU",
    "country": "Australia"
  },
  {
    "username": "itsjustmee____",
    "followingArtist": "Tim Bergling",
    "country_code": "JO",
    "country": "Jordan"
  },
  {
    "username": "AxelJtk",
    "followingArtist": "Tim Bergling",
    "country_code": "MX",
    "country": "Mexico"
  },
  {
    "username": "iTzTay22",
    "followingArtist": "Tim Bergling",
    "country_code": "MX",
    "country": "Mexico"
  },
  {
    "username": "emilierice4",
    "followingArtist": "Tim Bergling",
    "country_code": "GB",
    "country": "Scotland"
  },
  {
    "username": "reshin_tweets",
    "followingArtist": "Tim Bergling",
    "country_code": "QA",
    "country": "Qatar"
  },
  {
    "username": "DLuvizzz",
    "followingArtist": "Tim Bergling",
    "country_code": "ID",
    "country": "Indonesia"
  },
  {
    "username": "valenchule",
    "followingArtist": "Tim Bergling",
    "country_code": "VE",
    "country": "Venezuela"
  },
  {
    "username": "MsAmanda0721",
    "followingArtist": "Tim Bergling",
    "country_code": "US",
    "country": "United States"
  },
  {
    "username": "SPEEDBLUE42",
    "followingArtist": "Tim Bergling",
    "country_code": "CO",
    "country": "Colombia"
  },
  {
    "username": "RasilFacts",
    "followingArtist": "Tim Bergling",
    "country_code": "SA",
    "country": "Saudi Arabia"
  },
  {
    "username": "NickKirwa4",
    "followingArtist": "Tim Bergling",
    "country_code": "KE",
    "country": "Kenya"
  },
  {
    "username": "iionapoblador",
    "followingArtist": "Tim Bergling",
    "country_code": "ES",
    "country": "Spain"
  },
  {
    "username": "znhein",
    "followingArtist": "Tim Bergling",
    "country_code": "MM",
    "country": "Myanmar"
  },
  {
    "username": "Antony1336",
    "followingArtist": "Tim Bergling",
    "country_code": "JM",
    "country": "Jamaica"
  },
  {
    "username": "graysondolan067",
    "followingArtist": "Tim Bergling",
    "country_code": "US",
    "country": "United States"
  },
  {
    "username": "RIP_DylanG",
    "followingArtist": "Tim Bergling",
    "country_code": "NG",
    "country": "Nigeria"
  },
  {
    "username": "dontstaymove",
    "followingArtist": "Tim Bergling",
    "country_code": "PT",
    "country": "Portugal"
  },
  {
    "username": "JuriTamuli",
    "followingArtist": "Tim Bergling",
    "country_code": "IN",
    "country": "India"
  },
  {
    "username": "99_goonsquad",
    "followingArtist": "Tim Bergling",
    "country_code": "US",
    "country": "United States"
  },
  {
    "username": "boyindread",
    "followingArtist": "Tim Bergling",
    "country_code": "PH",
    "country": "Philippines"
  },
  {
    "username": "mapr_119",
    "followingArtist": "Tim Bergling",
    "country_code": "CO",
    "country": "Colombia"
  },
  {
    "username": "ckrhisthian",
    "followingArtist": "Tim Bergling",
    "country_code": "PE",
    "country": "Peru"
  },
  {
    "username": "AraselyGarces",
    "followingArtist": "Tim Bergling",
    "country_code": "US",
    "country": "United States"
  },
  {
    "username": "jeyquellen",
    "followingArtist": "Tim Bergling",
    "country_code": "US",
    "country": "United States"
  },
  {
    "username": "sMaC_442",
    "followingArtist": "Tim Bergling",
    "country_code": "US",
    "country": "United States"
  },
  {
    "username": "gr8fuldes",
    "followingArtist": "Tim Bergling",
    "country_code": "NP",
    "country": "Nepal"
  },
  {
    "username": "TIMBERG54073008",
    "followingArtist": "Tim Bergling",
    "country_code": "BR",
    "country": "Brazil"
  },
  {
    "username": "milenabotero123",
    "followingArtist": "Tim Bergling",
    "country_code": "CO",
    "country": "Colombia"
  },
  {
    "username": "Josh_Starner",
    "followingArtist": "Tim Bergling",
    "country_code": "Pennsylvania Furnace Rd",
    "country": "Pennsylvania Furnace Rd"
  },
  {
    "username": "Dylantjeeee98",
    "followingArtist": "Tim Bergling",
    "country_code": "NL",
    "country": "Netherlands"
  },
  {
    "username": "DontTell_YT",
    "followingArtist": "Tim Bergling",
    "country_code": "VE",
    "country": "Venezuela"
  },
  {
    "username": "hary79141373",
    "followingArtist": "Tim Bergling",
    "country_code": "US",
    "country": "United States"
  },
  {
    "username": "VamikaSattyam",
    "followingArtist": "Tim Bergling",
    "country_code": "NZ",
    "country": "Aotearoa"
  },
  {
    "username": "shouvick_paul",
    "followingArtist": "Tim Bergling",
    "country_code": "IM",
    "country": "IM"
  },
  {
    "username": "IamVicente777",
    "followingArtist": "Tim Bergling",
    "country_code": "US",
    "country": "United States"
  },
  {
    "username": "AsifulNayaf",
    "followingArtist": "Tim Bergling",
    "country_code": "BD",
    "country": "Bangladesh"
  },
  {
    "username": "lala__eve",
    "followingArtist": "Tim Bergling",
    "country_code": "US",
    "country": "United States"
  },
  {
    "username": "NgcChu04409402",
    "followingArtist": "Tim Bergling",
    "country_code": "ES",
    "country": "Spain"
  },
  {
    "username": "Darshan84122003",
    "followingArtist": "Tim Bergling",
    "country_code": "IN",
    "country": "India"
  },
  {
    "username": "Eliacib10",
    "followingArtist": "Tim Bergling",
    "country_code": "CO",
    "country": "Colombia"
  },
  {
    "username": "DreamUva",
    "followingArtist": "Tim Bergling",
    "country_code": "US",
    "country": "United States"
  },
  {
    "username": "EstrellaLomeli4",
    "followingArtist": "Tim Bergling",
    "country_code": "MX",
    "country": "Mexico"
  },
  {
    "username": "duda_drade12",
    "followingArtist": "Tim Bergling",
    "country_code": "IT",
    "country": "Italy"
  },
  {
    "username": "j_alx_holm14",
    "followingArtist": "Tim Bergling",
    "country_code": "US",
    "country": "United States"
  },
  {
    "username": "_rpmphotos",
    "followingArtist": "Tim Bergling",
    "country_code": "UK",
    "country": "United Kingdom"
  },
  {
    "username": "villalikers",
    "followingArtist": "Tim Bergling",
    "country_code": "MX",
    "country": "Mexico"
  },
  {
    "username": "kaileytoro",
    "followingArtist": "Tim Bergling",
    "country_code": "US",
    "country": "United States"
  },
  {
    "username": "F_Alex4nder",
    "followingArtist": "Tim Bergling",
    "country_code": "US",
    "country": "United States"
  },
  {
    "username": "JackGrumansMom",
    "followingArtist": "Tim Bergling",
    "country_code": "Arkansas St",
    "country": "Arkansas St"
  },
  {
    "username": "Bloodeye4",
    "followingArtist": "Tim Bergling",
    "country_code": "ES",
    "country": "Spain"
  },
  {
    "username": "hey_leonard",
    "followingArtist": "Tim Bergling",
    "country_code": "BR",
    "country": "Brazil"
  },
  {
    "username": "isa82091663",
    "followingArtist": "Tim Bergling",
    "country_code": "BR",
    "country": "Brazil"
  },
  {
    "username": "Clment83222863",
    "followingArtist": "Tim Bergling",
    "country_code": "FR",
    "country": "France"
  },
  {
    "username": "iwm8yr9hyca5",
    "followingArtist": "Tim Bergling",
    "country_code": "HT",
    "country": "Haiti"
  },
  {
    "username": "edmallday7101",
    "followingArtist": "Tim Bergling",
    "country_code": "US",
    "country": "United States"
  },
  {
    "username": "qiffdean",
    "followingArtist": "Tim Bergling",
    "country_code": "MY",
    "country": "Malaysia"
  },
  {
    "username": "ttric_",
    "followingArtist": "Tim Bergling",
    "country_code": "ID",
    "country": "Indonesia"
  },
  {
    "username": "Cris_1810",
    "followingArtist": "Tim Bergling",
    "country_code": "BR",
    "country": "Brazil"
  },
  {
    "username": "Kassieoneal3",
    "followingArtist": "Tim Bergling",
    "country_code": "US",
    "country": "United States"
  },
  {
    "username": "Sinstar1313",
    "followingArtist": "Tim Bergling",
    "country_code": "CA",
    "country": "Canada"
  },
  {
    "username": "KarolinGombos",
    "followingArtist": "Tim Bergling",
    "country_code": "HU",
    "country": "Hungary"
  },
  {
    "username": "Cristian3672071",
    "followingArtist": "Tim Bergling",
    "country_code": "CO",
    "country": "Colombia"
  },
  {
    "username": "ayiepkly",
    "followingArtist": "Tim Bergling",
    "country_code": "MY",
    "country": "Malaysia"
  },
  {
    "username": "estrellasix7",
    "followingArtist": "Tim Bergling",
    "country_code": "US",
    "country": "United States"
  },
  {
    "username": "_ComplexProject",
    "followingArtist": "Tim Bergling",
    "country_code": "US",
    "country": "United States"
  },
  {
    "username": "pqpfufu",
    "followingArtist": "Tim Bergling",
    "country_code": "MG",
    "country": "Madagascar"
  },
  {
    "username": "4liBoi",
    "followingArtist": "Tim Bergling",
    "country_code": "US",
    "country": "United States"
  },
  {
    "username": "deadcasserole",
    "followingArtist": "Tim Bergling",
    "country_code": "US",
    "country": "United States"
  },
  {
    "username": "starsnohana",
    "followingArtist": "Tim Bergling",
    "country_code": "JP",
    "country": "Japan"
  },
  {
    "username": "famtyze",
    "followingArtist": "Tim Bergling",
    "country_code": "US",
    "country": "United States"
  },
  {
    "username": "Hiddenbeauty86",
    "followingArtist": "Tim Bergling",
    "country_code": "GB",
    "country": "Scotland"
  },
  {
    "username": "LT_fan___",
    "followingArtist": "Tim Bergling",
    "country_code": "UK",
    "country": "United Kingdom"
  },
  {
    "username": "OsamaElkhweldy",
    "followingArtist": "Tim Bergling",
    "country_code": "BJ",
    "country": "Benin"
  },
  {
    "username": "hamza123naime",
    "followingArtist": "Tim Bergling",
    "country_code": "FR",
    "country": "France"
  },
  {
    "username": "fantestisch",
    "followingArtist": "Tim Bergling",
    "country_code": "BE",
    "country": "Belgium"
  },
  {
    "username": "AaronAtilano7",
    "followingArtist": "Tim Bergling",
    "country_code": "MX",
    "country": "Mexico"
  },
  {
    "username": "DrTheKalki",
    "followingArtist": "Tim Bergling",
    "country_code": "IN",
    "country": "India"
  },
  {
    "username": "EricFromTown",
    "followingArtist": "Tim Bergling",
    "country_code": "ZA",
    "country": "South Africa"
  },
  {
    "username": "railima08",
    "followingArtist": "Tim Bergling",
    "country_code": "BR",
    "country": "Brazil"
  },
  {
    "username": "Genewearsjeans",
    "followingArtist": "Tim Bergling",
    "country_code": "Hawi Rd",
    "country": "Hawi Rd"
  },
  {
    "username": "hatunkimse",
    "followingArtist": "Tim Bergling",
    "country_code": "TR",
    "country": "Turkey"
  },
  {
    "username": "mirko_dj90",
    "followingArtist": "Tim Bergling",
    "country_code": "IT",
    "country": "Italy"
  },
  {
    "username": "cdgilchrist_",
    "followingArtist": "Tim Bergling",
    "country_code": "GB",
    "country": "Scotland"
  },
  {
    "username": "Geo6914",
    "followingArtist": "Tim Bergling",
    "country_code": "US",
    "country": "United States"
  },
  {
    "username": "KaynShihan",
    "followingArtist": "Tim Bergling",
    "country_code": "ES",
    "country": "Spain"
  },
  {
    "username": "Sagar06835782",
    "followingArtist": "Tim Bergling",
    "country_code": "IN",
    "country": "India"
  },
  {
    "username": "Victress_Virago",
    "followingArtist": "Tim Bergling",
    "country_code": "SE",
    "country": "Sweden"
  },
  {
    "username": "HeniholarMohses",
    "followingArtist": "Tim Bergling",
    "country_code": "NG",
    "country": "Nigeria"
  },
  {
    "username": "Chiara99452778",
    "followingArtist": "Tim Bergling",
    "country_code": "IT",
    "country": "Italy"
  },
  {
    "username": "mmatthewsmith93",
    "followingArtist": "Tim Bergling",
    "country_code": "GB",
    "country": "Scotland"
  },
  {
    "username": "Beatmak34902510",
    "followingArtist": "Tim Bergling",
    "country_code": "US",
    "country": "United States"
  },
  {
    "username": "jepliaa",
    "followingArtist": "Tim Bergling",
    "country_code": "US",
    "country": "United States"
  },
  {
    "username": "mrfancypeanut",
    "followingArtist": "Tim Bergling",
    "country_code": "US",
    "country": "United States"
  },
  {
    "username": "Lucas_Uchiha1",
    "followingArtist": "Tim Bergling",
    "country_code": "BR",
    "country": "Brazil"
  },
  {
    "username": "leah45199301",
    "followingArtist": "Tim Bergling",
    "country_code": "US",
    "country": "United States"
  },
  {
    "username": "BrandonWoolway2",
    "followingArtist": "Tim Bergling",
    "country_code": "GB",
    "country": "Scotland"
  },
  {
    "username": "aline_252",
    "followingArtist": "Tim Bergling",
    "country_code": "BR",
    "country": "Brazil"
  },
  {
    "username": "ricardo52386552",
    "followingArtist": "Tim Bergling",
    "country_code": "ES",
    "country": "Spain"
  },
  {
    "username": "MiaPelayo3",
    "followingArtist": "Tim Bergling",
    "country_code": "US",
    "country": "United States"
  },
  {
    "username": "EnsenatFrancois",
    "followingArtist": "Tim Bergling",
    "country_code": "FR",
    "country": "France"
  },
  {
    "username": "Guybash_",
    "followingArtist": "Tim Bergling",
    "country_code": "US",
    "country": "United States"
  },
  {
    "username": "Zombii88947342",
    "followingArtist": "Tim Bergling",
    "country_code": "MX",
    "country": "Mexico"
  },
  {
    "username": "dionhsiao1",
    "followingArtist": "Tim Bergling",
    "country_code": "SK",
    "country": "Slovak Republic"
  },
  {
    "username": "MalanSimz",
    "followingArtist": "Tim Bergling",
    "country_code": "MY",
    "country": "Malaysia"
  },
  {
    "username": "EdKelvin_",
    "followingArtist": "Tim Bergling",
    "country_code": "ID",
    "country": "Indonesia"
  },
  {
    "username": "js6704",
    "followingArtist": "Tim Bergling",
    "country_code": "CA",
    "country": "Canada"
  },
  {
    "username": "chevys_matter",
    "followingArtist": "Tim Bergling",
    "country_code": "US",
    "country": "United States"
  },
  {
    "username": "danielitocupido",
    "followingArtist": "Tim Bergling",
    "country_code": "PE",
    "country": "Peru"
  },
  {
    "username": "ronyestacioguim",
    "followingArtist": "Tim Bergling",
    "country_code": "PE",
    "country": "Peru"
  },
  {
    "username": "_Cliffford",
    "followingArtist": "Tim Bergling",
    "country_code": "US",
    "country": "United States"
  },
  {
    "username": "Mp7951",
    "followingArtist": "Tim Bergling",
    "country_code": "IN",
    "country": "India"
  },
  {
    "username": "ArcanikD",
    "followingArtist": "Tim Bergling",
    "country_code": "CL",
    "country": "Chile"
  },
  {
    "username": "LukeMcKenzie22",
    "followingArtist": "Tim Bergling",
    "country_code": "US",
    "country": "United States"
  },
  {
    "username": "bturpin00",
    "followingArtist": "Tim Bergling",
    "country_code": "US",
    "country": "United States"
  },
  {
    "username": "playerwhy1",
    "followingArtist": "Tim Bergling",
    "country_code": "GB",
    "country": "Scotland"
  },
  {
    "username": "nickdavenport33",
    "followingArtist": "Tim Bergling",
    "country_code": "US",
    "country": "United States"
  },
  {
    "username": "xxrio3",
    "followingArtist": "Tim Bergling",
    "country_code": "US",
    "country": "United States"
  },
  {
    "username": "Zamas_Smith",
    "followingArtist": "Tim Bergling",
    "country_code": "MX",
    "country": "Mexico"
  },
  {
    "username": "happylwtlad",
    "followingArtist": "Tim Bergling",
    "country_code": "UK",
    "country": "United Kingdom"
  },
  {
    "username": "JaneWil91258663",
    "followingArtist": "Tim Bergling",
    "country_code": "US",
    "country": "United States"
  },
  {
    "username": "Tayboo21",
    "followingArtist": "Tim Bergling",
    "country_code": "US",
    "country": "United States"
  },
  {
    "username": "SaraRng",
    "followingArtist": "Tim Bergling",
    "country_code": "ES",
    "country": "Spain"
  },
  {
    "username": "MassfertyEDM",
    "followingArtist": "Tim Bergling",
    "country_code": "US",
    "country": "United States"
  },
  {
    "username": "neoyamaty79",
    "followingArtist": "Tim Bergling",
    "country_code": "ZA",
    "country": "South Africa"
  },
  {
    "username": "ricky_bri",
    "followingArtist": "Tim Bergling",
    "country_code": "FR",
    "country": "France"
  },
  {
    "username": "XimeGar50703",
    "followingArtist": "Tim Bergling",
    "country_code": "MX",
    "country": "Mexico"
  },
  {
    "username": "kev_boscolo",
    "followingArtist": "Tim Bergling",
    "country_code": "FR",
    "country": "France"
  },
  {
    "username": "sullitheunicorn",
    "followingArtist": "Tim Bergling",
    "country_code": "BR",
    "country": "Brazil"
  },
  {
    "username": "N13l5J",
    "followingArtist": "Tim Bergling",
    "country_code": "DE",
    "country": "Germany"
  },
  {
    "username": "JuiceFmCork",
    "followingArtist": "Tim Bergling",
    "country_code": "IE",
    "country": "Ireland"
  },
  {
    "username": "inspbygrande",
    "followingArtist": "Tim Bergling",
    "country_code": "US",
    "country": "United States"
  }
]