[
  {
    "username": "ZoeSmalley",
    "followingArtist": "Subba-Cultcha.com",
    "country_code": "US",
    "country": "USA"
  },
  {
    "username": "JoCoolBarnard",
    "followingArtist": "Subba-Cultcha.com",
    "country_code": "BJ",
    "country": "Benin"
  },
  {
    "username": "edens_halo",
    "followingArtist": "Subba-Cultcha.com",
    "country_code": "in",
    "country": "India"
  },
  {
    "username": "IJHC1991",
    "followingArtist": "Subba-Cultcha.com",
    "country_code": "US",
    "country": "USA"
  },
  {
    "username": "soneeyalomax",
    "followingArtist": "Subba-Cultcha.com",
    "country_code": "UK",
    "country": "United Kingdom"
  },
  {
    "username": "CStanners_xo",
    "followingArtist": "Subba-Cultcha.com",
    "country_code": "UK",
    "country": "United Kingdom"
  },
  {
    "username": "RenjithRj4",
    "followingArtist": "Subba-Cultcha.com",
    "country_code": "IN",
    "country": "India"
  },
  {
    "username": "jacijm_jaci",
    "followingArtist": "Subba-Cultcha.com",
    "country_code": "GB",
    "country": "Scotland"
  },
  {
    "username": "sarah_finlay2",
    "followingArtist": "Subba-Cultcha.com",
    "country_code": "US",
    "country": "USA"
  },
  {
    "username": "_itstoby_",
    "followingArtist": "Subba-Cultcha.com",
    "country_code": "DK",
    "country": "Denmark"
  },
  {
    "username": "Oldmemories99",
    "followingArtist": "Subba-Cultcha.com",
    "country_code": "US",
    "country": "USA"
  },
  {
    "username": "ZoeLouiseMille1",
    "followingArtist": "Subba-Cultcha.com",
    "country_code": "GB",
    "country": "Scotland"
  },
  {
    "username": "adrianaainul5",
    "followingArtist": "Subba-Cultcha.com",
    "country_code": "US",
    "country": "USA"
  },
  {
    "username": "ri5_dayana",
    "followingArtist": "Subba-Cultcha.com",
    "country_code": "BJ",
    "country": "Benin"
  },
  {
    "username": "ABIGAILCX1",
    "followingArtist": "Subba-Cultcha.com",
    "country_code": "BR",
    "country": "Brazil"
  },
  {
    "username": "StaceyTomkins",
    "followingArtist": "Subba-Cultcha.com",
    "country_code": "BJ",
    "country": "Benin"
  },
  {
    "username": "lauras_fashion",
    "followingArtist": "Subba-Cultcha.com",
    "country_code": "GB",
    "country": "Scotland"
  },
  {
    "username": "hayleyfsammon",
    "followingArtist": "Subba-Cultcha.com",
    "country_code": "GB",
    "country": "Scotland"
  },
  {
    "username": "melissamissfit",
    "followingArtist": "Subba-Cultcha.com",
    "country_code": "CA",
    "country": "Canada"
  },
  {
    "username": "itzzzkyle19",
    "followingArtist": "Subba-Cultcha.com",
    "country_code": "UK",
    "country": "United Kingdom"
  },
  {
    "username": "chloexxprior",
    "followingArtist": "Subba-Cultcha.com",
    "country_code": "AU",
    "country": "Australia"
  },
  {
    "username": "Ejmadu",
    "followingArtist": "Subba-Cultcha.com",
    "country_code": "CN",
    "country": "China"
  },
  {
    "username": "mrgaywales",
    "followingArtist": "Subba-Cultcha.com",
    "country_code": "GB",
    "country": "Scotland"
  },
  {
    "username": "Paullygriffiths",
    "followingArtist": "Subba-Cultcha.com",
    "country_code": "UK",
    "country": "United Kingdom"
  },
  {
    "username": "theadam1310",
    "followingArtist": "Subba-Cultcha.com",
    "country_code": "GB",
    "country": "Scotland"
  },
  {
    "username": "Eva_Number9",
    "followingArtist": "Subba-Cultcha.com",
    "country_code": "UK",
    "country": "United Kingdom"
  },
  {
    "username": "nicolleteswift",
    "followingArtist": "Subba-Cultcha.com",
    "country_code": "US",
    "country": "USA"
  },
  {
    "username": "masterteekay1",
    "followingArtist": "Subba-Cultcha.com",
    "country_code": "BJ",
    "country": "Benin"
  },
  {
    "username": "jadla_1998",
    "followingArtist": "Subba-Cultcha.com",
    "country_code": "BJ",
    "country": "Benin"
  },
  {
    "username": "kirstyy1601",
    "followingArtist": "Subba-Cultcha.com",
    "country_code": "GB",
    "country": "Scotland"
  },
  {
    "username": "EagleWizard",
    "followingArtist": "Subba-Cultcha.com",
    "country_code": "GB",
    "country": "Scotland"
  },
  {
    "username": "Lharper142",
    "followingArtist": "Subba-Cultcha.com",
    "country_code": "US",
    "country": "USA"
  },
  {
    "username": "vonste",
    "followingArtist": "Subba-Cultcha.com",
    "country_code": "US",
    "country": "USA"
  },
  {
    "username": "BuendiaLeona",
    "followingArtist": "Subba-Cultcha.com",
    "country_code": "US",
    "country": "USA"
  },
  {
    "username": "GhislaineFLEURY",
    "followingArtist": "Subba-Cultcha.com",
    "country_code": "FR",
    "country": "France"
  },
  {
    "username": "tra1811",
    "followingArtist": "Subba-Cultcha.com",
    "country_code": "GB",
    "country": "Scotland"
  },
  {
    "username": "KeepsakeCushion",
    "followingArtist": "Subba-Cultcha.com",
    "country_code": "UK",
    "country": "United Kingdom"
  },
  {
    "username": "airgchinaguy",
    "followingArtist": "Subba-Cultcha.com",
    "country_code": "US",
    "country": "USA"
  },
  {
    "username": "DArmandhO",
    "followingArtist": "Subba-Cultcha.com",
    "country_code": "US",
    "country": "USA"
  },
  {
    "username": "nickwindy73",
    "followingArtist": "Subba-Cultcha.com",
    "country_code": "UK",
    "country": "United Kingdom"
  },
  {
    "username": "BlueBeachSunset",
    "followingArtist": "Subba-Cultcha.com",
    "country_code": "CA",
    "country": "Canada"
  },
  {
    "username": "AIMH_Rainbow",
    "followingArtist": "Subba-Cultcha.com",
    "country_code": "CO",
    "country": "Colombia"
  },
  {
    "username": "HStyIes_TL",
    "followingArtist": "Subba-Cultcha.com",
    "country_code": "UZ",
    "country": "Uzbekistan"
  },
  {
    "username": "DeniseGJ86",
    "followingArtist": "Subba-Cultcha.com",
    "country_code": "GB",
    "country": "Scotland"
  },
  {
    "username": "gwiggsy78",
    "followingArtist": "Subba-Cultcha.com",
    "country_code": "GB",
    "country": "Scotland"
  },
  {
    "username": "Karlamv12",
    "followingArtist": "Subba-Cultcha.com",
    "country_code": "AU",
    "country": "Australia"
  },
  {
    "username": "maxthieroitfan",
    "followingArtist": "Subba-Cultcha.com",
    "country_code": "US",
    "country": "USA"
  },
  {
    "username": "EstebanLYork1",
    "followingArtist": "Subba-Cultcha.com",
    "country_code": "US",
    "country": "USA"
  },
  {
    "username": "ChrisFernard",
    "followingArtist": "Subba-Cultcha.com",
    "country_code": "US",
    "country": "USA"
  },
  {
    "username": "robertoperez_16",
    "followingArtist": "Subba-Cultcha.com",
    "country_code": "NL",
    "country": "Netherlands"
  },
  {
    "username": "eLLahSpotify",
    "followingArtist": "Subba-Cultcha.com",
    "country_code": "US",
    "country": "USA"
  },
  {
    "username": "TheMailMan909",
    "followingArtist": "Subba-Cultcha.com",
    "country_code": "UK",
    "country": "United Kingdom"
  },
  {
    "username": "justin77206768",
    "followingArtist": "Subba-Cultcha.com",
    "country_code": "RU",
    "country": "Russia"
  },
  {
    "username": "mldstweets",
    "followingArtist": "Subba-Cultcha.com",
    "country_code": "CA",
    "country": "Canada"
  },
  {
    "username": "irisbland720",
    "followingArtist": "Subba-Cultcha.com",
    "country_code": "CA",
    "country": "Canada"
  },
  {
    "username": "jstreelow",
    "followingArtist": "Subba-Cultcha.com",
    "country_code": "GB",
    "country": "Scotland"
  },
  {
    "username": "wreord",
    "followingArtist": "Subba-Cultcha.com",
    "country_code": "CA",
    "country": "Canada"
  },
  {
    "username": "RTCClothing",
    "followingArtist": "Subba-Cultcha.com",
    "country_code": "US",
    "country": "USA"
  },
  {
    "username": "jordonEisley22",
    "followingArtist": "Subba-Cultcha.com",
    "country_code": "GB",
    "country": "Scotland"
  },
  {
    "username": "patrickjloucks",
    "followingArtist": "Subba-Cultcha.com",
    "country_code": "AU",
    "country": "Australia"
  },
  {
    "username": "immeganfyi",
    "followingArtist": "Subba-Cultcha.com",
    "country_code": "US",
    "country": "USA"
  },
  {
    "username": "KanndavDavis",
    "followingArtist": "Subba-Cultcha.com",
    "country_code": "US",
    "country": "USA"
  },
  {
    "username": "ConlonNatalie",
    "followingArtist": "Subba-Cultcha.com",
    "country_code": "GB",
    "country": "Scotland"
  },
  {
    "username": "mgrto",
    "followingArtist": "Subba-Cultcha.com",
    "country_code": "UK",
    "country": "United Kingdom"
  },
  {
    "username": "FoenanderBros",
    "followingArtist": "Subba-Cultcha.com",
    "country_code": "UK",
    "country": "United Kingdom"
  },
  {
    "username": "Zaynlover9999",
    "followingArtist": "Subba-Cultcha.com",
    "country_code": "US",
    "country": "USA"
  },
  {
    "username": "consteIlationjh",
    "followingArtist": "Subba-Cultcha.com",
    "country_code": "US",
    "country": "USA"
  },
  {
    "username": "ariamonstere",
    "followingArtist": "Subba-Cultcha.com",
    "country_code": "ZA",
    "country": "South Africa"
  },
  {
    "username": "DangerrMaXx",
    "followingArtist": "Subba-Cultcha.com",
    "country_code": "CA",
    "country": "Canada"
  },
  {
    "username": "radhey_rt",
    "followingArtist": "Subba-Cultcha.com",
    "country_code": "IN",
    "country": "India"
  },
  {
    "username": "RadheyS7",
    "followingArtist": "Subba-Cultcha.com",
    "country_code": "IN",
    "country": "India"
  },
  {
    "username": "_hesxafi",
    "followingArtist": "Subba-Cultcha.com",
    "country_code": "PH",
    "country": "Philippines"
  },
  {
    "username": "GARY4MY18TH",
    "followingArtist": "Subba-Cultcha.com",
    "country_code": "GB",
    "country": "Scotland"
  },
  {
    "username": "scottsax1",
    "followingArtist": "Subba-Cultcha.com",
    "country_code": "UK",
    "country": "United Kingdom"
  },
  {
    "username": "Abdulka77961442",
    "followingArtist": "Subba-Cultcha.com",
    "country_code": "NG",
    "country": "Nigeria"
  },
  {
    "username": "melletrades",
    "followingArtist": "Subba-Cultcha.com",
    "country_code": "TK",
    "country": "Tokelau"
  },
  {
    "username": "RTouCURTE",
    "followingArtist": "Subba-Cultcha.com",
    "country_code": "TG",
    "country": "Togo"
  },
  {
    "username": "CompanyMiley",
    "followingArtist": "Subba-Cultcha.com",
    "country_code": "MR",
    "country": "Mauritania"
  },
  {
    "username": "DISNEYSCHlLD",
    "followingArtist": "Subba-Cultcha.com",
    "country_code": "ES",
    "country": "Spain"
  },
  {
    "username": "kimberlyxxxv",
    "followingArtist": "Subba-Cultcha.com",
    "country_code": "PH",
    "country": "Philippines"
  },
  {
    "username": "AnnisaDwiRch",
    "followingArtist": "Subba-Cultcha.com",
    "country_code": "ID",
    "country": "Indonesia"
  },
  {
    "username": "moult112",
    "followingArtist": "Subba-Cultcha.com",
    "country_code": "BJ",
    "country": "Benin"
  },
  {
    "username": "SHELLY30LPOOL",
    "followingArtist": "Subba-Cultcha.com",
    "country_code": "UK",
    "country": "United Kingdom"
  },
  {
    "username": "donnavickers28",
    "followingArtist": "Subba-Cultcha.com",
    "country_code": "GB",
    "country": "Scotland"
  },
  {
    "username": "DanniMcateer25",
    "followingArtist": "Subba-Cultcha.com",
    "country_code": "UK",
    "country": "United Kingdom"
  },
  {
    "username": "JGriffStahUK",
    "followingArtist": "Subba-Cultcha.com",
    "country_code": "GB",
    "country": "Scotland"
  },
  {
    "username": "GiihButera_s2",
    "followingArtist": "Subba-Cultcha.com",
    "country_code": "BR",
    "country": "Brazil"
  },
  {
    "username": "fayhowell1",
    "followingArtist": "Subba-Cultcha.com",
    "country_code": "GB",
    "country": "Scotland"
  },
  {
    "username": "killtaehyung",
    "followingArtist": "Subba-Cultcha.com",
    "country_code": "TR",
    "country": "Turkey"
  },
  {
    "username": "lorenagrier13",
    "followingArtist": "Subba-Cultcha.com",
    "country_code": "US",
    "country": "USA"
  },
  {
    "username": "jacobsatonomy",
    "followingArtist": "Subba-Cultcha.com",
    "country_code": "US",
    "country": "USA"
  },
  {
    "username": "idgafsasha",
    "followingArtist": "Subba-Cultcha.com",
    "country_code": "US",
    "country": "USA"
  },
  {
    "username": "fartloxs",
    "followingArtist": "Subba-Cultcha.com",
    "country_code": "US",
    "country": "USA"
  },
  {
    "username": "camisyours",
    "followingArtist": "Subba-Cultcha.com",
    "country_code": "US",
    "country": "USA"
  },
  {
    "username": "aaronftleti",
    "followingArtist": "Subba-Cultcha.com",
    "country_code": "US",
    "country": "USA"
  },
  {
    "username": "bocagirl_news",
    "followingArtist": "Subba-Cultcha.com",
    "country_code": "CA",
    "country": "Canada"
  },
  {
    "username": "camilanaps97",
    "followingArtist": "Subba-Cultcha.com",
    "country_code": "KR",
    "country": "South Korea"
  },
  {
    "username": "madison_febe",
    "followingArtist": "Subba-Cultcha.com",
    "country_code": "UA",
    "country": "Ukraine"
  },
  {
    "username": "sveduuuuu",
    "followingArtist": "Subba-Cultcha.com",
    "country_code": "GB",
    "country": "Scotland"
  },
  {
    "username": "sveduuuuuuu",
    "followingArtist": "Subba-Cultcha.com",
    "country_code": "US",
    "country": "USA"
  },
  {
    "username": "stylestrophic5",
    "followingArtist": "Subba-Cultcha.com",
    "country_code": "US",
    "country": "USA"
  },
  {
    "username": "stylestrophic4",
    "followingArtist": "Subba-Cultcha.com",
    "country_code": "AE",
    "country": "United Arab Emirates"
  },
  {
    "username": "stylestrophic3",
    "followingArtist": "Subba-Cultcha.com",
    "country_code": "RU",
    "country": "Russia"
  },
  {
    "username": "stylestrophic1",
    "followingArtist": "Subba-Cultcha.com",
    "country_code": "ID",
    "country": "Indonesia"
  },
  {
    "username": "saviormb",
    "followingArtist": "Subba-Cultcha.com",
    "country_code": "PH",
    "country": "Philippines"
  },
  {
    "username": "5sosbuff1",
    "followingArtist": "Subba-Cultcha.com",
    "country_code": "US",
    "country": "USA"
  },
  {
    "username": "wtfkittenmi2",
    "followingArtist": "Subba-Cultcha.com",
    "country_code": "PH",
    "country": "Philippines"
  },
  {
    "username": "quirkycara",
    "followingArtist": "Subba-Cultcha.com",
    "country_code": "PK",
    "country": "Pakistan"
  },
  {
    "username": "cursedsongs",
    "followingArtist": "Subba-Cultcha.com",
    "country_code": "EC",
    "country": "Ecuador"
  },
  {
    "username": "vitepizza942",
    "followingArtist": "Subba-Cultcha.com",
    "country_code": "US",
    "country": "USA"
  },
  {
    "username": "keanavbabes",
    "followingArtist": "Subba-Cultcha.com",
    "country_code": "US",
    "country": "USA"
  },
  {
    "username": "riaaacorpuz",
    "followingArtist": "Subba-Cultcha.com",
    "country_code": "CA",
    "country": "Canada"
  },
  {
    "username": "savedbynlgxsm6",
    "followingArtist": "Subba-Cultcha.com",
    "country_code": "ES",
    "country": "Spain"
  },
  {
    "username": "clr_removals",
    "followingArtist": "Subba-Cultcha.com",
    "country_code": "GB",
    "country": "Scotland"
  },
  {
    "username": "me_monster321",
    "followingArtist": "Subba-Cultcha.com",
    "country_code": "US",
    "country": "USA"
  },
  {
    "username": "_All_the_Love_H",
    "followingArtist": "Subba-Cultcha.com",
    "country_code": "UK",
    "country": "United Kingdom"
  },
  {
    "username": "breezyhansen",
    "followingArtist": "Subba-Cultcha.com",
    "country_code": "PH",
    "country": "Philippines"
  },
  {
    "username": "saveaccjn1",
    "followingArtist": "Subba-Cultcha.com",
    "country_code": "PH",
    "country": "Philippines"
  }
]