[
  {
    "username": "1iF1jz77dUezP3p",
    "followingArtist": "SHOGO\uff08175R\uff09",
    "country_code": "JP",
    "country": "Japan"
  },
  {
    "username": "akina0521",
    "followingArtist": "SHOGO\uff08175R\uff09",
    "country_code": "JP",
    "country": "Japan"
  },
  {
    "username": "uohito",
    "followingArtist": "SHOGO\uff08175R\uff09",
    "country_code": "JP",
    "country": "Japan"
  },
  {
    "username": "kisssjy",
    "followingArtist": "SHOGO\uff08175R\uff09",
    "country_code": "JP",
    "country": "Japan"
  },
  {
    "username": "UkwajaSamson",
    "followingArtist": "SHOGO\uff08175R\uff09",
    "country_code": "NG",
    "country": "Nigeria"
  },
  {
    "username": "hikarino_hahen",
    "followingArtist": "SHOGO\uff08175R\uff09",
    "country_code": "JP",
    "country": "Japan"
  },
  {
    "username": "bnbn_02",
    "followingArtist": "SHOGO\uff08175R\uff09",
    "country_code": "US",
    "country": "USA"
  },
  {
    "username": "TtLsDhFhMhKP",
    "followingArtist": "SHOGO\uff08175R\uff09",
    "country_code": "JP",
    "country": "Japan"
  },
  {
    "username": "live_akr",
    "followingArtist": "SHOGO\uff08175R\uff09",
    "country_code": "US",
    "country": "USA"
  },
  {
    "username": "38XlnJd01gz3zMe",
    "followingArtist": "SHOGO\uff08175R\uff09",
    "country_code": "US",
    "country": "USA"
  },
  {
    "username": "Shraok",
    "followingArtist": "SHOGO\uff08175R\uff09",
    "country_code": "JP",
    "country": "Japan"
  },
  {
    "username": "oura898908250",
    "followingArtist": "SHOGO\uff08175R\uff09",
    "country_code": "JP",
    "country": "Japan"
  },
  {
    "username": "yusuke9687",
    "followingArtist": "SHOGO\uff08175R\uff09",
    "country_code": "GB",
    "country": "Wales"
  },
  {
    "username": "szk225",
    "followingArtist": "SHOGO\uff08175R\uff09",
    "country_code": "JP",
    "country": "Japan"
  },
  {
    "username": "1993Naked",
    "followingArtist": "SHOGO\uff08175R\uff09",
    "country_code": "SE",
    "country": "Sweden"
  },
  {
    "username": "s071087",
    "followingArtist": "SHOGO\uff08175R\uff09",
    "country_code": "JP",
    "country": "Japan"
  },
  {
    "username": "TomohikoIshibas",
    "followingArtist": "SHOGO\uff08175R\uff09",
    "country_code": "SE",
    "country": "Sweden"
  },
  {
    "username": "sweet_liar69",
    "followingArtist": "SHOGO\uff08175R\uff09",
    "country_code": "GB",
    "country": "Wales"
  },
  {
    "username": "UGnkzw",
    "followingArtist": "SHOGO\uff08175R\uff09",
    "country_code": "KR",
    "country": "South Korea"
  },
  {
    "username": "uw5115",
    "followingArtist": "SHOGO\uff08175R\uff09",
    "country_code": "GB",
    "country": "Wales"
  },
  {
    "username": "rumirumi9372",
    "followingArtist": "SHOGO\uff08175R\uff09",
    "country_code": "JP",
    "country": "Japan"
  },
  {
    "username": "notyetthename",
    "followingArtist": "SHOGO\uff08175R\uff09",
    "country_code": "JP",
    "country": "Japan"
  },
  {
    "username": "ColinGregoryTO",
    "followingArtist": "SHOGO\uff08175R\uff09",
    "country_code": "CA",
    "country": "Canada"
  },
  {
    "username": "y_daichi0421",
    "followingArtist": "SHOGO\uff08175R\uff09",
    "country_code": "JP",
    "country": "Japan"
  },
  {
    "username": "uvra19_s",
    "followingArtist": "SHOGO\uff08175R\uff09",
    "country_code": "MR",
    "country": "Mauritania"
  },
  {
    "username": "hktonetow6",
    "followingArtist": "SHOGO\uff08175R\uff09",
    "country_code": "TH",
    "country": "Thailand"
  },
  {
    "username": "Tomoni8",
    "followingArtist": "SHOGO\uff08175R\uff09",
    "country_code": "KR",
    "country": "South Korea"
  },
  {
    "username": "IsabelVeranea",
    "followingArtist": "SHOGO\uff08175R\uff09",
    "country_code": "US",
    "country": "USA"
  },
  {
    "username": "JiYEoKCfCSBHlUg",
    "followingArtist": "SHOGO\uff08175R\uff09",
    "country_code": "JP",
    "country": "Japan"
  },
  {
    "username": "usk_21",
    "followingArtist": "SHOGO\uff08175R\uff09",
    "country_code": "JP",
    "country": "Japan"
  },
  {
    "username": "666kimura",
    "followingArtist": "SHOGO\uff08175R\uff09",
    "country_code": "JP",
    "country": "Japan"
  },
  {
    "username": "tanamakigd",
    "followingArtist": "SHOGO\uff08175R\uff09",
    "country_code": "JP",
    "country": "Japan"
  },
  {
    "username": "robott_tenshi",
    "followingArtist": "SHOGO\uff08175R\uff09",
    "country_code": "JP",
    "country": "Japan"
  },
  {
    "username": "LoveDangers100",
    "followingArtist": "SHOGO\uff08175R\uff09",
    "country_code": "MY",
    "country": "Malaysia"
  },
  {
    "username": "vasque_ashley",
    "followingArtist": "SHOGO\uff08175R\uff09",
    "country_code": "EC",
    "country": "Ecuador"
  },
  {
    "username": "hiroshidesu0214",
    "followingArtist": "SHOGO\uff08175R\uff09",
    "country_code": "JP",
    "country": "Japan"
  },
  {
    "username": "mai_uw_9776",
    "followingArtist": "SHOGO\uff08175R\uff09",
    "country_code": "JP",
    "country": "Japan"
  },
  {
    "username": "123321Town",
    "followingArtist": "SHOGO\uff08175R\uff09",
    "country_code": "CZ",
    "country": "Czech Republic"
  },
  {
    "username": "Ayaka08542172",
    "followingArtist": "SHOGO\uff08175R\uff09",
    "country_code": "UK",
    "country": "United Kingdom"
  },
  {
    "username": "iloveyou0031",
    "followingArtist": "SHOGO\uff08175R\uff09",
    "country_code": "JP",
    "country": "Japan"
  },
  {
    "username": "odekosaikyou",
    "followingArtist": "SHOGO\uff08175R\uff09",
    "country_code": "FR",
    "country": "France"
  },
  {
    "username": "satoshi_626",
    "followingArtist": "SHOGO\uff08175R\uff09",
    "country_code": "JP",
    "country": "Japan"
  },
  {
    "username": "pmcm_KY",
    "followingArtist": "SHOGO\uff08175R\uff09",
    "country_code": "JP",
    "country": "Japan"
  },
  {
    "username": "uxxx8",
    "followingArtist": "SHOGO\uff08175R\uff09",
    "country_code": "JP",
    "country": "Japan"
  },
  {
    "username": "jet111kiyokiba",
    "followingArtist": "SHOGO\uff08175R\uff09",
    "country_code": "US",
    "country": "USA"
  },
  {
    "username": "gc_works",
    "followingArtist": "SHOGO\uff08175R\uff09",
    "country_code": "JP",
    "country": "Japan"
  },
  {
    "username": "kishi73nami",
    "followingArtist": "SHOGO\uff08175R\uff09",
    "country_code": "JP",
    "country": "Japan"
  },
  {
    "username": "kyuki_9",
    "followingArtist": "SHOGO\uff08175R\uff09",
    "country_code": "MX",
    "country": "Mexico"
  },
  {
    "username": "LUNATICxxxMOON",
    "followingArtist": "SHOGO\uff08175R\uff09",
    "country_code": "FR",
    "country": "France"
  },
  {
    "username": "evilfors",
    "followingArtist": "SHOGO\uff08175R\uff09",
    "country_code": "BY",
    "country": "Belarus"
  },
  {
    "username": "daisukeyamamori",
    "followingArtist": "SHOGO\uff08175R\uff09",
    "country_code": "JP",
    "country": "Japan"
  },
  {
    "username": "saya_lelle",
    "followingArtist": "SHOGO\uff08175R\uff09",
    "country_code": "JP",
    "country": "Japan"
  },
  {
    "username": "FIND_ENT",
    "followingArtist": "SHOGO\uff08175R\uff09",
    "country_code": "TK",
    "country": "Tokelau"
  },
  {
    "username": "RIE_Snowman_xx",
    "followingArtist": "SHOGO\uff08175R\uff09",
    "country_code": "JP",
    "country": "Japan"
  },
  {
    "username": "3300ju",
    "followingArtist": "SHOGO\uff08175R\uff09",
    "country_code": "KR",
    "country": "South Korea"
  },
  {
    "username": "Fajar_McDohl",
    "followingArtist": "SHOGO\uff08175R\uff09",
    "country_code": "MX",
    "country": "Mexico"
  },
  {
    "username": "ZZEVX",
    "followingArtist": "SHOGO\uff08175R\uff09",
    "country_code": "CZ",
    "country": "Czech Republic"
  },
  {
    "username": "ayaca175",
    "followingArtist": "SHOGO\uff08175R\uff09",
    "country_code": "JP",
    "country": "Japan"
  },
  {
    "username": "uw0crew",
    "followingArtist": "SHOGO\uff08175R\uff09",
    "country_code": "GB",
    "country": "Wales"
  },
  {
    "username": "hiNa2672",
    "followingArtist": "SHOGO\uff08175R\uff09",
    "country_code": "JP",
    "country": "Japan"
  },
  {
    "username": "ari27n",
    "followingArtist": "SHOGO\uff08175R\uff09",
    "country_code": "JP",
    "country": "Japan"
  },
  {
    "username": "916_linkage",
    "followingArtist": "SHOGO\uff08175R\uff09",
    "country_code": "JP",
    "country": "Japan"
  },
  {
    "username": "sekainoowarai11",
    "followingArtist": "SHOGO\uff08175R\uff09",
    "country_code": "RU",
    "country": "Russia"
  },
  {
    "username": "tomato182",
    "followingArtist": "SHOGO\uff08175R\uff09",
    "country_code": "JP",
    "country": "Japan"
  },
  {
    "username": "UVER6464",
    "followingArtist": "SHOGO\uff08175R\uff09",
    "country_code": "GB",
    "country": "Wales"
  },
  {
    "username": "tatsumaki_kenji",
    "followingArtist": "SHOGO\uff08175R\uff09",
    "country_code": "BD",
    "country": "Bangladesh"
  },
  {
    "username": "foresight777",
    "followingArtist": "SHOGO\uff08175R\uff09",
    "country_code": "US",
    "country": "USA"
  },
  {
    "username": "Mai_uver122122",
    "followingArtist": "SHOGO\uff08175R\uff09",
    "country_code": "GB",
    "country": "Wales"
  },
  {
    "username": "MoriMusicTV",
    "followingArtist": "SHOGO\uff08175R\uff09",
    "country_code": "NG",
    "country": "Nigeria"
  },
  {
    "username": "Tink5Low",
    "followingArtist": "SHOGO\uff08175R\uff09",
    "country_code": "JP",
    "country": "Japan"
  },
  {
    "username": "vukLwOPOuMdOGZX",
    "followingArtist": "SHOGO\uff08175R\uff09",
    "country_code": "BR",
    "country": "Brazil"
  },
  {
    "username": "28ariiiiiy4",
    "followingArtist": "SHOGO\uff08175R\uff09",
    "country_code": "JP",
    "country": "Japan"
  },
  {
    "username": "Daisuke_Utsumi",
    "followingArtist": "SHOGO\uff08175R\uff09",
    "country_code": "JP",
    "country": "Japan"
  },
  {
    "username": "13little13",
    "followingArtist": "SHOGO\uff08175R\uff09",
    "country_code": "MG",
    "country": "Madagascar"
  },
  {
    "username": "maruyoshi2228",
    "followingArtist": "SHOGO\uff08175R\uff09",
    "country_code": "UG",
    "country": "Uganda"
  },
  {
    "username": "uverimageworld",
    "followingArtist": "SHOGO\uff08175R\uff09",
    "country_code": "ES",
    "country": "Spain"
  },
  {
    "username": "FlowerServiceJP",
    "followingArtist": "SHOGO\uff08175R\uff09",
    "country_code": "JP",
    "country": "Japan"
  },
  {
    "username": "s2wish",
    "followingArtist": "SHOGO\uff08175R\uff09",
    "country_code": "MR",
    "country": "Mauritania"
  },
  {
    "username": "meettherock10",
    "followingArtist": "SHOGO\uff08175R\uff09",
    "country_code": "JP",
    "country": "Japan"
  },
  {
    "username": "nosan0430",
    "followingArtist": "SHOGO\uff08175R\uff09",
    "country_code": "JP",
    "country": "Japan"
  },
  {
    "username": "VITADOLCE762412",
    "followingArtist": "SHOGO\uff08175R\uff09",
    "country_code": "PH",
    "country": "Philippines"
  },
  {
    "username": "isolated_crow",
    "followingArtist": "SHOGO\uff08175R\uff09",
    "country_code": "JP",
    "country": "Japan"
  },
  {
    "username": "polyplusjp",
    "followingArtist": "SHOGO\uff08175R\uff09",
    "country_code": "JP",
    "country": "Japan"
  },
  {
    "username": "74_uw",
    "followingArtist": "SHOGO\uff08175R\uff09",
    "country_code": "JP",
    "country": "Japan"
  },
  {
    "username": "rzimer4749",
    "followingArtist": "SHOGO\uff08175R\uff09",
    "country_code": "US",
    "country": "USA"
  },
  {
    "username": "iopon_uver",
    "followingArtist": "SHOGO\uff08175R\uff09",
    "country_code": "US",
    "country": "USA"
  },
  {
    "username": "KM73JA",
    "followingArtist": "SHOGO\uff08175R\uff09",
    "country_code": "JP",
    "country": "Japan"
  },
  {
    "username": "Natsu72_2013",
    "followingArtist": "SHOGO\uff08175R\uff09",
    "country_code": "JP",
    "country": "Japan"
  },
  {
    "username": "RI_dpc",
    "followingArtist": "SHOGO\uff08175R\uff09",
    "country_code": "JP",
    "country": "Japan"
  },
  {
    "username": "nina0422",
    "followingArtist": "SHOGO\uff08175R\uff09",
    "country_code": "DK",
    "country": "Denmark"
  },
  {
    "username": "mUsIcRaBbIt",
    "followingArtist": "SHOGO\uff08175R\uff09",
    "country_code": "JP",
    "country": "Japan"
  },
  {
    "username": "lesliekeesuper",
    "followingArtist": "SHOGO\uff08175R\uff09",
    "country_code": "JP",
    "country": "Japan"
  },
  {
    "username": "kx50xm",
    "followingArtist": "SHOGO\uff08175R\uff09",
    "country_code": "JP",
    "country": "Japan"
  },
  {
    "username": "na812k",
    "followingArtist": "SHOGO\uff08175R\uff09",
    "country_code": "JP",
    "country": "Japan"
  },
  {
    "username": "ririfam",
    "followingArtist": "SHOGO\uff08175R\uff09",
    "country_code": "US",
    "country": "USA"
  },
  {
    "username": "lunaprincesse",
    "followingArtist": "SHOGO\uff08175R\uff09",
    "country_code": "CH",
    "country": "Switzerland"
  },
  {
    "username": "Uw_rose",
    "followingArtist": "SHOGO\uff08175R\uff09",
    "country_code": "GB",
    "country": "Wales"
  }
]