[
  {
    "username": "_cap_mu",
    "followingArtist": "\u6210\u5c71 \u525b",
    "country_code": "JP",
    "country": "Japan"
  },
  {
    "username": "natsunakkiy",
    "followingArtist": "\u6210\u5c71 \u525b",
    "country_code": "JP",
    "country": "Japan"
  },
  {
    "username": "r_kanai",
    "followingArtist": "\u6210\u5c71 \u525b",
    "country_code": "JP",
    "country": "Japan"
  },
  {
    "username": "k_overjp",
    "followingArtist": "\u6210\u5c71 \u525b",
    "country_code": "JP",
    "country": "Japan"
  },
  {
    "username": "takao49kg",
    "followingArtist": "\u6210\u5c71 \u525b",
    "country_code": "JP",
    "country": "Japan"
  },
  {
    "username": "_a_sa_to_",
    "followingArtist": "\u6210\u5c71 \u525b",
    "country_code": "JP",
    "country": "Japan"
  },
  {
    "username": "superhimaaa",
    "followingArtist": "\u6210\u5c71 \u525b",
    "country_code": "US",
    "country": "USA"
  },
  {
    "username": "haritoito_hatch",
    "followingArtist": "\u6210\u5c71 \u525b",
    "country_code": "JP",
    "country": "Japan"
  },
  {
    "username": "tobird_",
    "followingArtist": "\u6210\u5c71 \u525b",
    "country_code": "JP",
    "country": "Japan"
  },
  {
    "username": "masuo24hours",
    "followingArtist": "\u6210\u5c71 \u525b",
    "country_code": "JP",
    "country": "Japan"
  },
  {
    "username": "yukicat222",
    "followingArtist": "\u6210\u5c71 \u525b",
    "country_code": "JP",
    "country": "Japan"
  },
  {
    "username": "itokyon0825",
    "followingArtist": "\u6210\u5c71 \u525b",
    "country_code": "JP",
    "country": "Japan"
  },
  {
    "username": "ebinamasutoshi",
    "followingArtist": "\u6210\u5c71 \u525b",
    "country_code": "JP",
    "country": "Japan"
  },
  {
    "username": "Cristin52450740",
    "followingArtist": "\u6210\u5c71 \u525b",
    "country_code": "NG",
    "country": "Nigeria"
  },
  {
    "username": "megumi_jp",
    "followingArtist": "\u6210\u5c71 \u525b",
    "country_code": "JP",
    "country": "Japan"
  },
  {
    "username": "pirozhki3156",
    "followingArtist": "\u6210\u5c71 \u525b",
    "country_code": "AT",
    "country": "Austria"
  },
  {
    "username": "quicken919",
    "followingArtist": "\u6210\u5c71 \u525b",
    "country_code": "JP",
    "country": "Japan"
  },
  {
    "username": "peridots_info",
    "followingArtist": "\u6210\u5c71 \u525b",
    "country_code": "JP",
    "country": "Japan"
  },
  {
    "username": "marplut",
    "followingArtist": "\u6210\u5c71 \u525b",
    "country_code": "JP",
    "country": "Japan"
  },
  {
    "username": "kumivoice",
    "followingArtist": "\u6210\u5c71 \u525b",
    "country_code": "JP",
    "country": "Japan"
  },
  {
    "username": "tum16",
    "followingArtist": "\u6210\u5c71 \u525b",
    "country_code": "JP",
    "country": "Japan"
  },
  {
    "username": "aeiroum",
    "followingArtist": "\u6210\u5c71 \u525b",
    "country_code": "US",
    "country": "USA"
  },
  {
    "username": "saisa_twit",
    "followingArtist": "\u6210\u5c71 \u525b",
    "country_code": "JP",
    "country": "Japan"
  },
  {
    "username": "painepizza",
    "followingArtist": "\u6210\u5c71 \u525b",
    "country_code": "GB",
    "country": "Scotland"
  },
  {
    "username": "hanabacca",
    "followingArtist": "\u6210\u5c71 \u525b",
    "country_code": "JP",
    "country": "Japan"
  },
  {
    "username": "kikuchiyusuke",
    "followingArtist": "\u6210\u5c71 \u525b",
    "country_code": "JP",
    "country": "Japan"
  },
  {
    "username": "AYAME_KAZUHITO",
    "followingArtist": "\u6210\u5c71 \u525b",
    "country_code": "ar",
    "country": "Argentina"
  },
  {
    "username": "watereco",
    "followingArtist": "\u6210\u5c71 \u525b",
    "country_code": "JP",
    "country": "Japan"
  },
  {
    "username": "mash1rochan325",
    "followingArtist": "\u6210\u5c71 \u525b",
    "country_code": "JP",
    "country": "Japan"
  },
  {
    "username": "nyanlife916",
    "followingArtist": "\u6210\u5c71 \u525b",
    "country_code": "AU",
    "country": "Australia"
  },
  {
    "username": "U_ekurea",
    "followingArtist": "\u6210\u5c71 \u525b",
    "country_code": "JP",
    "country": "Japan"
  },
  {
    "username": "SasuraUKaze",
    "followingArtist": "\u6210\u5c71 \u525b",
    "country_code": "IE",
    "country": "Ireland"
  },
  {
    "username": "haaanatag",
    "followingArtist": "\u6210\u5c71 \u525b",
    "country_code": "JP",
    "country": "Japan"
  },
  {
    "username": "rikaaa_0518s",
    "followingArtist": "\u6210\u5c71 \u525b",
    "country_code": "JP",
    "country": "Japan"
  },
  {
    "username": "birdsmeltsky",
    "followingArtist": "\u6210\u5c71 \u525b",
    "country_code": "JP",
    "country": "Japan"
  },
  {
    "username": "plus100design",
    "followingArtist": "\u6210\u5c71 \u525b",
    "country_code": "JP",
    "country": "Japan"
  },
  {
    "username": "RittAndy",
    "followingArtist": "\u6210\u5c71 \u525b",
    "country_code": "JP",
    "country": "Japan"
  },
  {
    "username": "Pale_im_Pelz",
    "followingArtist": "\u6210\u5c71 \u525b",
    "country_code": "JP",
    "country": "Japan"
  },
  {
    "username": "1982channel",
    "followingArtist": "\u6210\u5c71 \u525b",
    "country_code": "JP",
    "country": "Japan"
  },
  {
    "username": "YutoKanai",
    "followingArtist": "\u6210\u5c71 \u525b",
    "country_code": "JP",
    "country": "Japan"
  },
  {
    "username": "shin_mtk2",
    "followingArtist": "\u6210\u5c71 \u525b",
    "country_code": "JP",
    "country": "Japan"
  },
  {
    "username": "marsha28282828",
    "followingArtist": "\u6210\u5c71 \u525b",
    "country_code": "JP",
    "country": "Japan"
  },
  {
    "username": "koukaidou",
    "followingArtist": "\u6210\u5c71 \u525b",
    "country_code": "TK",
    "country": "Tokelau"
  },
  {
    "username": "_3danfu9_",
    "followingArtist": "\u6210\u5c71 \u525b",
    "country_code": "US",
    "country": "USA"
  },
  {
    "username": "Lv_67",
    "followingArtist": "\u6210\u5c71 \u525b",
    "country_code": "US",
    "country": "USA"
  },
  {
    "username": "winonotwine",
    "followingArtist": "\u6210\u5c71 \u525b",
    "country_code": "JP",
    "country": "Japan"
  },
  {
    "username": "miyuki_ps",
    "followingArtist": "\u6210\u5c71 \u525b",
    "country_code": "JP",
    "country": "Japan"
  },
  {
    "username": "yuyuyu807",
    "followingArtist": "\u6210\u5c71 \u525b",
    "country_code": "JP",
    "country": "Japan"
  },
  {
    "username": "____nekoze",
    "followingArtist": "\u6210\u5c71 \u525b",
    "country_code": "JP",
    "country": "Japan"
  },
  {
    "username": "jimihidekix",
    "followingArtist": "\u6210\u5c71 \u525b",
    "country_code": "JP",
    "country": "Japan"
  },
  {
    "username": "IAMTHEHIROSHI",
    "followingArtist": "\u6210\u5c71 \u525b",
    "country_code": "JP",
    "country": "Japan"
  },
  {
    "username": "kinpro_jp",
    "followingArtist": "\u6210\u5c71 \u525b",
    "country_code": "JP",
    "country": "Japan"
  },
  {
    "username": "tk4696r",
    "followingArtist": "\u6210\u5c71 \u525b",
    "country_code": "JP",
    "country": "Japan"
  },
  {
    "username": "uqhk_",
    "followingArtist": "\u6210\u5c71 \u525b",
    "country_code": "JP",
    "country": "Japan"
  },
  {
    "username": "nara_yui",
    "followingArtist": "\u6210\u5c71 \u525b",
    "country_code": "JP",
    "country": "Japan"
  },
  {
    "username": "Enya3",
    "followingArtist": "\u6210\u5c71 \u525b",
    "country_code": "US",
    "country": "USA"
  },
  {
    "username": "EngmalGrunge",
    "followingArtist": "\u6210\u5c71 \u525b",
    "country_code": "JP",
    "country": "Japan"
  },
  {
    "username": "mgoat8853",
    "followingArtist": "\u6210\u5c71 \u525b",
    "country_code": "JP",
    "country": "Japan"
  },
  {
    "username": "my528hz",
    "followingArtist": "\u6210\u5c71 \u525b",
    "country_code": "JP",
    "country": "Japan"
  },
  {
    "username": "kazurocksanda",
    "followingArtist": "\u6210\u5c71 \u525b",
    "country_code": "JP",
    "country": "Japan"
  },
  {
    "username": "MeentrapornTT",
    "followingArtist": "\u6210\u5c71 \u525b",
    "country_code": "TH",
    "country": "Thailand"
  },
  {
    "username": "weareFourPens",
    "followingArtist": "\u6210\u5c71 \u525b",
    "country_code": "TW",
    "country": "Taiwan"
  },
  {
    "username": "nakakubo_s",
    "followingArtist": "\u6210\u5c71 \u525b",
    "country_code": "AU",
    "country": "Australia"
  },
  {
    "username": "a0930290802",
    "followingArtist": "\u6210\u5c71 \u525b",
    "country_code": "TW",
    "country": "Taiwan"
  },
  {
    "username": "rooooomu",
    "followingArtist": "\u6210\u5c71 \u525b",
    "country_code": "JP",
    "country": "Japan"
  },
  {
    "username": "tkr__sh",
    "followingArtist": "\u6210\u5c71 \u525b",
    "country_code": "JP",
    "country": "Japan"
  },
  {
    "username": "tokky_bz",
    "followingArtist": "\u6210\u5c71 \u525b",
    "country_code": "JP",
    "country": "Japan"
  },
  {
    "username": "mairline",
    "followingArtist": "\u6210\u5c71 \u525b",
    "country_code": "JP",
    "country": "Japan"
  },
  {
    "username": "mashiromegumi",
    "followingArtist": "\u6210\u5c71 \u525b",
    "country_code": "JP",
    "country": "Japan"
  },
  {
    "username": "nampastr",
    "followingArtist": "\u6210\u5c71 \u525b",
    "country_code": "GB",
    "country": "Scotland"
  },
  {
    "username": "epamitfuture",
    "followingArtist": "\u6210\u5c71 \u525b",
    "country_code": "JP",
    "country": "Japan"
  },
  {
    "username": "mooper68",
    "followingArtist": "\u6210\u5c71 \u525b",
    "country_code": "US",
    "country": "USA"
  },
  {
    "username": "spelling_be",
    "followingArtist": "\u6210\u5c71 \u525b",
    "country_code": "JP",
    "country": "Japan"
  },
  {
    "username": "LILBTHEBASEDGOD",
    "followingArtist": "\u6210\u5c71 \u525b",
    "country_code": "US",
    "country": "USA"
  },
  {
    "username": "negi_old",
    "followingArtist": "\u6210\u5c71 \u525b",
    "country_code": "JP",
    "country": "Japan"
  },
  {
    "username": "nonta_non",
    "followingArtist": "\u6210\u5c71 \u525b",
    "country_code": "JP",
    "country": "Japan"
  },
  {
    "username": "Lowlander_nk",
    "followingArtist": "\u6210\u5c71 \u525b",
    "country_code": "GH",
    "country": "Ghana"
  },
  {
    "username": "HELLO_INDIE",
    "followingArtist": "\u6210\u5c71 \u525b",
    "country_code": "JP",
    "country": "Japan"
  },
  {
    "username": "viryermar2",
    "followingArtist": "\u6210\u5c71 \u525b",
    "country_code": "CO",
    "country": "Colombia"
  },
  {
    "username": "trash_blueberry",
    "followingArtist": "\u6210\u5c71 \u525b",
    "country_code": "US",
    "country": "USA"
  },
  {
    "username": "rie_ucchie",
    "followingArtist": "\u6210\u5c71 \u525b",
    "country_code": "JP",
    "country": "Japan"
  },
  {
    "username": "yumemiru135",
    "followingArtist": "\u6210\u5c71 \u525b",
    "country_code": "IE",
    "country": "Ireland"
  },
  {
    "username": "ShioiriWakaba",
    "followingArtist": "\u6210\u5c71 \u525b",
    "country_code": "JP",
    "country": "Japan"
  },
  {
    "username": "muuuuuucho",
    "followingArtist": "\u6210\u5c71 \u525b",
    "country_code": "JP",
    "country": "Japan"
  },
  {
    "username": "muuuuuucho",
    "followingArtist": "\u6210\u5c71 \u525b",
    "country_code": "JP",
    "country": "Japan"
  },
  {
    "username": "Cadbunnnny",
    "followingArtist": "\u6210\u5c71 \u525b",
    "country_code": "JP",
    "country": "Japan"
  },
  {
    "username": "dmmchance",
    "followingArtist": "\u6210\u5c71 \u525b",
    "country_code": "CZ",
    "country": "Czech Republic"
  },
  {
    "username": "aciato",
    "followingArtist": "\u6210\u5c71 \u525b",
    "country_code": "US",
    "country": "USA"
  },
  {
    "username": "miho56eighter",
    "followingArtist": "\u6210\u5c71 \u525b",
    "country_code": "DE",
    "country": "Germany"
  },
  {
    "username": "softly_com",
    "followingArtist": "\u6210\u5c71 \u525b",
    "country_code": "in",
    "country": "India"
  },
  {
    "username": "aqubi_zzz",
    "followingArtist": "\u6210\u5c71 \u525b",
    "country_code": "JP",
    "country": "Japan"
  },
  {
    "username": "EnFlightDesign",
    "followingArtist": "\u6210\u5c71 \u525b",
    "country_code": "NG",
    "country": "Nigeria"
  },
  {
    "username": "KuniaxisBeyond",
    "followingArtist": "\u6210\u5c71 \u525b",
    "country_code": "JP",
    "country": "Japan"
  },
  {
    "username": "why_not_nil",
    "followingArtist": "\u6210\u5c71 \u525b",
    "country_code": "JP",
    "country": "Japan"
  },
  {
    "username": "moonromantic",
    "followingArtist": "\u6210\u5c71 \u525b",
    "country_code": "JP",
    "country": "Japan"
  },
  {
    "username": "kuiiiidi",
    "followingArtist": "\u6210\u5c71 \u525b",
    "country_code": "JP",
    "country": "Japan"
  },
  {
    "username": "hakidame_mrt",
    "followingArtist": "\u6210\u5c71 \u525b",
    "country_code": "JP",
    "country": "Japan"
  },
  {
    "username": "PLUSONEWEST",
    "followingArtist": "\u6210\u5c71 \u525b",
    "country_code": "TK",
    "country": "Tokelau"
  },
  {
    "username": "deethful_D",
    "followingArtist": "\u6210\u5c71 \u525b",
    "country_code": "JP",
    "country": "Japan"
  },
  {
    "username": "ringo_no_naka",
    "followingArtist": "\u6210\u5c71 \u525b",
    "country_code": "TJ",
    "country": "Tajikistan"
  },
  {
    "username": "ykykykyk",
    "followingArtist": "\u6210\u5c71 \u525b",
    "country_code": "JP",
    "country": "Japan"
  },
  {
    "username": "kurumikun",
    "followingArtist": "\u6210\u5c71 \u525b",
    "country_code": "JP",
    "country": "Japan"
  },
  {
    "username": "tatatakashi",
    "followingArtist": "\u6210\u5c71 \u525b",
    "country_code": "JP",
    "country": "Japan"
  },
  {
    "username": "RyuMatsu_Info",
    "followingArtist": "\u6210\u5c71 \u525b",
    "country_code": "JP",
    "country": "Japan"
  },
  {
    "username": "UQiYO",
    "followingArtist": "\u6210\u5c71 \u525b",
    "country_code": "JP",
    "country": "Japan"
  },
  {
    "username": "ryokodama821",
    "followingArtist": "\u6210\u5c71 \u525b",
    "country_code": "JP",
    "country": "Japan"
  },
  {
    "username": "kuzirt",
    "followingArtist": "\u6210\u5c71 \u525b",
    "country_code": "JP",
    "country": "Japan"
  },
  {
    "username": "matsu_hiroxxx",
    "followingArtist": "\u6210\u5c71 \u525b",
    "country_code": "JP",
    "country": "Japan"
  },
  {
    "username": "yukihirasedo",
    "followingArtist": "\u6210\u5c71 \u525b",
    "country_code": "JP",
    "country": "Japan"
  },
  {
    "username": "Remi_69",
    "followingArtist": "\u6210\u5c71 \u525b",
    "country_code": "JP",
    "country": "Japan"
  },
  {
    "username": "SweetsTrees2011",
    "followingArtist": "\u6210\u5c71 \u525b",
    "country_code": "JP",
    "country": "Japan"
  },
  {
    "username": "dxdmic",
    "followingArtist": "\u6210\u5c71 \u525b",
    "country_code": "JP",
    "country": "Japan"
  },
  {
    "username": "surururururu",
    "followingArtist": "\u6210\u5c71 \u525b",
    "country_code": "JP",
    "country": "Japan"
  },
  {
    "username": "sonobenobukazu",
    "followingArtist": "\u6210\u5c71 \u525b",
    "country_code": "IN",
    "country": "India"
  },
  {
    "username": "yukis1981",
    "followingArtist": "\u6210\u5c71 \u525b",
    "country_code": "JP",
    "country": "Japan"
  },
  {
    "username": "HayashiShota24",
    "followingArtist": "\u6210\u5c71 \u525b",
    "country_code": "US",
    "country": "USA"
  },
  {
    "username": "4rouleur_R",
    "followingArtist": "\u6210\u5c71 \u525b",
    "country_code": "TK",
    "country": "Tokelau"
  },
  {
    "username": "GYOKKODOAEON836",
    "followingArtist": "\u6210\u5c71 \u525b",
    "country_code": "US",
    "country": "USA"
  },
  {
    "username": "Shimokayokayo",
    "followingArtist": "\u6210\u5c71 \u525b",
    "country_code": "JP",
    "country": "Japan"
  },
  {
    "username": "sakayaisme",
    "followingArtist": "\u6210\u5c71 \u525b",
    "country_code": "US",
    "country": "USA"
  },
  {
    "username": "AIRG_ECCENTRIC",
    "followingArtist": "\u6210\u5c71 \u525b",
    "country_code": "JP",
    "country": "Japan"
  },
  {
    "username": "ChameleonLabel1",
    "followingArtist": "\u6210\u5c71 \u525b",
    "country_code": "JP",
    "country": "Japan"
  },
  {
    "username": "te286969",
    "followingArtist": "\u6210\u5c71 \u525b",
    "country_code": "JP",
    "country": "Japan"
  },
  {
    "username": "sonomix",
    "followingArtist": "\u6210\u5c71 \u525b",
    "country_code": "JP",
    "country": "Japan"
  },
  {
    "username": "CettiaOfficial",
    "followingArtist": "\u6210\u5c71 \u525b",
    "country_code": "JP",
    "country": "Japan"
  },
  {
    "username": "hitoyo_m",
    "followingArtist": "\u6210\u5c71 \u525b",
    "country_code": "JP",
    "country": "Japan"
  },
  {
    "username": "yotanoko",
    "followingArtist": "\u6210\u5c71 \u525b",
    "country_code": "JP",
    "country": "Japan"
  },
  {
    "username": "mmy822",
    "followingArtist": "\u6210\u5c71 \u525b",
    "country_code": "JP",
    "country": "Japan"
  },
  {
    "username": "supertramp26",
    "followingArtist": "\u6210\u5c71 \u525b",
    "country_code": "JP",
    "country": "Japan"
  },
  {
    "username": "Rutile1221",
    "followingArtist": "\u6210\u5c71 \u525b",
    "country_code": "UG",
    "country": "Uganda"
  },
  {
    "username": "piichan_ptp",
    "followingArtist": "\u6210\u5c71 \u525b",
    "country_code": "JP",
    "country": "Japan"
  },
  {
    "username": "sinojaki",
    "followingArtist": "\u6210\u5c71 \u525b",
    "country_code": "JP",
    "country": "Japan"
  },
  {
    "username": "GREENS_staff",
    "followingArtist": "\u6210\u5c71 \u525b",
    "country_code": "JP",
    "country": "Japan"
  },
  {
    "username": "Toshi0110Mahou",
    "followingArtist": "\u6210\u5c71 \u525b",
    "country_code": "JP",
    "country": "Japan"
  },
  {
    "username": "pirotter1230",
    "followingArtist": "\u6210\u5c71 \u525b",
    "country_code": "JP",
    "country": "Japan"
  },
  {
    "username": "FOLKS_FUMITO",
    "followingArtist": "\u6210\u5c71 \u525b",
    "country_code": "JP",
    "country": "Japan"
  },
  {
    "username": "ritalin_plws",
    "followingArtist": "\u6210\u5c71 \u525b",
    "country_code": "JP",
    "country": "Japan"
  },
  {
    "username": "bluen0ise",
    "followingArtist": "\u6210\u5c71 \u525b",
    "country_code": "JP",
    "country": "Japan"
  },
  {
    "username": "YokoFukuda",
    "followingArtist": "\u6210\u5c71 \u525b",
    "country_code": "JP",
    "country": "Japan"
  },
  {
    "username": "maaaayantener",
    "followingArtist": "\u6210\u5c71 \u525b",
    "country_code": "JP",
    "country": "Japan"
  },
  {
    "username": "tpdb",
    "followingArtist": "\u6210\u5c71 \u525b",
    "country_code": "JP",
    "country": "Japan"
  },
  {
    "username": "satochan1827",
    "followingArtist": "\u6210\u5c71 \u525b",
    "country_code": "JP",
    "country": "Japan"
  },
  {
    "username": "a_k_t_k",
    "followingArtist": "\u6210\u5c71 \u525b",
    "country_code": "JP",
    "country": "Japan"
  },
  {
    "username": "MisatoAYNIWTEPO",
    "followingArtist": "\u6210\u5c71 \u525b",
    "country_code": "JP",
    "country": "Japan"
  },
  {
    "username": "ame_nest",
    "followingArtist": "\u6210\u5c71 \u525b",
    "country_code": "JP",
    "country": "Japan"
  },
  {
    "username": "nakanomasayuki_",
    "followingArtist": "\u6210\u5c71 \u525b",
    "country_code": "JP",
    "country": "Japan"
  },
  {
    "username": "kazuhirooikawa",
    "followingArtist": "\u6210\u5c71 \u525b",
    "country_code": "JP",
    "country": "Japan"
  },
  {
    "username": "kinoshita_riki",
    "followingArtist": "\u6210\u5c71 \u525b",
    "country_code": "JP",
    "country": "Japan"
  },
  {
    "username": "funacochan",
    "followingArtist": "\u6210\u5c71 \u525b",
    "country_code": "JP",
    "country": "Japan"
  },
  {
    "username": "tamtam_jpn",
    "followingArtist": "\u6210\u5c71 \u525b",
    "country_code": "JP",
    "country": "Japan"
  },
  {
    "username": "N33Win",
    "followingArtist": "\u6210\u5c71 \u525b",
    "country_code": "JP",
    "country": "Japan"
  },
  {
    "username": "pun_ko_7",
    "followingArtist": "\u6210\u5c71 \u525b",
    "country_code": "JP",
    "country": "Japan"
  },
  {
    "username": "ym310",
    "followingArtist": "\u6210\u5c71 \u525b",
    "country_code": "JP",
    "country": "Japan"
  },
  {
    "username": "wywus25",
    "followingArtist": "\u6210\u5c71 \u525b",
    "country_code": "DE",
    "country": "Germany"
  },
  {
    "username": "buenaokamura",
    "followingArtist": "\u6210\u5c71 \u525b",
    "country_code": "PH",
    "country": "Philippines"
  },
  {
    "username": "mutomoonlight",
    "followingArtist": "\u6210\u5c71 \u525b",
    "country_code": "JP",
    "country": "Japan"
  },
  {
    "username": "SNCS_info",
    "followingArtist": "\u6210\u5c71 \u525b",
    "country_code": "JP",
    "country": "Japan"
  },
  {
    "username": "yuthke",
    "followingArtist": "\u6210\u5c71 \u525b",
    "country_code": "JP",
    "country": "Japan"
  },
  {
    "username": "kureharock",
    "followingArtist": "\u6210\u5c71 \u525b",
    "country_code": "JP",
    "country": "Japan"
  },
  {
    "username": "96kuro96",
    "followingArtist": "\u6210\u5c71 \u525b",
    "country_code": "JP",
    "country": "Japan"
  },
  {
    "username": "A_nnabel",
    "followingArtist": "\u6210\u5c71 \u525b",
    "country_code": "JP",
    "country": "Japan"
  },
  {
    "username": "T0ZZB0W",
    "followingArtist": "\u6210\u5c71 \u525b",
    "country_code": "FR",
    "country": "France"
  },
  {
    "username": "zu_ua",
    "followingArtist": "\u6210\u5c71 \u525b",
    "country_code": "JP",
    "country": "Japan"
  },
  {
    "username": "_monomore",
    "followingArtist": "\u6210\u5c71 \u525b",
    "country_code": "JP",
    "country": "Japan"
  },
  {
    "username": "yorinaot",
    "followingArtist": "\u6210\u5c71 \u525b",
    "country_code": "JP",
    "country": "Japan"
  },
  {
    "username": "pompom0625",
    "followingArtist": "\u6210\u5c71 \u525b",
    "country_code": "GB",
    "country": "Scotland"
  },
  {
    "username": "sakutaro329",
    "followingArtist": "\u6210\u5c71 \u525b",
    "country_code": "JP",
    "country": "Japan"
  },
  {
    "username": "NOCCO__",
    "followingArtist": "\u6210\u5c71 \u525b",
    "country_code": "JP",
    "country": "Japan"
  },
  {
    "username": "satobo0",
    "followingArtist": "\u6210\u5c71 \u525b",
    "country_code": "JP",
    "country": "Japan"
  },
  {
    "username": "liteyamamoto",
    "followingArtist": "\u6210\u5c71 \u525b",
    "country_code": "JP",
    "country": "Japan"
  },
  {
    "username": "hey_taka",
    "followingArtist": "\u6210\u5c71 \u525b",
    "country_code": "JP",
    "country": "Japan"
  },
  {
    "username": "laladudududada",
    "followingArtist": "\u6210\u5c71 \u525b",
    "country_code": "CN",
    "country": "China"
  },
  {
    "username": "suuhato",
    "followingArtist": "\u6210\u5c71 \u525b",
    "country_code": "JP",
    "country": "Japan"
  },
  {
    "username": "Ab538L",
    "followingArtist": "\u6210\u5c71 \u525b",
    "country_code": "IE",
    "country": "Ireland"
  },
  {
    "username": "machutus_",
    "followingArtist": "\u6210\u5c71 \u525b",
    "country_code": "US",
    "country": "USA"
  },
  {
    "username": "ymd85",
    "followingArtist": "\u6210\u5c71 \u525b",
    "country_code": "JP",
    "country": "Japan"
  },
  {
    "username": "chonmagehiskool",
    "followingArtist": "\u6210\u5c71 \u525b",
    "country_code": "JP",
    "country": "Japan"
  },
  {
    "username": "Arc_Rise",
    "followingArtist": "\u6210\u5c71 \u525b",
    "country_code": "CN",
    "country": "China"
  },
  {
    "username": "malololabo",
    "followingArtist": "\u6210\u5c71 \u525b",
    "country_code": "JP",
    "country": "Japan"
  },
  {
    "username": "himawari6023",
    "followingArtist": "\u6210\u5c71 \u525b",
    "country_code": "JP",
    "country": "Japan"
  },
  {
    "username": "narihisakudo",
    "followingArtist": "\u6210\u5c71 \u525b",
    "country_code": "JP",
    "country": "Japan"
  },
  {
    "username": "AKIFUMI9999",
    "followingArtist": "\u6210\u5c71 \u525b",
    "country_code": "JP",
    "country": "Japan"
  },
  {
    "username": "HamamatuUsagi",
    "followingArtist": "\u6210\u5c71 \u525b",
    "country_code": "JP",
    "country": "Japan"
  },
  {
    "username": "Norikoice",
    "followingArtist": "\u6210\u5c71 \u525b",
    "country_code": "JP",
    "country": "Japan"
  },
  {
    "username": "ssh_odb776",
    "followingArtist": "\u6210\u5c71 \u525b",
    "country_code": "JP",
    "country": "Japan"
  },
  {
    "username": "kamata_yuri",
    "followingArtist": "\u6210\u5c71 \u525b",
    "country_code": "JP",
    "country": "Japan"
  },
  {
    "username": "Rocks_UP",
    "followingArtist": "\u6210\u5c71 \u525b",
    "country_code": "JP",
    "country": "Japan"
  },
  {
    "username": "akirawashere",
    "followingArtist": "\u6210\u5c71 \u525b",
    "country_code": "NG",
    "country": "Nigeria"
  },
  {
    "username": "mksdsato",
    "followingArtist": "\u6210\u5c71 \u525b",
    "country_code": "JP",
    "country": "Japan"
  },
  {
    "username": "_sisui_",
    "followingArtist": "\u6210\u5c71 \u525b",
    "country_code": "JP",
    "country": "Japan"
  },
  {
    "username": "reee017na",
    "followingArtist": "\u6210\u5c71 \u525b",
    "country_code": "JP",
    "country": "Japan"
  },
  {
    "username": "yongenjaya",
    "followingArtist": "\u6210\u5c71 \u525b",
    "country_code": "TK",
    "country": "Tokelau"
  },
  {
    "username": "pyro_canatin",
    "followingArtist": "\u6210\u5c71 \u525b",
    "country_code": "GB",
    "country": "Scotland"
  },
  {
    "username": "potzkun",
    "followingArtist": "\u6210\u5c71 \u525b",
    "country_code": "JP",
    "country": "Japan"
  },
  {
    "username": "mole_sugar",
    "followingArtist": "\u6210\u5c71 \u525b",
    "country_code": "JP",
    "country": "Japan"
  },
  {
    "username": "emipink7",
    "followingArtist": "\u6210\u5c71 \u525b",
    "country_code": "JP",
    "country": "Japan"
  },
  {
    "username": "524jun",
    "followingArtist": "\u6210\u5c71 \u525b",
    "country_code": "JP",
    "country": "Japan"
  },
  {
    "username": "onecko",
    "followingArtist": "\u6210\u5c71 \u525b",
    "country_code": "JP",
    "country": "Japan"
  },
  {
    "username": "zen912",
    "followingArtist": "\u6210\u5c71 \u525b",
    "country_code": "JP",
    "country": "Japan"
  },
  {
    "username": "voyage_1009",
    "followingArtist": "\u6210\u5c71 \u525b",
    "country_code": "JP",
    "country": "Japan"
  },
  {
    "username": "harada_03",
    "followingArtist": "\u6210\u5c71 \u525b",
    "country_code": "JP",
    "country": "Japan"
  },
  {
    "username": "toyapii",
    "followingArtist": "\u6210\u5c71 \u525b",
    "country_code": "JP",
    "country": "Japan"
  },
  {
    "username": "_2864212",
    "followingArtist": "\u6210\u5c71 \u525b",
    "country_code": "JP",
    "country": "Japan"
  },
  {
    "username": "sleeeepme",
    "followingArtist": "\u6210\u5c71 \u525b",
    "country_code": "JP",
    "country": "Japan"
  },
  {
    "username": "kc_taki",
    "followingArtist": "\u6210\u5c71 \u525b",
    "country_code": "JP",
    "country": "Japan"
  },
  {
    "username": "paulmoore07",
    "followingArtist": "\u6210\u5c71 \u525b",
    "country_code": "California City Blvd",
    "country": "California City Blvd"
  },
  {
    "username": "spitbx",
    "followingArtist": "\u6210\u5c71 \u525b",
    "country_code": "JP",
    "country": "Japan"
  },
  {
    "username": "h51222",
    "followingArtist": "\u6210\u5c71 \u525b",
    "country_code": "JP",
    "country": "Japan"
  },
  {
    "username": "mqmqmqmq",
    "followingArtist": "\u6210\u5c71 \u525b",
    "country_code": "KR",
    "country": "South Korea"
  },
  {
    "username": "Nobotti5311",
    "followingArtist": "\u6210\u5c71 \u525b",
    "country_code": "JP",
    "country": "Japan"
  },
  {
    "username": "yahoho13",
    "followingArtist": "\u6210\u5c71 \u525b",
    "country_code": "JP",
    "country": "Japan"
  },
  {
    "username": "howow_40",
    "followingArtist": "\u6210\u5c71 \u525b",
    "country_code": "JP",
    "country": "Japan"
  },
  {
    "username": "tamburo_music",
    "followingArtist": "\u6210\u5c71 \u525b",
    "country_code": "JP",
    "country": "Japan"
  },
  {
    "username": "kanocoyan",
    "followingArtist": "\u6210\u5c71 \u525b",
    "country_code": "DE",
    "country": "Germany"
  },
  {
    "username": "asmmm",
    "followingArtist": "\u6210\u5c71 \u525b",
    "country_code": "JP",
    "country": "Japan"
  },
  {
    "username": "murakamenatsko",
    "followingArtist": "\u6210\u5c71 \u525b",
    "country_code": "JP",
    "country": "Japan"
  },
  {
    "username": "TakutoKudo",
    "followingArtist": "\u6210\u5c71 \u525b",
    "country_code": "JP",
    "country": "Japan"
  },
  {
    "username": "myojojo",
    "followingArtist": "\u6210\u5c71 \u525b",
    "country_code": "JP",
    "country": "Japan"
  },
  {
    "username": "kamikin670",
    "followingArtist": "\u6210\u5c71 \u525b",
    "country_code": "JP",
    "country": "Japan"
  },
  {
    "username": "domune6636",
    "followingArtist": "\u6210\u5c71 \u525b",
    "country_code": "US",
    "country": "USA"
  },
  {
    "username": "hiderock69",
    "followingArtist": "\u6210\u5c71 \u525b",
    "country_code": "GB",
    "country": "Scotland"
  },
  {
    "username": "__nemu_nemu_",
    "followingArtist": "\u6210\u5c71 \u525b",
    "country_code": "ZA",
    "country": "South Africa"
  },
  {
    "username": "suicideofpops_",
    "followingArtist": "\u6210\u5c71 \u525b",
    "country_code": "GB",
    "country": "Scotland"
  },
  {
    "username": "paluquebuendia",
    "followingArtist": "\u6210\u5c71 \u525b",
    "country_code": "JP",
    "country": "Japan"
  },
  {
    "username": "CeilingL",
    "followingArtist": "\u6210\u5c71 \u525b",
    "country_code": "JP",
    "country": "Japan"
  },
  {
    "username": "_acari_",
    "followingArtist": "\u6210\u5c71 \u525b",
    "country_code": "JP",
    "country": "Japan"
  },
  {
    "username": "kyoko_mnf",
    "followingArtist": "\u6210\u5c71 \u525b",
    "country_code": "JP",
    "country": "Japan"
  },
  {
    "username": "yuxuki",
    "followingArtist": "\u6210\u5c71 \u525b",
    "country_code": "JP",
    "country": "Japan"
  },
  {
    "username": "Hori_ScamCircle",
    "followingArtist": "\u6210\u5c71 \u525b",
    "country_code": "JP",
    "country": "Japan"
  },
  {
    "username": "tomoskee",
    "followingArtist": "\u6210\u5c71 \u525b",
    "country_code": "GB",
    "country": "Scotland"
  },
  {
    "username": "louis_m8",
    "followingArtist": "\u6210\u5c71 \u525b",
    "country_code": "US",
    "country": "USA"
  }
]