[
  {
    "username": "Rhojetidalgo1",
    "followingArtist": "IV OF SPADES",
    "country_code": "US",
    "country": "United States"
  },
  {
    "username": "IzabelleOprah",
    "followingArtist": "IV OF SPADES",
    "country_code": "ES",
    "country": "Spain"
  },
  {
    "username": "MBittersadness",
    "followingArtist": "IV OF SPADES",
    "country_code": "US",
    "country": "United States"
  },
  {
    "username": "ThonyParker3",
    "followingArtist": "IV OF SPADES",
    "country_code": "US",
    "country": "United States"
  },
  {
    "username": "jc_vedad",
    "followingArtist": "IV OF SPADES",
    "country_code": "PH",
    "country": "Philippines"
  },
  {
    "username": "kowalsk92324964",
    "followingArtist": "IV OF SPADES",
    "country_code": "NG",
    "country": "Nigeria"
  },
  {
    "username": "defineprex",
    "followingArtist": "IV OF SPADES",
    "country_code": "PH",
    "country": "Philippines"
  },
  {
    "username": "Pineapple_Weed",
    "followingArtist": "IV OF SPADES",
    "country_code": "PH",
    "country": "Philippines"
  },
  {
    "username": "duuuhren",
    "followingArtist": "IV OF SPADES",
    "country_code": "US",
    "country": "United States"
  },
  {
    "username": "supremocy_",
    "followingArtist": "IV OF SPADES",
    "country_code": "PH",
    "country": "Philippines"
  },
  {
    "username": "tired_andrea",
    "followingArtist": "IV OF SPADES",
    "country_code": "BR",
    "country": "Brazil"
  },
  {
    "username": "jaannool_",
    "followingArtist": "IV OF SPADES",
    "country_code": "PH",
    "country": "Philippines"
  },
  {
    "username": "nclrfrms",
    "followingArtist": "IV OF SPADES",
    "country_code": "PH",
    "country": "Philippines"
  },
  {
    "username": "MiKenJoBaes",
    "followingArtist": "IV OF SPADES",
    "country_code": "US",
    "country": "United States"
  },
  {
    "username": "jellaine_pretty",
    "followingArtist": "IV OF SPADES",
    "country_code": "PH",
    "country": "Philippines"
  },
  {
    "username": "JoyceLongcop",
    "followingArtist": "IV OF SPADES",
    "country_code": "US",
    "country": "United States"
  },
  {
    "username": "quezonnn",
    "followingArtist": "IV OF SPADES",
    "country_code": "PH",
    "country": "Philippines"
  },
  {
    "username": "jxnathxn_",
    "followingArtist": "IV OF SPADES",
    "country_code": "FR",
    "country": "France"
  },
  {
    "username": "BaylonValdez",
    "followingArtist": "IV OF SPADES",
    "country_code": "PH",
    "country": "Philippines"
  },
  {
    "username": "pxxrcxxxl",
    "followingArtist": "IV OF SPADES",
    "country_code": "US",
    "country": "United States"
  },
  {
    "username": "AstrologoJim",
    "followingArtist": "IV OF SPADES",
    "country_code": "PH",
    "country": "Philippines"
  },
  {
    "username": "noynoy12361455",
    "followingArtist": "IV OF SPADES",
    "country_code": "MM",
    "country": "Myanmar"
  },
  {
    "username": "IzzyBorss",
    "followingArtist": "IV OF SPADES",
    "country_code": "PH",
    "country": "Philippines"
  },
  {
    "username": "mejeroism",
    "followingArtist": "IV OF SPADES",
    "country_code": "US",
    "country": "United States"
  },
  {
    "username": "kimsxz21",
    "followingArtist": "IV OF SPADES",
    "country_code": "PH",
    "country": "Philippines"
  },
  {
    "username": "janmarkagusan",
    "followingArtist": "IV OF SPADES",
    "country_code": "US",
    "country": "United States"
  },
  {
    "username": "vianceylaenna",
    "followingArtist": "IV OF SPADES",
    "country_code": "PH",
    "country": "Philippines"
  },
  {
    "username": "frajlsantos1",
    "followingArtist": "IV OF SPADES",
    "country_code": "PH",
    "country": "Philippines"
  },
  {
    "username": "fhaemarielle",
    "followingArtist": "IV OF SPADES",
    "country_code": "CA",
    "country": "Canada"
  },
  {
    "username": "NYupitschenee",
    "followingArtist": "IV OF SPADES",
    "country_code": "PH",
    "country": "Philippines"
  },
  {
    "username": "onlymelede",
    "followingArtist": "IV OF SPADES",
    "country_code": "US",
    "country": "United States"
  },
  {
    "username": "HJPscl",
    "followingArtist": "IV OF SPADES",
    "country_code": "IT",
    "country": "Italy"
  },
  {
    "username": "CobardeAngel",
    "followingArtist": "IV OF SPADES",
    "country_code": "PH",
    "country": "Philippines"
  },
  {
    "username": "RaphaelMadrid1",
    "followingArtist": "IV OF SPADES",
    "country_code": "PH",
    "country": "Philippines"
  },
  {
    "username": "hannahlicious8",
    "followingArtist": "IV OF SPADES",
    "country_code": "PH",
    "country": "Philippines"
  },
  {
    "username": "aym_shin",
    "followingArtist": "IV OF SPADES",
    "country_code": "US",
    "country": "United States"
  },
  {
    "username": "bensoqt",
    "followingArtist": "IV OF SPADES",
    "country_code": "GB",
    "country": "Northern Ireland"
  },
  {
    "username": "crish4sm",
    "followingArtist": "IV OF SPADES",
    "country_code": "UG",
    "country": "Uganda"
  },
  {
    "username": "kkmjpkjbang",
    "followingArtist": "IV OF SPADES",
    "country_code": "IE",
    "country": "Ireland"
  },
  {
    "username": "shekinahfloral1",
    "followingArtist": "IV OF SPADES",
    "country_code": "PH",
    "country": "Philippines"
  },
  {
    "username": "Yanskie0530",
    "followingArtist": "IV OF SPADES",
    "country_code": "GB",
    "country": "Northern Ireland"
  },
  {
    "username": "janinepawig",
    "followingArtist": "IV OF SPADES",
    "country_code": "PH",
    "country": "Philippines"
  },
  {
    "username": "Natad_jen",
    "followingArtist": "IV OF SPADES",
    "country_code": "PH",
    "country": "Philippines"
  },
  {
    "username": "itsdianne07",
    "followingArtist": "IV OF SPADES",
    "country_code": "GH",
    "country": "Ghana"
  },
  {
    "username": "princeter02",
    "followingArtist": "IV OF SPADES",
    "country_code": "US",
    "country": "United States"
  },
  {
    "username": "RoseAchay",
    "followingArtist": "IV OF SPADES",
    "country_code": "GB",
    "country": "Northern Ireland"
  },
  {
    "username": "rnlyndgn_",
    "followingArtist": "IV OF SPADES",
    "country_code": "US",
    "country": "United States"
  },
  {
    "username": "karine_villegas",
    "followingArtist": "IV OF SPADES",
    "country_code": "GH",
    "country": "Ghana"
  },
  {
    "username": "nielcorbita",
    "followingArtist": "IV OF SPADES",
    "country_code": "PH",
    "country": "Philippines"
  },
  {
    "username": "Sidreyk1",
    "followingArtist": "IV OF SPADES",
    "country_code": "PH",
    "country": "Philippines"
  },
  {
    "username": "AaronPangan4",
    "followingArtist": "IV OF SPADES",
    "country_code": "IT",
    "country": "Italy"
  },
  {
    "username": "AurelioDeyta",
    "followingArtist": "IV OF SPADES",
    "country_code": "PH",
    "country": "Philippines"
  },
  {
    "username": "MICHEAL_spear",
    "followingArtist": "IV OF SPADES",
    "country_code": "PH",
    "country": "Philippines"
  },
  {
    "username": "umimahh",
    "followingArtist": "IV OF SPADES",
    "country_code": "PH",
    "country": "Philippines"
  },
  {
    "username": "itsme_z4dnu",
    "followingArtist": "IV OF SPADES",
    "country_code": "IT",
    "country": "Italy"
  },
  {
    "username": "AngelineBaraya1",
    "followingArtist": "IV OF SPADES",
    "country_code": "PH",
    "country": "Philippines"
  },
  {
    "username": "tristan08216640",
    "followingArtist": "IV OF SPADES",
    "country_code": "PH",
    "country": "Philippines"
  },
  {
    "username": "pyscho_101",
    "followingArtist": "IV OF SPADES",
    "country_code": "PH",
    "country": "Philippines"
  },
  {
    "username": "IamKm_Fernandez",
    "followingArtist": "IV OF SPADES",
    "country_code": "US",
    "country": "United States"
  },
  {
    "username": "rubiirtt",
    "followingArtist": "IV OF SPADES",
    "country_code": "PH",
    "country": "Philippines"
  },
  {
    "username": "ShinobiArvin",
    "followingArtist": "IV OF SPADES",
    "country_code": "US",
    "country": "United States"
  },
  {
    "username": "khiellachica",
    "followingArtist": "IV OF SPADES",
    "country_code": "ID",
    "country": "Indonesia"
  },
  {
    "username": "tantan_tugade",
    "followingArtist": "IV OF SPADES",
    "country_code": "US",
    "country": "United States"
  },
  {
    "username": "Waifuhunterkid",
    "followingArtist": "IV OF SPADES",
    "country_code": "PH",
    "country": "Philippines"
  },
  {
    "username": "Sandie03519576",
    "followingArtist": "IV OF SPADES",
    "country_code": "PH",
    "country": "Philippines"
  },
  {
    "username": "miguellancea",
    "followingArtist": "IV OF SPADES",
    "country_code": "US",
    "country": "United States"
  },
  {
    "username": "imdepresseddd",
    "followingArtist": "IV OF SPADES",
    "country_code": "NO",
    "country": "Norway"
  },
  {
    "username": "andriametrine",
    "followingArtist": "IV OF SPADES",
    "country_code": "NG",
    "country": "Nigeria"
  },
  {
    "username": "curseteeenryne",
    "followingArtist": "IV OF SPADES",
    "country_code": "ES",
    "country": "Spain"
  },
  {
    "username": "DomingoMhayra",
    "followingArtist": "IV OF SPADES",
    "country_code": "PH",
    "country": "Philippines"
  },
  {
    "username": "Christi91417491",
    "followingArtist": "IV OF SPADES",
    "country_code": "US",
    "country": "United States"
  },
  {
    "username": "_Dananabanana",
    "followingArtist": "IV OF SPADES",
    "country_code": "FR",
    "country": "France"
  },
  {
    "username": "roxanne_bacaoco",
    "followingArtist": "IV OF SPADES",
    "country_code": "PH",
    "country": "Philippines"
  },
  {
    "username": "Stark61857439",
    "followingArtist": "IV OF SPADES",
    "country_code": "PH",
    "country": "Philippines"
  },
  {
    "username": "EdwinPlaza11",
    "followingArtist": "IV OF SPADES",
    "country_code": "GB",
    "country": "Northern Ireland"
  },
  {
    "username": "di_ow_em",
    "followingArtist": "IV OF SPADES",
    "country_code": "PH",
    "country": "Philippines"
  },
  {
    "username": "imaudreyannnn",
    "followingArtist": "IV OF SPADES",
    "country_code": "PH",
    "country": "Philippines"
  },
  {
    "username": "trishaaaa_maeee",
    "followingArtist": "IV OF SPADES",
    "country_code": "GB",
    "country": "Northern Ireland"
  },
  {
    "username": "_marriann3",
    "followingArtist": "IV OF SPADES",
    "country_code": "US",
    "country": "United States"
  },
  {
    "username": "tyrrallns",
    "followingArtist": "IV OF SPADES",
    "country_code": "US",
    "country": "United States"
  },
  {
    "username": "DyeymsNatanyel",
    "followingArtist": "IV OF SPADES",
    "country_code": "PH",
    "country": "Philippines"
  },
  {
    "username": "MathewAdamPere1",
    "followingArtist": "IV OF SPADES",
    "country_code": "PH",
    "country": "Philippines"
  },
  {
    "username": "katrinamyca_",
    "followingArtist": "IV OF SPADES",
    "country_code": "US",
    "country": "United States"
  },
  {
    "username": "Imsuperjoane",
    "followingArtist": "IV OF SPADES",
    "country_code": "PH",
    "country": "Philippines"
  },
  {
    "username": "agent_JDTA",
    "followingArtist": "IV OF SPADES",
    "country_code": "PH",
    "country": "Philippines"
  },
  {
    "username": "CorminalRodilyn",
    "followingArtist": "IV OF SPADES",
    "country_code": "PH",
    "country": "Philippines"
  },
  {
    "username": "100navy1",
    "followingArtist": "IV OF SPADES",
    "country_code": "US",
    "country": "United States"
  },
  {
    "username": "BrylNicholas",
    "followingArtist": "IV OF SPADES",
    "country_code": "PH",
    "country": "Philippines"
  },
  {
    "username": "BAYBAYINWORDSS",
    "followingArtist": "IV OF SPADES",
    "country_code": "US",
    "country": "United States"
  },
  {
    "username": "myum41556736",
    "followingArtist": "IV OF SPADES",
    "country_code": "US",
    "country": "United States"
  },
  {
    "username": "AlexCartilla",
    "followingArtist": "IV OF SPADES",
    "country_code": "PH",
    "country": "Philippines"
  },
  {
    "username": "12_namjoonie",
    "followingArtist": "IV OF SPADES",
    "country_code": "US",
    "country": "United States"
  },
  {
    "username": "cristy88573401",
    "followingArtist": "IV OF SPADES",
    "country_code": "PH",
    "country": "Philippines"
  },
  {
    "username": "llamas_lester",
    "followingArtist": "IV OF SPADES",
    "country_code": "AR",
    "country": "Argentina"
  },
  {
    "username": "JannahM53783505",
    "followingArtist": "IV OF SPADES",
    "country_code": "PH",
    "country": "Philippines"
  },
  {
    "username": "maykeeeeeeee",
    "followingArtist": "IV OF SPADES",
    "country_code": "US",
    "country": "United States"
  },
  {
    "username": "XivCristine",
    "followingArtist": "IV OF SPADES",
    "country_code": "PH",
    "country": "Philippines"
  },
  {
    "username": "reannn03",
    "followingArtist": "IV OF SPADES",
    "country_code": "ES",
    "country": "Spain"
  },
  {
    "username": "BlessyMay3",
    "followingArtist": "IV OF SPADES",
    "country_code": "PH",
    "country": "Philippines"
  },
  {
    "username": "CharlynRaper",
    "followingArtist": "IV OF SPADES",
    "country_code": "PH",
    "country": "Philippines"
  },
  {
    "username": "Ceejay52977472",
    "followingArtist": "IV OF SPADES",
    "country_code": "PH",
    "country": "Philippines"
  },
  {
    "username": "3thel2",
    "followingArtist": "IV OF SPADES",
    "country_code": "PH",
    "country": "Philippines"
  },
  {
    "username": "ALLADIIIB",
    "followingArtist": "IV OF SPADES",
    "country_code": "CO",
    "country": "Colombia"
  },
  {
    "username": "alinor41579688",
    "followingArtist": "IV OF SPADES",
    "country_code": "PH",
    "country": "Philippines"
  },
  {
    "username": "ArvinJa25725148",
    "followingArtist": "IV OF SPADES",
    "country_code": "PH",
    "country": "Philippines"
  },
  {
    "username": "softiepinks",
    "followingArtist": "IV OF SPADES",
    "country_code": "US",
    "country": "United States"
  },
  {
    "username": "lcathang_isip",
    "followingArtist": "IV OF SPADES",
    "country_code": "NO",
    "country": "Norway"
  },
  {
    "username": "Poychampoy",
    "followingArtist": "IV OF SPADES",
    "country_code": "PH",
    "country": "Philippines"
  },
  {
    "username": "mt_alapaap",
    "followingArtist": "IV OF SPADES",
    "country_code": "US",
    "country": "United States"
  },
  {
    "username": "aisayahlahben",
    "followingArtist": "IV OF SPADES",
    "country_code": "US",
    "country": "United States"
  },
  {
    "username": "RochefortN_",
    "followingArtist": "IV OF SPADES",
    "country_code": "US",
    "country": "United States"
  },
  {
    "username": "GandaElisha",
    "followingArtist": "IV OF SPADES",
    "country_code": "KR",
    "country": "South Korea"
  },
  {
    "username": "itscedrick18",
    "followingArtist": "IV OF SPADES",
    "country_code": "PH",
    "country": "Philippines"
  },
  {
    "username": "ellaaastiiiic",
    "followingArtist": "IV OF SPADES",
    "country_code": "ES",
    "country": "Spain"
  },
  {
    "username": "Bndck_mv",
    "followingArtist": "IV OF SPADES",
    "country_code": "PH",
    "country": "Philippines"
  },
  {
    "username": "_srndipitaeee",
    "followingArtist": "IV OF SPADES",
    "country_code": "US",
    "country": "United States"
  },
  {
    "username": "SuperJermel21",
    "followingArtist": "IV OF SPADES",
    "country_code": "PH",
    "country": "Philippines"
  },
  {
    "username": "hardhoseokiee",
    "followingArtist": "IV OF SPADES",
    "country_code": "CA",
    "country": "Canada"
  },
  {
    "username": "DimpleSarip",
    "followingArtist": "IV OF SPADES",
    "country_code": "PH",
    "country": "Philippines"
  },
  {
    "username": "johnpauljimper1",
    "followingArtist": "IV OF SPADES",
    "country_code": "PH",
    "country": "Philippines"
  },
  {
    "username": "cessylovie",
    "followingArtist": "IV OF SPADES",
    "country_code": "US",
    "country": "United States"
  },
  {
    "username": "shaaatss",
    "followingArtist": "IV OF SPADES",
    "country_code": "PH",
    "country": "Philippines"
  },
  {
    "username": "deibzxc",
    "followingArtist": "IV OF SPADES",
    "country_code": "PH",
    "country": "Philippines"
  },
  {
    "username": "NicoAndriade",
    "followingArtist": "IV OF SPADES",
    "country_code": "PH",
    "country": "Philippines"
  },
  {
    "username": "sandraxgeronnn",
    "followingArtist": "IV OF SPADES",
    "country_code": "PH",
    "country": "Philippines"
  },
  {
    "username": "AnanasMarcus",
    "followingArtist": "IV OF SPADES",
    "country_code": "IE",
    "country": "Ireland"
  },
  {
    "username": "MicallerClaire",
    "followingArtist": "IV OF SPADES",
    "country_code": "US",
    "country": "United States"
  },
  {
    "username": "MariaMuray6",
    "followingArtist": "IV OF SPADES",
    "country_code": "US",
    "country": "United States"
  },
  {
    "username": "trishamari_",
    "followingArtist": "IV OF SPADES",
    "country_code": "PH",
    "country": "Philippines"
  },
  {
    "username": "Itsmemakrus",
    "followingArtist": "IV OF SPADES",
    "country_code": "PH",
    "country": "Philippines"
  },
  {
    "username": "gelayyy110",
    "followingArtist": "IV OF SPADES",
    "country_code": "PH",
    "country": "Philippines"
  },
  {
    "username": "ThejayveeLights",
    "followingArtist": "IV OF SPADES",
    "country_code": "PH",
    "country": "Philippines"
  },
  {
    "username": "KentaShugo",
    "followingArtist": "IV OF SPADES",
    "country_code": "AR",
    "country": "Argentina"
  },
  {
    "username": "eulxyz",
    "followingArtist": "IV OF SPADES",
    "country_code": "PH",
    "country": "Philippines"
  },
  {
    "username": "uniqueselonga",
    "followingArtist": "IV OF SPADES",
    "country_code": "US",
    "country": "United States"
  },
  {
    "username": "karylleismine",
    "followingArtist": "IV OF SPADES",
    "country_code": "US",
    "country": "United States"
  },
  {
    "username": "yanni30128689",
    "followingArtist": "IV OF SPADES",
    "country_code": "GB",
    "country": "Northern Ireland"
  },
  {
    "username": "JannErwin1",
    "followingArtist": "IV OF SPADES",
    "country_code": "US",
    "country": "United States"
  },
  {
    "username": "keishaxsprouse",
    "followingArtist": "IV OF SPADES",
    "country_code": "US",
    "country": "United States"
  },
  {
    "username": "xx_anj24",
    "followingArtist": "IV OF SPADES",
    "country_code": "PH",
    "country": "Philippines"
  },
  {
    "username": "Joshua64613428",
    "followingArtist": "IV OF SPADES",
    "country_code": "PH",
    "country": "Philippines"
  },
  {
    "username": "jonaslaggg",
    "followingArtist": "IV OF SPADES",
    "country_code": "PH",
    "country": "Philippines"
  },
  {
    "username": "BarbosaCzarina",
    "followingArtist": "IV OF SPADES",
    "country_code": "US",
    "country": "United States"
  },
  {
    "username": "sxntxmxntxl",
    "followingArtist": "IV OF SPADES",
    "country_code": "US",
    "country": "United States"
  },
  {
    "username": "japonggg18",
    "followingArtist": "IV OF SPADES",
    "country_code": "PH",
    "country": "Philippines"
  },
  {
    "username": "itsmerayben",
    "followingArtist": "IV OF SPADES",
    "country_code": "US",
    "country": "United States"
  },
  {
    "username": "KerleeTops",
    "followingArtist": "IV OF SPADES",
    "country_code": "US",
    "country": "United States"
  },
  {
    "username": "valdezmarivic11",
    "followingArtist": "IV OF SPADES",
    "country_code": "TR",
    "country": "Turkey"
  },
  {
    "username": "CruzNhiel",
    "followingArtist": "IV OF SPADES",
    "country_code": "PH",
    "country": "Philippines"
  },
  {
    "username": "StarryNLove",
    "followingArtist": "IV OF SPADES",
    "country_code": "US",
    "country": "United States"
  },
  {
    "username": "MavyMaravilla",
    "followingArtist": "IV OF SPADES",
    "country_code": "GB",
    "country": "Northern Ireland"
  },
  {
    "username": "arhclngn",
    "followingArtist": "IV OF SPADES",
    "country_code": "US",
    "country": "United States"
  },
  {
    "username": "jconcepcion5678",
    "followingArtist": "IV OF SPADES",
    "country_code": "PH",
    "country": "Philippines"
  },
  {
    "username": "jayrpadrones_23",
    "followingArtist": "IV OF SPADES",
    "country_code": "PH",
    "country": "Philippines"
  },
  {
    "username": "rapgolucino",
    "followingArtist": "IV OF SPADES",
    "country_code": "ES",
    "country": "Spain"
  },
  {
    "username": "Julesdehan",
    "followingArtist": "IV OF SPADES",
    "country_code": "NP",
    "country": "Nepal"
  },
  {
    "username": "akosikeyqt",
    "followingArtist": "IV OF SPADES",
    "country_code": "PH",
    "country": "Philippines"
  },
  {
    "username": "AltheaSumayang",
    "followingArtist": "IV OF SPADES",
    "country_code": "MX",
    "country": "Mexico"
  },
  {
    "username": "shawingwonha",
    "followingArtist": "IV OF SPADES",
    "country_code": "US",
    "country": "United States"
  },
  {
    "username": "DivinaTrinidad5",
    "followingArtist": "IV OF SPADES",
    "country_code": "PH",
    "country": "Philippines"
  },
  {
    "username": "ianrebullar1",
    "followingArtist": "IV OF SPADES",
    "country_code": "PH",
    "country": "Philippines"
  },
  {
    "username": "krueyzei",
    "followingArtist": "IV OF SPADES",
    "country_code": "PH",
    "country": "Philippines"
  },
  {
    "username": "CSblwn_0_0",
    "followingArtist": "IV OF SPADES",
    "country_code": "PH",
    "country": "Philippines"
  },
  {
    "username": "VrillT",
    "followingArtist": "IV OF SPADES",
    "country_code": "US",
    "country": "United States"
  },
  {
    "username": "EJkagamine16",
    "followingArtist": "IV OF SPADES",
    "country_code": "ES",
    "country": "Spain"
  },
  {
    "username": "kerishima15",
    "followingArtist": "IV OF SPADES",
    "country_code": "PH",
    "country": "Philippines"
  },
  {
    "username": "ugghstriajem",
    "followingArtist": "IV OF SPADES",
    "country_code": "BR",
    "country": "Brazil"
  },
  {
    "username": "thelostbrownies",
    "followingArtist": "IV OF SPADES",
    "country_code": "PH",
    "country": "Philippines"
  },
  {
    "username": "ditherthesause",
    "followingArtist": "IV OF SPADES",
    "country_code": "PH",
    "country": "Philippines"
  },
  {
    "username": "Regem51310218",
    "followingArtist": "IV OF SPADES",
    "country_code": "PH",
    "country": "Philippines"
  },
  {
    "username": "delima_shane",
    "followingArtist": "IV OF SPADES",
    "country_code": "US",
    "country": "United States"
  },
  {
    "username": "AceTorbz",
    "followingArtist": "IV OF SPADES",
    "country_code": "ES",
    "country": "Spain"
  },
  {
    "username": "SurchaJ",
    "followingArtist": "IV OF SPADES",
    "country_code": "PH",
    "country": "Philippines"
  },
  {
    "username": "jam_lauralyn",
    "followingArtist": "IV OF SPADES",
    "country_code": "PH",
    "country": "Philippines"
  },
  {
    "username": "darbypedolin",
    "followingArtist": "IV OF SPADES",
    "country_code": "PH",
    "country": "Philippines"
  },
  {
    "username": "floridagalang15",
    "followingArtist": "IV OF SPADES",
    "country_code": "PH",
    "country": "Philippines"
  },
  {
    "username": "Syytomino30",
    "followingArtist": "IV OF SPADES",
    "country_code": "US",
    "country": "United States"
  },
  {
    "username": "vassilypangant1",
    "followingArtist": "IV OF SPADES",
    "country_code": "PH",
    "country": "Philippines"
  },
  {
    "username": "JicksonMaaghop",
    "followingArtist": "IV OF SPADES",
    "country_code": "US",
    "country": "United States"
  },
  {
    "username": "ting_tingting",
    "followingArtist": "IV OF SPADES",
    "country_code": "US",
    "country": "United States"
  },
  {
    "username": "jhonleyibarra",
    "followingArtist": "IV OF SPADES",
    "country_code": "ES",
    "country": "Spain"
  },
  {
    "username": "iamdjluke1994",
    "followingArtist": "IV OF SPADES",
    "country_code": "GB",
    "country": "Northern Ireland"
  },
  {
    "username": "NickCimafranca",
    "followingArtist": "IV OF SPADES",
    "country_code": "SY",
    "country": "Syria"
  },
  {
    "username": "Rence_Francisco",
    "followingArtist": "IV OF SPADES",
    "country_code": "PH",
    "country": "Philippines"
  },
  {
    "username": "Yvonne_Louisse",
    "followingArtist": "IV OF SPADES",
    "country_code": "FR",
    "country": "France"
  },
  {
    "username": "ikkinaa",
    "followingArtist": "IV OF SPADES",
    "country_code": "PH",
    "country": "Philippines"
  },
  {
    "username": "aldrichagad",
    "followingArtist": "IV OF SPADES",
    "country_code": "PH",
    "country": "Philippines"
  },
  {
    "username": "GaerlanMary",
    "followingArtist": "IV OF SPADES",
    "country_code": "US",
    "country": "United States"
  },
  {
    "username": "LadridoJr",
    "followingArtist": "IV OF SPADES",
    "country_code": "US",
    "country": "United States"
  },
  {
    "username": "jeyarude",
    "followingArtist": "IV OF SPADES",
    "country_code": "NO",
    "country": "Norway"
  },
  {
    "username": "FadrilanMhark",
    "followingArtist": "IV OF SPADES",
    "country_code": "PH",
    "country": "Philippines"
  },
  {
    "username": "lxxxyn_mjjia",
    "followingArtist": "IV OF SPADES",
    "country_code": "US",
    "country": "United States"
  },
  {
    "username": "Chanrylroseee",
    "followingArtist": "IV OF SPADES",
    "country_code": "PH",
    "country": "Philippines"
  },
  {
    "username": "judebonaire",
    "followingArtist": "IV OF SPADES",
    "country_code": "US",
    "country": "United States"
  },
  {
    "username": "alex_dimaala",
    "followingArtist": "IV OF SPADES",
    "country_code": "PH",
    "country": "Philippines"
  },
  {
    "username": "MiradorJc",
    "followingArtist": "IV OF SPADES",
    "country_code": "PH",
    "country": "Philippines"
  },
  {
    "username": "Sherylgalvez2",
    "followingArtist": "IV OF SPADES",
    "country_code": "SK",
    "country": "Slovak Republic"
  },
  {
    "username": "Marthydoodles",
    "followingArtist": "IV OF SPADES",
    "country_code": "PH",
    "country": "Philippines"
  },
  {
    "username": "nikkoowss",
    "followingArtist": "IV OF SPADES",
    "country_code": "PH",
    "country": "Philippines"
  },
  {
    "username": "lryjnsgn_04",
    "followingArtist": "IV OF SPADES",
    "country_code": "PH",
    "country": "Philippines"
  },
  {
    "username": "ayen_herbosa",
    "followingArtist": "IV OF SPADES",
    "country_code": "PH",
    "country": "Philippines"
  },
  {
    "username": "LordVrv",
    "followingArtist": "IV OF SPADES",
    "country_code": "PH",
    "country": "Philippines"
  },
  {
    "username": "alieza_turaja",
    "followingArtist": "IV OF SPADES",
    "country_code": "US",
    "country": "United States"
  },
  {
    "username": "Jellou011500",
    "followingArtist": "IV OF SPADES",
    "country_code": "PH",
    "country": "Philippines"
  },
  {
    "username": "bebemoetehee",
    "followingArtist": "IV OF SPADES",
    "country_code": "US",
    "country": "United States"
  },
  {
    "username": "mrnda_tp",
    "followingArtist": "IV OF SPADES",
    "country_code": "US",
    "country": "United States"
  },
  {
    "username": "bosspandaaaa",
    "followingArtist": "IV OF SPADES",
    "country_code": "IT",
    "country": "Italy"
  },
  {
    "username": "shairacruz21",
    "followingArtist": "IV OF SPADES",
    "country_code": "US",
    "country": "United States"
  },
  {
    "username": "gwen_bulibuli",
    "followingArtist": "IV OF SPADES",
    "country_code": "PH",
    "country": "Philippines"
  },
  {
    "username": "viennayala",
    "followingArtist": "IV OF SPADES",
    "country_code": "PH",
    "country": "Philippines"
  },
  {
    "username": "veyyyaaa",
    "followingArtist": "IV OF SPADES",
    "country_code": "PH",
    "country": "Philippines"
  },
  {
    "username": "enriquez_mrs",
    "followingArtist": "IV OF SPADES",
    "country_code": "PH",
    "country": "Philippines"
  },
  {
    "username": "keiiiich",
    "followingArtist": "IV OF SPADES",
    "country_code": "PH",
    "country": "Philippines"
  },
  {
    "username": "clareon3",
    "followingArtist": "IV OF SPADES",
    "country_code": "US",
    "country": "United States"
  },
  {
    "username": "PenarubiaMarwin",
    "followingArtist": "IV OF SPADES",
    "country_code": "PH",
    "country": "Philippines"
  },
  {
    "username": "AngieValleser",
    "followingArtist": "IV OF SPADES",
    "country_code": "US",
    "country": "United States"
  },
  {
    "username": "TheRkPerez",
    "followingArtist": "IV OF SPADES",
    "country_code": "AR",
    "country": "Argentina"
  },
  {
    "username": "jaysonbaclayo28",
    "followingArtist": "IV OF SPADES",
    "country_code": "US",
    "country": "United States"
  },
  {
    "username": "Jbyon2",
    "followingArtist": "IV OF SPADES",
    "country_code": "PH",
    "country": "Philippines"
  },
  {
    "username": "andrewetlog",
    "followingArtist": "IV OF SPADES",
    "country_code": "GB",
    "country": "Northern Ireland"
  },
  {
    "username": "JexZanderson",
    "followingArtist": "IV OF SPADES",
    "country_code": "PH",
    "country": "Philippines"
  },
  {
    "username": "FtvbHnnh",
    "followingArtist": "IV OF SPADES",
    "country_code": "California City Blvd",
    "country": "California City Blvd"
  },
  {
    "username": "diegobatumbaka1",
    "followingArtist": "IV OF SPADES",
    "country_code": "US",
    "country": "United States"
  },
  {
    "username": "Alexand67016119",
    "followingArtist": "IV OF SPADES",
    "country_code": "PH",
    "country": "Philippines"
  },
  {
    "username": "aubrey_heramis",
    "followingArtist": "IV OF SPADES",
    "country_code": "US",
    "country": "United States"
  },
  {
    "username": "PostoRodskie",
    "followingArtist": "IV OF SPADES",
    "country_code": "RU",
    "country": "Russia"
  },
  {
    "username": "JenevidO",
    "followingArtist": "IV OF SPADES",
    "country_code": "CU",
    "country": "Cuba"
  },
  {
    "username": "estranosan",
    "followingArtist": "IV OF SPADES",
    "country_code": "PH",
    "country": "Philippines"
  },
  {
    "username": "KelsyDOS",
    "followingArtist": "IV OF SPADES",
    "country_code": "PH",
    "country": "Philippines"
  },
  {
    "username": "JBORBS13",
    "followingArtist": "IV OF SPADES",
    "country_code": "PH",
    "country": "Philippines"
  },
  {
    "username": "aldrich_mateo",
    "followingArtist": "IV OF SPADES",
    "country_code": "US",
    "country": "United States"
  },
  {
    "username": "Markopiolo1",
    "followingArtist": "IV OF SPADES",
    "country_code": "IT",
    "country": "Italy"
  },
  {
    "username": "CallistaFerrer2",
    "followingArtist": "IV OF SPADES",
    "country_code": "PH",
    "country": "Philippines"
  },
  {
    "username": "itsashiexyy",
    "followingArtist": "IV OF SPADES",
    "country_code": "US",
    "country": "United States"
  },
  {
    "username": "chrstnsoberano",
    "followingArtist": "IV OF SPADES",
    "country_code": "PH",
    "country": "Philippines"
  },
  {
    "username": "BabeSerendipity",
    "followingArtist": "IV OF SPADES",
    "country_code": "HU",
    "country": "Hungary"
  },
  {
    "username": "_ayayayayayay__",
    "followingArtist": "IV OF SPADES",
    "country_code": "US",
    "country": "United States"
  },
  {
    "username": "StephanieSAmay1",
    "followingArtist": "IV OF SPADES",
    "country_code": "PH",
    "country": "Philippines"
  },
  {
    "username": "SunshineSweetae",
    "followingArtist": "IV OF SPADES",
    "country_code": "KR",
    "country": "South Korea"
  },
  {
    "username": "MiaSuspene",
    "followingArtist": "IV OF SPADES",
    "country_code": "PH",
    "country": "Philippines"
  },
  {
    "username": "malaya_liwayway",
    "followingArtist": "IV OF SPADES",
    "country_code": "EC",
    "country": "Ecuador"
  },
  {
    "username": "DanielZ27100785",
    "followingArtist": "IV OF SPADES",
    "country_code": "US",
    "country": "United States"
  },
  {
    "username": "MontialtoJohn",
    "followingArtist": "IV OF SPADES",
    "country_code": "PH",
    "country": "Philippines"
  },
  {
    "username": "BenedicJeffry",
    "followingArtist": "IV OF SPADES",
    "country_code": "US",
    "country": "United States"
  },
  {
    "username": "TjheiQ",
    "followingArtist": "IV OF SPADES",
    "country_code": "PH",
    "country": "Philippines"
  },
  {
    "username": "xxsharny",
    "followingArtist": "IV OF SPADES",
    "country_code": "PH",
    "country": "Philippines"
  },
  {
    "username": "ElaGrndSwftShrn",
    "followingArtist": "IV OF SPADES",
    "country_code": "PH",
    "country": "Philippines"
  },
  {
    "username": "JohnGiron18",
    "followingArtist": "IV OF SPADES",
    "country_code": "PH",
    "country": "Philippines"
  },
  {
    "username": "EscobidoBianca",
    "followingArtist": "IV OF SPADES",
    "country_code": "PH",
    "country": "Philippines"
  },
  {
    "username": "RalfSueHibs",
    "followingArtist": "IV OF SPADES",
    "country_code": "GB",
    "country": "Northern Ireland"
  },
  {
    "username": "vohnbenedict28",
    "followingArtist": "IV OF SPADES",
    "country_code": "UK",
    "country": "United Kingdom"
  },
  {
    "username": "1V0F5P4D3S",
    "followingArtist": "IV OF SPADES",
    "country_code": "US",
    "country": "United States"
  },
  {
    "username": "shey_soliman19",
    "followingArtist": "IV OF SPADES",
    "country_code": "PH",
    "country": "Philippines"
  },
  {
    "username": "artillagamonica",
    "followingArtist": "IV OF SPADES",
    "country_code": "GB",
    "country": "Northern Ireland"
  },
  {
    "username": "iyahszxc",
    "followingArtist": "IV OF SPADES",
    "country_code": "PH",
    "country": "Philippines"
  },
  {
    "username": "lauder_kay",
    "followingArtist": "IV OF SPADES",
    "country_code": "PH",
    "country": "Philippines"
  },
  {
    "username": "saaambili",
    "followingArtist": "IV OF SPADES",
    "country_code": "US",
    "country": "United States"
  },
  {
    "username": "loveakonimama",
    "followingArtist": "IV OF SPADES",
    "country_code": "US",
    "country": "United States"
  },
  {
    "username": "mariel01422506",
    "followingArtist": "IV OF SPADES",
    "country_code": "PH",
    "country": "Philippines"
  },
  {
    "username": "deanne_grc",
    "followingArtist": "IV OF SPADES",
    "country_code": "PH",
    "country": "Philippines"
  },
  {
    "username": "guemooooo",
    "followingArtist": "IV OF SPADES",
    "country_code": "PH",
    "country": "Philippines"
  },
  {
    "username": "nutnuuut",
    "followingArtist": "IV OF SPADES",
    "country_code": "US",
    "country": "United States"
  },
  {
    "username": "kenneth42045650",
    "followingArtist": "IV OF SPADES",
    "country_code": "US",
    "country": "United States"
  },
  {
    "username": "jaxofalltraits",
    "followingArtist": "IV OF SPADES",
    "country_code": "US",
    "country": "United States"
  },
  {
    "username": "nemfe922",
    "followingArtist": "IV OF SPADES",
    "country_code": "PH",
    "country": "Philippines"
  },
  {
    "username": "mheazen1",
    "followingArtist": "IV OF SPADES",
    "country_code": "PH",
    "country": "Philippines"
  },
  {
    "username": "atticusgrantl",
    "followingArtist": "IV OF SPADES",
    "country_code": "BR",
    "country": "Brazil"
  },
  {
    "username": "earlganironn_",
    "followingArtist": "IV OF SPADES",
    "country_code": "FR",
    "country": "France"
  },
  {
    "username": "yuannyutwo",
    "followingArtist": "IV OF SPADES",
    "country_code": "PH",
    "country": "Philippines"
  },
  {
    "username": "N_A_N_c_",
    "followingArtist": "IV OF SPADES",
    "country_code": "PH",
    "country": "Philippines"
  },
  {
    "username": "shrrnmndza",
    "followingArtist": "IV OF SPADES",
    "country_code": "UG",
    "country": "Uganda"
  },
  {
    "username": "jdmrno_xx",
    "followingArtist": "IV OF SPADES",
    "country_code": "PH",
    "country": "Philippines"
  },
  {
    "username": "kushorai",
    "followingArtist": "IV OF SPADES",
    "country_code": "FR",
    "country": "France"
  },
  {
    "username": "zack64693889",
    "followingArtist": "IV OF SPADES",
    "country_code": "PH",
    "country": "Philippines"
  },
  {
    "username": "mariela_trisha",
    "followingArtist": "IV OF SPADES",
    "country_code": "PH",
    "country": "Philippines"
  },
  {
    "username": "tins_dlcrz",
    "followingArtist": "IV OF SPADES",
    "country_code": "US",
    "country": "United States"
  },
  {
    "username": "rumelagarcia",
    "followingArtist": "IV OF SPADES",
    "country_code": "PH",
    "country": "Philippines"
  },
  {
    "username": "Juanitopelaez05",
    "followingArtist": "IV OF SPADES",
    "country_code": "US",
    "country": "United States"
  },
  {
    "username": "jeff_deleon16",
    "followingArtist": "IV OF SPADES",
    "country_code": "PH",
    "country": "Philippines"
  },
  {
    "username": "vj_mativo143",
    "followingArtist": "IV OF SPADES",
    "country_code": "PH",
    "country": "Philippines"
  },
  {
    "username": "RichardCatarro5",
    "followingArtist": "IV OF SPADES",
    "country_code": "PH",
    "country": "Philippines"
  },
  {
    "username": "gorgeouslar",
    "followingArtist": "IV OF SPADES",
    "country_code": "IT",
    "country": "Italy"
  },
  {
    "username": "Kirseeee_11",
    "followingArtist": "IV OF SPADES",
    "country_code": "PH",
    "country": "Philippines"
  },
  {
    "username": "judebladezx",
    "followingArtist": "IV OF SPADES",
    "country_code": "US",
    "country": "United States"
  },
  {
    "username": "RobinFujiwara",
    "followingArtist": "IV OF SPADES",
    "country_code": "US",
    "country": "United States"
  },
  {
    "username": "Babylyn56162685",
    "followingArtist": "IV OF SPADES",
    "country_code": "ZA",
    "country": "South Africa"
  },
  {
    "username": "mariajuvellen",
    "followingArtist": "IV OF SPADES",
    "country_code": "PH",
    "country": "Philippines"
  },
  {
    "username": "andriangutz09",
    "followingArtist": "IV OF SPADES",
    "country_code": "PH",
    "country": "Philippines"
  },
  {
    "username": "Righteous30",
    "followingArtist": "IV OF SPADES",
    "country_code": "PH",
    "country": "Philippines"
  },
  {
    "username": "CuttestCheska",
    "followingArtist": "IV OF SPADES",
    "country_code": "PH",
    "country": "Philippines"
  },
  {
    "username": "iv0sforlife",
    "followingArtist": "IV OF SPADES",
    "country_code": "PH",
    "country": "Philippines"
  },
  {
    "username": "Hoyceledonio",
    "followingArtist": "IV OF SPADES",
    "country_code": "PH",
    "country": "Philippines"
  },
  {
    "username": "MaeLianah",
    "followingArtist": "IV OF SPADES",
    "country_code": "PH",
    "country": "Philippines"
  },
  {
    "username": "ron59978955",
    "followingArtist": "IV OF SPADES",
    "country_code": "PH",
    "country": "Philippines"
  },
  {
    "username": "Ellnjlngbyan",
    "followingArtist": "IV OF SPADES",
    "country_code": "PH",
    "country": "Philippines"
  },
  {
    "username": "carlangeliquead",
    "followingArtist": "IV OF SPADES",
    "country_code": "US",
    "country": "United States"
  },
  {
    "username": "Jessysha1",
    "followingArtist": "IV OF SPADES",
    "country_code": "PH",
    "country": "Philippines"
  },
  {
    "username": "GailyMistyow",
    "followingArtist": "IV OF SPADES",
    "country_code": "PH",
    "country": "Philippines"
  },
  {
    "username": "jaimeealea",
    "followingArtist": "IV OF SPADES",
    "country_code": "PH",
    "country": "Philippines"
  },
  {
    "username": "alextebantot",
    "followingArtist": "IV OF SPADES",
    "country_code": "PH",
    "country": "Philippines"
  },
  {
    "username": "HarrOrencia",
    "followingArtist": "IV OF SPADES",
    "country_code": "PH",
    "country": "Philippines"
  },
  {
    "username": "CSedaap",
    "followingArtist": "IV OF SPADES",
    "country_code": "MX",
    "country": "Mexico"
  },
  {
    "username": "smldvdpbrs",
    "followingArtist": "IV OF SPADES",
    "country_code": "GB",
    "country": "Northern Ireland"
  },
  {
    "username": "Louise_Rotazo",
    "followingArtist": "IV OF SPADES",
    "country_code": "PH",
    "country": "Philippines"
  },
  {
    "username": "JoelAma31816260",
    "followingArtist": "IV OF SPADES",
    "country_code": "ES",
    "country": "Spain"
  },
  {
    "username": "clariceannb",
    "followingArtist": "IV OF SPADES",
    "country_code": "PH",
    "country": "Philippines"
  },
  {
    "username": "donnieboyyyy",
    "followingArtist": "IV OF SPADES",
    "country_code": "KR",
    "country": "South Korea"
  },
  {
    "username": "JeffrielL",
    "followingArtist": "IV OF SPADES",
    "country_code": "US",
    "country": "United States"
  },
  {
    "username": "raymundlove07",
    "followingArtist": "IV OF SPADES",
    "country_code": "US",
    "country": "United States"
  },
  {
    "username": "Poluhhh",
    "followingArtist": "IV OF SPADES",
    "country_code": "UG",
    "country": "Uganda"
  },
  {
    "username": "imrodddzzxkie",
    "followingArtist": "IV OF SPADES",
    "country_code": "PH",
    "country": "Philippines"
  },
  {
    "username": "JimmMayol",
    "followingArtist": "IV OF SPADES",
    "country_code": "US",
    "country": "United States"
  },
  {
    "username": "nvrrreeseangelo",
    "followingArtist": "IV OF SPADES",
    "country_code": "PH",
    "country": "Philippines"
  },
  {
    "username": "stphnvillas",
    "followingArtist": "IV OF SPADES",
    "country_code": "PH",
    "country": "Philippines"
  },
  {
    "username": "JhnMnpl06",
    "followingArtist": "IV OF SPADES",
    "country_code": "GB",
    "country": "Northern Ireland"
  },
  {
    "username": "aleah_lisa",
    "followingArtist": "IV OF SPADES",
    "country_code": "KR",
    "country": "South Korea"
  },
  {
    "username": "anselmo_ethan",
    "followingArtist": "IV OF SPADES",
    "country_code": "US",
    "country": "United States"
  },
  {
    "username": "mamiyeh26",
    "followingArtist": "IV OF SPADES",
    "country_code": "US",
    "country": "United States"
  },
  {
    "username": "rous38836097",
    "followingArtist": "IV OF SPADES",
    "country_code": "US",
    "country": "United States"
  },
  {
    "username": "al_cseb",
    "followingArtist": "IV OF SPADES",
    "country_code": "IT",
    "country": "Italy"
  },
  {
    "username": "Johneugine2",
    "followingArtist": "IV OF SPADES",
    "country_code": "US",
    "country": "United States"
  },
  {
    "username": "ralphch51617544",
    "followingArtist": "IV OF SPADES",
    "country_code": "US",
    "country": "United States"
  },
  {
    "username": "OwenVilches",
    "followingArtist": "IV OF SPADES",
    "country_code": "US",
    "country": "United States"
  },
  {
    "username": "Aneng36485945",
    "followingArtist": "IV OF SPADES",
    "country_code": "PH",
    "country": "Philippines"
  },
  {
    "username": "SaberDale_03",
    "followingArtist": "IV OF SPADES",
    "country_code": "US",
    "country": "United States"
  },
  {
    "username": "Kylen_Infante",
    "followingArtist": "IV OF SPADES",
    "country_code": "PH",
    "country": "Philippines"
  },
  {
    "username": "Christi39167658",
    "followingArtist": "IV OF SPADES",
    "country_code": "PH",
    "country": "Philippines"
  },
  {
    "username": "milkylils",
    "followingArtist": "IV OF SPADES",
    "country_code": "PH",
    "country": "Philippines"
  },
  {
    "username": "KarloClydde",
    "followingArtist": "IV OF SPADES",
    "country_code": "PH",
    "country": "Philippines"
  },
  {
    "username": "IDanicaaa",
    "followingArtist": "IV OF SPADES",
    "country_code": "ID",
    "country": "Indonesia"
  },
  {
    "username": "Naniloki12",
    "followingArtist": "IV OF SPADES",
    "country_code": "IN",
    "country": "India"
  },
  {
    "username": "kerzzaudije",
    "followingArtist": "IV OF SPADES",
    "country_code": "PH",
    "country": "Philippines"
  },
  {
    "username": "santojkiv",
    "followingArtist": "IV OF SPADES",
    "country_code": "NO",
    "country": "Norway"
  },
  {
    "username": "Beauvejo",
    "followingArtist": "IV OF SPADES",
    "country_code": "PH",
    "country": "Philippines"
  },
  {
    "username": "bryan42743253",
    "followingArtist": "IV OF SPADES",
    "country_code": "ES",
    "country": "Spain"
  },
  {
    "username": "_itsmeangeel",
    "followingArtist": "IV OF SPADES",
    "country_code": "BR",
    "country": "Brazil"
  },
  {
    "username": "PinkuCheezy",
    "followingArtist": "IV OF SPADES",
    "country_code": "ID",
    "country": "Indonesia"
  },
  {
    "username": "Markney09",
    "followingArtist": "IV OF SPADES",
    "country_code": "PH",
    "country": "Philippines"
  },
  {
    "username": "hazeljader",
    "followingArtist": "IV OF SPADES",
    "country_code": "NL",
    "country": "Netherlands"
  },
  {
    "username": "DarlinHiroshima",
    "followingArtist": "IV OF SPADES",
    "country_code": "PH",
    "country": "Philippines"
  },
  {
    "username": "LailaDeca",
    "followingArtist": "IV OF SPADES",
    "country_code": "US",
    "country": "United States"
  },
  {
    "username": "GraceBegonia",
    "followingArtist": "IV OF SPADES",
    "country_code": "PH",
    "country": "Philippines"
  },
  {
    "username": "archnemesisisis",
    "followingArtist": "IV OF SPADES",
    "country_code": "ID",
    "country": "Indonesia"
  },
  {
    "username": "pammy032",
    "followingArtist": "IV OF SPADES",
    "country_code": "US",
    "country": "United States"
  },
  {
    "username": "RegaladoReyn_",
    "followingArtist": "IV OF SPADES",
    "country_code": "PH",
    "country": "Philippines"
  },
  {
    "username": "Psychoerror",
    "followingArtist": "IV OF SPADES",
    "country_code": "US",
    "country": "United States"
  },
  {
    "username": "Valenti43589415",
    "followingArtist": "IV OF SPADES",
    "country_code": "PH",
    "country": "Philippines"
  },
  {
    "username": "BandolaKayel",
    "followingArtist": "IV OF SPADES",
    "country_code": "PH",
    "country": "Philippines"
  },
  {
    "username": "LorraineOpalda",
    "followingArtist": "IV OF SPADES",
    "country_code": "PH",
    "country": "Philippines"
  },
  {
    "username": "Goodboy_023",
    "followingArtist": "IV OF SPADES",
    "country_code": "FR",
    "country": "France"
  },
  {
    "username": "inifintywar",
    "followingArtist": "IV OF SPADES",
    "country_code": "US",
    "country": "United States"
  },
  {
    "username": "bitchyemiko",
    "followingArtist": "IV OF SPADES",
    "country_code": "TL",
    "country": "TL"
  },
  {
    "username": "Catecedib",
    "followingArtist": "IV OF SPADES",
    "country_code": "PH",
    "country": "Philippines"
  },
  {
    "username": "isidro_jaymee",
    "followingArtist": "IV OF SPADES",
    "country_code": "PH",
    "country": "Philippines"
  },
  {
    "username": "pmarjjara",
    "followingArtist": "IV OF SPADES",
    "country_code": "US",
    "country": "United States"
  },
  {
    "username": "mbimbombum",
    "followingArtist": "IV OF SPADES",
    "country_code": "BJ",
    "country": "Benin"
  },
  {
    "username": "_iamjoyang",
    "followingArtist": "IV OF SPADES",
    "country_code": "CL",
    "country": "Chile"
  },
  {
    "username": "princesspenas",
    "followingArtist": "IV OF SPADES",
    "country_code": "PH",
    "country": "Philippines"
  },
  {
    "username": "rv_salcedo",
    "followingArtist": "IV OF SPADES",
    "country_code": "PH",
    "country": "Philippines"
  },
  {
    "username": "CristineCabre16",
    "followingArtist": "IV OF SPADES",
    "country_code": "PH",
    "country": "Philippines"
  },
  {
    "username": "VillarosaLady",
    "followingArtist": "IV OF SPADES",
    "country_code": "PH",
    "country": "Philippines"
  },
  {
    "username": "Ann44609729",
    "followingArtist": "IV OF SPADES",
    "country_code": "PH",
    "country": "Philippines"
  },
  {
    "username": "Jammyy_23",
    "followingArtist": "IV OF SPADES",
    "country_code": "RU",
    "country": "Russia"
  },
  {
    "username": "AtaraxiaFleur",
    "followingArtist": "IV OF SPADES",
    "country_code": "FR",
    "country": "France"
  },
  {
    "username": "mangjosep",
    "followingArtist": "IV OF SPADES",
    "country_code": "AE",
    "country": "United Arab Emirates"
  },
  {
    "username": "xdeusx",
    "followingArtist": "IV OF SPADES",
    "country_code": "PH",
    "country": "Philippines"
  },
  {
    "username": "scrtlz",
    "followingArtist": "IV OF SPADES",
    "country_code": "PH",
    "country": "Philippines"
  },
  {
    "username": "EzrealEstorque",
    "followingArtist": "IV OF SPADES",
    "country_code": "PH",
    "country": "Philippines"
  },
  {
    "username": "kersteenbertis",
    "followingArtist": "IV OF SPADES",
    "country_code": "PH",
    "country": "Philippines"
  },
  {
    "username": "Jhunaineb1",
    "followingArtist": "IV OF SPADES",
    "country_code": "US",
    "country": "United States"
  },
  {
    "username": "edwaardjohn",
    "followingArtist": "IV OF SPADES",
    "country_code": "US",
    "country": "United States"
  },
  {
    "username": "njgerongco",
    "followingArtist": "IV OF SPADES",
    "country_code": "PH",
    "country": "Philippines"
  },
  {
    "username": "ObieMiles",
    "followingArtist": "IV OF SPADES",
    "country_code": "PH",
    "country": "Philippines"
  },
  {
    "username": "JhonGrime",
    "followingArtist": "IV OF SPADES",
    "country_code": "PH",
    "country": "Philippines"
  },
  {
    "username": "AllysaMaeFlore1",
    "followingArtist": "IV OF SPADES",
    "country_code": "US",
    "country": "United States"
  },
  {
    "username": "PLiquez",
    "followingArtist": "IV OF SPADES",
    "country_code": "US",
    "country": "United States"
  },
  {
    "username": "nicor103",
    "followingArtist": "IV OF SPADES",
    "country_code": "PH",
    "country": "Philippines"
  },
  {
    "username": "marjorie_caunan",
    "followingArtist": "IV OF SPADES",
    "country_code": "PH",
    "country": "Philippines"
  },
  {
    "username": "innahgueco_",
    "followingArtist": "IV OF SPADES",
    "country_code": "MR",
    "country": "Mauritania"
  },
  {
    "username": "tineeeeyyyyyy",
    "followingArtist": "IV OF SPADES",
    "country_code": "PH",
    "country": "Philippines"
  },
  {
    "username": "ralfarvhie",
    "followingArtist": "IV OF SPADES",
    "country_code": "PH",
    "country": "Philippines"
  },
  {
    "username": "Kenneth77218025",
    "followingArtist": "IV OF SPADES",
    "country_code": "PH",
    "country": "Philippines"
  },
  {
    "username": "sheeynabeyb",
    "followingArtist": "IV OF SPADES",
    "country_code": "US",
    "country": "United States"
  },
  {
    "username": "kate_roqs",
    "followingArtist": "IV OF SPADES",
    "country_code": "PH",
    "country": "Philippines"
  },
  {
    "username": "AbongJonel",
    "followingArtist": "IV OF SPADES",
    "country_code": "US",
    "country": "United States"
  },
  {
    "username": "cuenca_gwynneth",
    "followingArtist": "IV OF SPADES",
    "country_code": "US",
    "country": "United States"
  },
  {
    "username": "HeresJemmy",
    "followingArtist": "IV OF SPADES",
    "country_code": "US",
    "country": "United States"
  },
  {
    "username": "kingmarkysosa",
    "followingArtist": "IV OF SPADES",
    "country_code": "PH",
    "country": "Philippines"
  },
  {
    "username": "norm_gambs13",
    "followingArtist": "IV OF SPADES",
    "country_code": "PH",
    "country": "Philippines"
  },
  {
    "username": "NicoleS71745876",
    "followingArtist": "IV OF SPADES",
    "country_code": "US",
    "country": "United States"
  },
  {
    "username": "JTmbd",
    "followingArtist": "IV OF SPADES",
    "country_code": "PH",
    "country": "Philippines"
  },
  {
    "username": "JhericMoon",
    "followingArtist": "IV OF SPADES",
    "country_code": "PH",
    "country": "Philippines"
  },
  {
    "username": "jealine2",
    "followingArtist": "IV OF SPADES",
    "country_code": "PH",
    "country": "Philippines"
  },
  {
    "username": "athenapasa",
    "followingArtist": "IV OF SPADES",
    "country_code": "US",
    "country": "United States"
  },
  {
    "username": "marcoxx2008",
    "followingArtist": "IV OF SPADES",
    "country_code": "GH",
    "country": "Ghana"
  },
  {
    "username": "Cedrick_Gamatan",
    "followingArtist": "IV OF SPADES",
    "country_code": "US",
    "country": "United States"
  },
  {
    "username": "JaneAlarcon9",
    "followingArtist": "IV OF SPADES",
    "country_code": "US",
    "country": "United States"
  },
  {
    "username": "OwAsantosss",
    "followingArtist": "IV OF SPADES",
    "country_code": "PH",
    "country": "Philippines"
  },
  {
    "username": "NadineVivar",
    "followingArtist": "IV OF SPADES",
    "country_code": "US",
    "country": "United States"
  },
  {
    "username": "JoysAnn5",
    "followingArtist": "IV OF SPADES",
    "country_code": "PH",
    "country": "Philippines"
  },
  {
    "username": "its_awie_88x97",
    "followingArtist": "IV OF SPADES",
    "country_code": "US",
    "country": "United States"
  },
  {
    "username": "Mrkfrrr",
    "followingArtist": "IV OF SPADES",
    "country_code": "US",
    "country": "United States"
  },
  {
    "username": "edd_guia",
    "followingArtist": "IV OF SPADES",
    "country_code": "GB",
    "country": "Northern Ireland"
  },
  {
    "username": "lzh_dvd27",
    "followingArtist": "IV OF SPADES",
    "country_code": "PH",
    "country": "Philippines"
  },
  {
    "username": "imthebing",
    "followingArtist": "IV OF SPADES",
    "country_code": "PH",
    "country": "Philippines"
  },
  {
    "username": "lanyforeverPHL",
    "followingArtist": "IV OF SPADES",
    "country_code": "US",
    "country": "United States"
  },
  {
    "username": "whollyyyy",
    "followingArtist": "IV OF SPADES",
    "country_code": "PH",
    "country": "Philippines"
  },
  {
    "username": "arvieignatius",
    "followingArtist": "IV OF SPADES",
    "country_code": "PH",
    "country": "Philippines"
  },
  {
    "username": "xanthiastrip",
    "followingArtist": "IV OF SPADES",
    "country_code": "US",
    "country": "United States"
  },
  {
    "username": "captainsidsss",
    "followingArtist": "IV OF SPADES",
    "country_code": "US",
    "country": "United States"
  },
  {
    "username": "mutedrebel",
    "followingArtist": "IV OF SPADES",
    "country_code": "NO",
    "country": "Norway"
  },
  {
    "username": "louisitooe",
    "followingArtist": "IV OF SPADES",
    "country_code": "ES",
    "country": "Spain"
  },
  {
    "username": "ArutaJasmine",
    "followingArtist": "IV OF SPADES",
    "country_code": "US",
    "country": "United States"
  },
  {
    "username": "asdfgnatshjkl",
    "followingArtist": "IV OF SPADES",
    "country_code": "US",
    "country": "United States"
  },
  {
    "username": "Theaxx07",
    "followingArtist": "IV OF SPADES",
    "country_code": "PH",
    "country": "Philippines"
  },
  {
    "username": "Sychiuco_20",
    "followingArtist": "IV OF SPADES",
    "country_code": "PH",
    "country": "Philippines"
  },
  {
    "username": "geheyah",
    "followingArtist": "IV OF SPADES",
    "country_code": "PH",
    "country": "Philippines"
  },
  {
    "username": "HamimahKiram",
    "followingArtist": "IV OF SPADES",
    "country_code": "PH",
    "country": "Philippines"
  },
  {
    "username": "aldrynpasco",
    "followingArtist": "IV OF SPADES",
    "country_code": "US",
    "country": "United States"
  },
  {
    "username": "johnbrix88",
    "followingArtist": "IV OF SPADES",
    "country_code": "PH",
    "country": "Philippines"
  },
  {
    "username": "MandaniJay2",
    "followingArtist": "IV OF SPADES",
    "country_code": "GB",
    "country": "Northern Ireland"
  },
  {
    "username": "ellaofdonny",
    "followingArtist": "IV OF SPADES",
    "country_code": "US",
    "country": "United States"
  },
  {
    "username": "gailsue2",
    "followingArtist": "IV OF SPADES",
    "country_code": "FR",
    "country": "France"
  },
  {
    "username": "_arellanogelo",
    "followingArtist": "IV OF SPADES",
    "country_code": "GB",
    "country": "Northern Ireland"
  },
  {
    "username": "barnyoo_jhoness",
    "followingArtist": "IV OF SPADES",
    "country_code": "PH",
    "country": "Philippines"
  },
  {
    "username": "YangCruz15",
    "followingArtist": "IV OF SPADES",
    "country_code": "PH",
    "country": "Philippines"
  },
  {
    "username": "purblrginger",
    "followingArtist": "IV OF SPADES",
    "country_code": "US",
    "country": "United States"
  },
  {
    "username": "ampfotah",
    "followingArtist": "IV OF SPADES",
    "country_code": "US",
    "country": "United States"
  },
  {
    "username": "Lycaann3",
    "followingArtist": "IV OF SPADES",
    "country_code": "US",
    "country": "United States"
  },
  {
    "username": "kylezhienn_",
    "followingArtist": "IV OF SPADES",
    "country_code": "PH",
    "country": "Philippines"
  },
  {
    "username": "carlo10173902",
    "followingArtist": "IV OF SPADES",
    "country_code": "PH",
    "country": "Philippines"
  },
  {
    "username": "elaeamzxc",
    "followingArtist": "IV OF SPADES",
    "country_code": "PH",
    "country": "Philippines"
  },
  {
    "username": "jhoanbucad",
    "followingArtist": "IV OF SPADES",
    "country_code": "PH",
    "country": "Philippines"
  },
  {
    "username": "AlesnaPahit",
    "followingArtist": "IV OF SPADES",
    "country_code": "GB",
    "country": "Northern Ireland"
  },
  {
    "username": "Nclkzmivvs",
    "followingArtist": "IV OF SPADES",
    "country_code": "PH",
    "country": "Philippines"
  },
  {
    "username": "smnthbuendia",
    "followingArtist": "IV OF SPADES",
    "country_code": "FR",
    "country": "France"
  },
  {
    "username": "mattayataya21",
    "followingArtist": "IV OF SPADES",
    "country_code": "BR",
    "country": "Brazil"
  },
  {
    "username": "Memes79196490",
    "followingArtist": "IV OF SPADES",
    "country_code": "PH",
    "country": "Philippines"
  },
  {
    "username": "AllianBrian",
    "followingArtist": "IV OF SPADES",
    "country_code": "PH",
    "country": "Philippines"
  },
  {
    "username": "marupokz",
    "followingArtist": "IV OF SPADES",
    "country_code": "PH",
    "country": "Philippines"
  },
  {
    "username": "ncljin",
    "followingArtist": "IV OF SPADES",
    "country_code": "CO",
    "country": "Colombia"
  },
  {
    "username": "raizapadilla1",
    "followingArtist": "IV OF SPADES",
    "country_code": "US",
    "country": "United States"
  },
  {
    "username": "rchmbbqln",
    "followingArtist": "IV OF SPADES",
    "country_code": "US",
    "country": "United States"
  },
  {
    "username": "Jharmie2",
    "followingArtist": "IV OF SPADES",
    "country_code": "US",
    "country": "United States"
  },
  {
    "username": "iammarlosantos",
    "followingArtist": "IV OF SPADES",
    "country_code": "SI",
    "country": "Slovenia"
  },
  {
    "username": "josephhowardsy",
    "followingArtist": "IV OF SPADES",
    "country_code": "PH",
    "country": "Philippines"
  },
  {
    "username": "JaspherKen",
    "followingArtist": "IV OF SPADES",
    "country_code": "California City Blvd",
    "country": "California City Blvd"
  },
  {
    "username": "ota_nino",
    "followingArtist": "IV OF SPADES",
    "country_code": "PH",
    "country": "Philippines"
  },
  {
    "username": "AbelaaZzy21",
    "followingArtist": "IV OF SPADES",
    "country_code": "PH",
    "country": "Philippines"
  },
  {
    "username": "Jihrrrr",
    "followingArtist": "IV OF SPADES",
    "country_code": "US",
    "country": "United States"
  },
  {
    "username": "Burikatjohnny",
    "followingArtist": "IV OF SPADES",
    "country_code": "PH",
    "country": "Philippines"
  },
  {
    "username": "Yobeojj",
    "followingArtist": "IV OF SPADES",
    "country_code": "US",
    "country": "United States"
  },
  {
    "username": "RamirezMarienne",
    "followingArtist": "IV OF SPADES",
    "country_code": "CA",
    "country": "Canada"
  },
  {
    "username": "pauliciouse",
    "followingArtist": "IV OF SPADES",
    "country_code": "US",
    "country": "United States"
  },
  {
    "username": "Laga_Willow",
    "followingArtist": "IV OF SPADES",
    "country_code": "PK",
    "country": "Pakistan"
  },
  {
    "username": "Claudine16I",
    "followingArtist": "IV OF SPADES",
    "country_code": "PH",
    "country": "Philippines"
  },
  {
    "username": "JhanRegonios",
    "followingArtist": "IV OF SPADES",
    "country_code": "FR",
    "country": "France"
  },
  {
    "username": "AiraBoncs",
    "followingArtist": "IV OF SPADES",
    "country_code": "PH",
    "country": "Philippines"
  },
  {
    "username": "weirdlyAl",
    "followingArtist": "IV OF SPADES",
    "country_code": "PH",
    "country": "Philippines"
  },
  {
    "username": "gilbertandres19",
    "followingArtist": "IV OF SPADES",
    "country_code": "PH",
    "country": "Philippines"
  },
  {
    "username": "BeverlyTongohan",
    "followingArtist": "IV OF SPADES",
    "country_code": "PH",
    "country": "Philippines"
  },
  {
    "username": "layneeboy",
    "followingArtist": "IV OF SPADES",
    "country_code": "PH",
    "country": "Philippines"
  },
  {
    "username": "PaternnR",
    "followingArtist": "IV OF SPADES",
    "country_code": "PH",
    "country": "Philippines"
  },
  {
    "username": "sircarlo06",
    "followingArtist": "IV OF SPADES",
    "country_code": "PH",
    "country": "Philippines"
  },
  {
    "username": "_arkyyy",
    "followingArtist": "IV OF SPADES",
    "country_code": "PH",
    "country": "Philippines"
  },
  {
    "username": "yngbayan",
    "followingArtist": "IV OF SPADES",
    "country_code": "PH",
    "country": "Philippines"
  },
  {
    "username": "arasabalberino",
    "followingArtist": "IV OF SPADES",
    "country_code": "PH",
    "country": "Philippines"
  },
  {
    "username": "cathybantayan",
    "followingArtist": "IV OF SPADES",
    "country_code": "AU",
    "country": "Australia"
  },
  {
    "username": "RovicEspeleta",
    "followingArtist": "IV OF SPADES",
    "country_code": "PH",
    "country": "Philippines"
  },
  {
    "username": "aruen12",
    "followingArtist": "IV OF SPADES",
    "country_code": "US",
    "country": "United States"
  },
  {
    "username": "chesterdadis",
    "followingArtist": "IV OF SPADES",
    "country_code": "PH",
    "country": "Philippines"
  },
  {
    "username": "jeynxxi",
    "followingArtist": "IV OF SPADES",
    "country_code": "KR",
    "country": "South Korea"
  },
  {
    "username": "OnlyDinay",
    "followingArtist": "IV OF SPADES",
    "country_code": "PH",
    "country": "Philippines"
  },
  {
    "username": "xdre600",
    "followingArtist": "IV OF SPADES",
    "country_code": "US",
    "country": "United States"
  },
  {
    "username": "shengsexyyy",
    "followingArtist": "IV OF SPADES",
    "country_code": "PH",
    "country": "Philippines"
  },
  {
    "username": "Sila_Lynette",
    "followingArtist": "IV OF SPADES",
    "country_code": "PH",
    "country": "Philippines"
  },
  {
    "username": "DuatShun",
    "followingArtist": "IV OF SPADES",
    "country_code": "PH",
    "country": "Philippines"
  },
  {
    "username": "Kategem2",
    "followingArtist": "IV OF SPADES",
    "country_code": "US",
    "country": "United States"
  },
  {
    "username": "arjel_mark",
    "followingArtist": "IV OF SPADES",
    "country_code": "PH",
    "country": "Philippines"
  },
  {
    "username": "FafaMigzz",
    "followingArtist": "IV OF SPADES",
    "country_code": "FR",
    "country": "France"
  },
  {
    "username": "marcpalmenco1",
    "followingArtist": "IV OF SPADES",
    "country_code": "PH",
    "country": "Philippines"
  },
  {
    "username": "shanuxshanu",
    "followingArtist": "IV OF SPADES",
    "country_code": "US",
    "country": "United States"
  },
  {
    "username": "NicolasXyrylle",
    "followingArtist": "IV OF SPADES",
    "country_code": "US",
    "country": "United States"
  },
  {
    "username": "witwiwchixx",
    "followingArtist": "IV OF SPADES",
    "country_code": "PH",
    "country": "Philippines"
  },
  {
    "username": "imaaliyahzafra",
    "followingArtist": "IV OF SPADES",
    "country_code": "PG",
    "country": "Papua New Guinea"
  },
  {
    "username": "dorisAnneee",
    "followingArtist": "IV OF SPADES",
    "country_code": "PH",
    "country": "Philippines"
  },
  {
    "username": "ianchan1233",
    "followingArtist": "IV OF SPADES",
    "country_code": "PH",
    "country": "Philippines"
  },
  {
    "username": "DaveCoooo",
    "followingArtist": "IV OF SPADES",
    "country_code": "PK",
    "country": "Pakistan"
  },
  {
    "username": "boblewis07",
    "followingArtist": "IV OF SPADES",
    "country_code": "PH",
    "country": "Philippines"
  },
  {
    "username": "CastilloPhael",
    "followingArtist": "IV OF SPADES",
    "country_code": "PH",
    "country": "Philippines"
  },
  {
    "username": "pat_rick_istar",
    "followingArtist": "IV OF SPADES",
    "country_code": "US",
    "country": "United States"
  },
  {
    "username": "anngrapiza",
    "followingArtist": "IV OF SPADES",
    "country_code": "PH",
    "country": "Philippines"
  },
  {
    "username": "ChescaAmores",
    "followingArtist": "IV OF SPADES",
    "country_code": "PH",
    "country": "Philippines"
  },
  {
    "username": "fjfjcfa",
    "followingArtist": "IV OF SPADES",
    "country_code": "PH",
    "country": "Philippines"
  },
  {
    "username": "docabogwen1",
    "followingArtist": "IV OF SPADES",
    "country_code": "PH",
    "country": "Philippines"
  },
  {
    "username": "AkoaySining",
    "followingArtist": "IV OF SPADES",
    "country_code": "PH",
    "country": "Philippines"
  },
  {
    "username": "dian_amelyha",
    "followingArtist": "IV OF SPADES",
    "country_code": "PH",
    "country": "Philippines"
  },
  {
    "username": "itsjilliananana",
    "followingArtist": "IV OF SPADES",
    "country_code": "US",
    "country": "United States"
  },
  {
    "username": "Jenifer43146951",
    "followingArtist": "IV OF SPADES",
    "country_code": "PH",
    "country": "Philippines"
  },
  {
    "username": "gddldrn_",
    "followingArtist": "IV OF SPADES",
    "country_code": "PH",
    "country": "Philippines"
  },
  {
    "username": "chiiickiee",
    "followingArtist": "IV OF SPADES",
    "country_code": "NZ",
    "country": "New Zealand"
  },
  {
    "username": "IAmClaribels",
    "followingArtist": "IV OF SPADES",
    "country_code": "PH",
    "country": "Philippines"
  },
  {
    "username": "esjey___",
    "followingArtist": "IV OF SPADES",
    "country_code": "PH",
    "country": "Philippines"
  },
  {
    "username": "RiiinPark",
    "followingArtist": "IV OF SPADES",
    "country_code": "KR",
    "country": "South Korea"
  },
  {
    "username": "RegieDelaCruz20",
    "followingArtist": "IV OF SPADES",
    "country_code": "PH",
    "country": "Philippines"
  },
  {
    "username": "JcAbad0",
    "followingArtist": "IV OF SPADES",
    "country_code": "CA",
    "country": "Canada"
  },
  {
    "username": "CliandNajeraa",
    "followingArtist": "IV OF SPADES",
    "country_code": "BR",
    "country": "Brazil"
  },
  {
    "username": "IAMFILIPO",
    "followingArtist": "IV OF SPADES",
    "country_code": "PH",
    "country": "Philippines"
  },
  {
    "username": "thegabbdamnkid",
    "followingArtist": "IV OF SPADES",
    "country_code": "PH",
    "country": "Philippines"
  },
  {
    "username": "httpjillian",
    "followingArtist": "IV OF SPADES",
    "country_code": "PH",
    "country": "Philippines"
  },
  {
    "username": "davedepp69",
    "followingArtist": "IV OF SPADES",
    "country_code": "NO",
    "country": "Norway"
  },
  {
    "username": "kingliyon",
    "followingArtist": "IV OF SPADES",
    "country_code": "MR",
    "country": "Mauritania"
  },
  {
    "username": "KenianOnin",
    "followingArtist": "IV OF SPADES",
    "country_code": "PH",
    "country": "Philippines"
  },
  {
    "username": "prncssmlby",
    "followingArtist": "IV OF SPADES",
    "country_code": "US",
    "country": "United States"
  },
  {
    "username": "whtvremm",
    "followingArtist": "IV OF SPADES",
    "country_code": "US",
    "country": "United States"
  },
  {
    "username": "DessaNdfns",
    "followingArtist": "IV OF SPADES",
    "country_code": "NG",
    "country": "Nigeria"
  },
  {
    "username": "MickayItsme",
    "followingArtist": "IV OF SPADES",
    "country_code": "GB",
    "country": "Northern Ireland"
  },
  {
    "username": "hermsyherms",
    "followingArtist": "IV OF SPADES",
    "country_code": "US",
    "country": "United States"
  },
  {
    "username": "FarizaAliah",
    "followingArtist": "IV OF SPADES",
    "country_code": "NO",
    "country": "Norway"
  },
  {
    "username": "kline_jasper",
    "followingArtist": "IV OF SPADES",
    "country_code": "PH",
    "country": "Philippines"
  },
  {
    "username": "joymejedex",
    "followingArtist": "IV OF SPADES",
    "country_code": "PH",
    "country": "Philippines"
  },
  {
    "username": "ZrnDaZoro",
    "followingArtist": "IV OF SPADES",
    "country_code": "PH",
    "country": "Philippines"
  },
  {
    "username": "jltrilles",
    "followingArtist": "IV OF SPADES",
    "country_code": "PH",
    "country": "Philippines"
  },
  {
    "username": "EdcarylT",
    "followingArtist": "IV OF SPADES",
    "country_code": "PH",
    "country": "Philippines"
  },
  {
    "username": "altejeo19",
    "followingArtist": "IV OF SPADES",
    "country_code": "PH",
    "country": "Philippines"
  },
  {
    "username": "mikkoaraullo_",
    "followingArtist": "IV OF SPADES",
    "country_code": "ZA",
    "country": "South Africa"
  },
  {
    "username": "kawaiimaika",
    "followingArtist": "IV OF SPADES",
    "country_code": "NO",
    "country": "Norway"
  },
  {
    "username": "rpescador_16",
    "followingArtist": "IV OF SPADES",
    "country_code": "PH",
    "country": "Philippines"
  },
  {
    "username": "glodovizajl",
    "followingArtist": "IV OF SPADES",
    "country_code": "PH",
    "country": "Philippines"
  },
  {
    "username": "Ishi79869103",
    "followingArtist": "IV OF SPADES",
    "country_code": "PH",
    "country": "Philippines"
  },
  {
    "username": "jugsjugsjugs",
    "followingArtist": "IV OF SPADES",
    "country_code": "MT",
    "country": "Malta"
  },
  {
    "username": "nikaangulo",
    "followingArtist": "IV OF SPADES",
    "country_code": "LV",
    "country": "Latvia"
  },
  {
    "username": "BienesRose",
    "followingArtist": "IV OF SPADES",
    "country_code": "US",
    "country": "United States"
  },
  {
    "username": "gersenisdaname",
    "followingArtist": "IV OF SPADES",
    "country_code": "US",
    "country": "United States"
  },
  {
    "username": "kate_batan",
    "followingArtist": "IV OF SPADES",
    "country_code": "PH",
    "country": "Philippines"
  },
  {
    "username": "dathaaan",
    "followingArtist": "IV OF SPADES",
    "country_code": "GB",
    "country": "Northern Ireland"
  },
  {
    "username": "Ecka69328598",
    "followingArtist": "IV OF SPADES",
    "country_code": "PH",
    "country": "Philippines"
  },
  {
    "username": "iamatemae",
    "followingArtist": "IV OF SPADES",
    "country_code": "ES",
    "country": "Spain"
  },
  {
    "username": "TheNioBolanos",
    "followingArtist": "IV OF SPADES",
    "country_code": "US",
    "country": "United States"
  },
  {
    "username": "ellexisor",
    "followingArtist": "IV OF SPADES",
    "country_code": "PH",
    "country": "Philippines"
  },
  {
    "username": "burgermobasa",
    "followingArtist": "IV OF SPADES",
    "country_code": "US",
    "country": "United States"
  },
  {
    "username": "iamDaniel73",
    "followingArtist": "IV OF SPADES",
    "country_code": "US",
    "country": "United States"
  },
  {
    "username": "_parkcha",
    "followingArtist": "IV OF SPADES",
    "country_code": "US",
    "country": "United States"
  },
  {
    "username": "Arvin0_0",
    "followingArtist": "IV OF SPADES",
    "country_code": "PH",
    "country": "Philippines"
  },
  {
    "username": "imhoneybee3898",
    "followingArtist": "IV OF SPADES",
    "country_code": "PH",
    "country": "Philippines"
  },
  {
    "username": "KKroooky",
    "followingArtist": "IV OF SPADES",
    "country_code": "US",
    "country": "United States"
  },
  {
    "username": "elsonmendoza1",
    "followingArtist": "IV OF SPADES",
    "country_code": "PH",
    "country": "Philippines"
  },
  {
    "username": "raynecavida_",
    "followingArtist": "IV OF SPADES",
    "country_code": "CL",
    "country": "Chile"
  },
  {
    "username": "lrugebeb",
    "followingArtist": "IV OF SPADES",
    "country_code": "MR",
    "country": "Mauritania"
  },
  {
    "username": "tamdemesa",
    "followingArtist": "IV OF SPADES",
    "country_code": "PH",
    "country": "Philippines"
  },
  {
    "username": "Moana_Jarie",
    "followingArtist": "IV OF SPADES",
    "country_code": "DK",
    "country": "Denmark"
  },
  {
    "username": "_axeldexter",
    "followingArtist": "IV OF SPADES",
    "country_code": "PH",
    "country": "Philippines"
  },
  {
    "username": "shiloers",
    "followingArtist": "IV OF SPADES",
    "country_code": "NG",
    "country": "Nigeria"
  },
  {
    "username": "justandreakeith",
    "followingArtist": "IV OF SPADES",
    "country_code": "GB",
    "country": "Northern Ireland"
  },
  {
    "username": "cervo_anne",
    "followingArtist": "IV OF SPADES",
    "country_code": "PH",
    "country": "Philippines"
  },
  {
    "username": "JlouisePerez",
    "followingArtist": "IV OF SPADES",
    "country_code": "CF",
    "country": "Central African Republic"
  },
  {
    "username": "lester_rave",
    "followingArtist": "IV OF SPADES",
    "country_code": "US",
    "country": "United States"
  },
  {
    "username": "Dekusutaaaaa",
    "followingArtist": "IV OF SPADES",
    "country_code": "PH",
    "country": "Philippines"
  },
  {
    "username": "CanamaLiz",
    "followingArtist": "IV OF SPADES",
    "country_code": "US",
    "country": "United States"
  },
  {
    "username": "Den20908220",
    "followingArtist": "IV OF SPADES",
    "country_code": "PH",
    "country": "Philippines"
  },
  {
    "username": "IamRonnMetierre",
    "followingArtist": "IV OF SPADES",
    "country_code": "GB",
    "country": "Northern Ireland"
  },
  {
    "username": "rdb_ignacio",
    "followingArtist": "IV OF SPADES",
    "country_code": "PH",
    "country": "Philippines"
  },
  {
    "username": "UziNavel",
    "followingArtist": "IV OF SPADES",
    "country_code": "PH",
    "country": "Philippines"
  },
  {
    "username": "2001aldrene",
    "followingArtist": "IV OF SPADES",
    "country_code": "UG",
    "country": "Uganda"
  },
  {
    "username": "Alyssa45148606",
    "followingArtist": "IV OF SPADES",
    "country_code": "US",
    "country": "United States"
  },
  {
    "username": "JasperCatalo",
    "followingArtist": "IV OF SPADES",
    "country_code": "US",
    "country": "United States"
  },
  {
    "username": "gengsczx",
    "followingArtist": "IV OF SPADES",
    "country_code": "US",
    "country": "United States"
  },
  {
    "username": "maiiradie",
    "followingArtist": "IV OF SPADES",
    "country_code": "PH",
    "country": "Philippines"
  },
  {
    "username": "BulsecoDiane",
    "followingArtist": "IV OF SPADES",
    "country_code": "PH",
    "country": "Philippines"
  },
  {
    "username": "ky_kobeissi",
    "followingArtist": "IV OF SPADES",
    "country_code": "NO",
    "country": "Norway"
  },
  {
    "username": "cycyraine08",
    "followingArtist": "IV OF SPADES",
    "country_code": "US",
    "country": "United States"
  },
  {
    "username": "ErwinLloyd6",
    "followingArtist": "IV OF SPADES",
    "country_code": "PH",
    "country": "Philippines"
  },
  {
    "username": "dracvis",
    "followingArtist": "IV OF SPADES",
    "country_code": "CH",
    "country": "Switzerland"
  },
  {
    "username": "cal_leyes",
    "followingArtist": "IV OF SPADES",
    "country_code": "PH",
    "country": "Philippines"
  },
  {
    "username": "bentenitez",
    "followingArtist": "IV OF SPADES",
    "country_code": "JO",
    "country": "Jordan"
  },
  {
    "username": "icospeetmiguel",
    "followingArtist": "IV OF SPADES",
    "country_code": "US",
    "country": "United States"
  },
  {
    "username": "minniiieee1015",
    "followingArtist": "IV OF SPADES",
    "country_code": "PH",
    "country": "Philippines"
  },
  {
    "username": "sadhueman",
    "followingArtist": "IV OF SPADES",
    "country_code": "PH",
    "country": "Philippines"
  },
  {
    "username": "YaTz25658870",
    "followingArtist": "IV OF SPADES",
    "country_code": "US",
    "country": "United States"
  },
  {
    "username": "bellearalar",
    "followingArtist": "IV OF SPADES",
    "country_code": "PH",
    "country": "Philippines"
  },
  {
    "username": "NSJD41",
    "followingArtist": "IV OF SPADES",
    "country_code": "US",
    "country": "United States"
  },
  {
    "username": "tellemclyde",
    "followingArtist": "IV OF SPADES",
    "country_code": "PH",
    "country": "Philippines"
  },
  {
    "username": "AntalanIrish",
    "followingArtist": "IV OF SPADES",
    "country_code": "PH",
    "country": "Philippines"
  },
  {
    "username": "noahsembrano",
    "followingArtist": "IV OF SPADES",
    "country_code": "BJ",
    "country": "Benin"
  },
  {
    "username": "Justin_Jurilla",
    "followingArtist": "IV OF SPADES",
    "country_code": "PH",
    "country": "Philippines"
  },
  {
    "username": "panduuuuuuuuh",
    "followingArtist": "IV OF SPADES",
    "country_code": "FR",
    "country": "France"
  },
  {
    "username": "hyhyhyramtwo",
    "followingArtist": "IV OF SPADES",
    "country_code": "PH",
    "country": "Philippines"
  },
  {
    "username": "lyraleyy",
    "followingArtist": "IV OF SPADES",
    "country_code": "CL",
    "country": "Chile"
  },
  {
    "username": "JuanezaNikko",
    "followingArtist": "IV OF SPADES",
    "country_code": "PH",
    "country": "Philippines"
  },
  {
    "username": "reneandrewsd",
    "followingArtist": "IV OF SPADES",
    "country_code": "PH",
    "country": "Philippines"
  },
  {
    "username": "labyujiminieee",
    "followingArtist": "IV OF SPADES",
    "country_code": "PH",
    "country": "Philippines"
  },
  {
    "username": "uniktae",
    "followingArtist": "IV OF SPADES",
    "country_code": "MX",
    "country": "Mexico"
  },
  {
    "username": "jlsi_",
    "followingArtist": "IV OF SPADES",
    "country_code": "IN",
    "country": "India"
  },
  {
    "username": "blake_jarviss",
    "followingArtist": "IV OF SPADES",
    "country_code": "CA",
    "country": "Canada"
  },
  {
    "username": "meeenggg__",
    "followingArtist": "IV OF SPADES",
    "country_code": "FR",
    "country": "France"
  },
  {
    "username": "DeleonEdeza",
    "followingArtist": "IV OF SPADES",
    "country_code": "TR",
    "country": "Turkey"
  },
  {
    "username": "rentlntn",
    "followingArtist": "IV OF SPADES",
    "country_code": "PH",
    "country": "Philippines"
  },
  {
    "username": "JohnMic66820044",
    "followingArtist": "IV OF SPADES",
    "country_code": "PH",
    "country": "Philippines"
  },
  {
    "username": "rffyclyg",
    "followingArtist": "IV OF SPADES",
    "country_code": "ES",
    "country": "Spain"
  },
  {
    "username": "ClaireUmali8",
    "followingArtist": "IV OF SPADES",
    "country_code": "US",
    "country": "United States"
  },
  {
    "username": "JoyBilay",
    "followingArtist": "IV OF SPADES",
    "country_code": "PH",
    "country": "Philippines"
  },
  {
    "username": "DetteDette3",
    "followingArtist": "IV OF SPADES",
    "country_code": "PH",
    "country": "Philippines"
  },
  {
    "username": "JMangalinao13",
    "followingArtist": "IV OF SPADES",
    "country_code": "SA",
    "country": "Saudi Arabia"
  },
  {
    "username": "_vxnyssz",
    "followingArtist": "IV OF SPADES",
    "country_code": "US",
    "country": "United States"
  },
  {
    "username": "fishcrackerssss",
    "followingArtist": "IV OF SPADES",
    "country_code": "PH",
    "country": "Philippines"
  },
  {
    "username": "matthewlvaldez",
    "followingArtist": "IV OF SPADES",
    "country_code": "TL",
    "country": "TL"
  },
  {
    "username": "alaiza_orencia",
    "followingArtist": "IV OF SPADES",
    "country_code": "AR",
    "country": "Argentina"
  },
  {
    "username": "KardashOcbina",
    "followingArtist": "IV OF SPADES",
    "country_code": "US",
    "country": "United States"
  },
  {
    "username": "semiaquaticpat",
    "followingArtist": "IV OF SPADES",
    "country_code": "IN",
    "country": "India"
  },
  {
    "username": "lovevryyfrvrdy",
    "followingArtist": "IV OF SPADES",
    "country_code": "PH",
    "country": "Philippines"
  },
  {
    "username": "WilliamElester1",
    "followingArtist": "IV OF SPADES",
    "country_code": "PH",
    "country": "Philippines"
  },
  {
    "username": "CindyLight13",
    "followingArtist": "IV OF SPADES",
    "country_code": "PH",
    "country": "Philippines"
  },
  {
    "username": "James_Accell",
    "followingArtist": "IV OF SPADES",
    "country_code": "PH",
    "country": "Philippines"
  },
  {
    "username": "Bentennuebe",
    "followingArtist": "IV OF SPADES",
    "country_code": "PH",
    "country": "Philippines"
  },
  {
    "username": "vhegeta1",
    "followingArtist": "IV OF SPADES",
    "country_code": "PH",
    "country": "Philippines"
  },
  {
    "username": "Angelica1326",
    "followingArtist": "IV OF SPADES",
    "country_code": "PH",
    "country": "Philippines"
  },
  {
    "username": "Denden79987327",
    "followingArtist": "IV OF SPADES",
    "country_code": "US",
    "country": "United States"
  },
  {
    "username": "harold289763440",
    "followingArtist": "IV OF SPADES",
    "country_code": "US",
    "country": "United States"
  },
  {
    "username": "josh__borja",
    "followingArtist": "IV OF SPADES",
    "country_code": "BR",
    "country": "Brazil"
  },
  {
    "username": "Irah52427880",
    "followingArtist": "IV OF SPADES",
    "country_code": "US",
    "country": "United States"
  },
  {
    "username": "DwynVril",
    "followingArtist": "IV OF SPADES",
    "country_code": "JP",
    "country": "Japan"
  },
  {
    "username": "YukiMystery",
    "followingArtist": "IV OF SPADES",
    "country_code": "PH",
    "country": "Philippines"
  },
  {
    "username": "gelmatayag",
    "followingArtist": "IV OF SPADES",
    "country_code": "IE",
    "country": "Ireland"
  },
  {
    "username": "CorpuzDemdem",
    "followingArtist": "IV OF SPADES",
    "country_code": "US",
    "country": "United States"
  },
  {
    "username": "MarieGaira",
    "followingArtist": "IV OF SPADES",
    "country_code": "US",
    "country": "United States"
  },
  {
    "username": "MInoc14",
    "followingArtist": "IV OF SPADES",
    "country_code": "US",
    "country": "United States"
  },
  {
    "username": "erick_canitan",
    "followingArtist": "IV OF SPADES",
    "country_code": "PH",
    "country": "Philippines"
  },
  {
    "username": "dhanrianne1",
    "followingArtist": "IV OF SPADES",
    "country_code": "PH",
    "country": "Philippines"
  },
  {
    "username": "CoyahK",
    "followingArtist": "IV OF SPADES",
    "country_code": "GB",
    "country": "Northern Ireland"
  },
  {
    "username": "Rose16Am",
    "followingArtist": "IV OF SPADES",
    "country_code": "US",
    "country": "United States"
  },
  {
    "username": "sabrinaph_",
    "followingArtist": "IV OF SPADES",
    "country_code": "US",
    "country": "United States"
  },
  {
    "username": "SunshineGagante",
    "followingArtist": "IV OF SPADES",
    "country_code": "US",
    "country": "United States"
  },
  {
    "username": "Cloey86562716",
    "followingArtist": "IV OF SPADES",
    "country_code": "GB",
    "country": "Northern Ireland"
  },
  {
    "username": "im_kathrinaaa",
    "followingArtist": "IV OF SPADES",
    "country_code": "US",
    "country": "United States"
  },
  {
    "username": "JoannaJoyce17",
    "followingArtist": "IV OF SPADES",
    "country_code": "PH",
    "country": "Philippines"
  },
  {
    "username": "_jhncarl",
    "followingArtist": "IV OF SPADES",
    "country_code": "PH",
    "country": "Philippines"
  },
  {
    "username": "Andream54854614",
    "followingArtist": "IV OF SPADES",
    "country_code": "KP",
    "country": "North Korea"
  },
  {
    "username": "RicoGomezLauri1",
    "followingArtist": "IV OF SPADES",
    "country_code": "PH",
    "country": "Philippines"
  },
  {
    "username": "ArcLopres",
    "followingArtist": "IV OF SPADES",
    "country_code": "PH",
    "country": "Philippines"
  },
  {
    "username": "jericko_vargas",
    "followingArtist": "IV OF SPADES",
    "country_code": "PH",
    "country": "Philippines"
  },
  {
    "username": "AngelikaTerant3",
    "followingArtist": "IV OF SPADES",
    "country_code": "US",
    "country": "United States"
  },
  {
    "username": "jupirawr",
    "followingArtist": "IV OF SPADES",
    "country_code": "BR",
    "country": "Brazil"
  },
  {
    "username": "DlRabago",
    "followingArtist": "IV OF SPADES",
    "country_code": "PH",
    "country": "Philippines"
  },
  {
    "username": "__androgynouss",
    "followingArtist": "IV OF SPADES",
    "country_code": "FR",
    "country": "France"
  },
  {
    "username": "fesm0311",
    "followingArtist": "IV OF SPADES",
    "country_code": "PH",
    "country": "Philippines"
  },
  {
    "username": "FreesianPerlas",
    "followingArtist": "IV OF SPADES",
    "country_code": "US",
    "country": "United States"
  },
  {
    "username": "emmanpoito",
    "followingArtist": "IV OF SPADES",
    "country_code": "PH",
    "country": "Philippines"
  },
  {
    "username": "shiloh_twt",
    "followingArtist": "IV OF SPADES",
    "country_code": "US",
    "country": "United States"
  },
  {
    "username": "AlwynCM",
    "followingArtist": "IV OF SPADES",
    "country_code": "US",
    "country": "United States"
  },
  {
    "username": "Jingjin45173932",
    "followingArtist": "IV OF SPADES",
    "country_code": "PH",
    "country": "Philippines"
  },
  {
    "username": "Klarckieboy",
    "followingArtist": "IV OF SPADES",
    "country_code": "PH",
    "country": "Philippines"
  },
  {
    "username": "ArtiolaDanicah",
    "followingArtist": "IV OF SPADES",
    "country_code": "US",
    "country": "United States"
  },
  {
    "username": "EmersonTumampi1",
    "followingArtist": "IV OF SPADES",
    "country_code": "US",
    "country": "United States"
  },
  {
    "username": "cj_casitas",
    "followingArtist": "IV OF SPADES",
    "country_code": "PH",
    "country": "Philippines"
  },
  {
    "username": "RedZapata1",
    "followingArtist": "IV OF SPADES",
    "country_code": "PH",
    "country": "Philippines"
  },
  {
    "username": "DomsueAlbie",
    "followingArtist": "IV OF SPADES",
    "country_code": "IT",
    "country": "Italy"
  },
  {
    "username": "edillllllllll29",
    "followingArtist": "IV OF SPADES",
    "country_code": "PY",
    "country": "Paraguay"
  },
  {
    "username": "carlaaaamnds",
    "followingArtist": "IV OF SPADES",
    "country_code": "PH",
    "country": "Philippines"
  },
  {
    "username": "mjkyott",
    "followingArtist": "IV OF SPADES",
    "country_code": "CA",
    "country": "Canada"
  },
  {
    "username": "joyieemanuel",
    "followingArtist": "IV OF SPADES",
    "country_code": "US",
    "country": "United States"
  },
  {
    "username": "heyyarvino",
    "followingArtist": "IV OF SPADES",
    "country_code": "PH",
    "country": "Philippines"
  },
  {
    "username": "Kent23875560",
    "followingArtist": "IV OF SPADES",
    "country_code": "PH",
    "country": "Philippines"
  },
  {
    "username": "granceluhan17",
    "followingArtist": "IV OF SPADES",
    "country_code": "US",
    "country": "United States"
  },
  {
    "username": "chezkeealcala",
    "followingArtist": "IV OF SPADES",
    "country_code": "IE",
    "country": "Ireland"
  },
  {
    "username": "AnaretaKent",
    "followingArtist": "IV OF SPADES",
    "country_code": "US",
    "country": "United States"
  },
  {
    "username": "anggege_",
    "followingArtist": "IV OF SPADES",
    "country_code": "US",
    "country": "United States"
  },
  {
    "username": "GyrasePrix_",
    "followingArtist": "IV OF SPADES",
    "country_code": "RO",
    "country": "Romania"
  },
  {
    "username": "switchblack99",
    "followingArtist": "IV OF SPADES",
    "country_code": "US",
    "country": "United States"
  },
  {
    "username": "_scarletjane21",
    "followingArtist": "IV OF SPADES",
    "country_code": "PH",
    "country": "Philippines"
  },
  {
    "username": "dang_raicel",
    "followingArtist": "IV OF SPADES",
    "country_code": "PH",
    "country": "Philippines"
  },
  {
    "username": "DAIYOOneo",
    "followingArtist": "IV OF SPADES",
    "country_code": "ID",
    "country": "Indonesia"
  },
  {
    "username": "AlheaMejicano",
    "followingArtist": "IV OF SPADES",
    "country_code": "PH",
    "country": "Philippines"
  },
  {
    "username": "Cassieb19732083",
    "followingArtist": "IV OF SPADES",
    "country_code": "PH",
    "country": "Philippines"
  },
  {
    "username": "PatrickVSantos1",
    "followingArtist": "IV OF SPADES",
    "country_code": "PH",
    "country": "Philippines"
  },
  {
    "username": "ewlinel",
    "followingArtist": "IV OF SPADES",
    "country_code": "US",
    "country": "United States"
  },
  {
    "username": "callme_antonia",
    "followingArtist": "IV OF SPADES",
    "country_code": "PH",
    "country": "Philippines"
  },
  {
    "username": "labitmitz",
    "followingArtist": "IV OF SPADES",
    "country_code": "PH",
    "country": "Philippines"
  },
  {
    "username": "plazajunavin",
    "followingArtist": "IV OF SPADES",
    "country_code": "US",
    "country": "United States"
  },
  {
    "username": "MoiraJimenez7",
    "followingArtist": "IV OF SPADES",
    "country_code": "PH",
    "country": "Philippines"
  },
  {
    "username": "ravenaaa14",
    "followingArtist": "IV OF SPADES",
    "country_code": "UG",
    "country": "Uganda"
  },
  {
    "username": "gwagwapo",
    "followingArtist": "IV OF SPADES",
    "country_code": "AT",
    "country": "Austria"
  },
  {
    "username": "AshantiJersey1",
    "followingArtist": "IV OF SPADES",
    "country_code": "US",
    "country": "United States"
  },
  {
    "username": "Imtrcjanee",
    "followingArtist": "IV OF SPADES",
    "country_code": "PH",
    "country": "Philippines"
  },
  {
    "username": "haya_jamel",
    "followingArtist": "IV OF SPADES",
    "country_code": "PH",
    "country": "Philippines"
  },
  {
    "username": "imCElaine",
    "followingArtist": "IV OF SPADES",
    "country_code": "PH",
    "country": "Philippines"
  },
  {
    "username": "pjphonehome",
    "followingArtist": "IV OF SPADES",
    "country_code": "US",
    "country": "United States"
  },
  {
    "username": "IversonAquino",
    "followingArtist": "IV OF SPADES",
    "country_code": "TR",
    "country": "Turkey"
  },
  {
    "username": "talasopiya",
    "followingArtist": "IV OF SPADES",
    "country_code": "US",
    "country": "United States"
  },
  {
    "username": "AnnaRemoroza",
    "followingArtist": "IV OF SPADES",
    "country_code": "PH",
    "country": "Philippines"
  },
  {
    "username": "risabltzr",
    "followingArtist": "IV OF SPADES",
    "country_code": "US",
    "country": "United States"
  },
  {
    "username": "CjEgamino",
    "followingArtist": "IV OF SPADES",
    "country_code": "MW",
    "country": "Malawi"
  },
  {
    "username": "lauvchim",
    "followingArtist": "IV OF SPADES",
    "country_code": "US",
    "country": "United States"
  },
  {
    "username": "rsepino",
    "followingArtist": "IV OF SPADES",
    "country_code": "PS",
    "country": "Palestinian Territory"
  },
  {
    "username": "wtfingrid_",
    "followingArtist": "IV OF SPADES",
    "country_code": "MR",
    "country": "Mauritania"
  }
]