[
  {
    "username": "td_b_hiro",
    "followingArtist": "SHOGO\uff08175R\uff09",
    "country_code": "SE",
    "country": "Sweden"
  },
  {
    "username": "b1gup",
    "followingArtist": "SHOGO\uff08175R\uff09",
    "country_code": "JP",
    "country": "Japan"
  },
  {
    "username": "atsubotv4649",
    "followingArtist": "SHOGO\uff08175R\uff09",
    "country_code": "GB",
    "country": "Wales"
  },
  {
    "username": "utaiyasosuu",
    "followingArtist": "SHOGO\uff08175R\uff09",
    "country_code": "in",
    "country": "India"
  },
  {
    "username": "JOSmjtaji",
    "followingArtist": "SHOGO\uff08175R\uff09",
    "country_code": "HU",
    "country": "Hungary"
  },
  {
    "username": "kctp_0728",
    "followingArtist": "SHOGO\uff08175R\uff09",
    "country_code": "US",
    "country": "USA"
  },
  {
    "username": "takashimagnon",
    "followingArtist": "SHOGO\uff08175R\uff09",
    "country_code": "BR",
    "country": "Brazil"
  },
  {
    "username": "Rie_scream",
    "followingArtist": "SHOGO\uff08175R\uff09",
    "country_code": "JP",
    "country": "Japan"
  },
  {
    "username": "snoopyfreaks",
    "followingArtist": "SHOGO\uff08175R\uff09",
    "country_code": "US",
    "country": "USA"
  },
  {
    "username": "xSoRaYN",
    "followingArtist": "SHOGO\uff08175R\uff09",
    "country_code": "ES",
    "country": "Spain"
  },
  {
    "username": "KazumaHaruko",
    "followingArtist": "SHOGO\uff08175R\uff09",
    "country_code": "ES",
    "country": "Spain"
  },
  {
    "username": "piyopiyo0105",
    "followingArtist": "SHOGO\uff08175R\uff09",
    "country_code": "JP",
    "country": "Japan"
  },
  {
    "username": "ngaibbdd123",
    "followingArtist": "SHOGO\uff08175R\uff09",
    "country_code": "DK",
    "country": "Denmark"
  },
  {
    "username": "tonchu1",
    "followingArtist": "SHOGO\uff08175R\uff09",
    "country_code": "GB",
    "country": "Wales"
  },
  {
    "username": "atsuko_hi",
    "followingArtist": "SHOGO\uff08175R\uff09",
    "country_code": "JP",
    "country": "Japan"
  },
  {
    "username": "rap1016",
    "followingArtist": "SHOGO\uff08175R\uff09",
    "country_code": "JP",
    "country": "Japan"
  },
  {
    "username": "malapoetra",
    "followingArtist": "SHOGO\uff08175R\uff09",
    "country_code": "US",
    "country": "USA"
  },
  {
    "username": "ayapO78",
    "followingArtist": "SHOGO\uff08175R\uff09",
    "country_code": "JP",
    "country": "Japan"
  },
  {
    "username": "vania_papa",
    "followingArtist": "SHOGO\uff08175R\uff09",
    "country_code": "TK",
    "country": "Tokelau"
  },
  {
    "username": "blastbeats2yur1",
    "followingArtist": "SHOGO\uff08175R\uff09",
    "country_code": "CH",
    "country": "Switzerland"
  },
  {
    "username": "flunattu",
    "followingArtist": "SHOGO\uff08175R\uff09",
    "country_code": "JP",
    "country": "Japan"
  },
  {
    "username": "klolqt_y",
    "followingArtist": "SHOGO\uff08175R\uff09",
    "country_code": "JP",
    "country": "Japan"
  },
  {
    "username": "afghhjjjjjjj",
    "followingArtist": "SHOGO\uff08175R\uff09",
    "country_code": "JP",
    "country": "Japan"
  },
  {
    "username": "20nichime",
    "followingArtist": "SHOGO\uff08175R\uff09",
    "country_code": "GB",
    "country": "Wales"
  },
  {
    "username": "kamenrider71",
    "followingArtist": "SHOGO\uff08175R\uff09",
    "country_code": "US",
    "country": "USA"
  },
  {
    "username": "UD_ONO_DU",
    "followingArtist": "SHOGO\uff08175R\uff09",
    "country_code": "JP",
    "country": "Japan"
  },
  {
    "username": "YuiYatsuda",
    "followingArtist": "SHOGO\uff08175R\uff09",
    "country_code": "JP",
    "country": "Japan"
  },
  {
    "username": "orkemus",
    "followingArtist": "SHOGO\uff08175R\uff09",
    "country_code": "NE",
    "country": "Niger"
  },
  {
    "username": "AloneGrow",
    "followingArtist": "SHOGO\uff08175R\uff09",
    "country_code": "NO",
    "country": "Norway"
  },
  {
    "username": "YA_hiroto_AJ",
    "followingArtist": "SHOGO\uff08175R\uff09",
    "country_code": "JP",
    "country": "Japan"
  },
  {
    "username": "ryohisa",
    "followingArtist": "SHOGO\uff08175R\uff09",
    "country_code": "JP",
    "country": "Japan"
  },
  {
    "username": "ogiita0218",
    "followingArtist": "SHOGO\uff08175R\uff09",
    "country_code": "JP",
    "country": "Japan"
  },
  {
    "username": "laaav9353",
    "followingArtist": "SHOGO\uff08175R\uff09",
    "country_code": "JP",
    "country": "Japan"
  },
  {
    "username": "kazu36361512",
    "followingArtist": "SHOGO\uff08175R\uff09",
    "country_code": "JP",
    "country": "Japan"
  },
  {
    "username": "ahnayan360",
    "followingArtist": "SHOGO\uff08175R\uff09",
    "country_code": "BD",
    "country": "Bangladesh"
  },
  {
    "username": "m_u_t_o",
    "followingArtist": "SHOGO\uff08175R\uff09",
    "country_code": "JP",
    "country": "Japan"
  },
  {
    "username": "takashikozo18",
    "followingArtist": "SHOGO\uff08175R\uff09",
    "country_code": "TK",
    "country": "Tokelau"
  },
  {
    "username": "Risawa1107",
    "followingArtist": "SHOGO\uff08175R\uff09",
    "country_code": "JP",
    "country": "Japan"
  },
  {
    "username": "madynesu",
    "followingArtist": "SHOGO\uff08175R\uff09",
    "country_code": "JP",
    "country": "Japan"
  },
  {
    "username": "identicaltwins3",
    "followingArtist": "SHOGO\uff08175R\uff09",
    "country_code": "JP",
    "country": "Japan"
  },
  {
    "username": "Aipanman1219",
    "followingArtist": "SHOGO\uff08175R\uff09",
    "country_code": "JP",
    "country": "Japan"
  },
  {
    "username": "761musics",
    "followingArtist": "SHOGO\uff08175R\uff09",
    "country_code": "US",
    "country": "USA"
  },
  {
    "username": "vrkluv",
    "followingArtist": "SHOGO\uff08175R\uff09",
    "country_code": "PK",
    "country": "Pakistan"
  },
  {
    "username": "DerrickLaw_97",
    "followingArtist": "SHOGO\uff08175R\uff09",
    "country_code": "CL",
    "country": "Chile"
  },
  {
    "username": "yottyan_mattari",
    "followingArtist": "SHOGO\uff08175R\uff09",
    "country_code": "PG",
    "country": "Papua New Guinea"
  },
  {
    "username": "hirokinTVmaeda",
    "followingArtist": "SHOGO\uff08175R\uff09",
    "country_code": "JP",
    "country": "Japan"
  },
  {
    "username": "tsstardiner",
    "followingArtist": "SHOGO\uff08175R\uff09",
    "country_code": "JP",
    "country": "Japan"
  },
  {
    "username": "landy77993885",
    "followingArtist": "SHOGO\uff08175R\uff09",
    "country_code": "IT",
    "country": "Italy"
  },
  {
    "username": "uw76_nbt",
    "followingArtist": "SHOGO\uff08175R\uff09",
    "country_code": "JP",
    "country": "Japan"
  },
  {
    "username": "ak_uuf",
    "followingArtist": "SHOGO\uff08175R\uff09",
    "country_code": "GB",
    "country": "Wales"
  },
  {
    "username": "unrivaled_00",
    "followingArtist": "SHOGO\uff08175R\uff09",
    "country_code": "JP",
    "country": "Japan"
  },
  {
    "username": "chisunaaaa",
    "followingArtist": "SHOGO\uff08175R\uff09",
    "country_code": "JP",
    "country": "Japan"
  },
  {
    "username": "NOK_EN",
    "followingArtist": "SHOGO\uff08175R\uff09",
    "country_code": "GB",
    "country": "Wales"
  },
  {
    "username": "daipon_ENTH",
    "followingArtist": "SHOGO\uff08175R\uff09",
    "country_code": "JP",
    "country": "Japan"
  },
  {
    "username": "246emi246",
    "followingArtist": "SHOGO\uff08175R\uff09",
    "country_code": "JP",
    "country": "Japan"
  },
  {
    "username": "tsujipengin",
    "followingArtist": "SHOGO\uff08175R\uff09",
    "country_code": "JP",
    "country": "Japan"
  },
  {
    "username": "Qgdgmpmpmg",
    "followingArtist": "SHOGO\uff08175R\uff09",
    "country_code": "NG",
    "country": "Nigeria"
  },
  {
    "username": "rn9174uw",
    "followingArtist": "SHOGO\uff08175R\uff09",
    "country_code": "GB",
    "country": "Wales"
  },
  {
    "username": "tatsuya_box",
    "followingArtist": "SHOGO\uff08175R\uff09",
    "country_code": "CZ",
    "country": "Czech Republic"
  },
  {
    "username": "Trigger_yuki",
    "followingArtist": "SHOGO\uff08175R\uff09",
    "country_code": "JP",
    "country": "Japan"
  },
  {
    "username": "8b43a1a8da1b443",
    "followingArtist": "SHOGO\uff08175R\uff09",
    "country_code": "GB",
    "country": "Wales"
  },
  {
    "username": "1232uw",
    "followingArtist": "SHOGO\uff08175R\uff09",
    "country_code": "GB",
    "country": "Wales"
  },
  {
    "username": "mo_2_ya_3",
    "followingArtist": "SHOGO\uff08175R\uff09",
    "country_code": "GB",
    "country": "Wales"
  },
  {
    "username": "baixue0929",
    "followingArtist": "SHOGO\uff08175R\uff09",
    "country_code": "JP",
    "country": "Japan"
  },
  {
    "username": "hanahana1625",
    "followingArtist": "SHOGO\uff08175R\uff09",
    "country_code": "JP",
    "country": "Japan"
  },
  {
    "username": "_mrzgasuki",
    "followingArtist": "SHOGO\uff08175R\uff09",
    "country_code": "JP",
    "country": "Japan"
  },
  {
    "username": "____bkh",
    "followingArtist": "SHOGO\uff08175R\uff09",
    "country_code": "JP",
    "country": "Japan"
  },
  {
    "username": "naokitty0608",
    "followingArtist": "SHOGO\uff08175R\uff09",
    "country_code": "JP",
    "country": "Japan"
  },
  {
    "username": "bokukotetu",
    "followingArtist": "SHOGO\uff08175R\uff09",
    "country_code": "JP",
    "country": "Japan"
  },
  {
    "username": "shkaakdu",
    "followingArtist": "SHOGO\uff08175R\uff09",
    "country_code": "US",
    "country": "USA"
  },
  {
    "username": "eno_risa",
    "followingArtist": "SHOGO\uff08175R\uff09",
    "country_code": "JP",
    "country": "Japan"
  },
  {
    "username": "shogo_tachibana",
    "followingArtist": "SHOGO\uff08175R\uff09",
    "country_code": "JP",
    "country": "Japan"
  },
  {
    "username": "4027_am",
    "followingArtist": "SHOGO\uff08175R\uff09",
    "country_code": "GB",
    "country": "Wales"
  },
  {
    "username": "iwsk26",
    "followingArtist": "SHOGO\uff08175R\uff09",
    "country_code": "JP",
    "country": "Japan"
  },
  {
    "username": "kei08wakuwaku",
    "followingArtist": "SHOGO\uff08175R\uff09",
    "country_code": "TK",
    "country": "Tokelau"
  },
  {
    "username": "1k7e5nR",
    "followingArtist": "SHOGO\uff08175R\uff09",
    "country_code": "CZ",
    "country": "Czech Republic"
  },
  {
    "username": "take_h2",
    "followingArtist": "SHOGO\uff08175R\uff09",
    "country_code": "US",
    "country": "USA"
  },
  {
    "username": "b_d_b_d_999",
    "followingArtist": "SHOGO\uff08175R\uff09",
    "country_code": "BR",
    "country": "Brazil"
  },
  {
    "username": "harurabbits",
    "followingArtist": "SHOGO\uff08175R\uff09",
    "country_code": "JP",
    "country": "Japan"
  },
  {
    "username": "ma_na_m_i_m_an",
    "followingArtist": "SHOGO\uff08175R\uff09",
    "country_code": "JP",
    "country": "Japan"
  },
  {
    "username": "kenske19890120",
    "followingArtist": "SHOGO\uff08175R\uff09",
    "country_code": "JP",
    "country": "Japan"
  },
  {
    "username": "risaaa884",
    "followingArtist": "SHOGO\uff08175R\uff09",
    "country_code": "US",
    "country": "USA"
  },
  {
    "username": "1_rock_7",
    "followingArtist": "SHOGO\uff08175R\uff09",
    "country_code": "UG",
    "country": "Uganda"
  },
  {
    "username": "mori2416",
    "followingArtist": "SHOGO\uff08175R\uff09",
    "country_code": "JP",
    "country": "Japan"
  },
  {
    "username": "saa29_rock",
    "followingArtist": "SHOGO\uff08175R\uff09",
    "country_code": "JP",
    "country": "Japan"
  },
  {
    "username": "ontheradioevery",
    "followingArtist": "SHOGO\uff08175R\uff09",
    "country_code": "IN",
    "country": "India"
  },
  {
    "username": "SHiHOgizmo",
    "followingArtist": "SHOGO\uff08175R\uff09",
    "country_code": "JP",
    "country": "Japan"
  },
  {
    "username": "hitooomiiiiiii",
    "followingArtist": "SHOGO\uff08175R\uff09",
    "country_code": "GB",
    "country": "Wales"
  },
  {
    "username": "monmonmmmmmm",
    "followingArtist": "SHOGO\uff08175R\uff09",
    "country_code": "JP",
    "country": "Japan"
  },
  {
    "username": "yamhaaanao",
    "followingArtist": "SHOGO\uff08175R\uff09",
    "country_code": "JP",
    "country": "Japan"
  },
  {
    "username": "lgi1226",
    "followingArtist": "SHOGO\uff08175R\uff09",
    "country_code": "JP",
    "country": "Japan"
  },
  {
    "username": "yuchin180",
    "followingArtist": "SHOGO\uff08175R\uff09",
    "country_code": "US",
    "country": "USA"
  },
  {
    "username": "kevin_otw",
    "followingArtist": "SHOGO\uff08175R\uff09",
    "country_code": "California City Blvd",
    "country": "California City Blvd"
  },
  {
    "username": "showtaimedot56",
    "followingArtist": "SHOGO\uff08175R\uff09",
    "country_code": "CO",
    "country": "Colombia"
  },
  {
    "username": "k_hska",
    "followingArtist": "SHOGO\uff08175R\uff09",
    "country_code": "RU",
    "country": "Russia"
  },
  {
    "username": "NubiaKogy",
    "followingArtist": "SHOGO\uff08175R\uff09",
    "country_code": "RU",
    "country": "Russia"
  },
  {
    "username": "Ragga_beat",
    "followingArtist": "SHOGO\uff08175R\uff09",
    "country_code": "JP",
    "country": "Japan"
  },
  {
    "username": "kaede072loveika",
    "followingArtist": "SHOGO\uff08175R\uff09",
    "country_code": "JP",
    "country": "Japan"
  },
  {
    "username": "175R126",
    "followingArtist": "SHOGO\uff08175R\uff09",
    "country_code": "JP",
    "country": "Japan"
  },
  {
    "username": "waka_1007",
    "followingArtist": "SHOGO\uff08175R\uff09",
    "country_code": "JP",
    "country": "Japan"
  },
  {
    "username": "YUZUPON0918",
    "followingArtist": "SHOGO\uff08175R\uff09",
    "country_code": "JP",
    "country": "Japan"
  },
  {
    "username": "m_abcjdayu",
    "followingArtist": "SHOGO\uff08175R\uff09",
    "country_code": "JP",
    "country": "Japan"
  },
  {
    "username": "ItanoMetal",
    "followingArtist": "SHOGO\uff08175R\uff09",
    "country_code": "DE",
    "country": "Germany"
  },
  {
    "username": "SHAKACATS_0428",
    "followingArtist": "SHOGO\uff08175R\uff09",
    "country_code": "JP",
    "country": "Japan"
  },
  {
    "username": "rboyrurun88",
    "followingArtist": "SHOGO\uff08175R\uff09",
    "country_code": "GB",
    "country": "Wales"
  },
  {
    "username": "inayume17",
    "followingArtist": "SHOGO\uff08175R\uff09",
    "country_code": "GB",
    "country": "Wales"
  },
  {
    "username": "gmkz_m9",
    "followingArtist": "SHOGO\uff08175R\uff09",
    "country_code": "JP",
    "country": "Japan"
  },
  {
    "username": "okiajapan",
    "followingArtist": "SHOGO\uff08175R\uff09",
    "country_code": "JP",
    "country": "Japan"
  },
  {
    "username": "mamierueru",
    "followingArtist": "SHOGO\uff08175R\uff09",
    "country_code": "BR",
    "country": "Brazil"
  },
  {
    "username": "Yuki_Ogimi",
    "followingArtist": "SHOGO\uff08175R\uff09",
    "country_code": "US",
    "country": "USA"
  },
  {
    "username": "namidbx",
    "followingArtist": "SHOGO\uff08175R\uff09",
    "country_code": "GB",
    "country": "Wales"
  },
  {
    "username": "MIIKO751",
    "followingArtist": "SHOGO\uff08175R\uff09",
    "country_code": "JP",
    "country": "Japan"
  },
  {
    "username": "yuta_matsuki",
    "followingArtist": "SHOGO\uff08175R\uff09",
    "country_code": "JP",
    "country": "Japan"
  },
  {
    "username": "mayo_rizer",
    "followingArtist": "SHOGO\uff08175R\uff09",
    "country_code": "JP",
    "country": "Japan"
  },
  {
    "username": "TOKYOLOUD",
    "followingArtist": "SHOGO\uff08175R\uff09",
    "country_code": "JP",
    "country": "Japan"
  },
  {
    "username": "daiconium",
    "followingArtist": "SHOGO\uff08175R\uff09",
    "country_code": "SE",
    "country": "Sweden"
  }
]