[
  {
    "username": "NWidia30",
    "followingArtist": "win butler",
    "country_code": "IN",
    "country": "India"
  },
  {
    "username": "Mii15221608",
    "followingArtist": "win butler",
    "country_code": "US",
    "country": "USA"
  },
  {
    "username": "purplewalker",
    "followingArtist": "win butler",
    "country_code": "JP",
    "country": "Japan"
  },
  {
    "username": "Ss1282625",
    "followingArtist": "win butler",
    "country_code": "JP",
    "country": "Japan"
  },
  {
    "username": "M1092N",
    "followingArtist": "win butler",
    "country_code": "RO",
    "country": "Romania"
  },
  {
    "username": "NayiTVJapan",
    "followingArtist": "win butler",
    "country_code": "DK",
    "country": "Denmark"
  },
  {
    "username": "Dreamsawus",
    "followingArtist": "win butler",
    "country_code": "US",
    "country": "USA"
  },
  {
    "username": "mxboe",
    "followingArtist": "win butler",
    "country_code": "CZ",
    "country": "Czech Republic"
  },
  {
    "username": "Qetic",
    "followingArtist": "win butler",
    "country_code": "JP",
    "country": "Japan"
  },
  {
    "username": "yuhi_11Lq8",
    "followingArtist": "win butler",
    "country_code": "JP",
    "country": "Japan"
  },
  {
    "username": "Tokyoclassic1",
    "followingArtist": "win butler",
    "country_code": "JP",
    "country": "Japan"
  },
  {
    "username": "_____y0r0a_____",
    "followingArtist": "win butler",
    "country_code": "JP",
    "country": "Japan"
  },
  {
    "username": "Zaminator125",
    "followingArtist": "win butler",
    "country_code": "California City Blvd",
    "country": "California City Blvd"
  },
  {
    "username": "aborsi_semarang",
    "followingArtist": "win butler",
    "country_code": "ID",
    "country": "Indonesia"
  },
  {
    "username": "hitomin_000",
    "followingArtist": "win butler",
    "country_code": "JP",
    "country": "Japan"
  },
  {
    "username": "fs_fs_rm",
    "followingArtist": "win butler",
    "country_code": "CZ",
    "country": "Czech Republic"
  },
  {
    "username": "yomogidango0625",
    "followingArtist": "win butler",
    "country_code": "JP",
    "country": "Japan"
  },
  {
    "username": "music_heart831",
    "followingArtist": "win butler",
    "country_code": "JP",
    "country": "Japan"
  },
  {
    "username": "kenkenishiken",
    "followingArtist": "win butler",
    "country_code": "JP",
    "country": "Japan"
  },
  {
    "username": "yuuki18165",
    "followingArtist": "win butler",
    "country_code": "JP",
    "country": "Japan"
  },
  {
    "username": "king04074771",
    "followingArtist": "win butler",
    "country_code": "JP",
    "country": "Japan"
  },
  {
    "username": "yuistoro",
    "followingArtist": "win butler",
    "country_code": "JP",
    "country": "Japan"
  },
  {
    "username": "ken_hanscom",
    "followingArtist": "win butler",
    "country_code": "US",
    "country": "USA"
  },
  {
    "username": "AAAshinchiaosi",
    "followingArtist": "win butler",
    "country_code": "US",
    "country": "USA"
  },
  {
    "username": "jamestephanie17",
    "followingArtist": "win butler",
    "country_code": "US",
    "country": "USA"
  },
  {
    "username": "Tracybloom112",
    "followingArtist": "win butler",
    "country_code": "US",
    "country": "USA"
  },
  {
    "username": "slzw6666",
    "followingArtist": "win butler",
    "country_code": "US",
    "country": "USA"
  },
  {
    "username": "Rajsing78019293",
    "followingArtist": "win butler",
    "country_code": "US",
    "country": "USA"
  },
  {
    "username": "hitomi12345vv",
    "followingArtist": "win butler",
    "country_code": "CZ",
    "country": "Czech Republic"
  },
  {
    "username": "mushigoli",
    "followingArtist": "win butler",
    "country_code": "JP",
    "country": "Japan"
  },
  {
    "username": "Jnishiyan",
    "followingArtist": "win butler",
    "country_code": "JP",
    "country": "Japan"
  },
  {
    "username": "xml_xsl",
    "followingArtist": "win butler",
    "country_code": "JP",
    "country": "Japan"
  },
  {
    "username": "keiko_therapist",
    "followingArtist": "win butler",
    "country_code": "JP",
    "country": "Japan"
  },
  {
    "username": "cjeBcm46G9KAzfH",
    "followingArtist": "win butler",
    "country_code": "JP",
    "country": "Japan"
  },
  {
    "username": "muhammad_syits8",
    "followingArtist": "win butler",
    "country_code": "ID",
    "country": "Indonesia"
  },
  {
    "username": "601_601_601",
    "followingArtist": "win butler",
    "country_code": "KR",
    "country": "South Korea"
  },
  {
    "username": "EVENING_MUSIC",
    "followingArtist": "win butler",
    "country_code": "JP",
    "country": "Japan"
  },
  {
    "username": "ulfles",
    "followingArtist": "win butler",
    "country_code": "JP",
    "country": "Japan"
  },
  {
    "username": "musashi_art",
    "followingArtist": "win butler",
    "country_code": "JP",
    "country": "Japan"
  },
  {
    "username": "emiiiii_1111",
    "followingArtist": "win butler",
    "country_code": "JP",
    "country": "Japan"
  },
  {
    "username": "12hyMy",
    "followingArtist": "win butler",
    "country_code": "JP",
    "country": "Japan"
  },
  {
    "username": "takeshIi_ishii",
    "followingArtist": "win butler",
    "country_code": "JP",
    "country": "Japan"
  },
  {
    "username": "caburah",
    "followingArtist": "win butler",
    "country_code": "JP",
    "country": "Japan"
  },
  {
    "username": "Deby_Deuuyis",
    "followingArtist": "win butler",
    "country_code": "US",
    "country": "USA"
  },
  {
    "username": "takao_sakai",
    "followingArtist": "win butler",
    "country_code": "JP",
    "country": "Japan"
  },
  {
    "username": "poppochan2",
    "followingArtist": "win butler",
    "country_code": "JP",
    "country": "Japan"
  },
  {
    "username": "afuca_o",
    "followingArtist": "win butler",
    "country_code": "US",
    "country": "USA"
  },
  {
    "username": "lonelyboy9093",
    "followingArtist": "win butler",
    "country_code": "US",
    "country": "USA"
  },
  {
    "username": "70__182",
    "followingArtist": "win butler",
    "country_code": "CA",
    "country": "Canada"
  },
  {
    "username": "_yuka_ohno_",
    "followingArtist": "win butler",
    "country_code": "JP",
    "country": "Japan"
  },
  {
    "username": "77namie",
    "followingArtist": "win butler",
    "country_code": "JP",
    "country": "Japan"
  },
  {
    "username": "iza25_music",
    "followingArtist": "win butler",
    "country_code": "US",
    "country": "USA"
  },
  {
    "username": "MhJsMfKsHs91513",
    "followingArtist": "win butler",
    "country_code": "HU",
    "country": "Hungary"
  },
  {
    "username": "miru_maru__",
    "followingArtist": "win butler",
    "country_code": "BR",
    "country": "Brazil"
  },
  {
    "username": "sleepy2mouse",
    "followingArtist": "win butler",
    "country_code": "JP",
    "country": "Japan"
  },
  {
    "username": "hyrod16",
    "followingArtist": "win butler",
    "country_code": "US",
    "country": "USA"
  },
  {
    "username": "snap_0618",
    "followingArtist": "win butler",
    "country_code": "JP",
    "country": "Japan"
  },
  {
    "username": "l5o3v1eyuka",
    "followingArtist": "win butler",
    "country_code": "JP",
    "country": "Japan"
  },
  {
    "username": "don_pre_bass",
    "followingArtist": "win butler",
    "country_code": "NL",
    "country": "Netherlands"
  },
  {
    "username": "shidaroyuki",
    "followingArtist": "win butler",
    "country_code": "JP",
    "country": "Japan"
  },
  {
    "username": "Nishi_ji_max",
    "followingArtist": "win butler",
    "country_code": "JP",
    "country": "Japan"
  },
  {
    "username": "bubhouse",
    "followingArtist": "win butler",
    "country_code": "JP",
    "country": "Japan"
  },
  {
    "username": "imai04266222",
    "followingArtist": "win butler",
    "country_code": "JP",
    "country": "Japan"
  },
  {
    "username": "We_are_Kotatoo",
    "followingArtist": "win butler",
    "country_code": "PS",
    "country": "Palestinian Territory"
  },
  {
    "username": "hiroyuking11",
    "followingArtist": "win butler",
    "country_code": "JP",
    "country": "Japan"
  },
  {
    "username": "BroakMehara",
    "followingArtist": "win butler",
    "country_code": "IN",
    "country": "India"
  },
  {
    "username": "kam_hon",
    "followingArtist": "win butler",
    "country_code": "US",
    "country": "USA"
  },
  {
    "username": "nagimusic",
    "followingArtist": "win butler",
    "country_code": "JP",
    "country": "Japan"
  },
  {
    "username": "m_neno",
    "followingArtist": "win butler",
    "country_code": "JP",
    "country": "Japan"
  },
  {
    "username": "apfelian",
    "followingArtist": "win butler",
    "country_code": "JP",
    "country": "Japan"
  },
  {
    "username": "parrowall",
    "followingArtist": "win butler",
    "country_code": "JP",
    "country": "Japan"
  },
  {
    "username": "Sumidaku_Guide",
    "followingArtist": "win butler",
    "country_code": "JP",
    "country": "Japan"
  },
  {
    "username": "Nerimaku_Guide",
    "followingArtist": "win butler",
    "country_code": "JP",
    "country": "Japan"
  },
  {
    "username": "Oshokuji_Guide",
    "followingArtist": "win butler",
    "country_code": "JP",
    "country": "Japan"
  },
  {
    "username": "Unsou_Guide",
    "followingArtist": "win butler",
    "country_code": "JP",
    "country": "Japan"
  },
  {
    "username": "Syusyoku_Guide",
    "followingArtist": "win butler",
    "country_code": "JP",
    "country": "Japan"
  },
  {
    "username": "Sousiki_Guide",
    "followingArtist": "win butler",
    "country_code": "JP",
    "country": "Japan"
  },
  {
    "username": "Toshimaku_Guide",
    "followingArtist": "win butler",
    "country_code": "JP",
    "country": "Japan"
  },
  {
    "username": "Kyoto_Guide2",
    "followingArtist": "win butler",
    "country_code": "JP",
    "country": "Japan"
  },
  {
    "username": "anikapapa",
    "followingArtist": "win butler",
    "country_code": "US",
    "country": "USA"
  },
  {
    "username": "Dokusyo_Guide",
    "followingArtist": "win butler",
    "country_code": "JP",
    "country": "Japan"
  },
  {
    "username": "Ginkou_Guide",
    "followingArtist": "win butler",
    "country_code": "JP",
    "country": "Japan"
  },
  {
    "username": "Suginamiku_Guid",
    "followingArtist": "win butler",
    "country_code": "JP",
    "country": "Japan"
  },
  {
    "username": "markredito",
    "followingArtist": "win butler",
    "country_code": "NG",
    "country": "Nigeria"
  },
  {
    "username": "NkikkReko",
    "followingArtist": "win butler",
    "country_code": "JP",
    "country": "Japan"
  },
  {
    "username": "meamkon",
    "followingArtist": "win butler",
    "country_code": "DK",
    "country": "Denmark"
  },
  {
    "username": "nakamint",
    "followingArtist": "win butler",
    "country_code": "JP",
    "country": "Japan"
  },
  {
    "username": "sugar666",
    "followingArtist": "win butler",
    "country_code": "JP",
    "country": "Japan"
  },
  {
    "username": "Chuuouku_Guide",
    "followingArtist": "win butler",
    "country_code": "JP",
    "country": "Japan"
  },
  {
    "username": "Osaka_Guide",
    "followingArtist": "win butler",
    "country_code": "JP",
    "country": "Japan"
  },
  {
    "username": "lllllRlllll",
    "followingArtist": "win butler",
    "country_code": "JP",
    "country": "Japan"
  },
  {
    "username": "smapkanapyon",
    "followingArtist": "win butler",
    "country_code": "JP",
    "country": "Japan"
  },
  {
    "username": "keito_aoi",
    "followingArtist": "win butler",
    "country_code": "US",
    "country": "USA"
  },
  {
    "username": "okjmysk",
    "followingArtist": "win butler",
    "country_code": "JP",
    "country": "Japan"
  },
  {
    "username": "miorin0528",
    "followingArtist": "win butler",
    "country_code": "US",
    "country": "USA"
  },
  {
    "username": "newwavebob",
    "followingArtist": "win butler",
    "country_code": "CZ",
    "country": "Czech Republic"
  },
  {
    "username": "Minatoku_Guide",
    "followingArtist": "win butler",
    "country_code": "JP",
    "country": "Japan"
  },
  {
    "username": "sharelocksrhm56",
    "followingArtist": "win butler",
    "country_code": "CO",
    "country": "Colombia"
  },
  {
    "username": "Setagaya_Guide",
    "followingArtist": "win butler",
    "country_code": "JP",
    "country": "Japan"
  },
  {
    "username": "Nakanoku_Guide",
    "followingArtist": "win butler",
    "country_code": "JP",
    "country": "Japan"
  },
  {
    "username": "hellomsyui",
    "followingArtist": "win butler",
    "country_code": "JM",
    "country": "Jamaica"
  },
  {
    "username": "Tokyo_Shi_Guide",
    "followingArtist": "win butler",
    "country_code": "JP",
    "country": "Japan"
  },
  {
    "username": "Server_Guide",
    "followingArtist": "win butler",
    "country_code": "JP",
    "country": "Japan"
  },
  {
    "username": "mery_kaiulani",
    "followingArtist": "win butler",
    "country_code": "SE",
    "country": "Sweden"
  },
  {
    "username": "qIYfaKeIIaLgpnR",
    "followingArtist": "win butler",
    "country_code": "US",
    "country": "USA"
  },
  {
    "username": "thinkikgtime",
    "followingArtist": "win butler",
    "country_code": "JP",
    "country": "Japan"
  },
  {
    "username": "phonicsmasterc2",
    "followingArtist": "win butler",
    "country_code": "BR",
    "country": "Brazil"
  },
  {
    "username": "peeAAA1",
    "followingArtist": "win butler",
    "country_code": "JP",
    "country": "Japan"
  },
  {
    "username": "positive_sence1",
    "followingArtist": "win butler",
    "country_code": "US",
    "country": "USA"
  },
  {
    "username": "RAMBOCHAN4",
    "followingArtist": "win butler",
    "country_code": "IT",
    "country": "Italy"
  },
  {
    "username": "nanahtokyo_jp",
    "followingArtist": "win butler",
    "country_code": "JP",
    "country": "Japan"
  },
  {
    "username": "lynsky",
    "followingArtist": "win butler",
    "country_code": "JP",
    "country": "Japan"
  },
  {
    "username": "tun_kc",
    "followingArtist": "win butler",
    "country_code": "TH",
    "country": "Thailand"
  },
  {
    "username": "Hanabi84281911",
    "followingArtist": "win butler",
    "country_code": "NL",
    "country": "Netherlands"
  },
  {
    "username": "jakenjake212",
    "followingArtist": "win butler",
    "country_code": "US",
    "country": "USA"
  },
  {
    "username": "Chiyodaku_Guide",
    "followingArtist": "win butler",
    "country_code": "JP",
    "country": "Japan"
  },
  {
    "username": "airiz0526",
    "followingArtist": "win butler",
    "country_code": "JP",
    "country": "Japan"
  },
  {
    "username": "TMangalo",
    "followingArtist": "win butler",
    "country_code": "IN",
    "country": "India"
  },
  {
    "username": "b09Vfz9ipj8REI9",
    "followingArtist": "win butler",
    "country_code": "CN",
    "country": "China"
  },
  {
    "username": "Bunkyouku_Guide",
    "followingArtist": "win butler",
    "country_code": "JP",
    "country": "Japan"
  },
  {
    "username": "tUxqbR853sW3TGb",
    "followingArtist": "win butler",
    "country_code": "Pennsylvania Furnace Rd",
    "country": "Pennsylvania Furnace Rd"
  },
  {
    "username": "dyldbbm",
    "followingArtist": "win butler",
    "country_code": "CN",
    "country": "China"
  },
  {
    "username": "sunnyfurtado",
    "followingArtist": "win butler",
    "country_code": "IN",
    "country": "India"
  },
  {
    "username": "DoraLauerO",
    "followingArtist": "win butler",
    "country_code": "PT",
    "country": "Portugal"
  },
  {
    "username": "Cynthia_TinCY",
    "followingArtist": "win butler",
    "country_code": "CN",
    "country": "China"
  },
  {
    "username": "mybizzaremind",
    "followingArtist": "win butler",
    "country_code": "US",
    "country": "USA"
  },
  {
    "username": "yuka_ohno_",
    "followingArtist": "win butler",
    "country_code": "JP",
    "country": "Japan"
  },
  {
    "username": "gHQT9VZZSQ93jm1",
    "followingArtist": "win butler",
    "country_code": "CN",
    "country": "China"
  },
  {
    "username": "Ophelia_1999",
    "followingArtist": "win butler",
    "country_code": "US",
    "country": "USA"
  },
  {
    "username": "kid_manh",
    "followingArtist": "win butler",
    "country_code": "KR",
    "country": "South Korea"
  },
  {
    "username": "cris60678255",
    "followingArtist": "win butler",
    "country_code": "US",
    "country": "USA"
  },
  {
    "username": "AmirTam39336660",
    "followingArtist": "win butler",
    "country_code": "JP",
    "country": "Japan"
  },
  {
    "username": "CHENJIAYING19",
    "followingArtist": "win butler",
    "country_code": "SE",
    "country": "Sweden"
  },
  {
    "username": "DylanWalter20",
    "followingArtist": "win butler",
    "country_code": "US",
    "country": "USA"
  }
]