[
  {
    "username": "Jegboy1",
    "followingArtist": "SCANDAL",
    "country_code": "PH",
    "country": "Philippines"
  },
  {
    "username": "BenoitZambo",
    "followingArtist": "SCANDAL",
    "country_code": "CH",
    "country": "Switzerland"
  },
  {
    "username": "kkbox87",
    "followingArtist": "SCANDAL",
    "country_code": "TW",
    "country": "Taiwan"
  },
  {
    "username": "g_kuduz",
    "followingArtist": "SCANDAL",
    "country_code": "ZW",
    "country": "Zimbabwe"
  },
  {
    "username": "KupakwasheB",
    "followingArtist": "SCANDAL",
    "country_code": "ZW",
    "country": "Zimbabwe"
  },
  {
    "username": "jonelle44471348",
    "followingArtist": "SCANDAL",
    "country_code": "SA",
    "country": "Saudi Arabia"
  },
  {
    "username": "luva1027",
    "followingArtist": "SCANDAL",
    "country_code": "ZA",
    "country": "South Africa"
  },
  {
    "username": "kenshin_77",
    "followingArtist": "SCANDAL",
    "country_code": "BR",
    "country": "Brazil"
  },
  {
    "username": "andrew99001",
    "followingArtist": "SCANDAL",
    "country_code": "TW",
    "country": "Taiwan"
  },
  {
    "username": "Dupecat",
    "followingArtist": "SCANDAL",
    "country_code": "US",
    "country": "USA"
  },
  {
    "username": "hasen_mzi",
    "followingArtist": "SCANDAL",
    "country_code": "BJ",
    "country": "Benin"
  },
  {
    "username": "hyocinth",
    "followingArtist": "SCANDAL",
    "country_code": "US",
    "country": "USA"
  },
  {
    "username": "Batista89273822",
    "followingArtist": "SCANDAL",
    "country_code": "ES",
    "country": "Spain"
  },
  {
    "username": "Emaknye_Nayya",
    "followingArtist": "SCANDAL",
    "country_code": "ID",
    "country": "Indonesia"
  },
  {
    "username": "chiefffk",
    "followingArtist": "SCANDAL",
    "country_code": "TH",
    "country": "Thailand"
  },
  {
    "username": "lady_mitra",
    "followingArtist": "SCANDAL",
    "country_code": "US",
    "country": "USA"
  },
  {
    "username": "OshanPushpakum1",
    "followingArtist": "SCANDAL",
    "country_code": "EG",
    "country": "Egypt"
  },
  {
    "username": "722slave",
    "followingArtist": "SCANDAL",
    "country_code": "JP",
    "country": "Japan"
  },
  {
    "username": "k_t_m_r_r",
    "followingArtist": "SCANDAL",
    "country_code": "JP",
    "country": "Japan"
  },
  {
    "username": "rulobatako",
    "followingArtist": "SCANDAL",
    "country_code": "MX",
    "country": "Mexico"
  },
  {
    "username": "yukospookydoll",
    "followingArtist": "SCANDAL",
    "country_code": "MX",
    "country": "Mexico"
  },
  {
    "username": "xMiku__",
    "followingArtist": "SCANDAL",
    "country_code": "DK",
    "country": "Denmark"
  },
  {
    "username": "JinglesTingles",
    "followingArtist": "SCANDAL",
    "country_code": "US",
    "country": "USA"
  },
  {
    "username": "_nuizinha",
    "followingArtist": "SCANDAL",
    "country_code": "BR",
    "country": "Brazil"
  },
  {
    "username": "benparher",
    "followingArtist": "SCANDAL",
    "country_code": "ES",
    "country": "Spain"
  },
  {
    "username": "juvemex",
    "followingArtist": "SCANDAL",
    "country_code": "MX",
    "country": "Mexico"
  },
  {
    "username": "CarlosAyalaAya5",
    "followingArtist": "SCANDAL",
    "country_code": "MX",
    "country": "Mexico"
  },
  {
    "username": "TebogoMothobi",
    "followingArtist": "SCANDAL",
    "country_code": "RU",
    "country": "Russian Federation"
  },
  {
    "username": "bryn_scotty",
    "followingArtist": "SCANDAL",
    "country_code": "ZW",
    "country": "Zimbabwe"
  },
  {
    "username": "superambibambi",
    "followingArtist": "SCANDAL",
    "country_code": "US",
    "country": "USA"
  },
  {
    "username": "f0XtaR",
    "followingArtist": "SCANDAL",
    "country_code": "MX",
    "country": "Mexico"
  },
  {
    "username": "RubiCroft",
    "followingArtist": "SCANDAL",
    "country_code": "MX",
    "country": "Mexico"
  },
  {
    "username": "IzaruNanashy",
    "followingArtist": "SCANDAL",
    "country_code": "FR",
    "country": "France"
  },
  {
    "username": "DarkZeraxl",
    "followingArtist": "SCANDAL",
    "country_code": "MX",
    "country": "Mexico"
  },
  {
    "username": "RedVelvetStars",
    "followingArtist": "SCANDAL",
    "country_code": "California City Blvd",
    "country": "California City Blvd"
  },
  {
    "username": "Draider7",
    "followingArtist": "SCANDAL",
    "country_code": "ZW",
    "country": "Zimbabwe"
  },
  {
    "username": "fendergasuki",
    "followingArtist": "SCANDAL",
    "country_code": "ES",
    "country": "Spain"
  },
  {
    "username": "rastamanganja",
    "followingArtist": "SCANDAL",
    "country_code": "US",
    "country": "USA"
  },
  {
    "username": "al_fh",
    "followingArtist": "SCANDAL",
    "country_code": "US",
    "country": "USA"
  },
  {
    "username": "td0817uw_crew",
    "followingArtist": "SCANDAL",
    "country_code": "GB",
    "country": "Great Britain"
  },
  {
    "username": "bismark_rj",
    "followingArtist": "SCANDAL",
    "country_code": "California City Blvd",
    "country": "California City Blvd"
  },
  {
    "username": "jicumexpress",
    "followingArtist": "SCANDAL",
    "country_code": "US",
    "country": "USA"
  },
  {
    "username": "Retshed65189301",
    "followingArtist": "SCANDAL",
    "country_code": "ZA",
    "country": "South Africa"
  },
  {
    "username": "A7jqMxE6gHTYEHz",
    "followingArtist": "SCANDAL",
    "country_code": "RO",
    "country": "Romania"
  },
  {
    "username": "Seodah",
    "followingArtist": "SCANDAL",
    "country_code": "US",
    "country": "USA"
  },
  {
    "username": "PhaniAckerman",
    "followingArtist": "SCANDAL",
    "country_code": "KR",
    "country": "South Korea"
  },
  {
    "username": "Skeleytin",
    "followingArtist": "SCANDAL",
    "country_code": "MW",
    "country": "Malawi"
  },
  {
    "username": "CassCalderon",
    "followingArtist": "SCANDAL",
    "country_code": "California City Blvd",
    "country": "California City Blvd"
  },
  {
    "username": "MlabmboDineo",
    "followingArtist": "SCANDAL",
    "country_code": "ZA",
    "country": "South Africa"
  },
  {
    "username": "prisyhyuuga",
    "followingArtist": "SCANDAL",
    "country_code": "BR",
    "country": "Brazil"
  },
  {
    "username": "pizzaandicedtea",
    "followingArtist": "SCANDAL",
    "country_code": "US",
    "country": "USA"
  },
  {
    "username": "Thapelo49676614",
    "followingArtist": "SCANDAL",
    "country_code": "ZA",
    "country": "South Africa"
  },
  {
    "username": "bspfath213",
    "followingArtist": "SCANDAL",
    "country_code": "MX",
    "country": "Mexico"
  },
  {
    "username": "Always_Maysa",
    "followingArtist": "SCANDAL",
    "country_code": "TH",
    "country": "Thailand"
  },
  {
    "username": "thebronzerage",
    "followingArtist": "SCANDAL",
    "country_code": "US",
    "country": "USA"
  },
  {
    "username": "rtakeoka",
    "followingArtist": "SCANDAL",
    "country_code": "JP",
    "country": "Japan"
  },
  {
    "username": "Rogerplayer",
    "followingArtist": "SCANDAL",
    "country_code": "BR",
    "country": "Brazil"
  },
  {
    "username": "NegativeCommaAE",
    "followingArtist": "SCANDAL",
    "country_code": "BD",
    "country": "Bangladesh"
  },
  {
    "username": "Arvino45984364",
    "followingArtist": "SCANDAL",
    "country_code": "IT",
    "country": "Italy"
  },
  {
    "username": "liyabentequatro",
    "followingArtist": "SCANDAL",
    "country_code": "PH",
    "country": "Philippines"
  },
  {
    "username": "petroanime",
    "followingArtist": "SCANDAL",
    "country_code": "FI",
    "country": "Finland"
  },
  {
    "username": "scaral__",
    "followingArtist": "SCANDAL",
    "country_code": "JP",
    "country": "Japan"
  },
  {
    "username": "LycaChi2",
    "followingArtist": "SCANDAL",
    "country_code": "US",
    "country": "USA"
  },
  {
    "username": "efthymew",
    "followingArtist": "SCANDAL",
    "country_code": "US",
    "country": "USA"
  },
  {
    "username": "mr_cookie0",
    "followingArtist": "SCANDAL",
    "country_code": "DE",
    "country": "Germany"
  },
  {
    "username": "B48INA_JP",
    "followingArtist": "SCANDAL",
    "country_code": "ID",
    "country": "Indonesia"
  },
  {
    "username": "odurab97",
    "followingArtist": "SCANDAL",
    "country_code": "MX",
    "country": "Mexico"
  },
  {
    "username": "mtxsakirespect",
    "followingArtist": "SCANDAL",
    "country_code": "JP",
    "country": "Japan"
  },
  {
    "username": "fikrifikfauzi",
    "followingArtist": "SCANDAL",
    "country_code": "YE",
    "country": "Yemen"
  },
  {
    "username": "coraphise",
    "followingArtist": "SCANDAL",
    "country_code": "US",
    "country": "USA"
  },
  {
    "username": "redromidevil",
    "followingArtist": "SCANDAL",
    "country_code": "ID",
    "country": "Indonesia"
  },
  {
    "username": "Kazumy92",
    "followingArtist": "SCANDAL",
    "country_code": "ES",
    "country": "Spain"
  },
  {
    "username": "Letmeout08",
    "followingArtist": "SCANDAL",
    "country_code": "MP",
    "country": "Northern Mariana Islands"
  },
  {
    "username": "KARD_OH_MY_GIRL",
    "followingArtist": "SCANDAL",
    "country_code": "JP",
    "country": "Japan"
  },
  {
    "username": "a_nikonikoo",
    "followingArtist": "SCANDAL",
    "country_code": "TW",
    "country": "Taiwan"
  },
  {
    "username": "VeRA2049",
    "followingArtist": "SCANDAL",
    "country_code": "DK",
    "country": "Denmark"
  },
  {
    "username": "LaloCordova77",
    "followingArtist": "SCANDAL",
    "country_code": "MX",
    "country": "Mexico"
  },
  {
    "username": "jrmbaltazar",
    "followingArtist": "SCANDAL",
    "country_code": "PH",
    "country": "Philippines"
  },
  {
    "username": "hams_hrp",
    "followingArtist": "SCANDAL",
    "country_code": "GB",
    "country": "Great Britain"
  },
  {
    "username": "mcastanos3",
    "followingArtist": "SCANDAL",
    "country_code": "MX",
    "country": "Mexico"
  },
  {
    "username": "Onigami_Sama",
    "followingArtist": "SCANDAL",
    "country_code": "CH",
    "country": "Switzerland"
  },
  {
    "username": "denuevoelsaya",
    "followingArtist": "SCANDAL",
    "country_code": "NL",
    "country": "Netherlands"
  },
  {
    "username": "akkunzero",
    "followingArtist": "SCANDAL",
    "country_code": "IT",
    "country": "Italy"
  },
  {
    "username": "IsraelGabriel0",
    "followingArtist": "SCANDAL",
    "country_code": "US",
    "country": "USA"
  },
  {
    "username": "dr__122y",
    "followingArtist": "SCANDAL",
    "country_code": "JP",
    "country": "Japan"
  },
  {
    "username": "Dave08Ben",
    "followingArtist": "SCANDAL",
    "country_code": "ID",
    "country": "Indonesia"
  },
  {
    "username": "_Miocchi",
    "followingArtist": "SCANDAL",
    "country_code": "FR",
    "country": "France"
  },
  {
    "username": "PebanePalesa",
    "followingArtist": "SCANDAL",
    "country_code": "BJ",
    "country": "Benin"
  },
  {
    "username": "cpasamba21",
    "followingArtist": "SCANDAL",
    "country_code": "US",
    "country": "USA"
  },
  {
    "username": "lalitesh_patil",
    "followingArtist": "SCANDAL",
    "country_code": "IN",
    "country": "India"
  },
  {
    "username": "ATM71156249",
    "followingArtist": "SCANDAL",
    "country_code": "NP",
    "country": "Nepal"
  },
  {
    "username": "edwinachirinos",
    "followingArtist": "SCANDAL",
    "country_code": "CO",
    "country": "Colombia"
  },
  {
    "username": "KoolkidMoloi",
    "followingArtist": "SCANDAL",
    "country_code": "ZA",
    "country": "South Africa"
  },
  {
    "username": "martha_mabasso",
    "followingArtist": "SCANDAL",
    "country_code": "ZA",
    "country": "South Africa"
  },
  {
    "username": "BMatetoane",
    "followingArtist": "SCANDAL",
    "country_code": "ZA",
    "country": "South Africa"
  },
  {
    "username": "orange____22",
    "followingArtist": "SCANDAL",
    "country_code": "JP",
    "country": "Japan"
  },
  {
    "username": "cocoro_androp",
    "followingArtist": "SCANDAL",
    "country_code": "JP",
    "country": "Japan"
  },
  {
    "username": "thabile10762426",
    "followingArtist": "SCANDAL",
    "country_code": "ZA",
    "country": "South Africa"
  },
  {
    "username": "bhei0816",
    "followingArtist": "SCANDAL",
    "country_code": "PH",
    "country": "Philippines"
  },
  {
    "username": "Echelon0409",
    "followingArtist": "SCANDAL",
    "country_code": "JP",
    "country": "Japan"
  },
  {
    "username": "Harini861997",
    "followingArtist": "SCANDAL",
    "country_code": "IN",
    "country": "India"
  },
  {
    "username": "ManuelitoKun",
    "followingArtist": "SCANDAL",
    "country_code": "MX",
    "country": "Mexico"
  },
  {
    "username": "ArielMiTsuke",
    "followingArtist": "SCANDAL",
    "country_code": "US",
    "country": "USA"
  },
  {
    "username": "vantataes333",
    "followingArtist": "SCANDAL",
    "country_code": "GB",
    "country": "Great Britain"
  },
  {
    "username": "hxrkun",
    "followingArtist": "SCANDAL",
    "country_code": "UG",
    "country": "Uganda"
  },
  {
    "username": "KaitoCulture",
    "followingArtist": "SCANDAL",
    "country_code": "US",
    "country": "USA"
  },
  {
    "username": "iammeizu",
    "followingArtist": "SCANDAL",
    "country_code": "PH",
    "country": "Philippines"
  },
  {
    "username": "DracoKolort",
    "followingArtist": "SCANDAL",
    "country_code": "PH",
    "country": "Philippines"
  },
  {
    "username": "ZaiKhione",
    "followingArtist": "SCANDAL",
    "country_code": "PH",
    "country": "Philippines"
  },
  {
    "username": "PascalRouw",
    "followingArtist": "SCANDAL",
    "country_code": "BR",
    "country": "Brazil"
  },
  {
    "username": "Fehrain_Ryliea",
    "followingArtist": "SCANDAL",
    "country_code": "US",
    "country": "USA"
  },
  {
    "username": "KhesohKutuzo",
    "followingArtist": "SCANDAL",
    "country_code": "IN",
    "country": "India"
  },
  {
    "username": "_searl",
    "followingArtist": "SCANDAL",
    "country_code": "US",
    "country": "USA"
  },
  {
    "username": "kisscafes",
    "followingArtist": "SCANDAL",
    "country_code": "PH",
    "country": "Philippines"
  },
  {
    "username": "p_AUTUMNorfAll",
    "followingArtist": "SCANDAL",
    "country_code": "JP",
    "country": "Japan"
  },
  {
    "username": "ShirajulPrinse",
    "followingArtist": "SCANDAL",
    "country_code": "BD",
    "country": "Bangladesh"
  },
  {
    "username": "JQHWlGAycqdj08l",
    "followingArtist": "SCANDAL",
    "country_code": "US",
    "country": "USA"
  },
  {
    "username": "Pablosop",
    "followingArtist": "SCANDAL",
    "country_code": "US",
    "country": "USA"
  },
  {
    "username": "m_khaizul",
    "followingArtist": "SCANDAL",
    "country_code": "IN",
    "country": "India"
  },
  {
    "username": "alexkazuya22",
    "followingArtist": "SCANDAL",
    "country_code": "EC",
    "country": "Ecuador"
  },
  {
    "username": "custodio_cherry",
    "followingArtist": "SCANDAL",
    "country_code": "US",
    "country": "USA"
  },
  {
    "username": "Ernest67308923",
    "followingArtist": "SCANDAL",
    "country_code": "ZA",
    "country": "South Africa"
  },
  {
    "username": "Bunny_Uf_Uf",
    "followingArtist": "SCANDAL",
    "country_code": "US",
    "country": "USA"
  },
  {
    "username": "EdwardB48588402",
    "followingArtist": "SCANDAL",
    "country_code": "ZA",
    "country": "South Africa"
  },
  {
    "username": "Refiloe70066553",
    "followingArtist": "SCANDAL",
    "country_code": "ZA",
    "country": "South Africa"
  },
  {
    "username": "Monica33954337",
    "followingArtist": "SCANDAL",
    "country_code": "BJ",
    "country": "Benin"
  },
  {
    "username": "wakadannyan",
    "followingArtist": "SCANDAL",
    "country_code": "CN",
    "country": "China"
  },
  {
    "username": "katlego_cyril",
    "followingArtist": "SCANDAL",
    "country_code": "ZA",
    "country": "South Africa"
  },
  {
    "username": "WymDSWMjyEOHoXL",
    "followingArtist": "SCANDAL",
    "country_code": "TW",
    "country": "Taiwan"
  },
  {
    "username": "gweenteaz",
    "followingArtist": "SCANDAL",
    "country_code": "California City Blvd",
    "country": "California City Blvd"
  },
  {
    "username": "NomveleloM",
    "followingArtist": "SCANDAL",
    "country_code": "US",
    "country": "USA"
  },
  {
    "username": "MatrianoMj",
    "followingArtist": "SCANDAL",
    "country_code": "US",
    "country": "USA"
  },
  {
    "username": "AnelisiweGama",
    "followingArtist": "SCANDAL",
    "country_code": "ZA",
    "country": "South Africa"
  },
  {
    "username": "Mbheky",
    "followingArtist": "SCANDAL",
    "country_code": "AU",
    "country": "Australia"
  },
  {
    "username": "spaceranger_414",
    "followingArtist": "SCANDAL",
    "country_code": "JP",
    "country": "Japan"
  },
  {
    "username": "ErisFauzan",
    "followingArtist": "SCANDAL",
    "country_code": "IN",
    "country": "India"
  },
  {
    "username": "NdlelaNhlaka",
    "followingArtist": "SCANDAL",
    "country_code": "ZA",
    "country": "South Africa"
  },
  {
    "username": "Hlengzaa1",
    "followingArtist": "SCANDAL",
    "country_code": "GB",
    "country": "Great Britain"
  },
  {
    "username": "blooming_idols",
    "followingArtist": "SCANDAL",
    "country_code": "IT",
    "country": "Italy"
  },
  {
    "username": "hamujoys",
    "followingArtist": "SCANDAL",
    "country_code": "PH",
    "country": "Philippines"
  },
  {
    "username": "Mr_Frawg",
    "followingArtist": "SCANDAL",
    "country_code": "GB",
    "country": "Great Britain"
  },
  {
    "username": "BlaiddCysgodol",
    "followingArtist": "SCANDAL",
    "country_code": "GB",
    "country": "Great Britain"
  },
  {
    "username": "pascual_eman",
    "followingArtist": "SCANDAL",
    "country_code": "US",
    "country": "USA"
  },
  {
    "username": "qAjzSvHqtCAxNWO",
    "followingArtist": "SCANDAL",
    "country_code": "TW",
    "country": "Taiwan"
  },
  {
    "username": "IkOzael",
    "followingArtist": "SCANDAL",
    "country_code": "Tennessee Ave",
    "country": "Tennessee Ave"
  },
  {
    "username": "rapgodslyboy",
    "followingArtist": "SCANDAL",
    "country_code": "GU",
    "country": "Guam"
  },
  {
    "username": "Tanakataroii",
    "followingArtist": "SCANDAL",
    "country_code": "US",
    "country": "USA"
  },
  {
    "username": "heyyoitstintin",
    "followingArtist": "SCANDAL",
    "country_code": "UA",
    "country": "Ukraine"
  },
  {
    "username": "kgreeeen2969",
    "followingArtist": "SCANDAL",
    "country_code": "JP",
    "country": "Japan"
  },
  {
    "username": "nerdygymbros",
    "followingArtist": "SCANDAL",
    "country_code": "KR",
    "country": "South Korea"
  },
  {
    "username": "Releboh53968608",
    "followingArtist": "SCANDAL",
    "country_code": "ZA",
    "country": "South Africa"
  },
  {
    "username": "LouisePetero",
    "followingArtist": "SCANDAL",
    "country_code": "MW",
    "country": "Malawi"
  },
  {
    "username": "Primros30256564",
    "followingArtist": "SCANDAL",
    "country_code": "ZA",
    "country": "South Africa"
  },
  {
    "username": "exid_exit_exic",
    "followingArtist": "SCANDAL",
    "country_code": "JP",
    "country": "Japan"
  },
  {
    "username": "Zoleka53527848",
    "followingArtist": "SCANDAL",
    "country_code": "ZA",
    "country": "South Africa"
  },
  {
    "username": "MHAgibert",
    "followingArtist": "SCANDAL",
    "country_code": "BR",
    "country": "Brazil"
  },
  {
    "username": "BinbonBonbon",
    "followingArtist": "SCANDAL",
    "country_code": "ID",
    "country": "Indonesia"
  },
  {
    "username": "zrs4066",
    "followingArtist": "SCANDAL",
    "country_code": "US",
    "country": "USA"
  },
  {
    "username": "scissorman29",
    "followingArtist": "SCANDAL",
    "country_code": "US",
    "country": "USA"
  },
  {
    "username": "evilla33",
    "followingArtist": "SCANDAL",
    "country_code": "MX",
    "country": "Mexico"
  },
  {
    "username": "kmasaki24",
    "followingArtist": "SCANDAL",
    "country_code": "JP",
    "country": "Japan"
  },
  {
    "username": "DeFi34822244",
    "followingArtist": "SCANDAL",
    "country_code": "ID",
    "country": "Indonesia"
  },
  {
    "username": "yn_161203",
    "followingArtist": "SCANDAL",
    "country_code": "FR",
    "country": "France"
  },
  {
    "username": "nkosi_khambule",
    "followingArtist": "SCANDAL",
    "country_code": "ZA",
    "country": "South Africa"
  },
  {
    "username": "YapsHendra",
    "followingArtist": "SCANDAL",
    "country_code": "ID",
    "country": "Indonesia"
  },
  {
    "username": "MlamuliDustin",
    "followingArtist": "SCANDAL",
    "country_code": "ZA",
    "country": "South Africa"
  },
  {
    "username": "Tebado_",
    "followingArtist": "SCANDAL",
    "country_code": "ZA",
    "country": "South Africa"
  },
  {
    "username": "Allendyouadime",
    "followingArtist": "SCANDAL",
    "country_code": "California City Blvd",
    "country": "California City Blvd"
  },
  {
    "username": "_sliyy",
    "followingArtist": "SCANDAL",
    "country_code": "JP",
    "country": "Japan"
  },
  {
    "username": "IAshidieq",
    "followingArtist": "SCANDAL",
    "country_code": "ID",
    "country": "Indonesia"
  },
  {
    "username": "LorynStone",
    "followingArtist": "SCANDAL",
    "country_code": "NG",
    "country": "Nigeria"
  },
  {
    "username": "Seccion9Edo",
    "followingArtist": "SCANDAL",
    "country_code": "ES",
    "country": "Spain"
  },
  {
    "username": "Zandi96308131",
    "followingArtist": "SCANDAL",
    "country_code": "ZA",
    "country": "South Africa"
  },
  {
    "username": "AlwaysHalla",
    "followingArtist": "SCANDAL",
    "country_code": "CN",
    "country": "China"
  },
  {
    "username": "SebateKhumo",
    "followingArtist": "SCANDAL",
    "country_code": "ZA",
    "country": "South Africa"
  },
  {
    "username": "SerenahS22",
    "followingArtist": "SCANDAL",
    "country_code": "BR",
    "country": "Brazil"
  },
  {
    "username": "xDavid_Perezx",
    "followingArtist": "SCANDAL",
    "country_code": "EC",
    "country": "Ecuador"
  },
  {
    "username": "joelfoal",
    "followingArtist": "SCANDAL",
    "country_code": "GB",
    "country": "Great Britain"
  },
  {
    "username": "kitilefou",
    "followingArtist": "SCANDAL",
    "country_code": "JP",
    "country": "Japan"
  },
  {
    "username": "CeeJay73780577",
    "followingArtist": "SCANDAL",
    "country_code": "US",
    "country": "USA"
  },
  {
    "username": "watanebe0928",
    "followingArtist": "SCANDAL",
    "country_code": "TK",
    "country": "Tokelau"
  },
  {
    "username": "AaronGuarnes",
    "followingArtist": "SCANDAL",
    "country_code": "US",
    "country": "USA"
  },
  {
    "username": "RandallsPocket",
    "followingArtist": "SCANDAL",
    "country_code": "CA",
    "country": "Canada"
  },
  {
    "username": "Anthonytureaud3",
    "followingArtist": "SCANDAL",
    "country_code": "US",
    "country": "USA"
  },
  {
    "username": "Roku_Vaan",
    "followingArtist": "SCANDAL",
    "country_code": "US",
    "country": "USA"
  },
  {
    "username": "remajservices",
    "followingArtist": "SCANDAL",
    "country_code": "US",
    "country": "USA"
  },
  {
    "username": "Shrie78780538",
    "followingArtist": "SCANDAL",
    "country_code": "US",
    "country": "USA"
  },
  {
    "username": "TwiceNabongie",
    "followingArtist": "SCANDAL",
    "country_code": "PH",
    "country": "Philippines"
  },
  {
    "username": "kyselap",
    "followingArtist": "SCANDAL",
    "country_code": "MX",
    "country": "Mexico"
  },
  {
    "username": "MentalSauna",
    "followingArtist": "SCANDAL",
    "country_code": "US",
    "country": "USA"
  },
  {
    "username": "NelsonSekompi",
    "followingArtist": "SCANDAL",
    "country_code": "BJ",
    "country": "Benin"
  },
  {
    "username": "jena_cats",
    "followingArtist": "SCANDAL",
    "country_code": "US",
    "country": "USA"
  },
  {
    "username": "MlangeniNothile",
    "followingArtist": "SCANDAL",
    "country_code": "CA",
    "country": "Canada"
  },
  {
    "username": "Goodtago4life",
    "followingArtist": "SCANDAL",
    "country_code": "US",
    "country": "USA"
  },
  {
    "username": "OMqwathi",
    "followingArtist": "SCANDAL",
    "country_code": "ZA",
    "country": "South Africa"
  },
  {
    "username": "Kevin_KLZ",
    "followingArtist": "SCANDAL",
    "country_code": "US",
    "country": "USA"
  },
  {
    "username": "Angiekatlego1",
    "followingArtist": "SCANDAL",
    "country_code": "ZA",
    "country": "South Africa"
  },
  {
    "username": "SetshohoP",
    "followingArtist": "SCANDAL",
    "country_code": "ZA",
    "country": "South Africa"
  },
  {
    "username": "chowtingagnes",
    "followingArtist": "SCANDAL",
    "country_code": "DK",
    "country": "Denmark"
  },
  {
    "username": "Sno_RedDevil",
    "followingArtist": "SCANDAL",
    "country_code": "BJ",
    "country": "Benin"
  },
  {
    "username": "Orenjiiiiiiii",
    "followingArtist": "SCANDAL",
    "country_code": "PH",
    "country": "Philippines"
  },
  {
    "username": "TheSmone",
    "followingArtist": "SCANDAL",
    "country_code": "US",
    "country": "USA"
  },
  {
    "username": "TsakaneChauke7",
    "followingArtist": "SCANDAL",
    "country_code": "TR",
    "country": "Turkey"
  },
  {
    "username": "runganopatienc1",
    "followingArtist": "SCANDAL",
    "country_code": "ZW",
    "country": "Zimbabwe"
  },
  {
    "username": "maviemanlutac",
    "followingArtist": "SCANDAL",
    "country_code": "PH",
    "country": "Philippines"
  },
  {
    "username": "shoikeda",
    "followingArtist": "SCANDAL",
    "country_code": "AU",
    "country": "Australia"
  },
  {
    "username": "Petrone58471297",
    "followingArtist": "SCANDAL",
    "country_code": "BJ",
    "country": "Benin"
  },
  {
    "username": "Stacey79382837",
    "followingArtist": "SCANDAL",
    "country_code": "ZA",
    "country": "South Africa"
  },
  {
    "username": "jamesvrondeau",
    "followingArtist": "SCANDAL",
    "country_code": "GB",
    "country": "Great Britain"
  },
  {
    "username": "Amitsouko",
    "followingArtist": "SCANDAL",
    "country_code": "FR",
    "country": "France"
  },
  {
    "username": "NOELBENEDICTO21",
    "followingArtist": "SCANDAL",
    "country_code": "PH",
    "country": "Philippines"
  },
  {
    "username": "Rubelyn_19",
    "followingArtist": "SCANDAL",
    "country_code": "US",
    "country": "USA"
  },
  {
    "username": "SokphannyTith27",
    "followingArtist": "SCANDAL",
    "country_code": "US",
    "country": "USA"
  },
  {
    "username": "kitasanakotari",
    "followingArtist": "SCANDAL",
    "country_code": "US",
    "country": "USA"
  },
  {
    "username": "CurtisTran19",
    "followingArtist": "SCANDAL",
    "country_code": "US",
    "country": "USA"
  },
  {
    "username": "ThokozaneEdmund",
    "followingArtist": "SCANDAL",
    "country_code": "NL",
    "country": "Netherlands"
  },
  {
    "username": "DomingoDhel",
    "followingArtist": "SCANDAL",
    "country_code": "PH",
    "country": "Philippines"
  },
  {
    "username": "ginji_SCABiSH",
    "followingArtist": "SCANDAL",
    "country_code": "JP",
    "country": "Japan"
  },
  {
    "username": "LastEarth",
    "followingArtist": "SCANDAL",
    "country_code": "JP",
    "country": "Japan"
  },
  {
    "username": "HMV_Oita",
    "followingArtist": "SCANDAL",
    "country_code": "TK",
    "country": "Tokelau"
  },
  {
    "username": "mygenerasian",
    "followingArtist": "SCANDAL",
    "country_code": "NL",
    "country": "Netherlands"
  },
  {
    "username": "Wendelson8",
    "followingArtist": "SCANDAL",
    "country_code": "PH",
    "country": "Philippines"
  },
  {
    "username": "ningendamono912",
    "followingArtist": "SCANDAL",
    "country_code": "JP",
    "country": "Japan"
  },
  {
    "username": "aymmmoro",
    "followingArtist": "SCANDAL",
    "country_code": "JP",
    "country": "Japan"
  },
  {
    "username": "DikhangThabiso",
    "followingArtist": "SCANDAL",
    "country_code": "ZA",
    "country": "South Africa"
  },
  {
    "username": "realjaneliz",
    "followingArtist": "SCANDAL",
    "country_code": "US",
    "country": "USA"
  },
  {
    "username": "LOVEMUSICSonyJp",
    "followingArtist": "SCANDAL",
    "country_code": "JP",
    "country": "Japan"
  },
  {
    "username": "makungu29810875",
    "followingArtist": "SCANDAL",
    "country_code": "ZA",
    "country": "South Africa"
  },
  {
    "username": "ChristianFarri1",
    "followingArtist": "SCANDAL",
    "country_code": "US",
    "country": "USA"
  },
  {
    "username": "Gustavo33519070",
    "followingArtist": "SCANDAL",
    "country_code": "BR",
    "country": "Brazil"
  },
  {
    "username": "ryanadi77",
    "followingArtist": "SCANDAL",
    "country_code": "ID",
    "country": "Indonesia"
  },
  {
    "username": "ponkeeeeeee",
    "followingArtist": "SCANDAL",
    "country_code": "JP",
    "country": "Japan"
  },
  {
    "username": "isamar_ferrer20",
    "followingArtist": "SCANDAL",
    "country_code": "VE",
    "country": "Venezuela"
  },
  {
    "username": "Rapnarok1",
    "followingArtist": "SCANDAL",
    "country_code": "MX",
    "country": "Mexico"
  },
  {
    "username": "Cancer_maiden",
    "followingArtist": "SCANDAL",
    "country_code": "PH",
    "country": "Philippines"
  },
  {
    "username": "giiovangogh",
    "followingArtist": "SCANDAL",
    "country_code": "BR",
    "country": "Brazil"
  },
  {
    "username": "Obakeng41967364",
    "followingArtist": "SCANDAL",
    "country_code": "ZA",
    "country": "South Africa"
  },
  {
    "username": "AbrahamValdez8",
    "followingArtist": "SCANDAL",
    "country_code": "US",
    "country": "USA"
  },
  {
    "username": "Farneleseabong1",
    "followingArtist": "SCANDAL",
    "country_code": "ZA",
    "country": "South Africa"
  },
  {
    "username": "baitosenshi86",
    "followingArtist": "SCANDAL",
    "country_code": "US",
    "country": "USA"
  },
  {
    "username": "Noleen56987237",
    "followingArtist": "SCANDAL",
    "country_code": "ZA",
    "country": "South Africa"
  },
  {
    "username": "leblioness",
    "followingArtist": "SCANDAL",
    "country_code": "ZA",
    "country": "South Africa"
  },
  {
    "username": "yelabandph",
    "followingArtist": "SCANDAL",
    "country_code": "PH",
    "country": "Philippines"
  },
  {
    "username": "nozomijoestar",
    "followingArtist": "SCANDAL",
    "country_code": "US",
    "country": "USA"
  },
  {
    "username": "DeathArcanaP3",
    "followingArtist": "SCANDAL",
    "country_code": "US",
    "country": "USA"
  },
  {
    "username": "TCybonii",
    "followingArtist": "SCANDAL",
    "country_code": "Pennsylvania Furnace Rd",
    "country": "Pennsylvania Furnace Rd"
  },
  {
    "username": "janae0305",
    "followingArtist": "SCANDAL",
    "country_code": "US",
    "country": "USA"
  },
  {
    "username": "RyoyA0918",
    "followingArtist": "SCANDAL",
    "country_code": "US",
    "country": "USA"
  },
  {
    "username": "Keith46215723",
    "followingArtist": "SCANDAL",
    "country_code": "US",
    "country": "USA"
  },
  {
    "username": "BomiManzana",
    "followingArtist": "SCANDAL",
    "country_code": "ZA",
    "country": "South Africa"
  },
  {
    "username": "MutendiBeliever",
    "followingArtist": "SCANDAL",
    "country_code": "ZA",
    "country": "South Africa"
  },
  {
    "username": "nyphelher",
    "followingArtist": "SCANDAL",
    "country_code": "MX",
    "country": "Mexico"
  },
  {
    "username": "Chabs36212101",
    "followingArtist": "SCANDAL",
    "country_code": "BJ",
    "country": "Benin"
  },
  {
    "username": "DalidaYnah",
    "followingArtist": "SCANDAL",
    "country_code": "AR",
    "country": "Argentina"
  },
  {
    "username": "ajiputr50635361",
    "followingArtist": "SCANDAL",
    "country_code": "ID",
    "country": "Indonesia"
  },
  {
    "username": "maressalisboa_",
    "followingArtist": "SCANDAL",
    "country_code": "BR",
    "country": "Brazil"
  },
  {
    "username": "DanielleCarla20",
    "followingArtist": "SCANDAL",
    "country_code": "BR",
    "country": "Brazil"
  },
  {
    "username": "chingysze7",
    "followingArtist": "SCANDAL",
    "country_code": "DK",
    "country": "Denmark"
  },
  {
    "username": "Bonbonlatte",
    "followingArtist": "SCANDAL",
    "country_code": "ID",
    "country": "Indonesia"
  },
  {
    "username": "TheTenguKingOfS",
    "followingArtist": "SCANDAL",
    "country_code": "US",
    "country": "USA"
  },
  {
    "username": "HariOdeng",
    "followingArtist": "SCANDAL",
    "country_code": "ID",
    "country": "Indonesia"
  },
  {
    "username": "IchanSama",
    "followingArtist": "SCANDAL",
    "country_code": "PH",
    "country": "Philippines"
  },
  {
    "username": "DDEVHJBMF",
    "followingArtist": "SCANDAL",
    "country_code": "PR",
    "country": "Puerto Rico"
  },
  {
    "username": "TOPGRIZZ",
    "followingArtist": "SCANDAL",
    "country_code": "US",
    "country": "USA"
  },
  {
    "username": "Saber2Gecko",
    "followingArtist": "SCANDAL",
    "country_code": "US",
    "country": "USA"
  },
  {
    "username": "czaldyv",
    "followingArtist": "SCANDAL",
    "country_code": "PH",
    "country": "Philippines"
  },
  {
    "username": "masYudhem",
    "followingArtist": "SCANDAL",
    "country_code": "ID",
    "country": "Indonesia"
  },
  {
    "username": "ShyBah_24",
    "followingArtist": "SCANDAL",
    "country_code": "PH",
    "country": "Philippines"
  },
  {
    "username": "SandraGaranowa1",
    "followingArtist": "SCANDAL",
    "country_code": "ZW",
    "country": "Zimbabwe"
  },
  {
    "username": "randdfrost",
    "followingArtist": "SCANDAL",
    "country_code": "US",
    "country": "USA"
  },
  {
    "username": "N__E___E__T",
    "followingArtist": "SCANDAL",
    "country_code": "NP",
    "country": "Nepal"
  },
  {
    "username": "wan_raizo",
    "followingArtist": "SCANDAL",
    "country_code": "ID",
    "country": "Indonesia"
  },
  {
    "username": "BahaRiahi6",
    "followingArtist": "SCANDAL",
    "country_code": "US",
    "country": "USA"
  },
  {
    "username": "XHMpNN1epWaZG5z",
    "followingArtist": "SCANDAL",
    "country_code": "TJ",
    "country": "Tajikistan"
  },
  {
    "username": "Enzo70645496",
    "followingArtist": "SCANDAL",
    "country_code": "PH",
    "country": "Philippines"
  },
  {
    "username": "Nkanyis47945013",
    "followingArtist": "SCANDAL",
    "country_code": "ZA",
    "country": "South Africa"
  },
  {
    "username": "dasdasdsz",
    "followingArtist": "SCANDAL",
    "country_code": "TW",
    "country": "Taiwan"
  },
  {
    "username": "larkscarfin",
    "followingArtist": "SCANDAL",
    "country_code": "US",
    "country": "USA"
  },
  {
    "username": "Snalo91337008",
    "followingArtist": "SCANDAL",
    "country_code": "ZA",
    "country": "South Africa"
  },
  {
    "username": "kaybeeykjs",
    "followingArtist": "SCANDAL",
    "country_code": "ZA",
    "country": "South Africa"
  },
  {
    "username": "ELSAitama",
    "followingArtist": "SCANDAL",
    "country_code": "PH",
    "country": "Philippines"
  },
  {
    "username": "DarkworldX38",
    "followingArtist": "SCANDAL",
    "country_code": "TR",
    "country": "Turkey"
  },
  {
    "username": "Memoe35179898",
    "followingArtist": "SCANDAL",
    "country_code": "ZA",
    "country": "South Africa"
  },
  {
    "username": "Bry_PhantomPain",
    "followingArtist": "SCANDAL",
    "country_code": "PH",
    "country": "Philippines"
  },
  {
    "username": "NrN1229",
    "followingArtist": "SCANDAL",
    "country_code": "JP",
    "country": "Japan"
  },
  {
    "username": "4SkdNAyO8aV9RHx",
    "followingArtist": "SCANDAL",
    "country_code": "JP",
    "country": "Japan"
  },
  {
    "username": "briantaylor1997",
    "followingArtist": "SCANDAL",
    "country_code": "US",
    "country": "USA"
  },
  {
    "username": "kr0320NEXTTIME",
    "followingArtist": "SCANDAL",
    "country_code": "GB",
    "country": "Great Britain"
  },
  {
    "username": "LucianaChia_",
    "followingArtist": "SCANDAL",
    "country_code": "US",
    "country": "USA"
  },
  {
    "username": "kk_paisen",
    "followingArtist": "SCANDAL",
    "country_code": "JP",
    "country": "Japan"
  },
  {
    "username": "muwahdiudel",
    "followingArtist": "SCANDAL",
    "country_code": "ID",
    "country": "Indonesia"
  },
  {
    "username": "kitamu818",
    "followingArtist": "SCANDAL",
    "country_code": "JP",
    "country": "Japan"
  },
  {
    "username": "zimkita05505056",
    "followingArtist": "SCANDAL",
    "country_code": "ZA",
    "country": "South Africa"
  },
  {
    "username": "hakimaampaso",
    "followingArtist": "SCANDAL",
    "country_code": "PH",
    "country": "Philippines"
  },
  {
    "username": "Samzamakgeta",
    "followingArtist": "SCANDAL",
    "country_code": "ZA",
    "country": "South Africa"
  },
  {
    "username": "DimitriJozic",
    "followingArtist": "SCANDAL",
    "country_code": "FR",
    "country": "France"
  },
  {
    "username": "yani_pandama",
    "followingArtist": "SCANDAL",
    "country_code": "ID",
    "country": "Indonesia"
  },
  {
    "username": "r1rald",
    "followingArtist": "SCANDAL",
    "country_code": "HU",
    "country": "Hungary"
  },
  {
    "username": "angel200919",
    "followingArtist": "SCANDAL",
    "country_code": "AT",
    "country": "Austria"
  },
  {
    "username": "ximenar29",
    "followingArtist": "SCANDAL",
    "country_code": "MX",
    "country": "Mexico"
  },
  {
    "username": "Sk8rbunn",
    "followingArtist": "SCANDAL",
    "country_code": "US",
    "country": "USA"
  },
  {
    "username": "Dani_san16",
    "followingArtist": "SCANDAL",
    "country_code": "PE",
    "country": "Peru"
  },
  {
    "username": "SammyP09935360",
    "followingArtist": "SCANDAL",
    "country_code": "ZA",
    "country": "South Africa"
  },
  {
    "username": "SMANGARIIITOZ6",
    "followingArtist": "SCANDAL",
    "country_code": "ZA",
    "country": "South Africa"
  },
  {
    "username": "SonBae_DoubleJ",
    "followingArtist": "SCANDAL",
    "country_code": "US",
    "country": "USA"
  },
  {
    "username": "Murod48",
    "followingArtist": "SCANDAL",
    "country_code": "IN",
    "country": "India"
  },
  {
    "username": "chaseB182",
    "followingArtist": "SCANDAL",
    "country_code": "US",
    "country": "USA"
  },
  {
    "username": "tomato_TMK",
    "followingArtist": "SCANDAL",
    "country_code": "ID",
    "country": "Indonesia"
  },
  {
    "username": "eko8757",
    "followingArtist": "SCANDAL",
    "country_code": "ID",
    "country": "Indonesia"
  },
  {
    "username": "rheniejoe",
    "followingArtist": "SCANDAL",
    "country_code": "PT",
    "country": "Portugal"
  },
  {
    "username": "wEsquizofrenico",
    "followingArtist": "SCANDAL",
    "country_code": "NG",
    "country": "Nigeria"
  },
  {
    "username": "KAst17810202",
    "followingArtist": "SCANDAL",
    "country_code": "US",
    "country": "USA"
  },
  {
    "username": "3405Po",
    "followingArtist": "SCANDAL",
    "country_code": "DK",
    "country": "Denmark"
  },
  {
    "username": "FarrahHannim",
    "followingArtist": "SCANDAL",
    "country_code": "MY",
    "country": "Malaysia"
  }
]